temperature_c,humidity_pct,delta_temp,delta_humi,comfort_class,comfort_label
22.0,46.4,-0.3000000000000007,0.29999999999999716,1,COMFORT
18.3,32.8,-0.5,5.0,1,COMFORT
24.2,19.6,0.8999999999999986,-3.0,2,WARM_HUMID
27.7,31.0,0.0,0.0,1,COMFORT
20.3,56.9,0.0,0.0,3,HOT
24.2,43.3,1.0999999999999979,-1.1000000000000014,1,COMFORT
24.4,65.6,0.29999999999999716,-5.0,1,COMFORT
32.0,61.9,0.0,0.0,2,WARM_HUMID
22.2,77.3,0.1999999999999993,-0.7000000000000028,1,COMFORT
28.8,73.6,-0.8999999999999986,0.3999999999999915,3,HOT
29.7,68.8,0.0,3.299999999999997,1,COMFORT
23.2,41.4,0.3000000000000007,-4.800000000000004,3,HOT
23.7,49.1,-1.5,5.0,2,WARM_HUMID
33.3,45.6,-1.0,5.0,3,HOT
35.7,47.9,0.10000000000000142,-0.10000000000000142,3,HOT
22.0,36.8,-1.5,5.0,2,WARM_HUMID
27.8,24.4,1.5,-2.0,1,COMFORT
21.9,68.8,-1.5,5.0,0,COLD
33.2,73.0,0.6000000000000014,-2.9000000000000057,1,COMFORT
21.9,26.3,-0.40000000000000213,2.3000000000000007,1,COMFORT
20.3,31.2,-0.6999999999999993,-3.400000000000002,0,COLD
24.0,69.5,0.0,0.5,2,WARM_HUMID
25.1,59.4,0.0,-2.8999999999999986,1,COMFORT
23.5,32.2,0.8000000000000007,-5.0,0,COLD
25.4,63.1,0.5,-1.6999999999999957,1,COMFORT
22.6,70.8,-1.5,5.0,1,COMFORT
23.5,58.0,0.3000000000000007,-3.200000000000003,2,WARM_HUMID
30.4,35.4,-1.5,5.0,3,HOT
32.3,69.2,-0.10000000000000142,0.6000000000000085,3,HOT
27.0,72.6,0.0,0.0,2,WARM_HUMID
23.5,55.3,-1.1000000000000014,3.799999999999997,2,WARM_HUMID
25.9,20.1,-0.20000000000000284,1.5,3,HOT
22.9,29.1,0.1999999999999993,1.2000000000000028,2,WARM_HUMID
23.8,40.3,0.5,-0.20000000000000284,1,COMFORT
30.0,25.7,0.1999999999999993,-5.0,1,COMFORT
26.0,57.7,0.0,0.0,0,COLD
22.6,54.6,-0.5999999999999979,0.5,0,COLD
27.2,57.5,0.0,0.0,2,WARM_HUMID
41.2,43.4,1.5,0.3999999999999986,1,COMFORT
22.0,46.8,-0.3000000000000007,0.29999999999999716,0,COLD
23.0,31.0,1.5,2.6000000000000014,0,COLD
27.2,83.6,0.3999999999999986,2.3999999999999915,2,WARM_HUMID
28.9,64.0,-0.10000000000000142,3.700000000000003,1,COMFORT
23.8,41.5,0.40000000000000213,1.0,0,COLD
25.6,39.1,1.5,-5.0,2,WARM_HUMID
27.3,42.0,0.10000000000000142,-1.0,3,HOT
21.4,36.2,-0.10000000000000142,4.200000000000003,0,COLD
32.2,56.5,-0.19999999999999574,-0.10000000000000142,3,HOT
25.5,53.7,0.0,0.0,0,COLD
28.3,87.5,0.6000000000000014,1.5,2,WARM_HUMID
25.1,53.0,0.40000000000000213,-4.0,3,HOT
20.4,37.1,0.0,0.0,2,WARM_HUMID
26.4,52.5,0.5999999999999979,5.0,1,COMFORT
22.9,43.4,0.0,0.0,2,WARM_HUMID
24.4,45.5,-0.3000000000000007,1.3999999999999986,0,COLD
25.4,38.5,-1.5,5.0,3,HOT
25.3,20.3,0.0,0.0,1,COMFORT
31.4,72.2,0.0,-0.3999999999999915,1,COMFORT
24.3,31.1,0.0,0.0,3,HOT
32.8,67.4,-1.3000000000000043,5.0,2,WARM_HUMID
26.1,46.4,0.10000000000000142,-1.0,1,COMFORT
25.0,43.0,-1.5,5.0,1,COMFORT
26.1,54.0,1.5,3.5,2,WARM_HUMID
24.7,38.9,-0.1999999999999993,2.5,0,COLD
26.0,30.0,-1.5,5.0,0,COLD
22.1,63.6,-0.5999999999999979,1.0,1,COMFORT
22.0,38.2,-1.1999999999999993,5.0,1,COMFORT
22.8,62.8,1.3000000000000007,-0.8000000000000043,1,COMFORT
21.9,44.5,-0.6000000000000014,1.2000000000000028,1,COMFORT
23.5,58.0,-0.3000000000000007,-1.1000000000000014,1,COMFORT
22.0,39.0,0.3999999999999986,1.1000000000000014,1,COMFORT
27.2,80.7,0.5999999999999979,2.0,3,HOT
28.6,27.4,-1.5,-0.10000000000000142,1,COMFORT
20.6,40.1,0.10000000000000142,5.0,1,COMFORT
22.5,27.8,-1.5,-1.1999999999999993,1,COMFORT
22.6,25.6,-0.6999999999999993,5.0,1,COMFORT
18.3,52.8,0.1999999999999993,1.5,1,COMFORT
22.7,64.4,1.3999999999999986,-2.5,1,COMFORT
22.0,67.9,1.5,3.6000000000000085,1,COMFORT
24.0,18.9,0.3999999999999986,-0.10000000000000142,1,COMFORT
23.0,28.2,0.0,-0.1999999999999993,2,WARM_HUMID
25.1,21.0,-0.5999999999999979,-1.3000000000000007,1,COMFORT
23.1,22.5,0.0,1.3000000000000007,2,WARM_HUMID
29.0,68.0,-1.3000000000000007,-1.0,1,COMFORT
29.4,69.7,-1.5,5.0,1,COMFORT
30.7,44.7,0.3000000000000007,1.5,2,WARM_HUMID
22.7,37.8,-1.5,5.0,1,COMFORT
23.4,60.0,0.0,1.2000000000000028,1,COMFORT
32.0,37.0,0.0,0.0,3,HOT
23.4,46.3,-0.20000000000000284,-0.10000000000000142,0,COLD
22.8,22.5,-0.09999999999999787,-5.0,3,HOT
21.4,71.7,0.0,0.20000000000000284,1,COMFORT
22.8,41.7,0.1999999999999993,-2.8999999999999986,1,COMFORT
27.1,80.7,0.5,0.7000000000000028,1,COMFORT
20.8,29.6,-0.1999999999999993,-1.5999999999999979,0,COLD
22.7,29.2,-0.5,5.0,3,HOT
19.4,48.9,-1.5,-5.0,0,COLD
22.7,38.2,0.3000000000000007,-5.0,1,COMFORT
24.0,43.5,-0.1999999999999993,1.0,2,WARM_HUMID
22.4,42.1,-0.10000000000000142,-2.1000000000000014,3,HOT
24.5,45.0,0.3000000000000007,0.0,3,HOT
23.7,70.3,-0.6999999999999993,0.5999999999999943,0,COLD
27.4,53.0,0.0,0.0,1,COMFORT
24.8,35.4,0.1999999999999993,0.10000000000000142,1,COMFORT
25.2,43.0,0.0,0.0,0,COLD
19.1,65.0,0.40000000000000213,-2.0,1,COMFORT
19.8,44.9,-1.5,3.299999999999997,0,COLD
25.9,32.8,-0.20000000000000284,-3.4000000000000057,3,HOT
26.5,40.4,1.5,-3.3000000000000043,3,HOT
23.0,56.8,0.0,0.0,1,COMFORT
24.8,48.7,-0.5,5.0,2,WARM_HUMID
24.6,27.4,-0.5,0.09999999999999787,1,COMFORT
24.1,59.8,0.0,0.0,1,COMFORT
13.4,64.4,0.0,-0.7999999999999972,0,COLD
23.2,32.8,-0.5,3.099999999999998,1,COMFORT
23.4,35.4,0.1999999999999993,-3.700000000000003,0,COLD
28.7,60.0,-1.5,-2.0,2,WARM_HUMID
24.5,44.9,0.0,0.0,1,COMFORT
19.1,71.0,0.0,0.0,1,COMFORT
21.1,56.4,0.0,0.0,1,COMFORT
29.7,75.7,-1.5,5.0,0,COLD
25.0,27.4,1.5,5.0,2,WARM_HUMID
26.1,53.1,0.20000000000000284,0.20000000000000284,1,COMFORT
22.8,34.0,0.9000000000000021,-2.200000000000003,2,WARM_HUMID
24.1,56.9,-1.0,-0.7000000000000028,1,COMFORT
25.4,48.5,0.09999999999999787,-0.5,3,HOT
26.0,42.0,0.0,0.0,3,HOT
18.7,32.2,-0.6999999999999993,-5.0,0,COLD
29.9,51.0,0.0,0.0,0,COLD
32.0,71.8,0.0,0.0,2,WARM_HUMID
29.1,72.0,0.0,-1.0999999999999943,1,COMFORT
21.3,32.3,0.6999999999999993,-3.4000000000000057,1,COMFORT
21.8,38.2,0.8000000000000007,-1.3999999999999986,2,WARM_HUMID
21.9,47.0,-1.5,-5.0,2,WARM_HUMID
28.7,51.2,0.1999999999999993,0.10000000000000142,3,HOT
20.6,30.0,1.3000000000000007,2.0,2,WARM_HUMID
20.3,49.7,-1.5,5.0,0,COLD
22.1,49.6,-0.3999999999999986,-1.1999999999999957,1,COMFORT
21.4,26.6,-1.5,-0.5,1,COMFORT
19.6,62.6,1.5,5.0,1,COMFORT
25.3,47.6,0.40000000000000213,5.0,3,HOT
29.8,75.3,-0.5,1.0,2,WARM_HUMID
26.8,46.0,0.0,0.0,1,COMFORT
28.9,50.7,1.5,5.0,1,COMFORT
24.0,20.6,1.1999999999999993,-1.8999999999999986,3,HOT
29.7,45.7,1.5,-5.0,2,WARM_HUMID
30.2,55.0,0.0,0.0,2,WARM_HUMID
23.1,24.7,0.0,0.0,0,COLD
25.1,41.5,-1.0999999999999979,-0.20000000000000284,0,COLD
23.7,26.5,0.6999999999999993,-1.1000000000000014,3,HOT
23.3,23.4,0.1999999999999993,-5.0,2,WARM_HUMID
22.8,21.5,-0.09999999999999787,0.0,1,COMFORT
25.1,32.9,0.0,3.5,1,COMFORT
25.5,49.5,-0.3999999999999986,-0.29999999999999716,3,HOT
20.7,40.9,-1.4000000000000021,1.2999999999999972,1,COMFORT
22.2,60.1,-0.3000000000000007,2.5,0,COLD
30.3,39.4,-0.5999999999999979,5.0,2,WARM_HUMID
23.3,64.3,0.5,-2.9000000000000057,1,COMFORT
22.4,49.8,0.0,0.6999999999999957,1,COMFORT
16.8,57.9,0.40000000000000213,-2.3000000000000043,0,COLD
18.6,58.3,0.0,0.0,1,COMFORT
22.6,34.5,-0.09999999999999787,1.6000000000000014,2,WARM_HUMID
22.1,65.0,-1.0,-3.0,0,COLD
22.5,35.7,-0.1999999999999993,-4.5,2,WARM_HUMID
25.3,23.8,1.5,-3.3999999999999986,3,HOT
22.4,48.8,-0.6000000000000014,5.0,2,WARM_HUMID
29.8,61.7,0.0,-0.29999999999999716,2,WARM_HUMID
22.5,41.4,0.1999999999999993,-0.8999999999999986,3,HOT
22.4,30.9,-0.8000000000000007,0.09999999999999787,2,WARM_HUMID
20.6,22.4,-1.1999999999999993,0.0,1,COMFORT
20.6,34.6,0.10000000000000142,0.5,1,COMFORT
25.1,55.0,0.0,0.0,1,COMFORT
22.5,50.0,-0.6000000000000014,0.6000000000000014,2,WARM_HUMID
21.1,66.3,1.5,1.2999999999999972,1,COMFORT
22.1,54.3,-0.09999999999999787,-0.4000000000000057,3,HOT
18.3,70.4,0.0,1.9000000000000057,1,COMFORT
24.2,23.6,1.3000000000000007,-4.399999999999999,3,HOT
25.0,42.3,-0.3000000000000007,2.299999999999997,2,WARM_HUMID
21.7,39.4,1.1999999999999993,0.3999999999999986,1,COMFORT
32.9,56.5,0.19999999999999574,-1.0,2,WARM_HUMID
23.6,19.9,1.0,1.0,1,COMFORT
19.8,40.6,1.1000000000000014,-2.299999999999997,1,COMFORT
23.5,50.9,0.3999999999999986,0.0,1,COMFORT
18.8,50.8,0.0,-0.20000000000000284,0,COLD
22.3,52.3,0.6000000000000014,-0.4000000000000057,1,COMFORT
25.6,37.6,0.8000000000000007,-1.6000000000000014,1,COMFORT
21.8,42.2,-1.5,5.0,1,COMFORT
23.6,40.4,0.0,0.0,0,COLD
23.6,22.0,0.40000000000000213,-1.6000000000000014,1,COMFORT
26.0,48.0,0.0,0.0,3,HOT
20.6,57.2,0.20000000000000284,0.8000000000000043,0,COLD
17.3,58.3,0.5,-0.5,1,COMFORT
24.2,37.0,-0.1999999999999993,-1.0,3,HOT
30.2,65.6,0.0,0.0,2,WARM_HUMID
22.0,53.6,0.0,0.0,1,COMFORT
22.1,26.4,-0.7999999999999972,-5.0,3,HOT
22.0,52.5,0.6999999999999993,-0.5,0,COLD
30.0,73.0,1.5,5.0,1,COMFORT
23.3,48.9,0.0,0.0,2,WARM_HUMID
22.8,31.1,0.6999999999999993,-4.100000000000001,1,COMFORT
32.5,54.2,-0.20000000000000284,-0.3999999999999986,1,COMFORT
22.0,59.2,0.0,0.0,1,COMFORT
19.6,49.1,0.0,0.0,0,COLD
23.7,57.4,0.8999999999999986,0.8999999999999986,0,COLD
23.2,34.7,1.1999999999999993,-5.0,1,COMFORT
25.5,52.6,-0.3000000000000007,3.0,1,COMFORT
26.8,38.4,-1.5,-0.10000000000000142,1,COMFORT
27.8,30.7,0.9000000000000021,-5.0,3,HOT
22.5,22.4,-0.3999999999999986,-0.7000000000000028,1,COMFORT
21.0,46.3,-1.5,5.0,1,COMFORT
22.8,24.6,0.5,-2.0,1,COMFORT
22.1,20.2,-0.3999999999999986,0.09999999999999787,2,WARM_HUMID
24.3,24.5,0.1999999999999993,-0.1999999999999993,0,COLD
30.1,14.8,0.10000000000000142,0.0,2,WARM_HUMID
23.1,44.3,0.6000000000000014,-5.0,0,COLD
28.5,51.4,-0.1999999999999993,0.19999999999999574,3,HOT
28.2,33.0,0.0,0.0,0,COLD
22.3,47.0,0.0,0.0,3,HOT
30.2,65.3,0.0,0.5999999999999943,1,COMFORT
16.7,19.0,-0.40000000000000213,0.1999999999999993,1,COMFORT
29.9,56.5,0.6999999999999993,-1.8999999999999986,3,HOT
20.2,35.0,1.3000000000000007,-5.0,3,HOT
23.9,68.9,0.1999999999999993,5.0,2,WARM_HUMID
25.4,53.0,0.0,0.0,1,COMFORT
26.6,64.9,1.5,-5.0,2,WARM_HUMID
20.4,56.5,-0.40000000000000213,-5.0,0,COLD
29.6,69.0,0.0,0.0,2,WARM_HUMID
23.0,61.0,-1.5,-2.0,0,COLD
26.8,45.5,1.5,-3.0,0,COLD
25.3,38.0,0.0,0.0,0,COLD
22.2,31.5,0.6999999999999993,-2.0,1,COMFORT
21.7,29.6,0.0,0.0,1,COMFORT
22.3,27.1,0.5,-2.6999999999999993,0,COLD
21.2,50.7,-0.9000000000000021,5.0,3,HOT
27.0,69.0,0.0,0.0,1,COMFORT
21.8,46.9,0.40000000000000213,-3.200000000000003,2,WARM_HUMID
22.4,42.8,0.09999999999999787,0.29999999999999716,2,WARM_HUMID
26.9,58.9,-0.3000000000000007,-0.30000000000000426,1,COMFORT
28.2,52.2,0.09999999999999787,-0.5999999999999943,1,COMFORT
24.1,43.2,0.20000000000000284,0.10000000000000142,2,WARM_HUMID
24.2,63.6,0.1999999999999993,0.8000000000000043,1,COMFORT
25.0,66.1,0.1999999999999993,0.5,1,COMFORT
24.8,68.8,-0.1999999999999993,1.5999999999999943,0,COLD
24.1,69.7,0.0,0.0,1,COMFORT
22.3,40.6,0.5,2.200000000000003,1,COMFORT
26.6,32.0,-1.3999999999999986,1.6000000000000014,1,COMFORT
24.0,59.0,0.8000000000000007,-3.3999999999999986,1,COMFORT
21.4,48.2,1.1999999999999993,-1.2999999999999972,1,COMFORT
25.9,58.5,-0.10000000000000142,0.20000000000000284,2,WARM_HUMID
21.6,27.6,0.3000000000000007,-5.0,2,WARM_HUMID
24.5,23.7,0.8999999999999986,-1.1999999999999993,1,COMFORT
27.2,43.1,0.0,0.0,1,COMFORT
22.4,71.7,0.0,0.7999999999999972,1,COMFORT
23.2,22.0,0.1999999999999993,-1.3999999999999986,1,COMFORT
23.4,26.2,-0.3000000000000007,-5.0,0,COLD
23.1,50.2,0.40000000000000213,-2.3999999999999986,1,COMFORT
25.7,53.6,1.5,-5.0,1,COMFORT
22.0,33.7,-1.0,5.0,0,COLD
18.9,30.5,-1.5,0.0,1,COMFORT
24.1,39.6,0.0,0.0,2,WARM_HUMID
24.0,52.5,-0.10000000000000142,0.6000000000000014,0,COLD
18.0,72.1,-1.5,5.0,2,WARM_HUMID
22.8,35.0,0.0,0.0,1,COMFORT
20.6,40.3,0.7000000000000028,1.5,1,COMFORT
22.1,62.8,-1.0999999999999979,-2.4000000000000057,1,COMFORT
22.5,43.2,-0.3999999999999986,1.7000000000000028,0,COLD
22.9,68.0,0.1999999999999993,1.0,1,COMFORT
26.0,45.3,0.8000000000000007,0.29999999999999716,2,WARM_HUMID
25.0,56.0,0.6000000000000014,3.0,2,WARM_HUMID
30.4,76.6,0.09999999999999787,0.0,2,WARM_HUMID
24.2,45.0,0.0,-1.0,2,WARM_HUMID
22.5,52.2,0.0,0.0,1,COMFORT
21.2,34.4,-1.4000000000000021,2.799999999999997,1,COMFORT
20.9,44.6,-0.10000000000000142,-0.19999999999999574,1,COMFORT
25.2,43.6,0.0,1.3000000000000043,1,COMFORT
22.9,17.1,-0.10000000000000142,-1.0999999999999979,1,COMFORT
25.7,43.0,0.0,0.0,3,HOT
23.3,55.0,0.10000000000000142,2.0,1,COMFORT
19.8,50.8,-1.5,5.0,2,WARM_HUMID
26.9,31.7,0.29999999999999716,0.8000000000000007,1,COMFORT
24.2,61.8,-0.1999999999999993,1.2999999999999972,1,COMFORT
20.1,42.4,0.7000000000000028,-5.0,0,COLD
19.8,49.8,-0.3000000000000007,5.0,1,COMFORT
29.6,65.9,0.0,-1.1999999999999886,2,WARM_HUMID
28.2,32.8,1.1999999999999993,-0.5,2,WARM_HUMID
23.8,52.1,1.5,5.0,2,WARM_HUMID
29.5,74.2,-1.0,2.700000000000003,1,COMFORT
20.8,50.0,0.0,0.0,1,COMFORT
27.1,52.1,0.10000000000000142,-2.0,2,WARM_HUMID
28.6,64.3,0.20000000000000284,2.5,2,WARM_HUMID
22.0,28.2,-1.1000000000000014,2.5,0,COLD
26.0,80.8,0.0,1.0,1,COMFORT
22.9,40.9,-0.10000000000000142,-1.8000000000000043,0,COLD
28.6,22.2,0.10000000000000142,-0.8000000000000007,1,COMFORT
24.7,58.4,0.0,0.0,3,HOT
30.0,76.2,1.0,-0.29999999999999716,1,COMFORT
21.0,41.3,-1.5,-5.0,0,COLD
22.7,55.6,-0.40000000000000213,0.0,0,COLD
20.6,35.6,0.0,-5.0,0,COLD
25.0,71.0,-1.0,4.0,1,COMFORT
24.1,49.8,-0.09999999999999787,-5.0,3,HOT
31.4,67.7,-1.3000000000000043,5.0,3,HOT
30.9,26.6,0.0,0.0,2,WARM_HUMID
31.1,75.9,1.5,5.0,2,WARM_HUMID
21.5,46.3,1.0,-3.0,1,COMFORT
23.2,38.9,0.3000000000000007,5.0,1,COMFORT
28.1,32.9,1.5,-5.0,3,HOT
19.4,25.2,0.29999999999999716,-3.0,1,COMFORT
23.3,40.7,0.1999999999999993,-3.5999999999999943,2,WARM_HUMID
20.4,55.0,1.5,3.5,3,HOT
22.4,42.3,-0.10000000000000142,-1.9000000000000057,1,COMFORT
23.6,10.6,0.0,0.0,1,COMFORT
23.6,50.0,0.20000000000000284,2.1000000000000014,1,COMFORT
26.0,57.3,0.0,0.0,3,HOT
27.2,37.0,0.0,0.0,1,COMFORT
23.3,67.2,-0.6999999999999993,3.0,1,COMFORT
30.8,29.4,1.5,-5.0,2,WARM_HUMID
22.1,30.2,0.0,1.6999999999999993,2,WARM_HUMID
31.1,40.3,0.8000000000000007,-1.2000000000000028,3,HOT
22.8,49.0,0.0,0.0,1,COMFORT
23.6,19.0,0.0,0.0,0,COLD
23.3,25.5,0.1999999999999993,0.6999999999999993,1,COMFORT
29.1,52.2,0.10000000000000142,-0.5,1,COMFORT
32.1,45.0,-0.10000000000000142,1.0,2,WARM_HUMID
29.7,67.7,1.0,-5.0,3,HOT
27.5,50.0,0.0,0.0,1,COMFORT
20.9,48.1,0.0,0.0,2,WARM_HUMID
20.9,37.4,-1.2000000000000028,1.0,0,COLD
32.0,61.9,0.0,0.0,1,COMFORT
26.1,34.4,-1.5,-2.6000000000000014,3,HOT
24.3,13.7,-1.1999999999999993,-5.0,1,COMFORT
26.9,46.0,0.0,0.0,0,COLD
22.6,65.3,1.4000000000000021,-5.0,1,COMFORT
24.9,18.7,0.0,0.3000000000000007,1,COMFORT
33.0,63.0,0.29999999999999716,-0.7999999999999972,2,WARM_HUMID
23.9,53.4,0.0,-2.5,1,COMFORT
24.3,67.8,0.0,0.7999999999999972,2,WARM_HUMID
27.1,54.0,0.0,0.0,0,COLD
25.9,25.1,-0.3000000000000007,-0.3999999999999986,2,WARM_HUMID
35.9,42.3,-0.5,-2.700000000000003,3,HOT
23.6,25.1,0.6000000000000014,-4.5,0,COLD
22.6,29.7,-0.1999999999999993,-0.3000000000000007,0,COLD
22.8,30.5,1.5,0.0,2,WARM_HUMID
30.1,71.1,0.20000000000000284,-5.0,1,COMFORT
27.5,41.4,0.8000000000000007,-0.20000000000000284,1,COMFORT
25.8,46.1,-0.8999999999999986,1.6000000000000014,2,WARM_HUMID
30.5,61.8,0.0,0.5999999999999943,1,COMFORT
24.2,74.2,-1.5,5.0,3,HOT
33.0,66.3,0.0,0.0,2,WARM_HUMID
28.2,44.0,0.0,0.0,0,COLD
29.1,35.4,-1.5,5.0,1,COMFORT
18.5,54.0,0.0,0.0,1,COMFORT
22.4,47.2,0.0,5.0,1,COMFORT
22.8,61.2,-0.1999999999999993,5.0,1,COMFORT
22.0,32.2,-0.5,-1.5999999999999943,1,COMFORT
32.4,14.4,0.7999999999999972,-5.0,3,HOT
28.2,68.0,-1.5,5.0,1,COMFORT
24.9,57.0,0.3999999999999986,-1.2999999999999972,2,WARM_HUMID
30.1,65.6,0.0,0.0,2,WARM_HUMID
22.3,23.2,-0.1999999999999993,-3.900000000000002,1,COMFORT
18.3,66.7,1.5,5.0,1,COMFORT
18.7,46.0,-1.5,5.0,0,COLD
26.1,87.3,-0.5999999999999979,1.2000000000000028,2,WARM_HUMID
24.5,46.7,-0.10000000000000142,0.0,3,HOT
24.2,12.8,-0.5,-1.0999999999999996,2,WARM_HUMID
23.3,55.0,0.0,0.0,0,COLD
22.8,45.0,0.9000000000000021,-5.0,0,COLD
24.1,48.0,1.4000000000000021,0.8999999999999986,3,HOT
25.9,62.9,1.2999999999999972,-1.500000000000007,1,COMFORT
24.1,46.2,-1.0999999999999979,3.700000000000003,2,WARM_HUMID
25.9,40.0,0.0,0.3999999999999986,1,COMFORT
22.5,30.2,-1.1000000000000014,4.800000000000001,2,WARM_HUMID
29.6,77.3,-0.6999999999999993,1.2999999999999972,1,COMFORT
23.9,66.6,0.3999999999999986,1.3999999999999915,2,WARM_HUMID
22.8,31.2,0.3000000000000007,1.5999999999999979,1,COMFORT
23.6,50.1,0.8000000000000007,1.3000000000000043,1,COMFORT
24.5,29.5,-0.6999999999999993,-1.0,2,WARM_HUMID
24.6,76.4,-1.5,-4.8999999999999915,1,COMFORT
22.7,42.6,-0.10000000000000142,0.5,0,COLD
24.8,37.3,1.5,1.6999999999999957,1,COMFORT
20.8,80.9,0.1999999999999993,0.10000000000000853,2,WARM_HUMID
22.9,42.1,-0.6000000000000014,5.0,0,COLD
23.6,25.1,-0.6999999999999993,-3.0,1,COMFORT
30.2,65.8,0.0,0.5,1,COMFORT
24.8,47.2,-1.5,1.6000000000000014,0,COLD
23.2,18.7,-0.9000000000000021,-2.400000000000002,1,COMFORT
21.2,13.5,-0.3000000000000007,0.0,1,COMFORT
22.3,41.2,1.1999999999999993,-3.6999999999999957,0,COLD
23.5,37.3,0.0,2.8999999999999986,1,COMFORT
22.6,48.2,-0.1999999999999993,0.30000000000000426,1,COMFORT
23.9,44.1,0.0,0.0,1,COMFORT
34.5,43.0,0.0,0.0,3,HOT
22.4,48.3,1.0,-1.8000000000000043,1,COMFORT
24.1,53.6,1.5,-5.0,1,COMFORT
29.0,40.1,1.5,-5.0,3,HOT
22.8,35.7,1.5,-1.8999999999999986,1,COMFORT
25.0,44.3,-0.10000000000000142,0.19999999999999574,1,COMFORT
23.9,36.6,0.8999999999999986,-0.7999999999999972,1,COMFORT
23.7,63.9,-0.10000000000000142,-0.6999999999999957,1,COMFORT
24.6,46.5,-0.09999999999999787,-1.2000000000000028,1,COMFORT
22.6,38.6,0.5,-5.0,0,COLD
22.2,30.5,0.5,0.0,1,COMFORT
28.5,31.4,-0.5,-1.3999999999999986,1,COMFORT
23.4,22.8,0.09999999999999787,-0.5999999999999979,2,WARM_HUMID
23.8,65.1,-0.6999999999999993,-4.300000000000011,1,COMFORT
22.7,20.9,0.0,0.0,0,COLD
24.4,55.6,1.0999999999999979,0.0,1,COMFORT
28.9,44.0,0.0,0.0,2,WARM_HUMID
27.9,17.9,-0.8000000000000007,0.5999999999999979,3,HOT
23.4,47.0,-1.5,5.0,2,WARM_HUMID
23.7,61.0,1.5,5.0,2,WARM_HUMID
19.7,42.4,0.09999999999999787,-0.6000000000000014,0,COLD
27.2,39.2,-1.5,-5.0,0,COLD
20.6,46.3,-1.5,3.6999999999999957,0,COLD
23.5,33.0,0.5,-4.100000000000001,1,COMFORT
23.9,61.8,-0.10000000000000142,-0.6000000000000014,1,COMFORT
25.1,27.1,1.1000000000000014,0.7000000000000028,1,COMFORT
13.8,37.7,-1.5,-5.0,0,COLD
27.5,60.6,-0.6000000000000014,1.3999999999999986,1,COMFORT
27.4,73.0,-0.20000000000000284,-1.0,2,WARM_HUMID
31.7,61.3,-1.5,5.0,1,COMFORT
26.0,57.7,0.0,0.0,1,COMFORT
21.2,51.8,-1.5,5.0,0,COLD
23.3,47.0,0.0,0.0,3,HOT
19.4,38.4,0.1999999999999993,2.8999999999999986,0,COLD
24.8,41.6,-1.5,4.5,2,WARM_HUMID
26.3,38.7,-1.5,-3.6999999999999957,1,COMFORT
24.0,61.6,-0.5,-1.1999999999999957,2,WARM_HUMID
25.5,49.6,-0.10000000000000142,1.3999999999999986,0,COLD
20.7,34.0,0.0,0.0,1,COMFORT
26.3,65.0,0.0,0.0,0,COLD
20.4,41.7,1.0999999999999979,-4.699999999999996,1,COMFORT
24.0,49.8,0.3999999999999986,5.0,1,COMFORT
31.7,66.9,0.3000000000000007,0.8000000000000114,1,COMFORT
31.9,57.0,0.3999999999999986,2.0,2,WARM_HUMID
25.1,57.0,-0.09999999999999787,5.0,2,WARM_HUMID
25.7,54.0,0.0,0.0,1,COMFORT
24.6,72.2,-0.1999999999999993,-1.7000000000000028,1,COMFORT
25.5,70.9,0.5,-4.099999999999994,3,HOT
27.3,28.0,1.5,-5.0,3,HOT
21.7,30.2,0.3999999999999986,0.0,2,WARM_HUMID
30.4,56.7,0.0,0.0,3,HOT
24.5,39.0,-0.1999999999999993,1.0,0,COLD
26.4,61.0,-0.8000000000000007,5.0,2,WARM_HUMID
23.3,28.1,1.5,-5.0,1,COMFORT
29.9,73.8,-1.5,5.0,3,HOT
23.2,23.6,0.3000000000000007,-0.5,1,COMFORT
27.3,31.7,-0.3999999999999986,-1.5999999999999979,3,HOT
25.3,33.4,1.5,-5.0,1,COMFORT
25.7,57.2,0.0,0.0,1,COMFORT
31.4,70.0,0.0,0.0,3,HOT
22.6,34.8,-1.5,5.0,1,COMFORT
26.2,62.0,0.3000000000000007,-2.0,1,COMFORT
22.5,38.6,-0.5,-3.8999999999999986,3,HOT
28.8,60.6,0.10000000000000142,-3.3999999999999986,1,COMFORT
24.0,66.3,-0.6000000000000014,-1.5,1,COMFORT
25.5,47.0,0.0,0.0,2,WARM_HUMID
23.2,55.6,0.5999999999999979,-5.0,2,WARM_HUMID
25.5,38.4,1.1999999999999993,-2.6000000000000014,1,COMFORT
32.1,52.9,-0.10000000000000142,1.1000000000000014,3,HOT
26.8,83.5,-0.5,4.299999999999997,1,COMFORT
24.2,73.5,-0.3000000000000007,0.29999999999999716,1,COMFORT
23.6,55.6,0.0,0.0,0,COLD
22.0,49.6,0.0,0.0,3,HOT
22.6,71.2,-1.5,2.6000000000000085,0,COLD
25.6,64.0,-0.3999999999999986,-0.5999999999999943,1,COMFORT
25.8,38.0,0.0,0.0,0,COLD
23.5,48.7,0.0,1.3000000000000043,0,COLD
29.2,75.1,0.6999999999999993,-0.4000000000000057,1,COMFORT
22.0,45.6,0.0,0.0,1,COMFORT
24.7,56.2,0.0,0.0,1,COMFORT
21.4,35.3,0.5999999999999979,-0.5,1,COMFORT
23.9,21.5,-0.7000000000000028,-5.0,1,COMFORT
21.1,34.7,-1.5,5.0,2,WARM_HUMID
22.4,45.8,0.09999999999999787,0.29999999999999716,1,COMFORT
24.5,32.6,-0.3000000000000007,0.7000000000000028,1,COMFORT
20.9,61.7,-1.2000000000000028,4.700000000000003,1,COMFORT
25.3,50.2,-0.1999999999999993,0.9000000000000057,2,WARM_HUMID
26.4,69.0,-1.5,2.299999999999997,0,COLD
26.5,45.0,0.8999999999999986,-1.2999999999999972,1,COMFORT
27.6,60.3,1.5,0.5999999999999943,1,COMFORT
24.5,23.6,0.3000000000000007,-0.6999999999999993,3,HOT
21.8,22.5,-0.09999999999999787,0.5,1,COMFORT
26.7,84.0,0.3999999999999986,1.0999999999999943,1,COMFORT
25.3,30.8,0.6999999999999993,-1.0,2,WARM_HUMID
21.5,59.8,0.0,0.0,3,HOT
29.2,76.5,0.1999999999999993,-1.0999999999999943,1,COMFORT
26.7,48.8,-0.8000000000000007,-0.10000000000000142,1,COMFORT
23.6,27.0,-1.5,2.6000000000000014,1,COMFORT
22.5,54.9,-0.3999999999999986,-0.3999999999999986,0,COLD
27.4,41.4,0.3999999999999986,-4.200000000000003,3,HOT
18.8,38.1,0.6000000000000014,3.3999999999999986,1,COMFORT
15.1,52.2,-1.5,5.0,0,COLD
17.6,59.8,0.40000000000000213,-3.0,0,COLD
23.9,21.3,0.09999999999999787,0.10000000000000142,1,COMFORT
25.5,47.1,0.0,0.0,2,WARM_HUMID
28.3,28.8,0.6999999999999993,5.0,2,WARM_HUMID
32.0,64.5,0.0,0.0,2,WARM_HUMID
28.1,60.0,0.40000000000000213,0.8999999999999986,3,HOT
23.6,66.1,-0.09999999999999787,-0.10000000000000853,0,COLD
24.5,61.7,1.0,-0.6999999999999957,1,COMFORT
23.4,65.7,0.09999999999999787,2.3000000000000043,1,COMFORT
26.4,52.8,0.0,-0.20000000000000284,0,COLD
28.7,26.6,0.3000000000000007,0.7000000000000028,0,COLD
27.0,46.6,0.3999999999999986,-1.6000000000000014,2,WARM_HUMID
24.1,30.3,-0.1999999999999993,1.0,1,COMFORT
29.8,66.1,0.10000000000000142,-2.700000000000003,1,COMFORT
20.7,56.9,-0.1999999999999993,-0.20000000000000284,1,COMFORT
35.1,30.0,0.0,0.0,1,COMFORT
21.2,33.3,-0.8000000000000007,5.0,2,WARM_HUMID
15.4,57.0,-1.5,5.0,0,COLD
23.6,48.0,0.40000000000000213,0.0,1,COMFORT
24.4,47.1,0.09999999999999787,0.20000000000000284,1,COMFORT
29.0,49.0,0.0,0.0,3,HOT
24.6,53.7,-0.09999999999999787,-1.3999999999999986,1,COMFORT
27.9,63.6,0.0,0.0,2,WARM_HUMID
36.4,50.3,0.6999999999999957,0.6999999999999957,3,HOT
23.5,46.0,0.1999999999999993,0.0,0,COLD
29.7,74.1,0.09999999999999787,-0.8000000000000114,2,WARM_HUMID
23.2,47.2,-1.1999999999999993,1.8000000000000043,0,COLD
21.9,36.2,0.6999999999999993,0.8000000000000043,0,COLD
26.1,43.0,0.40000000000000213,-3.0,1,COMFORT
25.2,63.0,0.5999999999999979,-1.0,1,COMFORT
32.6,75.9,0.0,-2.1999999999999886,3,HOT
29.9,61.6,0.09999999999999787,0.20000000000000284,2,WARM_HUMID
22.9,57.5,0.5999999999999979,-2.200000000000003,0,COLD
23.5,26.6,0.0,1.6000000000000014,1,COMFORT
23.4,48.4,0.5999999999999979,-2.1000000000000014,2,WARM_HUMID
21.6,53.6,0.8000000000000007,5.0,0,COLD
24.0,36.9,0.10000000000000142,0.5,1,COMFORT
26.2,56.0,-1.5,-4.0,3,HOT
24.3,44.9,0.40000000000000213,-2.6000000000000014,2,WARM_HUMID
21.7,44.3,-0.1999999999999993,-2.3000000000000043,0,COLD
26.6,73.0,0.0,0.0,1,COMFORT
24.7,29.7,0.8999999999999986,-3.8000000000000007,0,COLD
29.7,40.0,0.0,0.0,2,WARM_HUMID
17.8,52.7,-0.5,-4.699999999999996,1,COMFORT
27.5,79.7,-1.5,5.0,0,COLD
22.7,50.0,-1.5,-0.6000000000000014,1,COMFORT
20.3,56.9,0.0,0.0,2,WARM_HUMID
24.0,36.6,1.5,-5.0,1,COMFORT
20.8,32.8,-1.5,-5.0,1,COMFORT
21.7,48.4,-0.3000000000000007,0.3999999999999986,1,COMFORT
22.0,49.6,0.0,0.0,0,COLD
26.9,44.9,0.0,0.0,2,WARM_HUMID
22.2,28.8,0.0,0.0,0,COLD
26.2,79.0,1.3000000000000007,-1.9000000000000057,0,COLD
22.5,38.5,-1.5,5.0,3,HOT
22.1,45.9,-0.1999999999999993,2.1000000000000014,1,COMFORT
26.4,53.2,0.0,0.4000000000000057,0,COLD
23.8,43.6,-0.09999999999999787,3.200000000000003,0,COLD
33.7,37.3,0.30000000000000426,-0.20000000000000284,3,HOT
19.9,30.1,-1.5,1.2000000000000028,1,COMFORT
21.7,63.5,-0.40000000000000213,1.6000000000000014,1,COMFORT
24.8,35.6,-0.3999999999999986,4.400000000000002,1,COMFORT
23.9,20.8,1.5,-1.0999999999999979,0,COLD
23.4,60.1,-0.10000000000000142,5.0,1,COMFORT
24.2,52.3,0.09999999999999787,-0.7000000000000028,2,WARM_HUMID
27.8,47.0,0.0,0.0,2,WARM_HUMID
26.6,31.8,0.40000000000000213,-2.1999999999999993,0,COLD
21.8,47.7,-1.5,2.3000000000000043,1,COMFORT
25.8,57.7,0.0,0.0,1,COMFORT
25.5,36.0,0.3000000000000007,-2.0,1,COMFORT
27.7,44.0,0.0,0.0,0,COLD
22.2,18.1,-1.5,-5.0,1,COMFORT
22.4,18.4,-0.40000000000000213,-3.3000000000000007,3,HOT
20.7,66.0,0.0,0.0,1,COMFORT
25.8,66.7,0.0,0.0,3,HOT
33.9,56.6,1.5,3.5,0,COLD
22.0,36.4,-0.3999999999999986,1.1999999999999957,1,COMFORT
23.5,26.8,0.3000000000000007,3.5,1,COMFORT
22.3,30.3,-0.8999999999999986,5.0,2,WARM_HUMID
22.0,30.9,0.3000000000000007,-5.0,2,WARM_HUMID
18.0,35.7,0.1999999999999993,2.6000000000000014,0,COLD
27.8,31.0,0.10000000000000142,-1.0,1,COMFORT
30.3,68.9,0.0,-1.8999999999999915,1,COMFORT
22.2,59.6,0.0,0.0,0,COLD
22.3,21.4,-0.3999999999999986,0.5,0,COLD
22.6,38.4,0.10000000000000142,-4.600000000000001,2,WARM_HUMID
22.5,35.2,0.10000000000000142,-5.0,1,COMFORT
21.2,40.4,-0.10000000000000142,-5.0,1,COMFORT
37.9,19.7,0.0,-0.10000000000000142,1,COMFORT
23.5,45.2,-0.8999999999999986,-5.0,3,HOT
21.4,43.2,-1.5,5.0,0,COLD
22.0,29.9,1.3999999999999986,-5.0,1,COMFORT
36.3,42.8,-0.10000000000000142,-3.5,3,HOT
30.0,31.4,0.10000000000000142,-1.3000000000000043,1,COMFORT
24.3,34.7,1.4000000000000021,-1.6999999999999957,1,COMFORT
24.7,58.4,0.0,0.0,0,COLD
21.4,55.7,-1.5,-5.0,0,COLD
22.7,32.9,0.5999999999999979,-3.1000000000000014,1,COMFORT
24.3,46.7,-0.3999999999999986,-0.09999999999999432,1,COMFORT
23.5,22.4,0.8000000000000007,0.0,0,COLD
20.6,38.7,-1.5,3.8000000000000043,3,HOT
23.5,26.3,-0.1999999999999993,-2.3000000000000007,1,COMFORT
24.6,61.2,0.9000000000000021,-2.5,1,COMFORT
24.4,61.4,0.0,0.0,1,COMFORT
29.3,64.0,0.0,-1.5999999999999943,2,WARM_HUMID
22.8,29.1,0.10000000000000142,1.2000000000000028,0,COLD
22.9,49.9,0.0,0.0,3,HOT
25.4,35.2,-1.5,5.0,1,COMFORT
20.9,40.0,-0.40000000000000213,-1.0,0,COLD
22.1,45.7,0.8000000000000007,-0.8999999999999986,1,COMFORT
23.3,24.6,-0.1999999999999993,0.8000000000000007,2,WARM_HUMID
31.1,56.3,0.7000000000000028,-5.0,3,HOT
22.6,59.0,-1.1999999999999993,2.0,0,COLD
23.2,37.4,-0.1999999999999993,0.6000000000000014,2,WARM_HUMID
22.0,30.5,0.0,-5.0,2,WARM_HUMID
27.4,43.0,0.5,-5.0,0,COLD
27.9,68.8,0.5,-1.7999999999999972,0,COLD
23.0,41.0,-1.5,5.0,1,COMFORT
19.5,40.3,-1.5,5.0,1,COMFORT
28.5,53.0,0.0,-3.0,1,COMFORT
18.2,25.7,0.0,0.0,2,WARM_HUMID
27.8,38.0,-1.1999999999999993,-5.0,1,COMFORT
25.4,25.1,1.5,-1.8999999999999986,0,COLD
24.3,31.0,1.5,0.0,0,COLD
24.8,60.7,1.5,-2.5,1,COMFORT
20.2,42.3,0.3999999999999986,-5.0,0,COLD
29.6,67.0,0.0,0.0,1,COMFORT
24.7,17.5,0.0,0.0,1,COMFORT
21.2,43.6,-0.3000000000000007,3.8999999999999986,0,COLD
24.9,37.7,1.5,-5.0,2,WARM_HUMID
26.8,44.0,0.0,0.0,0,COLD
27.4,53.0,0.3999999999999986,0.0,1,COMFORT
23.5,41.7,1.3999999999999986,-2.5999999999999943,0,COLD
20.8,55.1,-1.5,1.3000000000000043,1,COMFORT
21.6,31.1,-0.3999999999999986,5.0,1,COMFORT
25.2,39.5,-0.1999999999999993,5.0,1,COMFORT
24.8,27.3,0.8000000000000007,2.1999999999999993,0,COLD
21.7,48.2,-1.5,-5.0,3,HOT
22.7,44.2,-0.6000000000000014,-5.0,1,COMFORT
22.5,20.8,0.1999999999999993,0.3000000000000007,1,COMFORT
23.6,54.9,-1.0999999999999979,2.799999999999997,1,COMFORT
22.0,34.3,1.3999999999999986,-5.0,1,COMFORT
25.8,48.3,0.6999999999999993,-0.10000000000000142,2,WARM_HUMID
22.6,29.2,0.5,-0.6000000000000014,1,COMFORT
15.5,63.0,0.40000000000000036,4.0,0,COLD
21.7,48.0,-1.5,-5.0,1,COMFORT
30.0,78.4,0.10000000000000142,-0.29999999999999716,1,COMFORT
30.6,38.1,0.20000000000000284,-0.8999999999999986,0,COLD
26.9,47.0,0.0,0.0,0,COLD
30.1,66.0,0.0,0.0,0,COLD
21.3,46.9,0.1999999999999993,0.29999999999999716,0,COLD
21.8,65.3,0.0,0.0,0,COLD
28.8,74.0,0.1999999999999993,5.0,3,HOT
19.3,63.1,0.40000000000000213,0.7000000000000028,0,COLD
21.5,37.5,1.5,0.10000000000000142,2,WARM_HUMID
28.9,55.0,-0.5,3.0,1,COMFORT
30.2,75.1,0.0,0.8999999999999915,1,COMFORT
26.7,28.7,1.1999999999999993,-2.1000000000000014,2,WARM_HUMID
23.6,25.4,-0.09999999999999787,0.29999999999999716,0,COLD
24.5,34.1,1.5,-4.399999999999999,0,COLD
28.2,52.2,0.09999999999999787,-0.5999999999999943,3,HOT
22.4,22.5,-0.9000000000000021,-0.8999999999999986,1,COMFORT
23.6,19.0,0.40000000000000213,-1.6999999999999993,2,WARM_HUMID
23.1,46.3,1.5,0.5,1,COMFORT
20.6,34.5,-0.3999999999999986,4.699999999999999,3,HOT
27.5,53.5,0.3999999999999986,-2.6000000000000014,1,COMFORT
22.0,36.4,0.3999999999999986,2.799999999999997,2,WARM_HUMID
22.4,50.2,-1.5,-5.0,1,COMFORT
23.8,23.8,-0.5,3.0,1,COMFORT
21.3,36.1,1.5,-3.3999999999999986,1,COMFORT
24.4,40.5,-1.5,1.2000000000000028,1,COMFORT
23.3,54.7,1.1999999999999993,5.0,0,COLD
30.6,69.5,0.0,0.0,3,HOT
25.0,56.3,0.3999999999999986,-0.9000000000000057,0,COLD
21.8,52.5,0.0,0.0,0,COLD
31.8,48.0,-1.4000000000000021,5.0,1,COMFORT
24.1,44.3,0.0,1.6999999999999957,2,WARM_HUMID
25.2,24.1,-0.6999999999999993,-0.3999999999999986,2,WARM_HUMID
22.5,75.6,0.1999999999999993,4.199999999999989,2,WARM_HUMID
23.0,51.8,0.1999999999999993,-0.30000000000000426,0,COLD
24.7,63.3,0.0,0.0,3,HOT
27.5,48.3,0.6000000000000014,0.8999999999999986,3,HOT
30.9,22.2,-0.6000000000000014,1.5999999999999979,2,WARM_HUMID
25.1,27.5,-0.09999999999999787,0.0,0,COLD
31.0,75.4,0.0,-5.0,3,HOT
28.2,36.7,1.1999999999999993,-2.6999999999999957,3,HOT
25.8,80.2,0.6000000000000014,5.0,2,WARM_HUMID
23.5,30.4,0.1999999999999993,-3.1000000000000014,3,HOT
27.7,54.5,0.3000000000000007,-0.5,1,COMFORT
23.7,58.0,-0.1999999999999993,-5.0,1,COMFORT
21.5,63.6,0.0,0.0,0,COLD
28.0,20.5,0.6000000000000014,-3.5,3,HOT
26.7,49.4,0.0,0.0,1,COMFORT
21.0,40.3,1.3000000000000007,-3.3000000000000043,1,COMFORT
30.8,22.8,0.40000000000000213,-3.5,1,COMFORT
24.3,39.5,0.8000000000000007,-1.2999999999999972,2,WARM_HUMID
21.9,79.8,0.09999999999999787,-0.29999999999999716,1,COMFORT
23.3,71.7,-0.1999999999999993,2.200000000000003,1,COMFORT
18.8,54.7,1.5,5.0,1,COMFORT
27.6,42.6,0.0,0.0,3,HOT
22.1,37.4,-1.5,0.3999999999999986,0,COLD
24.3,33.0,-0.09999999999999787,0.3999999999999986,1,COMFORT
22.8,49.0,0.0,0.0,1,COMFORT
25.8,49.8,0.1999999999999993,-0.20000000000000284,0,COLD
28.2,52.2,0.09999999999999787,-0.5999999999999943,2,WARM_HUMID
20.2,49.5,0.0,0.0,0,COLD
22.8,55.3,-0.1999999999999993,5.0,1,COMFORT
26.8,42.5,-0.1999999999999993,1.3999999999999986,1,COMFORT
23.6,27.0,-0.5999999999999979,-5.0,0,COLD
22.6,28.5,0.10000000000000142,0.10000000000000142,1,COMFORT
22.6,48.5,0.10000000000000142,-0.20000000000000284,1,COMFORT
21.9,44.3,-0.6000000000000014,1.5999999999999943,1,COMFORT
28.7,51.2,0.1999999999999993,0.10000000000000142,1,COMFORT
22.3,68.6,-0.1999999999999993,3.299999999999997,1,COMFORT
21.6,49.9,-0.3999999999999986,2.799999999999997,1,COMFORT
22.6,35.5,-0.09999999999999787,3.5,1,COMFORT
22.5,20.6,0.3000000000000007,0.0,1,COMFORT
28.0,60.0,0.0,0.0,1,COMFORT
29.2,69.4,-0.1999999999999993,2.4000000000000057,1,COMFORT
23.5,63.2,1.5,-0.5999999999999943,3,HOT
21.4,50.1,-0.7000000000000028,5.0,0,COLD
28.7,74.2,-0.3000000000000007,-2.700000000000003,1,COMFORT
23.8,53.5,-1.5,5.0,1,COMFORT
23.0,33.4,0.0,0.0,1,COMFORT
22.6,45.2,-0.29999999999999716,0.8000000000000043,2,WARM_HUMID
33.4,28.1,1.5,-2.8999999999999986,2,WARM_HUMID
24.0,34.7,1.5,-5.0,1,COMFORT
29.9,67.0,0.0,0.0,1,COMFORT
22.3,34.5,0.3000000000000007,1.6000000000000014,2,WARM_HUMID
19.9,64.6,-0.8000000000000007,-1.6000000000000085,1,COMFORT
23.5,42.1,1.5,-5.0,2,WARM_HUMID
18.5,63.2,-0.8000000000000007,1.3000000000000043,1,COMFORT
19.9,48.5,-0.3000000000000007,0.29999999999999716,2,WARM_HUMID
25.7,45.0,-1.5,1.0,2,WARM_HUMID
26.1,46.1,0.0,0.0,1,COMFORT
24.8,73.2,0.0,0.0,1,COMFORT
23.2,51.1,-0.40000000000000213,5.0,1,COMFORT
23.1,42.7,0.7000000000000028,-1.7999999999999972,0,COLD
24.3,16.2,-1.1999999999999993,-0.9000000000000021,1,COMFORT
20.3,45.2,0.40000000000000213,2.700000000000003,1,COMFORT
23.7,43.8,0.09999999999999787,0.19999999999999574,1,COMFORT
23.6,49.4,0.0,0.0,0,COLD
30.3,73.4,0.10000000000000142,-0.19999999999998863,2,WARM_HUMID
26.3,51.0,0.0,0.0,2,WARM_HUMID
26.6,78.7,0.40000000000000213,1.5,1,COMFORT
25.0,64.1,0.10000000000000142,0.19999999999999574,1,COMFORT
27.9,61.0,0.0,0.0,2,WARM_HUMID
16.7,43.2,0.0,-2.3999999999999986,1,COMFORT
29.2,75.3,1.0,-3.0,0,COLD
23.6,55.6,0.20000000000000284,0.0,0,COLD
22.3,21.3,-0.5,-0.5,0,COLD
21.3,42.4,-0.6999999999999993,5.0,0,COLD
21.1,55.4,0.0,0.0,1,COMFORT
27.2,66.8,0.3000000000000007,-1.2999999999999972,1,COMFORT
25.9,55.0,0.0,0.0,1,COMFORT
23.1,74.0,-0.09999999999999787,0.5999999999999943,1,COMFORT
28.8,65.7,0.0,0.0,1,COMFORT
30.0,33.0,-0.5,0.0,1,COMFORT
23.1,52.6,0.10000000000000142,0.8999999999999986,1,COMFORT
23.9,34.1,0.0,-3.5,0,COLD
22.4,60.7,0.0,0.0,0,COLD
22.3,45.4,0.0,-0.10000000000000142,0,COLD
18.5,55.5,-1.5,3.200000000000003,1,COMFORT
22.9,28.5,-0.40000000000000213,-5.0,1,COMFORT
21.2,32.9,-1.1000000000000014,-5.0,0,COLD
22.8,71.2,0.40000000000000213,-0.20000000000000284,3,HOT
21.3,29.6,0.5,-2.299999999999997,1,COMFORT
23.1,42.9,-1.2999999999999972,-5.0,1,COMFORT
22.5,29.8,-0.3999999999999986,2.5,0,COLD
22.3,31.0,0.0,0.0,1,COMFORT
21.0,39.4,0.5,-1.3000000000000043,0,COLD
23.4,61.0,0.0,0.0,1,COMFORT
25.3,30.1,-0.09999999999999787,0.8000000000000007,2,WARM_HUMID
28.1,68.0,0.0,0.0,1,COMFORT
22.4,49.1,0.09999999999999787,-0.8999999999999986,1,COMFORT
31.2,20.0,0.0,0.0,3,HOT
23.1,43.0,-0.7999999999999972,5.0,0,COLD
25.6,48.2,0.0,0.0,2,WARM_HUMID
22.0,37.8,-0.5,3.5999999999999943,1,COMFORT
18.7,34.0,1.5,-3.6000000000000014,0,COLD
28.5,41.0,0.0,0.20000000000000284,2,WARM_HUMID
21.7,31.0,-1.3000000000000007,0.0,0,COLD
23.8,48.0,-1.5,2.0,0,COLD
23.9,42.6,0.7999999999999972,-2.1999999999999957,1,COMFORT
29.0,73.9,0.0,0.0,1,COMFORT
29.5,54.2,0.0,0.8000000000000043,1,COMFORT
23.5,51.7,0.0,-1.0,1,COMFORT
24.2,23.7,0.3000000000000007,-3.400000000000002,1,COMFORT
18.6,38.0,-1.5,2.0,0,COLD
30.4,69.4,0.0,0.0,3,HOT
24.2,71.6,0.0,0.0,1,COMFORT
25.4,55.2,0.5,-2.0999999999999943,3,HOT
24.4,30.5,1.5,-5.0,2,WARM_HUMID
30.4,28.8,-0.9000000000000021,5.0,2,WARM_HUMID
19.8,65.0,1.5,0.0,0,COLD
26.6,67.5,-0.1999999999999993,0.09999999999999432,2,WARM_HUMID
27.0,61.6,0.3999999999999986,-1.2999999999999972,0,COLD
20.4,26.3,-0.40000000000000213,-5.0,0,COLD
20.5,55.1,-0.6999999999999993,2.1000000000000014,1,COMFORT
25.1,38.3,0.20000000000000284,-0.20000000000000284,1,COMFORT
21.2,28.5,-1.5,-0.8999999999999986,0,COLD
25.3,48.2,0.0,0.10000000000000142,1,COMFORT
27.1,29.9,1.3000000000000007,-3.200000000000003,0,COLD
19.6,59.9,0.0,0.0,1,COMFORT
19.6,59.9,0.8000000000000007,-5.0,1,COMFORT
24.6,45.7,0.5,-1.5999999999999943,2,WARM_HUMID
27.4,41.1,0.7999999999999972,-5.0,2,WARM_HUMID
27.6,40.5,-0.5999999999999979,1.1000000000000014,3,HOT
23.2,59.0,-0.6000000000000014,0.10000000000000142,1,COMFORT
22.9,63.6,-0.8000000000000007,1.8999999999999986,0,COLD
26.0,57.3,0.0,0.0,1,COMFORT
27.2,60.8,0.0,0.0,0,COLD
22.9,43.0,0.7999999999999972,-0.29999999999999716,3,HOT
18.6,46.3,-1.5,-5.0,0,COLD
23.6,29.3,-0.6999999999999993,4.199999999999999,1,COMFORT
22.8,35.5,0.0,-1.3999999999999986,1,COMFORT
24.7,53.4,1.5,4.399999999999999,0,COLD
25.7,57.2,0.0,0.0,1,COMFORT
23.4,26.6,0.29999999999999716,-0.8999999999999986,0,COLD
26.5,42.0,-0.1999999999999993,2.0,0,COLD
28.1,79.9,-0.1999999999999993,5.0,3,HOT
31.7,67.2,0.1999999999999993,3.3000000000000043,2,WARM_HUMID
21.8,24.1,-0.5,-3.0,3,HOT
11.0,54.2,0.5999999999999996,0.0,0,COLD
21.9,26.0,-0.10000000000000142,2.1000000000000014,0,COLD
21.6,60.5,0.0,0.0,2,WARM_HUMID
24.7,53.2,0.0,0.0,2,WARM_HUMID
21.9,42.4,-0.40000000000000213,1.3999999999999986,1,COMFORT
26.6,56.8,0.40000000000000213,-1.1000000000000014,1,COMFORT
31.6,56.3,0.6000000000000014,0.09999999999999432,2,WARM_HUMID
23.3,41.3,0.0,0.0,0,COLD
26.8,52.2,0.8000000000000007,5.0,1,COMFORT
23.6,43.6,-1.5,-5.0,1,COMFORT
22.7,49.0,-0.1999999999999993,0.0,0,COLD
22.8,31.3,-0.1999999999999993,5.0,1,COMFORT
23.5,41.3,-0.8999999999999986,-0.6000000000000014,1,COMFORT
24.2,43.0,1.5,5.0,0,COLD
22.5,68.6,0.0,0.0,2,WARM_HUMID
25.8,66.2,0.0,0.0,1,COMFORT
23.7,46.1,0.0,0.0,1,COMFORT
28.9,38.0,0.0,0.0,3,HOT
28.5,31.3,-1.3999999999999986,0.0,3,HOT
22.3,46.2,0.0,1.9000000000000057,2,WARM_HUMID
24.2,62.2,0.3000000000000007,-0.8999999999999986,0,COLD
27.5,48.0,0.0,0.0,1,COMFORT
22.4,45.5,-0.20000000000000284,0.5,2,WARM_HUMID
27.6,63.3,0.40000000000000213,-3.5,0,COLD
22.6,56.1,-0.8999999999999986,-2.799999999999997,3,HOT
23.4,54.1,0.6999999999999993,-1.8999999999999986,1,COMFORT
25.0,24.5,1.3000000000000007,-4.699999999999999,1,COMFORT
20.0,60.7,0.0,0.0,1,COMFORT
15.6,52.8,-1.5,-5.0,0,COLD
32.3,45.3,0.8999999999999986,1.5999999999999943,2,WARM_HUMID
25.7,50.0,-0.40000000000000213,4.0,2,WARM_HUMID
23.1,24.5,0.10000000000000142,-2.1999999999999993,1,COMFORT
20.1,30.0,0.0,0.0,0,COLD
26.4,42.0,0.0,0.0,1,COMFORT
21.9,79.9,0.0,0.20000000000000284,2,WARM_HUMID
23.3,41.0,1.5,-5.0,1,COMFORT
23.3,30.5,1.5,-3.1000000000000014,0,COLD
26.1,47.2,0.10000000000000142,-0.29999999999999716,1,COMFORT
22.1,40.9,0.0,0.0,3,HOT
19.6,47.8,0.5,-2.0,1,COMFORT
30.2,67.5,0.3000000000000007,-1.7000000000000028,2,WARM_HUMID
24.5,42.7,-1.0,4.200000000000003,2,WARM_HUMID
29.8,81.3,0.10000000000000142,1.3999999999999915,1,COMFORT
25.0,60.0,-0.3000000000000007,1.0,3,HOT
23.8,22.4,0.3000000000000007,0.0,1,COMFORT
20.0,65.0,-1.5,5.0,1,COMFORT
22.0,42.7,0.0,1.7000000000000028,0,COLD
29.8,30.6,1.5,3.400000000000002,3,HOT
22.3,43.0,0.0,0.0,2,WARM_HUMID
20.6,81.0,-1.5,1.7999999999999972,1,COMFORT
25.0,41.0,-0.10000000000000142,-1.0,0,COLD
27.5,67.6,0.0,0.0,1,COMFORT
21.8,30.7,-0.6999999999999993,3.6999999999999993,0,COLD
32.5,36.8,1.0,1.0,1,COMFORT
23.8,32.4,0.0,0.0,2,WARM_HUMID
20.6,40.0,-1.5,4.700000000000003,1,COMFORT
32.6,68.6,1.5,5.0,3,HOT
26.6,66.3,-0.8999999999999986,2.5999999999999943,1,COMFORT
27.3,43.0,0.9000000000000021,5.0,0,COLD
22.6,27.5,1.4000000000000021,-1.1999999999999993,0,COLD
20.2,32.7,0.0,0.0,1,COMFORT
20.2,62.0,0.1999999999999993,1.0,1,COMFORT
22.9,40.9,1.0,-2.8999999999999986,1,COMFORT
23.3,47.1,0.10000000000000142,-0.3999999999999986,2,WARM_HUMID
29.1,73.4,-1.5,5.0,1,COMFORT
23.4,39.2,-0.8000000000000007,5.0,0,COLD
24.2,39.3,0.09999999999999787,-1.9000000000000057,1,COMFORT
24.8,25.3,1.1000000000000014,-0.8000000000000007,3,HOT
22.7,37.1,-1.4000000000000021,5.0,1,COMFORT
27.1,45.0,-0.29999999999999716,-5.0,2,WARM_HUMID
30.3,79.9,0.0,0.6000000000000085,1,COMFORT
22.4,43.8,-0.3000000000000007,0.5,1,COMFORT
35.1,63.0,0.8000000000000043,4.5,2,WARM_HUMID
22.9,49.4,-0.20000000000000284,0.6999999999999957,2,WARM_HUMID
23.0,34.0,-0.3999999999999986,0.6000000000000014,1,COMFORT
23.5,47.3,-0.6999999999999993,2.6999999999999957,0,COLD
25.3,16.8,0.0,0.0,1,COMFORT
27.7,58.4,1.0,1.6999999999999957,2,WARM_HUMID
23.9,42.9,-0.8000000000000007,-2.1000000000000014,1,COMFORT
20.6,33.7,0.20000000000000284,-2.0999999999999943,1,COMFORT
21.2,47.4,-0.10000000000000142,1.3999999999999986,0,COLD
23.6,19.0,0.0,0.0,0,COLD
25.6,28.7,1.5,-5.0,3,HOT
23.0,55.7,0.5,-2.6999999999999957,2,WARM_HUMID
24.6,46.7,0.9000000000000021,-4.299999999999997,1,COMFORT
14.6,70.8,0.0,1.0999999999999943,0,COLD
23.0,20.0,0.1999999999999993,0.3000000000000007,0,COLD
24.0,43.0,1.0,2.0,1,COMFORT
29.0,46.0,-1.5,-5.0,3,HOT
24.7,35.1,0.6999999999999993,0.3999999999999986,0,COLD
23.6,25.4,0.7000000000000028,-1.8000000000000007,3,HOT
24.3,55.6,1.3000000000000007,-4.899999999999999,1,COMFORT
26.1,46.2,1.5,-5.0,1,COMFORT
31.5,59.5,0.0,0.7000000000000028,3,HOT
23.0,67.7,-0.1999999999999993,1.4000000000000057,0,COLD
23.2,46.6,0.3000000000000007,-5.0,1,COMFORT
22.3,30.4,-0.09999999999999787,2.3999999999999986,1,COMFORT
22.9,28.2,-0.40000000000000213,0.5999999999999979,1,COMFORT
33.9,39.5,0.0,1.6000000000000014,3,HOT
23.8,33.5,0.10000000000000142,-1.6000000000000014,1,COMFORT
24.6,39.6,1.5,-4.199999999999996,2,WARM_HUMID
23.6,74.3,0.20000000000000284,-1.0,1,COMFORT
16.4,58.5,-0.40000000000000213,0.6000000000000014,0,COLD
24.8,24.6,0.8000000000000007,-1.5,2,WARM_HUMID
20.4,33.8,0.6999999999999993,-2.5,0,COLD
24.0,50.3,-0.3999999999999986,1.5,1,COMFORT
33.0,62.0,-1.5,-5.0,3,HOT
22.8,58.9,0.0,0.0,1,COMFORT
21.5,51.0,-1.5,3.1000000000000014,2,WARM_HUMID
25.2,38.7,-0.3000000000000007,-1.7999999999999972,3,HOT
25.8,66.7,0.0,0.0,1,COMFORT
23.1,25.9,1.5,-5.0,2,WARM_HUMID
23.8,19.3,1.5,-5.0,1,COMFORT
23.7,44.9,0.0,0.0,1,COMFORT
19.5,51.2,-0.10000000000000142,1.2000000000000028,0,COLD
19.6,46.8,-1.5,5.0,0,COLD
20.4,56.5,-0.40000000000000213,-5.0,0,COLD
18.1,58.0,-0.3999999999999986,2.0,1,COMFORT
23.2,24.0,0.0,0.0,1,COMFORT
31.1,38.4,0.40000000000000213,-2.8000000000000043,2,WARM_HUMID
26.0,77.0,-0.8000000000000007,0.0,1,COMFORT
34.0,74.0,0.0,0.0,3,HOT
24.3,38.5,-0.09999999999999787,0.7000000000000028,3,HOT
28.4,63.5,0.09999999999999787,0.10000000000000142,3,HOT
22.5,52.2,0.0,0.0,1,COMFORT
29.7,27.3,1.5,-5.0,0,COLD
19.0,31.3,0.0,0.40000000000000213,1,COMFORT
27.2,52.0,-1.5,5.0,0,COLD
31.0,28.0,0.0,0.0,1,COMFORT
19.7,50.1,0.0,0.0,2,WARM_HUMID
23.5,55.6,0.1999999999999993,0.0,1,COMFORT
19.8,42.4,0.10000000000000142,0.0,1,COMFORT
32.0,64.5,0.6000000000000014,0.7999999999999972,1,COMFORT
23.8,85.0,-0.1999999999999993,5.0,1,COMFORT
26.0,63.0,1.5,-5.0,1,COMFORT
29.7,67.7,0.3000000000000007,-3.200000000000003,3,HOT
24.0,23.2,1.5,-5.0,1,COMFORT
19.8,54.6,0.5,-2.299999999999997,1,COMFORT
23.0,32.4,0.0,0.0,0,COLD
26.2,47.0,0.0,0.0,1,COMFORT
18.3,48.7,0.0,0.0,1,COMFORT
23.5,35.9,-0.1999999999999993,-0.5,2,WARM_HUMID
25.2,74.4,-1.1000000000000014,-5.0,1,COMFORT
22.9,63.9,0.3999999999999986,-1.1999999999999957,0,COLD
24.2,63.6,-1.5,5.0,0,COLD
30.5,20.3,0.8000000000000007,-1.3999999999999986,2,WARM_HUMID
24.5,60.4,-0.6999999999999993,1.2999999999999972,1,COMFORT
20.9,64.9,0.1999999999999993,-0.29999999999999716,0,COLD
27.8,40.0,0.0,-1.0,2,WARM_HUMID
27.3,70.9,1.5,2.8000000000000114,1,COMFORT
25.2,38.0,0.0,0.0,0,COLD
33.8,42.0,0.0,0.0,3,HOT
23.9,51.0,0.29999999999999716,-1.0,0,COLD
25.9,39.4,0.0,-0.6000000000000014,1,COMFORT
23.2,63.9,-0.5,0.29999999999999716,2,WARM_HUMID
27.0,47.4,1.5,0.6999999999999957,1,COMFORT
28.1,47.0,0.0,0.0,1,COMFORT
33.4,49.6,-0.5,0.30000000000000426,3,HOT
22.7,51.7,-0.3000000000000007,3.1000000000000014,1,COMFORT
23.8,39.3,-0.1999999999999993,-0.5,1,COMFORT
23.3,67.3,0.10000000000000142,-0.7000000000000028,0,COLD
23.5,52.1,0.10000000000000142,1.5,2,WARM_HUMID
24.3,37.4,0.0,0.0,1,COMFORT
21.6,27.8,1.5,-2.099999999999998,1,COMFORT
19.9,59.2,0.0,0.0,1,COMFORT
26.6,32.0,0.0,0.0,2,WARM_HUMID
22.2,46.4,-0.10000000000000142,2.1000000000000014,0,COLD
26.1,36.2,1.5,-5.0,1,COMFORT
27.6,49.4,0.20000000000000284,0.19999999999999574,0,COLD
24.0,53.6,1.1000000000000014,-1.1000000000000014,1,COMFORT
26.8,81.2,1.0,1.0,1,COMFORT
25.0,36.0,-1.5,-5.0,1,COMFORT
23.9,44.7,-1.5,3.0,1,COMFORT
27.5,49.6,-0.3999999999999986,3.8999999999999986,0,COLD
22.8,61.4,0.0,-1.2000000000000028,0,COLD
30.4,56.8,0.0,0.0,3,HOT
23.4,53.7,0.8999999999999986,2.0,1,COMFORT
24.3,68.5,0.10000000000000142,-0.4000000000000057,1,COMFORT
23.1,52.9,-0.3999999999999986,2.6000000000000014,1,COMFORT
24.0,37.8,-0.10000000000000142,0.19999999999999574,2,WARM_HUMID
31.1,56.3,1.4000000000000021,-5.0,3,HOT
23.8,40.2,-0.09999999999999787,1.0,2,WARM_HUMID
22.3,31.0,-0.6999999999999993,-2.200000000000003,3,HOT
17.3,67.0,-1.5,-1.0,0,COLD
19.3,46.8,0.0,-4.0,1,COMFORT
22.8,50.4,0.0,0.0,2,WARM_HUMID
35.8,15.4,-1.1000000000000014,0.0,2,WARM_HUMID
25.7,35.7,-1.0,0.5,2,WARM_HUMID
22.6,59.8,1.5,5.0,1,COMFORT
22.7,54.9,-0.40000000000000213,2.799999999999997,2,WARM_HUMID
22.8,45.2,0.0,0.0,2,WARM_HUMID
22.0,52.3,-1.3000000000000007,5.0,2,WARM_HUMID
26.3,52.3,0.0,0.0,1,COMFORT
23.5,62.0,0.3999999999999986,5.0,1,COMFORT
33.3,16.7,1.5,-5.0,1,COMFORT
18.6,58.3,0.0,0.0,1,COMFORT
22.9,39.9,0.1999999999999993,-5.0,2,WARM_HUMID
17.6,32.8,-1.5,5.0,1,COMFORT
24.2,40.0,-0.10000000000000142,0.0,1,COMFORT
26.7,46.8,0.09999999999999787,-1.0,3,HOT
23.8,60.0,1.1000000000000014,-2.0,2,WARM_HUMID
21.9,67.2,-0.20000000000000284,5.0,0,COLD
24.1,55.8,-0.1999999999999993,5.0,1,COMFORT
29.7,40.5,0.0,0.0,1,COMFORT
32.0,67.6,0.10000000000000142,0.29999999999999716,3,HOT
24.7,48.7,-1.4000000000000021,-2.3999999999999986,1,COMFORT
27.9,36.0,0.0,1.0,1,COMFORT
15.7,71.6,-0.5,-2.9000000000000057,0,COLD
23.3,66.0,0.6999999999999993,5.0,0,COLD
31.5,30.8,1.5,-5.0,3,HOT
24.8,31.8,-0.09999999999999787,-0.5999999999999979,2,WARM_HUMID
22.3,57.2,0.0,0.0,3,HOT
25.6,69.1,-0.09999999999999787,-0.6000000000000085,0,COLD
21.3,46.3,1.5,1.5,1,COMFORT
29.5,55.9,0.0,0.0,2,WARM_HUMID
26.6,61.0,0.0,0.0,2,WARM_HUMID
29.9,67.0,0.0,0.0,3,HOT
27.7,18.1,0.6999999999999993,-3.799999999999997,1,COMFORT
27.9,45.7,-1.5,-5.0,1,COMFORT
31.2,69.0,0.0,0.0,2,WARM_HUMID
23.4,43.7,1.5,-3.3999999999999986,1,COMFORT
29.7,60.7,0.09999999999999787,0.30000000000000426,3,HOT
24.6,39.0,1.5,-5.0,1,COMFORT
26.9,49.0,0.0,0.0,0,COLD
23.0,38.9,0.0,0.10000000000000142,1,COMFORT
22.6,42.3,0.6000000000000014,1.1999999999999957,2,WARM_HUMID
22.1,28.6,0.7000000000000028,-1.0,1,COMFORT
23.8,34.1,0.0,0.30000000000000426,0,COLD
23.5,65.3,-0.8999999999999986,0.5999999999999943,1,COMFORT
25.1,46.7,0.8000000000000007,0.0,3,HOT
27.2,46.0,0.0,0.0,1,COMFORT
17.1,37.2,0.20000000000000284,-0.7999999999999972,1,COMFORT
21.2,28.4,-0.5,2.6999999999999993,1,COMFORT
23.1,32.1,-0.1999999999999993,1.6000000000000014,0,COLD
20.3,18.2,-1.1999999999999993,2.8999999999999986,0,COLD
30.0,29.2,1.0,0.3999999999999986,2,WARM_HUMID
23.4,23.0,-0.40000000000000213,1.6999999999999993,1,COMFORT
24.8,38.3,0.40000000000000213,-5.0,1,COMFORT
29.2,79.5,-0.40000000000000213,1.7999999999999972,1,COMFORT
23.8,47.0,-0.3000000000000007,-1.3999999999999986,1,COMFORT
27.0,33.3,-0.8000000000000007,2.099999999999998,3,HOT
36.0,22.9,-0.5,1.0,2,WARM_HUMID
22.5,42.2,1.1000000000000014,-5.0,2,WARM_HUMID
23.7,36.5,-0.1999999999999993,4.899999999999999,2,WARM_HUMID
28.9,68.0,0.0,0.0,1,COMFORT
22.9,45.3,0.3999999999999986,-5.0,1,COMFORT
25.0,61.0,0.0,0.0,1,COMFORT
22.8,43.8,0.0,-0.8000000000000043,1,COMFORT
23.1,48.0,-0.5,5.0,0,COLD
31.2,56.6,0.1999999999999993,5.0,2,WARM_HUMID
25.8,31.9,1.5,-1.6000000000000014,3,HOT
22.6,35.9,-0.5,3.5,2,WARM_HUMID
27.5,78.3,0.0,0.0,2,WARM_HUMID
25.5,45.0,0.0,0.0,3,HOT
29.8,71.6,-0.8999999999999986,5.0,3,HOT
22.8,48.4,0.1999999999999993,-3.8999999999999986,1,COMFORT
21.1,46.0,0.3000000000000007,5.0,1,COMFORT
25.0,25.8,0.8000000000000007,0.0,3,HOT
17.5,65.0,0.10000000000000142,1.8999999999999986,0,COLD
22.0,60.6,-0.1999999999999993,0.5,0,COLD
22.2,46.0,-1.1999999999999993,-3.1000000000000014,0,COLD
28.4,18.6,1.2999999999999972,0.6000000000000014,1,COMFORT
20.0,24.3,-1.0,0.3000000000000007,1,COMFORT
37.0,87.0,1.5,5.0,3,HOT
25.2,54.4,0.5999999999999979,-1.1000000000000014,2,WARM_HUMID
24.3,56.5,-1.5,5.0,1,COMFORT
26.3,55.4,-1.5,1.3999999999999986,2,WARM_HUMID
26.2,60.4,0.3000000000000007,-1.1000000000000014,3,HOT
23.2,27.4,0.0,0.0,1,COMFORT
22.2,65.7,-1.5,5.0,1,COMFORT
22.9,62.2,-0.20000000000000284,-0.5,1,COMFORT
33.2,43.0,-0.3999999999999986,5.0,3,HOT
22.9,22.3,0.5,-2.6999999999999993,0,COLD
30.9,35.0,0.3999999999999986,-1.0,2,WARM_HUMID
33.3,44.0,1.5,-1.0,3,HOT
29.0,58.0,0.8999999999999986,0.0,1,COMFORT
27.1,46.0,0.0,0.0,1,COMFORT
22.4,33.1,1.0,0.10000000000000142,1,COMFORT
23.1,43.9,0.20000000000000284,-0.6000000000000014,0,COLD
22.1,35.1,-1.5,5.0,2,WARM_HUMID
23.9,33.9,1.0,-2.700000000000003,1,COMFORT
28.2,82.0,0.0,0.0,1,COMFORT
22.2,27.2,-0.40000000000000213,1.0999999999999979,3,HOT
27.2,37.0,0.0,0.0,0,COLD
25.7,57.2,0.0,0.0,1,COMFORT
28.0,81.0,0.8999999999999986,-1.0,2,WARM_HUMID
26.2,59.1,-0.10000000000000142,0.10000000000000142,2,WARM_HUMID
28.5,84.3,-0.6999999999999993,5.0,1,COMFORT
26.8,63.9,1.5,5.0,1,COMFORT
33.8,34.0,-0.20000000000000284,3.0,3,HOT
29.9,33.0,-1.5,-5.0,0,COLD
28.8,67.6,0.0,0.0,2,WARM_HUMID
25.8,33.8,1.5,-5.0,2,WARM_HUMID
24.1,46.7,0.0,0.0,2,WARM_HUMID
27.4,41.5,0.09999999999999787,-4.899999999999999,0,COLD
22.7,45.0,-0.5,0.8999999999999986,1,COMFORT
20.5,55.6,0.0,-0.19999999999999574,1,COMFORT
25.3,73.4,1.5,0.9000000000000057,1,COMFORT
20.9,35.7,-0.9000000000000021,-2.1999999999999957,1,COMFORT
23.1,45.0,0.6000000000000014,-2.1000000000000014,2,WARM_HUMID
23.2,37.2,0.5999999999999979,-2.5,1,COMFORT
26.9,54.1,-1.5,4.0,1,COMFORT
22.5,41.4,0.10000000000000142,-0.8999999999999986,3,HOT
27.2,88.2,-1.5,5.0,0,COLD
20.6,50.4,-1.5,5.0,1,COMFORT
33.4,35.0,-1.5,4.0,2,WARM_HUMID
30.3,60.8,-0.5999999999999979,0.0,1,COMFORT
22.1,26.7,1.1000000000000014,0.5,1,COMFORT
22.7,32.2,0.6999999999999993,-2.799999999999997,2,WARM_HUMID
23.6,52.2,0.5,0.0,1,COMFORT
25.2,32.1,-0.1999999999999993,-3.6999999999999957,2,WARM_HUMID
21.0,69.0,-0.6999999999999993,-5.0,0,COLD
26.0,39.1,0.3000000000000007,-3.8999999999999986,3,HOT
27.7,30.0,0.0,0.0,0,COLD
26.6,75.7,0.8000000000000007,0.7999999999999972,0,COLD
21.7,38.9,1.0999999999999979,5.0,0,COLD
25.2,49.3,0.0,0.6999999999999957,1,COMFORT
23.4,28.4,0.8999999999999986,-1.3000000000000007,3,HOT
26.4,25.7,-1.3000000000000007,-5.0,2,WARM_HUMID
21.0,28.5,-0.6999999999999993,0.0,0,COLD
23.6,47.5,1.4000000000000021,-5.0,2,WARM_HUMID
27.7,59.1,0.09999999999999787,-5.0,1,COMFORT
33.3,62.9,0.5,-4.500000000000007,2,WARM_HUMID
23.4,66.3,1.5,-1.4000000000000057,2,WARM_HUMID
23.1,67.6,-0.5,0.29999999999999716,2,WARM_HUMID
23.4,55.6,-1.3000000000000007,0.0,1,COMFORT
27.5,63.0,0.0,0.0,2,WARM_HUMID
24.1,51.5,0.9000000000000021,0.7000000000000028,0,COLD
23.8,35.7,-0.09999999999999787,0.4000000000000057,3,HOT
18.7,40.4,-1.5,5.0,1,COMFORT
30.8,73.1,-0.8000000000000007,3.5,1,COMFORT
14.0,48.0,1.5,-5.0,3,HOT
24.1,68.0,-0.09999999999999787,3.0,2,WARM_HUMID
26.4,23.2,0.0,-5.0,3,HOT
22.0,24.8,-1.1999999999999993,-5.0,0,COLD
24.2,68.5,0.1999999999999993,-1.0,1,COMFORT
24.3,26.1,0.3000000000000007,0.7000000000000028,0,COLD
28.0,47.0,1.5,-5.0,1,COMFORT
26.8,47.0,0.0,0.0,3,HOT
23.9,29.6,1.1999999999999993,0.10000000000000142,3,HOT
21.8,41.4,0.6999999999999993,-4.600000000000001,1,COMFORT
23.1,52.8,0.7000000000000028,-2.4000000000000057,2,WARM_HUMID
19.7,56.2,0.0,0.0,0,COLD
22.4,29.0,-1.1000000000000014,3.8999999999999986,0,COLD
26.4,64.7,1.5,-1.2000000000000028,3,HOT
23.8,50.1,1.5,-5.0,2,WARM_HUMID
21.8,56.3,0.0,0.09999999999999432,1,COMFORT
34.8,38.0,-0.20000000000000284,-4.0,2,WARM_HUMID
21.3,29.6,0.5,-1.5999999999999979,0,COLD
31.0,58.6,-1.5,-5.0,1,COMFORT
22.8,35.5,-0.09999999999999787,-3.0,0,COLD
26.4,52.5,1.5,-5.0,3,HOT
23.8,51.8,0.6999999999999993,-2.9000000000000057,1,COMFORT
23.9,43.7,1.0999999999999979,-3.5,2,WARM_HUMID
29.2,60.8,0.3000000000000007,0.09999999999999432,1,COMFORT
24.4,69.3,0.7999999999999972,-1.4000000000000057,2,WARM_HUMID
19.1,28.7,1.5,-0.1999999999999993,1,COMFORT
25.2,43.1,0.09999999999999787,-0.3999999999999986,1,COMFORT
30.1,21.9,1.5,-2.1000000000000014,0,COLD
21.4,21.5,-1.1000000000000014,-1.1000000000000014,1,COMFORT
22.4,30.8,-0.5,1.5,1,COMFORT
23.1,38.5,-0.09999999999999787,-3.1000000000000014,1,COMFORT
20.3,40.6,0.0,-2.6999999999999957,2,WARM_HUMID
29.0,80.2,0.0,0.0,2,WARM_HUMID
21.4,50.1,-0.3000000000000007,5.0,0,COLD
32.1,25.0,-0.10000000000000142,3.0,3,HOT
22.6,35.6,-1.5,3.3000000000000043,1,COMFORT
23.5,56.0,1.3000000000000007,-2.5,2,WARM_HUMID
23.1,42.1,0.6000000000000014,0.30000000000000426,1,COMFORT
35.6,45.3,0.0,-0.5,1,COMFORT
27.2,80.7,0.5999999999999979,2.0,2,WARM_HUMID
24.7,55.7,-1.1999999999999993,5.0,0,COLD
27.4,45.2,-0.10000000000000142,-0.8999999999999986,3,HOT
24.4,63.4,-1.5,4.899999999999999,3,HOT
23.6,56.2,-0.1999999999999993,1.4000000000000057,1,COMFORT
20.7,40.3,-1.1999999999999993,1.8999999999999986,1,COMFORT
24.2,26.4,1.0,-2.3000000000000007,2,WARM_HUMID
25.2,35.3,0.0,0.0,3,HOT
22.2,79.4,0.3000000000000007,-0.8999999999999915,1,COMFORT
34.6,44.5,1.5,-5.0,2,WARM_HUMID
25.8,38.0,0.0,0.0,0,COLD
24.3,56.3,0.0,-0.5,1,COMFORT
24.0,49.4,-1.5,5.0,3,HOT
29.0,79.6,1.5,5.0,2,WARM_HUMID
23.1,40.6,-0.7999999999999972,5.0,2,WARM_HUMID
28.9,68.0,1.5,5.0,1,COMFORT
26.7,47.0,0.0,0.0,1,COMFORT
32.0,66.3,1.5,-5.0,3,HOT
22.9,28.0,-0.3000000000000007,1.1000000000000014,1,COMFORT
27.3,22.0,1.5,-4.600000000000001,1,COMFORT
25.1,52.3,0.10000000000000142,-1.3000000000000043,1,COMFORT
23.9,63.1,0.0,0.0,2,WARM_HUMID
22.0,32.9,0.0,-0.8999999999999986,2,WARM_HUMID
23.5,36.0,0.0,0.0,1,COMFORT
23.7,34.8,1.5,-5.0,1,COMFORT
23.0,71.4,0.5,-3.0,1,COMFORT
20.5,43.6,0.6999999999999993,1.7000000000000028,3,HOT
21.4,34.8,-0.5,-1.6000000000000014,3,HOT
23.1,40.2,-0.09999999999999787,5.0,1,COMFORT
22.1,43.1,-0.29999999999999716,1.7000000000000028,2,WARM_HUMID
26.4,36.0,-1.5,-5.0,1,COMFORT
21.0,29.8,0.3999999999999986,-2.8000000000000007,2,WARM_HUMID
23.5,39.0,0.6000000000000014,-1.7999999999999972,0,COLD
22.9,58.4,0.7999999999999972,-3.0,2,WARM_HUMID
25.2,48.0,-0.6000000000000014,5.0,0,COLD
24.6,28.0,-1.5,1.0,1,COMFORT
22.5,43.0,1.3000000000000007,-4.799999999999997,1,COMFORT
21.3,41.6,0.0,-1.6000000000000014,0,COLD
22.2,36.9,-1.5,5.0,0,COLD
24.2,42.9,0.09999999999999787,-0.5,1,COMFORT
21.4,27.4,0.0,-0.3000000000000007,0,COLD
24.8,62.0,0.0,-2.0,1,COMFORT
23.4,47.9,0.29999999999999716,1.0,2,WARM_HUMID
23.0,30.2,-0.10000000000000142,5.0,2,WARM_HUMID
25.4,45.0,0.0,0.0,0,COLD
26.8,36.4,1.5,1.6000000000000014,3,HOT
23.4,35.1,0.1999999999999993,-2.0,1,COMFORT
23.6,50.0,0.0,0.0,1,COMFORT
22.9,21.4,-1.5,2.0,1,COMFORT
25.2,23.6,0.5,-0.5999999999999979,1,COMFORT
23.2,43.9,-0.6000000000000014,0.5,1,COMFORT
26.4,66.4,0.0,0.0,0,COLD
27.2,40.0,0.0,0.0,3,HOT
21.5,27.5,0.10000000000000142,-0.5,2,WARM_HUMID
27.7,54.3,-0.6999999999999993,3.299999999999997,3,HOT
25.0,55.6,-0.10000000000000142,0.0,3,HOT
25.5,50.0,-0.6000000000000014,5.0,0,COLD
21.0,31.9,0.6999999999999993,-2.1000000000000014,1,COMFORT
27.7,49.0,1.5,-5.0,1,COMFORT
30.8,62.0,-1.3000000000000007,5.0,3,HOT
21.9,58.8,0.0,0.0,1,COMFORT
24.5,34.8,1.5,-4.700000000000003,1,COMFORT
29.2,67.2,-0.40000000000000213,0.10000000000000853,2,WARM_HUMID
22.2,36.0,-0.6000000000000014,-0.10000000000000142,0,COLD
22.4,45.0,0.09999999999999787,5.0,3,HOT
23.1,68.0,0.6000000000000014,1.0,1,COMFORT
27.9,45.0,1.2999999999999972,-3.8999999999999986,1,COMFORT
21.8,39.5,0.1999999999999993,2.799999999999997,1,COMFORT
24.0,77.2,0.6000000000000014,5.0,1,COMFORT
24.1,60.0,0.7000000000000028,-3.0,2,WARM_HUMID
21.1,29.3,0.0,0.0,0,COLD
23.7,62.4,1.3999999999999986,-5.0,1,COMFORT
23.5,62.8,1.1000000000000014,5.0,3,HOT
23.6,37.5,-0.6999999999999993,-4.0,1,COMFORT
21.5,37.5,-0.3000000000000007,-1.3999999999999986,0,COLD
19.3,61.0,-1.5,5.0,1,COMFORT
27.4,29.5,0.09999999999999787,-1.6999999999999993,1,COMFORT
23.9,54.3,-0.6000000000000014,-3.9000000000000057,0,COLD
22.5,21.0,0.1999999999999993,0.5,2,WARM_HUMID
23.4,44.9,0.09999999999999787,-5.0,1,COMFORT
20.6,41.8,1.5,-5.0,2,WARM_HUMID
27.6,51.0,0.0,0.0,1,COMFORT
24.8,43.8,-0.8999999999999986,-4.300000000000004,0,COLD
24.1,24.7,1.5,-0.9000000000000021,2,WARM_HUMID
23.3,27.0,0.6999999999999993,-1.5,3,HOT
26.0,37.0,1.5,0.5,1,COMFORT
22.5,56.5,1.1000000000000014,-1.7999999999999972,1,COMFORT
25.4,46.2,0.0,0.0,0,COLD
28.2,56.9,0.5999999999999979,-1.8000000000000043,1,COMFORT
26.8,24.0,-1.5,-5.0,0,COLD
23.3,26.5,-0.5,-5.0,3,HOT
30.3,79.3,0.0,0.0,1,COMFORT
22.8,31.0,-1.5,0.0,1,COMFORT
24.6,54.0,-1.5,5.0,0,COLD
27.4,88.8,0.29999999999999716,1.2999999999999972,2,WARM_HUMID
18.5,54.0,0.0,-2.0,1,COMFORT
23.0,26.7,0.5,-4.600000000000001,1,COMFORT
25.6,40.0,1.5,-5.0,2,WARM_HUMID
29.5,36.0,-0.5,0.0,2,WARM_HUMID
28.5,62.8,-0.10000000000000142,0.19999999999999574,1,COMFORT
21.6,44.5,-1.5,5.0,2,WARM_HUMID
27.9,46.3,0.29999999999999716,-2.200000000000003,0,COLD
22.5,44.2,0.10000000000000142,0.8000000000000043,0,COLD
23.4,65.3,0.0,-3.0,1,COMFORT
22.0,30.1,0.1999999999999993,-1.8999999999999986,1,COMFORT
23.9,63.2,-0.3000000000000007,1.8000000000000043,2,WARM_HUMID
22.4,54.0,0.0,0.0,0,COLD
24.7,56.2,0.0,0.0,1,COMFORT
21.4,53.6,0.3999999999999986,-1.2999999999999972,1,COMFORT
25.4,50.7,-1.5,5.0,0,COLD
22.3,47.9,0.0,-1.6000000000000014,2,WARM_HUMID
23.8,28.4,-0.1999999999999993,5.0,2,WARM_HUMID
36.0,69.0,-1.0,5.0,3,HOT
33.1,54.2,0.10000000000000142,-1.2999999999999972,3,HOT
24.0,47.1,1.5,5.0,2,WARM_HUMID
24.9,45.9,1.5,4.399999999999999,3,HOT
29.1,75.0,0.0,-2.5999999999999943,1,COMFORT
27.3,50.1,0.40000000000000213,-0.7999999999999972,2,WARM_HUMID
22.3,41.4,-1.1999999999999993,4.299999999999997,1,COMFORT
12.8,66.9,0.0,-0.3999999999999915,0,COLD
30.1,62.2,0.0,0.0,1,COMFORT
22.0,52.4,-1.0,2.6000000000000014,1,COMFORT
23.8,53.0,0.10000000000000142,-2.6000000000000014,1,COMFORT
31.5,34.9,-1.0,1.6000000000000014,2,WARM_HUMID
27.3,73.0,1.5,5.0,1,COMFORT
27.3,73.3,0.0,0.0,1,COMFORT
25.1,51.8,-0.29999999999999716,0.3999999999999986,1,COMFORT
25.1,55.0,0.0,0.0,2,WARM_HUMID
25.6,48.6,0.0,0.0,0,COLD
21.3,30.2,0.0,-1.0,1,COMFORT
34.3,52.9,-0.7000000000000028,2.5,2,WARM_HUMID
22.2,48.4,0.09999999999999787,-1.8999999999999986,1,COMFORT
27.4,57.1,1.5,5.0,0,COLD
27.4,49.2,0.1999999999999993,-0.19999999999999574,2,WARM_HUMID
24.9,65.4,-0.10000000000000142,-0.6999999999999886,0,COLD
25.7,59.5,0.0,0.0,0,COLD
19.2,42.7,-0.10000000000000142,-0.3999999999999986,1,COMFORT
22.6,59.8,0.0,5.0,0,COLD
24.0,69.5,0.0,0.5,1,COMFORT
23.8,42.8,-1.5,0.7999999999999972,3,HOT
22.3,23.9,0.0,0.0,0,COLD
18.9,61.0,1.0,-5.0,1,COMFORT
26.6,38.8,0.8000000000000007,5.0,3,HOT
25.5,36.1,0.3999999999999986,1.6000000000000014,2,WARM_HUMID
22.9,32.1,-0.40000000000000213,1.6000000000000014,0,COLD
20.3,56.9,0.0,0.0,3,HOT
19.5,40.7,0.0,0.0,0,COLD
25.0,38.8,1.5,-5.0,1,COMFORT
30.7,65.7,-0.10000000000000142,3.3000000000000043,2,WARM_HUMID
27.5,67.6,0.0,0.0,1,COMFORT
24.0,48.6,1.5,-2.3999999999999986,0,COLD
21.4,39.3,-0.3000000000000007,-5.0,1,COMFORT
23.3,56.0,0.1999999999999993,-1.0,1,COMFORT
29.0,39.7,0.0,-2.1999999999999957,2,WARM_HUMID
38.4,30.0,1.5,-5.0,3,HOT
23.0,32.7,-0.6000000000000014,5.0,2,WARM_HUMID
22.8,65.4,-1.5,5.0,2,WARM_HUMID
18.3,34.0,0.5,-5.0,0,COLD
31.7,67.1,-1.3000000000000007,-0.9000000000000057,3,HOT
21.9,50.8,-1.5,1.5,1,COMFORT
19.9,56.1,0.0,0.0,2,WARM_HUMID
20.2,43.0,-0.40000000000000213,-5.0,1,COMFORT
23.1,51.5,0.5,-0.7000000000000028,2,WARM_HUMID
26.8,67.4,-0.1999999999999993,-0.09999999999999432,0,COLD
22.6,60.9,-0.7999999999999972,3.0,0,COLD
21.9,45.2,0.3999999999999986,-0.7999999999999972,0,COLD
16.4,50.4,-1.5,3.1000000000000014,0,COLD
22.0,31.2,-0.6000000000000014,5.0,0,COLD
28.0,58.0,1.0,3.0,2,WARM_HUMID
29.9,43.9,1.5,-5.0,3,HOT
25.2,73.2,1.1999999999999993,-3.200000000000003,0,COLD
24.1,34.9,-1.5,5.0,3,HOT
24.9,59.5,1.5,5.0,2,WARM_HUMID
23.2,43.5,0.1999999999999993,-3.6000000000000014,2,WARM_HUMID
20.6,71.3,1.5,-3.4000000000000057,1,COMFORT
23.4,22.8,0.8999999999999986,-1.8000000000000007,2,WARM_HUMID
22.5,35.9,0.0,0.0,2,WARM_HUMID
22.9,23.0,-1.5,-5.0,1,COMFORT
31.0,21.5,1.5,-5.0,3,HOT
23.1,64.3,0.40000000000000213,-0.4000000000000057,2,WARM_HUMID
19.8,56.0,0.0,0.0,0,COLD
23.0,61.8,1.5,5.0,1,COMFORT
34.9,45.1,0.10000000000000142,-0.6000000000000014,3,HOT
21.3,33.9,-0.3999999999999986,5.0,2,WARM_HUMID
21.5,64.3,0.0,0.0,0,COLD
23.9,48.7,0.8999999999999986,-3.0,1,COMFORT
29.2,27.0,1.3000000000000007,-4.0,1,COMFORT
25.0,58.7,-0.1999999999999993,-0.7999999999999972,1,COMFORT
27.4,68.6,0.09999999999999787,-0.8000000000000114,1,COMFORT
22.7,38.8,-1.5,5.0,2,WARM_HUMID
23.6,38.8,0.20000000000000284,-5.0,0,COLD
24.7,63.3,0.0,0.0,3,HOT
25.0,77.4,0.0,-0.09999999999999432,1,COMFORT
26.4,48.0,0.0,0.0,1,COMFORT
21.4,26.5,0.5999999999999979,-1.8999999999999986,1,COMFORT
30.9,22.2,0.0,3.8000000000000007,3,HOT
30.9,42.1,0.0,0.0,2,WARM_HUMID
23.0,29.5,-0.3999999999999986,2.3999999999999986,1,COMFORT
26.6,61.0,0.0,0.0,2,WARM_HUMID
31.4,57.1,0.1999999999999993,0.7000000000000028,2,WARM_HUMID
23.5,50.9,0.3999999999999986,0.0,1,COMFORT
27.7,20.6,0.3000000000000007,-3.3999999999999986,3,HOT
23.4,59.2,0.0,0.0,2,WARM_HUMID
24.4,71.8,-0.8000000000000007,-0.9000000000000057,2,WARM_HUMID
21.9,24.6,-0.20000000000000284,-5.0,1,COMFORT
22.8,62.0,0.0,0.0,0,COLD
30.5,71.5,0.6000000000000014,-2.0,2,WARM_HUMID
24.8,51.0,0.0,0.0,0,COLD
25.6,23.8,0.20000000000000284,-1.3000000000000007,0,COLD
15.6,70.0,-0.7000000000000011,-5.0,2,WARM_HUMID
23.9,63.1,0.0,0.0,3,HOT
37.5,31.0,0.29999999999999716,-3.0,2,WARM_HUMID
23.0,54.9,-1.1000000000000014,2.8999999999999986,1,COMFORT
24.7,42.6,-1.5,-1.7999999999999972,3,HOT
27.0,30.0,0.10000000000000142,-1.6999999999999993,1,COMFORT
23.5,70.6,0.1999999999999993,1.7999999999999972,2,WARM_HUMID
22.2,37.0,0.5999999999999979,5.0,3,HOT
22.0,54.7,0.0,0.0,3,HOT
30.3,12.2,1.3000000000000007,0.5999999999999996,3,HOT
28.7,51.2,-1.5,5.0,3,HOT
27.5,69.1,0.10000000000000142,-0.20000000000000284,2,WARM_HUMID
24.3,25.5,1.5,3.6999999999999993,2,WARM_HUMID
29.9,59.1,0.0,1.2000000000000028,0,COLD
24.0,67.0,0.0,0.0,0,COLD
24.3,50.8,0.40000000000000213,0.8999999999999986,0,COLD
32.1,49.0,0.5,-5.0,2,WARM_HUMID
25.2,28.0,0.0,0.1999999999999993,2,WARM_HUMID
29.6,64.4,0.40000000000000213,5.0,3,HOT
23.4,38.8,-0.20000000000000284,-0.10000000000000142,1,COMFORT
24.3,42.0,0.0,0.0,0,COLD
29.4,76.5,0.0,0.4000000000000057,1,COMFORT
23.8,21.3,-0.09999999999999787,1.4000000000000021,1,COMFORT
22.3,41.2,-0.8000000000000007,0.9000000000000057,1,COMFORT
19.6,29.8,-0.6999999999999993,2.0,1,COMFORT
24.8,47.7,1.5,-5.0,1,COMFORT
24.0,68.3,0.5,0.0,0,COLD
23.5,50.8,-0.1999999999999993,-0.5,1,COMFORT
25.9,49.4,-0.20000000000000284,1.0,1,COMFORT
26.7,40.6,1.0999999999999979,-1.1000000000000014,3,HOT
19.2,44.3,-0.6999999999999993,2.0999999999999943,0,COLD
24.3,60.7,0.0,-1.5999999999999943,1,COMFORT
23.2,42.0,0.3000000000000007,-1.3999999999999986,1,COMFORT
32.3,69.0,0.7999999999999972,2.0,1,COMFORT
21.5,36.0,0.1999999999999993,-0.3999999999999986,1,COMFORT
22.4,28.0,-1.4000000000000021,-0.10000000000000142,0,COLD
20.6,35.3,-0.7999999999999972,-2.9000000000000057,0,COLD
26.5,40.1,-1.5,5.0,1,COMFORT
23.5,50.0,-0.10000000000000142,-4.700000000000003,0,COLD
28.8,30.5,0.6999999999999993,0.3000000000000007,1,COMFORT
35.0,41.4,1.5,3.6000000000000014,0,COLD
24.1,51.0,0.9000000000000021,-2.700000000000003,2,WARM_HUMID
31.7,20.1,0.5,0.10000000000000142,0,COLD
27.4,59.2,0.0,0.0,2,WARM_HUMID
28.3,48.8,1.5,-5.0,2,WARM_HUMID
29.5,40.3,1.5,-5.0,1,COMFORT
25.4,33.2,-1.5,-5.0,0,COLD
27.5,44.0,0.0,0.0,3,HOT
28.5,51.1,1.5,-2.799999999999997,2,WARM_HUMID
22.9,25.5,0.0,2.6999999999999993,1,COMFORT
29.0,28.0,-1.5,4.5,1,COMFORT
30.5,73.3,0.10000000000000142,0.0,3,HOT
23.6,60.4,0.0,0.0,1,COMFORT
23.6,36.3,0.0,-0.30000000000000426,1,COMFORT
25.1,58.7,-0.29999999999999716,-0.09999999999999432,2,WARM_HUMID
22.3,57.2,0.0,0.0,1,COMFORT
28.0,56.0,0.0,0.0,1,COMFORT
22.7,80.3,-1.5,5.0,1,COMFORT
28.2,47.0,-0.5,1.0,3,HOT
23.4,27.2,-0.10000000000000142,-5.0,0,COLD
23.6,54.9,0.20000000000000284,-0.3999999999999986,1,COMFORT
21.7,63.1,-1.5,5.0,0,COLD
19.7,42.4,-0.10000000000000142,0.7999999999999972,3,HOT
23.4,50.5,0.6999999999999993,-5.0,1,COMFORT
29.3,62.7,0.10000000000000142,-1.7000000000000028,1,COMFORT
22.7,25.5,0.0,0.0,1,COMFORT
22.3,37.7,0.0,0.0,1,COMFORT
24.9,47.6,0.7999999999999972,5.0,1,COMFORT
22.1,30.8,-0.8999999999999986,1.6000000000000014,0,COLD
24.5,40.8,-0.1999999999999993,-5.0,1,COMFORT
21.8,31.6,0.3000000000000007,-0.09999999999999787,1,COMFORT
23.3,43.3,0.10000000000000142,0.0,1,COMFORT
22.9,41.6,-0.6000000000000014,1.7000000000000028,1,COMFORT
24.3,68.4,0.1999999999999993,-0.5999999999999943,2,WARM_HUMID
24.9,42.5,-0.10000000000000142,-5.0,3,HOT
12.8,67.7,0.0,0.0,0,COLD
23.1,43.8,0.20000000000000284,2.799999999999997,1,COMFORT
25.6,49.0,0.0,0.0,1,COMFORT
27.4,48.4,0.0,5.0,1,COMFORT
21.4,47.4,-1.0,5.0,1,COMFORT
25.8,19.3,0.0,0.0,2,WARM_HUMID
22.8,21.9,0.6999999999999993,-5.0,1,COMFORT
23.4,51.4,0.5999999999999979,5.0,0,COLD
23.1,40.3,0.20000000000000284,5.0,2,WARM_HUMID
27.8,50.9,-0.3999999999999986,1.8999999999999986,0,COLD
23.7,29.8,-0.40000000000000213,0.6999999999999993,1,COMFORT
20.4,25.8,-1.5,-1.0,1,COMFORT
21.1,55.4,0.0,0.0,1,COMFORT
23.0,32.7,0.6999999999999993,-2.0,0,COLD
23.4,40.1,-0.5,2.700000000000003,1,COMFORT
26.3,53.0,-0.09999999999999787,-3.0,1,COMFORT
22.9,67.7,0.0,0.0,3,HOT
23.4,30.2,-0.9000000000000021,1.0,3,HOT
20.9,48.9,0.29999999999999716,-0.30000000000000426,3,HOT
30.8,63.9,0.3000000000000007,0.19999999999999574,3,HOT
25.2,42.1,-0.10000000000000142,0.30000000000000426,2,WARM_HUMID
22.7,62.0,-0.3000000000000007,5.0,0,COLD
30.3,30.4,0.5,-1.7000000000000028,1,COMFORT
24.4,65.6,0.29999999999999716,-5.0,1,COMFORT
20.5,40.7,1.3000000000000007,-0.5,3,HOT
18.7,59.6,-1.5,5.0,1,COMFORT
28.0,70.0,0.0,0.0,1,COMFORT
23.5,33.5,-0.3000000000000007,2.8000000000000007,1,COMFORT
23.4,45.8,-1.1000000000000014,5.0,3,HOT
29.6,77.1,0.40000000000000213,-3.6000000000000085,0,COLD
25.4,59.5,0.1999999999999993,-0.20000000000000284,1,COMFORT
23.4,59.0,1.1999999999999993,-3.8999999999999986,2,WARM_HUMID
23.8,48.3,0.6000000000000014,-2.6000000000000014,3,HOT
23.8,58.9,0.6000000000000014,-0.10000000000000142,1,COMFORT
23.9,48.6,0.0,0.0,2,WARM_HUMID
22.3,32.2,1.1000000000000014,-0.6999999999999957,3,HOT
27.2,30.4,0.0,0.0,2,WARM_HUMID
23.8,70.1,-0.3999999999999986,-0.6000000000000085,1,COMFORT
19.6,38.7,-0.8999999999999986,-4.199999999999996,1,COMFORT
21.8,36.7,-0.3000000000000007,-1.0999999999999943,1,COMFORT
26.1,72.0,-0.1999999999999993,5.0,2,WARM_HUMID
23.3,49.1,0.1999999999999993,-5.0,0,COLD
23.3,41.0,0.3000000000000007,0.0,2,WARM_HUMID
19.0,52.5,0.1999999999999993,-0.6000000000000014,0,COLD
23.8,31.0,0.6999999999999993,0.0,2,WARM_HUMID
24.1,51.3,1.0,-2.200000000000003,1,COMFORT
22.4,33.0,0.8999999999999986,0.29999999999999716,1,COMFORT
33.0,18.5,0.0,-5.0,3,HOT
32.3,23.6,0.5999999999999979,-0.1999999999999993,2,WARM_HUMID
25.8,32.8,0.0,-1.0,1,COMFORT
22.1,56.7,0.10000000000000142,2.4000000000000057,1,COMFORT
27.9,34.7,-1.5,2.0,0,COLD
25.6,46.0,0.0,0.0,0,COLD
22.9,43.8,0.09999999999999787,3.8999999999999986,1,COMFORT
20.3,67.7,-1.5,5.0,0,COLD
28.8,58.0,0.9000000000000021,-1.0,3,HOT
23.2,28.4,0.0,-5.0,1,COMFORT
23.0,49.1,-0.3000000000000007,1.7000000000000028,0,COLD
22.7,36.3,0.6999999999999993,-4.200000000000003,2,WARM_HUMID
23.7,60.9,-0.5,-1.3999999999999986,2,WARM_HUMID
26.6,47.0,0.40000000000000213,-4.799999999999997,2,WARM_HUMID
22.1,42.5,-0.6999999999999993,-1.7000000000000028,0,COLD
23.6,41.1,-1.5,0.5,1,COMFORT
22.6,40.9,1.5,-5.0,1,COMFORT
28.4,46.0,1.5,0.10000000000000142,3,HOT
29.6,35.0,0.0,0.0,3,HOT
22.9,27.7,-0.40000000000000213,-0.5,2,WARM_HUMID
27.5,59.6,0.0,0.0,1,COMFORT
25.5,42.7,0.5,-1.0,2,WARM_HUMID
25.3,55.2,0.0,0.0,0,COLD
23.0,50.4,-1.5,5.0,1,COMFORT
22.1,24.1,-0.5,4.600000000000001,0,COLD
20.0,28.2,-0.3999999999999986,-2.0,3,HOT
21.6,15.9,-1.0999999999999979,-5.0,0,COLD
25.9,42.0,-1.5,-5.0,0,COLD
26.8,45.7,1.5,0.7000000000000028,2,WARM_HUMID
21.2,41.9,0.0,0.0,1,COMFORT
21.7,32.4,0.0,-3.3999999999999986,0,COLD
22.5,41.5,0.1999999999999993,-0.7999999999999972,1,COMFORT
19.6,31.3,0.8000000000000007,-5.0,0,COLD
25.4,43.0,0.0,0.0,0,COLD
31.7,59.7,-0.9000000000000021,4.100000000000001,3,HOT
23.4,59.2,1.0999999999999979,-5.0,2,WARM_HUMID
24.1,64.0,0.6000000000000014,2.0,2,WARM_HUMID
23.5,28.3,-0.8999999999999986,3.1000000000000014,1,COMFORT
16.6,33.5,0.3000000000000007,4.899999999999999,1,COMFORT
23.7,55.4,0.0,0.0,1,COMFORT
24.3,43.5,1.5,-3.799999999999997,1,COMFORT
27.5,71.0,1.5,5.0,2,WARM_HUMID
21.6,36.1,-0.09999999999999787,-0.19999999999999574,1,COMFORT
20.8,80.0,-0.3999999999999986,-2.4000000000000057,1,COMFORT
22.7,25.5,-0.5,3.1999999999999993,1,COMFORT
25.9,44.9,0.5999999999999979,5.0,1,COMFORT
32.0,67.4,-0.10000000000000142,-0.09999999999999432,2,WARM_HUMID
24.8,46.4,0.0,0.0,0,COLD
22.9,25.8,1.5,-3.8999999999999986,2,WARM_HUMID
25.1,70.8,0.20000000000000284,0.20000000000000284,2,WARM_HUMID
22.3,41.2,0.8000000000000007,0.0,1,COMFORT
22.0,49.6,0.8999999999999986,-5.0,2,WARM_HUMID
24.3,42.3,1.5,0.0,0,COLD
21.4,29.9,-0.5,1.2999999999999972,1,COMFORT
21.1,50.8,1.5,0.09999999999999432,1,COMFORT
25.6,44.4,0.0,0.0,0,COLD
27.1,30.0,-0.09999999999999787,-2.6000000000000014,3,HOT
24.5,55.0,0.0,0.0,1,COMFORT
19.5,64.0,0.0,0.0,1,COMFORT
23.8,49.3,-1.5,2.8999999999999986,3,HOT
29.2,24.8,-1.5,-0.3999999999999986,1,COMFORT
24.2,60.6,0.0,0.0,3,HOT
28.5,68.1,0.1999999999999993,-0.4000000000000057,1,COMFORT
14.1,43.0,-1.5,-5.0,0,COLD
21.7,35.4,-0.10000000000000142,1.2999999999999972,0,COLD
22.7,27.5,0.0,0.0,2,WARM_HUMID
23.2,58.1,0.6999999999999993,3.5,1,COMFORT
24.4,82.1,0.0,2.799999999999997,1,COMFORT
27.8,51.0,1.1999999999999993,5.0,3,HOT
23.4,60.9,0.0,0.0,0,COLD
25.7,57.2,0.0,0.0,1,COMFORT
21.9,38.9,-1.5,1.1000000000000014,1,COMFORT
16.1,72.0,-1.5,2.0,0,COLD
23.4,27.2,0.6999999999999993,3.5,2,WARM_HUMID
27.9,63.6,0.09999999999999787,0.10000000000000142,3,HOT
22.1,40.9,-1.1999999999999993,1.6000000000000014,3,HOT
21.8,51.0,0.6000000000000014,0.3999999999999986,1,COMFORT
22.9,56.2,-0.10000000000000142,1.3000000000000043,2,WARM_HUMID
23.4,24.0,1.5,-5.0,2,WARM_HUMID
18.2,18.3,-1.0,-1.0,2,WARM_HUMID
27.2,52.0,0.0,0.0,0,COLD
17.8,51.3,-1.0,-1.4000000000000057,0,COLD
23.4,34.6,0.5,2.3999999999999986,2,WARM_HUMID
23.3,56.9,-0.3999999999999986,0.8999999999999986,0,COLD
32.0,15.1,-0.7000000000000028,-0.20000000000000107,2,WARM_HUMID
23.3,47.1,-0.3000000000000007,0.0,2,WARM_HUMID
25.2,36.4,1.0,-3.200000000000003,3,HOT
18.9,50.2,0.0,0.0,1,COMFORT
29.6,67.8,-0.6999999999999993,0.20000000000000284,1,COMFORT
32.5,30.5,0.5,-0.3000000000000007,2,WARM_HUMID
22.7,37.4,-1.5,-5.0,2,WARM_HUMID
33.2,62.5,-0.19999999999999574,3.5,2,WARM_HUMID
24.3,49.2,1.3000000000000007,-2.0999999999999943,1,COMFORT
20.9,50.6,-0.7000000000000028,2.8000000000000043,1,COMFORT
22.5,22.6,0.10000000000000142,0.10000000000000142,1,COMFORT
22.0,13.1,-0.6999999999999993,-5.0,2,WARM_HUMID
27.0,59.4,1.3000000000000007,3.6000000000000014,2,WARM_HUMID
26.6,80.0,0.10000000000000142,5.0,1,COMFORT
23.5,53.8,0.10000000000000142,-0.20000000000000284,3,HOT
22.0,22.9,-0.3000000000000007,-0.5,1,COMFORT
22.5,20.5,0.1999999999999993,0.0,2,WARM_HUMID
33.7,26.2,1.5,-1.6000000000000014,1,COMFORT
23.6,48.2,0.0,0.0,1,COMFORT
24.6,76.4,-1.5,-4.8999999999999915,1,COMFORT
20.5,34.0,-0.1999999999999993,-0.20000000000000284,1,COMFORT
28.5,26.5,1.5,-5.0,1,COMFORT
23.2,41.8,1.5,-5.0,2,WARM_HUMID
22.4,64.1,0.09999999999999787,0.19999999999999574,1,COMFORT
22.9,22.6,0.09999999999999787,-1.5999999999999979,0,COLD
22.6,53.1,1.4000000000000021,3.1000000000000014,2,WARM_HUMID
25.6,55.6,0.0,0.0,2,WARM_HUMID
24.3,20.6,-1.5,-2.799999999999997,0,COLD
26.1,52.2,1.0,-1.3999999999999986,1,COMFORT
22.5,34.3,0.5,2.0999999999999943,3,HOT
26.6,43.0,0.5,0.0,2,WARM_HUMID
23.7,44.1,-1.0,4.700000000000003,1,COMFORT
21.2,50.6,-0.8000000000000007,-2.5,1,COMFORT
22.9,65.6,-0.8000000000000007,1.3999999999999915,0,COLD
29.2,79.5,0.0,2.799999999999997,3,HOT
24.6,58.0,0.0,0.0,1,COMFORT
30.8,53.4,0.3000000000000007,-0.7000000000000028,2,WARM_HUMID
25.2,64.0,0.0,0.0,0,COLD
22.6,41.2,-0.7999999999999972,0.6000000000000014,1,COMFORT
23.4,16.1,1.5,-5.0,0,COLD
23.4,55.1,-0.10000000000000142,1.8999999999999986,1,COMFORT
21.1,37.4,-0.5999999999999979,0.7999999999999972,3,HOT
21.5,42.0,0.6000000000000014,5.0,1,COMFORT
22.3,20.5,0.6999999999999993,-5.0,0,COLD
22.8,33.8,1.5,-5.0,1,COMFORT
24.9,42.4,0.5,-5.0,3,HOT
25.2,21.5,0.5999999999999979,-3.5,3,HOT
22.4,43.9,-0.10000000000000142,0.8999999999999986,3,HOT
33.2,47.8,0.0,1.5,3,HOT
21.3,31.7,-0.8000000000000007,5.0,0,COLD
25.9,39.0,1.5,5.0,2,WARM_HUMID
20.5,55.8,-0.1999999999999993,1.0,1,COMFORT
28.3,34.3,0.8000000000000007,-0.5,1,COMFORT
24.7,29.5,1.5,-2.6000000000000014,2,WARM_HUMID
22.7,19.2,-0.10000000000000142,0.3000000000000007,0,COLD
23.2,53.0,0.0,3.0,1,COMFORT
19.7,40.2,-0.10000000000000142,-1.7999999999999972,0,COLD
22.8,31.4,0.0,0.0,1,COMFORT
25.2,57.2,0.5,-1.1999999999999957,1,COMFORT
23.3,42.0,0.1999999999999993,0.0,2,WARM_HUMID
13.8,36.7,-1.5,3.8000000000000043,0,COLD
21.4,43.5,-0.10000000000000142,0.10000000000000142,0,COLD
22.2,53.7,-0.6000000000000014,0.0,1,COMFORT
19.9,49.8,0.5,3.5,0,COLD
23.6,36.1,0.8000000000000007,0.10000000000000142,0,COLD
20.3,35.8,-1.5,4.9999999999999964,0,COLD
25.8,66.7,-1.5,-5.0,1,COMFORT
30.4,64.5,0.0,0.8999999999999986,3,HOT
28.5,51.1,0.0,-0.29999999999999716,2,WARM_HUMID
28.6,51.8,-0.8999999999999986,-0.9000000000000057,1,COMFORT
24.6,35.1,-1.5,-5.0,2,WARM_HUMID
20.8,32.9,0.10000000000000142,3.299999999999997,3,HOT
25.3,56.0,-1.5,5.0,0,COLD
19.4,52.1,0.29999999999999716,1.0,1,COMFORT
23.8,27.5,-0.5999999999999979,-2.8999999999999986,0,COLD
22.7,36.2,0.09999999999999787,2.200000000000003,0,COLD
25.2,53.7,0.6999999999999993,-4.399999999999999,1,COMFORT
27.2,61.0,0.5999999999999979,4.0,0,COLD
22.7,25.6,-1.5,-1.5,2,WARM_HUMID
22.6,51.7,-0.09999999999999787,5.0,0,COLD
28.6,71.0,-0.1999999999999993,4.0,3,HOT
23.5,32.7,1.3999999999999986,-3.1999999999999957,2,WARM_HUMID
26.7,40.1,0.6999999999999993,-1.2999999999999972,2,WARM_HUMID
22.1,50.2,-1.5,5.0,1,COMFORT
23.7,49.5,0.3999999999999986,0.5,1,COMFORT
24.5,26.1,-0.5,-2.5,3,HOT
32.5,36.2,0.10000000000000142,5.0,3,HOT
22.8,31.6,-1.5,4.400000000000002,1,COMFORT
31.6,66.1,0.9000000000000021,-2.5,1,COMFORT
22.5,44.2,0.5,-5.0,0,COLD
26.8,41.2,1.1999999999999993,0.0,2,WARM_HUMID
28.6,44.6,-0.09999999999999787,0.6000000000000014,0,COLD
22.6,20.0,0.3000000000000007,1.6999999999999993,0,COLD
24.0,64.2,1.3000000000000007,5.0,1,COMFORT
22.5,50.6,0.0,0.6000000000000014,2,WARM_HUMID
22.8,26.6,0.1999999999999993,-2.099999999999998,1,COMFORT
20.7,59.9,-0.1999999999999993,4.399999999999999,2,WARM_HUMID
23.0,21.4,0.0,0.0,1,COMFORT
21.7,30.2,-0.6999999999999993,1.5,1,COMFORT
24.6,64.0,0.6000000000000014,1.2999999999999972,3,HOT
26.8,81.2,1.0,1.0,1,COMFORT
23.0,38.1,-0.8999999999999986,3.3999999999999986,0,COLD
30.8,74.3,-0.09999999999999787,1.5,0,COLD
26.7,44.5,1.3000000000000007,-5.0,2,WARM_HUMID
24.5,49.0,-0.8999999999999986,4.0,1,COMFORT
23.3,48.9,1.5,-5.0,1,COMFORT
21.1,83.3,-0.1999999999999993,0.0,0,COLD
28.5,48.0,-1.5,5.0,1,COMFORT
24.0,41.3,-0.3000000000000007,-0.6000000000000014,0,COLD
28.9,64.6,1.3999999999999986,-4.900000000000006,2,WARM_HUMID
20.2,33.9,-0.3000000000000007,-0.5,0,COLD
23.7,38.1,-1.5,-5.0,1,COMFORT
21.1,51.2,0.0,0.0,0,COLD
27.5,44.0,0.0,0.0,3,HOT
23.6,29.1,0.6000000000000014,-5.0,1,COMFORT
29.8,78.6,0.0,3.8999999999999915,2,WARM_HUMID
22.2,44.0,1.1999999999999993,1.3999999999999986,0,COLD
21.3,30.2,0.10000000000000142,-4.400000000000002,1,COMFORT
24.0,57.0,-1.5,4.0,0,COLD
19.5,57.7,0.0,0.0,2,WARM_HUMID
26.0,44.0,0.0,0.0,2,WARM_HUMID
23.4,49.8,0.3999999999999986,-0.7000000000000028,3,HOT
29.0,64.3,0.0,0.0,2,WARM_HUMID
33.9,57.3,0.8999999999999986,0.5999999999999943,1,COMFORT
24.6,48.2,0.10000000000000142,-0.19999999999999574,1,COMFORT
33.3,40.6,1.5,-5.0,1,COMFORT
28.3,50.4,-0.3000000000000007,1.1000000000000014,1,COMFORT
31.3,39.4,0.0,0.0,2,WARM_HUMID
25.0,48.5,1.1999999999999993,3.299999999999997,2,WARM_HUMID
22.0,59.0,-0.3999999999999986,1.0,0,COLD
27.6,86.6,0.0,0.0,3,HOT
21.1,21.2,1.5,2.1999999999999993,1,COMFORT
25.3,35.9,0.9000000000000021,1.1999999999999957,1,COMFORT
23.5,48.7,0.10000000000000142,1.4000000000000057,0,COLD
20.5,50.4,0.10000000000000142,5.0,1,COMFORT
25.2,64.1,1.0999999999999979,-5.0,2,WARM_HUMID
23.4,23.3,1.0999999999999979,-3.6999999999999993,2,WARM_HUMID
21.3,34.2,0.0,1.1000000000000014,1,COMFORT
29.8,65.0,-0.09999999999999787,2.0,1,COMFORT
24.4,43.9,-0.10000000000000142,0.19999999999999574,1,COMFORT
24.4,66.8,0.09999999999999787,-1.0,1,COMFORT
20.9,50.0,0.09999999999999787,-1.0,1,COMFORT
22.0,27.1,0.3999999999999986,-5.0,1,COMFORT
29.0,41.4,-0.5,1.7999999999999972,2,WARM_HUMID
19.6,43.0,1.5,-5.0,1,COMFORT
23.3,41.0,-0.09999999999999787,-1.0,1,COMFORT
23.2,68.0,0.09999999999999787,0.09999999999999432,1,COMFORT
30.3,75.6,0.0,0.0,3,HOT
22.1,22.8,-0.5999999999999979,-5.0,0,COLD
24.7,22.4,0.1999999999999993,0.0,1,COMFORT
28.6,34.5,0.20000000000000284,5.0,3,HOT
24.0,44.9,1.5,-3.700000000000003,2,WARM_HUMID
21.9,46.8,1.0,-3.5,2,WARM_HUMID
19.3,10.3,1.5,-5.0,1,COMFORT
22.8,31.3,-1.0,4.600000000000001,1,COMFORT
21.8,30.7,-1.0999999999999979,-1.0,1,COMFORT
21.4,48.1,1.0999999999999979,-3.0,0,COLD
25.2,48.7,1.5,3.700000000000003,2,WARM_HUMID
24.9,73.4,0.29999999999999716,-0.5999999999999943,0,COLD
23.3,79.5,0.0,0.0,1,COMFORT
28.3,47.7,1.5,-4.099999999999994,3,HOT
22.5,27.5,0.0,-5.0,2,WARM_HUMID
25.0,24.1,0.10000000000000142,5.0,3,HOT
17.6,33.6,-1.5,-1.2999999999999972,1,COMFORT
24.5,68.0,0.5,5.0,3,HOT
23.0,22.6,0.6999999999999993,-2.099999999999998,1,COMFORT
28.9,85.4,0.1999999999999993,-1.3999999999999915,3,HOT
25.3,55.1,-0.09999999999999787,0.5,1,COMFORT
24.0,54.0,-0.5,3.0,1,COMFORT
23.0,44.6,-1.0,1.6000000000000014,0,COLD
23.8,57.0,0.6999999999999993,-0.5,0,COLD
22.3,45.7,0.0,-0.09999999999999432,1,COMFORT
19.8,56.0,-1.0,5.0,1,COMFORT
24.4,71.0,0.8999999999999986,-2.0,0,COLD
24.3,71.7,1.5,2.0,0,COLD
23.2,59.7,-0.3000000000000007,5.0,1,COMFORT
23.6,52.4,-0.7999999999999972,-5.0,1,COMFORT
25.0,18.6,0.0,0.0,1,COMFORT
24.4,59.6,-1.3000000000000007,1.6000000000000014,1,COMFORT
33.2,19.5,-0.09999999999999432,-2.1000000000000014,3,HOT
21.2,58.3,0.0,0.0,1,COMFORT
20.3,52.5,-1.5,-3.799999999999997,0,COLD
22.6,20.2,0.20000000000000284,0.0,1,COMFORT
23.2,66.8,0.0,-1.2000000000000028,0,COLD
20.9,51.0,0.3999999999999986,-0.29999999999999716,1,COMFORT
20.9,34.6,0.09999999999999787,5.0,0,COLD
30.5,14.1,-1.5,-5.0,1,COMFORT
22.4,70.0,0.0,0.0,0,COLD
22.7,53.0,-1.3000000000000007,3.700000000000003,0,COLD
22.8,49.8,0.10000000000000142,0.5,1,COMFORT
24.6,30.2,-1.5,-5.0,2,WARM_HUMID
26.7,49.4,1.5,-0.20000000000000284,2,WARM_HUMID
22.7,46.1,-1.5,0.5,1,COMFORT
30.1,70.0,1.5,5.0,3,HOT
26.6,32.0,-0.5999999999999979,0.3000000000000007,1,COMFORT
23.9,40.4,0.5,1.1999999999999957,2,WARM_HUMID
25.2,64.1,1.5,-5.0,3,HOT
22.3,24.1,0.0,-1.2999999999999972,1,COMFORT
25.6,20.4,-0.5999999999999979,5.0,1,COMFORT
21.7,55.5,-1.5,4.5,1,COMFORT
20.6,38.1,-0.8999999999999986,1.2000000000000028,0,COLD
34.9,46.4,0.0,-0.20000000000000284,3,HOT
25.5,56.9,0.0,0.19999999999999574,1,COMFORT
24.1,28.7,0.7000000000000028,5.0,2,WARM_HUMID
22.8,30.3,0.1999999999999993,-1.6999999999999993,1,COMFORT
25.6,27.0,0.40000000000000213,-1.1000000000000014,1,COMFORT
35.1,42.0,-1.5,0.0,3,HOT
23.8,64.8,0.0,0.3999999999999915,1,COMFORT
20.6,25.7,-0.5,-1.5,3,HOT
26.1,84.6,-1.2999999999999972,-4.200000000000003,2,WARM_HUMID
22.0,52.0,-0.3000000000000007,-2.0,0,COLD
26.1,48.8,0.5,2.3999999999999986,1,COMFORT
22.9,32.2,-0.5,-2.299999999999997,2,WARM_HUMID
27.0,54.0,0.0,0.0,0,COLD
17.8,55.6,-1.3999999999999986,5.0,0,COLD
18.0,50.1,0.0,0.0,0,COLD
22.8,45.0,-0.6999999999999993,3.3999999999999986,1,COMFORT
28.1,59.0,0.0,0.0,0,COLD
23.1,30.6,0.0,0.0,0,COLD
23.4,59.7,1.2999999999999972,-5.0,1,COMFORT
20.8,72.3,-1.5,5.0,1,COMFORT
20.7,51.2,-0.3000000000000007,4.0,3,HOT
27.4,44.0,0.0,0.0,1,COMFORT
22.2,35.1,-1.5,-0.5,2,WARM_HUMID
24.6,36.0,-1.0999999999999979,-5.0,1,COMFORT
40.5,23.7,0.8999999999999986,-0.40000000000000213,3,HOT
24.5,50.5,0.0,-5.0,1,COMFORT
34.4,40.9,0.0,0.19999999999999574,3,HOT
23.9,49.0,0.0,0.0,0,COLD
25.4,54.5,-1.2000000000000028,5.0,0,COLD
21.4,49.7,0.1999999999999993,-2.0,0,COLD
25.0,66.1,0.1999999999999993,0.5,1,COMFORT
24.2,51.9,0.3999999999999986,-0.8999999999999986,1,COMFORT
27.2,38.5,-0.40000000000000213,-3.3999999999999986,1,COMFORT
21.6,38.2,0.5,-1.0999999999999943,1,COMFORT
23.3,54.9,-0.1999999999999993,-5.0,0,COLD
23.0,45.3,-1.1999999999999993,1.1999999999999957,1,COMFORT
23.2,45.2,-0.1999999999999993,5.0,0,COLD
23.0,33.7,0.3000000000000007,-0.3999999999999986,3,HOT
24.3,29.8,0.10000000000000142,-1.0999999999999979,1,COMFORT
22.4,47.5,0.3999999999999986,-0.3999999999999986,0,COLD
25.9,55.0,0.0,0.0,0,COLD
26.2,50.8,-0.40000000000000213,5.0,3,HOT
28.6,62.8,-0.1999999999999993,2.1999999999999957,3,HOT
31.5,71.6,-0.3999999999999986,2.299999999999997,2,WARM_HUMID
27.0,32.0,0.0,0.0,0,COLD
30.8,30.0,0.0,-4.0,2,WARM_HUMID
25.2,59.1,0.3999999999999986,-1.8999999999999986,1,COMFORT
23.6,72.6,-0.1999999999999993,-0.4000000000000057,1,COMFORT
21.2,58.3,0.0,0.0,0,COLD
21.4,32.3,0.0,0.8999999999999986,1,COMFORT
22.9,37.3,0.5999999999999979,0.0,2,WARM_HUMID
28.7,75.0,-0.5,-3.200000000000003,1,COMFORT
26.1,58.0,0.0,0.0,1,COMFORT
21.6,55.8,0.0,0.0,2,WARM_HUMID
20.3,56.9,0.0,0.0,1,COMFORT
21.3,60.3,-1.5,5.0,1,COMFORT
26.6,32.0,-0.3999999999999986,1.0,0,COLD
22.9,69.1,0.0,0.0,3,HOT
21.9,47.6,-1.5,-2.1999999999999957,0,COLD
22.8,28.8,1.5,-5.0,0,COLD
28.3,61.5,1.5,4.299999999999997,3,HOT
27.2,49.1,-0.3000000000000007,-0.7999999999999972,1,COMFORT
23.4,23.1,1.1999999999999993,-1.1999999999999993,3,HOT
24.1,43.2,1.1000000000000014,-3.0,0,COLD
24.8,59.2,0.1999999999999993,-2.799999999999997,1,COMFORT
32.6,43.0,0.30000000000000426,1.3999999999999986,3,HOT
23.4,51.9,0.0,0.6000000000000014,1,COMFORT
30.3,68.7,-1.5,3.200000000000003,3,HOT
20.5,67.0,0.3999999999999986,3.200000000000003,1,COMFORT
22.9,52.4,-1.5,5.0,0,COLD
22.4,26.2,-0.10000000000000142,-5.0,0,COLD
24.8,54.6,0.0,0.0,2,WARM_HUMID
25.2,63.6,-0.1999999999999993,0.8999999999999986,1,COMFORT
21.4,37.7,-1.5,4.0,0,COLD
24.4,76.5,-1.5,5.0,0,COLD
25.9,61.5,0.0,0.0,1,COMFORT
22.6,35.8,-1.5,-2.700000000000003,1,COMFORT
23.2,55.6,-0.10000000000000142,0.0,2,WARM_HUMID
25.4,41.6,0.0,0.0,1,COMFORT
23.7,63.0,0.3999999999999986,-1.0,2,WARM_HUMID
21.3,60.3,0.0,0.0,1,COMFORT
26.3,38.0,0.0,0.0,0,COLD
23.1,59.3,-0.29999999999999716,0.09999999999999432,0,COLD
22.5,44.2,0.1999999999999993,1.2000000000000028,1,COMFORT
22.8,35.9,0.3000000000000007,-0.6000000000000014,2,WARM_HUMID
24.0,53.1,0.8000000000000007,5.0,2,WARM_HUMID
23.8,45.6,0.10000000000000142,5.0,1,COMFORT
25.3,57.0,0.10000000000000142,5.0,1,COMFORT
22.6,41.5,0.40000000000000213,1.6000000000000014,2,WARM_HUMID
31.0,38.2,0.5,2.0,2,WARM_HUMID
28.1,48.0,1.5,-5.0,3,HOT
21.3,69.1,-0.3999999999999986,0.5999999999999943,2,WARM_HUMID
18.3,41.5,-1.0,-2.799999999999997,0,COLD
24.7,56.2,0.0,0.0,2,WARM_HUMID
32.6,36.7,1.1000000000000014,-5.0,3,HOT
23.3,45.9,-0.3000000000000007,4.799999999999997,2,WARM_HUMID
32.9,49.8,0.0,1.0,3,HOT
26.2,46.0,0.5999999999999979,5.0,1,COMFORT
22.1,81.3,0.0,0.0,1,COMFORT
25.0,66.4,0.3999999999999986,-1.0,3,HOT
28.6,44.0,0.0,0.0,0,COLD
22.9,29.0,1.0,0.8000000000000007,1,COMFORT
23.1,44.4,0.6000000000000014,2.6000000000000014,1,COMFORT
22.9,50.3,1.5,-5.0,1,COMFORT
24.7,53.4,0.1999999999999993,-1.8000000000000043,1,COMFORT
29.0,69.0,0.0,0.0,2,WARM_HUMID
26.7,54.5,-0.6000000000000014,5.0,2,WARM_HUMID
22.3,50.1,0.0,0.0,3,HOT
27.4,53.2,0.29999999999999716,0.5,0,COLD
31.6,57.4,1.5,-5.0,1,COMFORT
29.1,50.3,-1.1999999999999993,5.0,1,COMFORT
23.3,40.3,0.40000000000000213,-0.10000000000000142,1,COMFORT
22.8,42.9,0.0,-5.0,1,COMFORT
27.3,61.7,0.5,-3.0,0,COLD
24.0,49.1,-0.3000000000000007,1.2000000000000028,1,COMFORT
27.8,66.1,0.0,0.0,1,COMFORT
20.9,50.5,-1.1000000000000014,2.200000000000003,1,COMFORT
34.0,60.2,-0.6000000000000014,2.3000000000000043,1,COMFORT
31.0,72.0,1.0,5.0,3,HOT
21.5,31.1,-1.5,5.0,0,COLD
23.6,28.4,0.0,0.0,1,COMFORT
19.9,55.0,1.5,2.0,1,COMFORT
28.0,47.0,0.1999999999999993,5.0,2,WARM_HUMID
21.6,50.3,0.0,0.0,1,COMFORT
24.2,35.5,-1.5,-0.7000000000000028,1,COMFORT
24.0,33.0,1.5,-5.0,0,COLD
24.0,49.8,0.0,5.0,1,COMFORT
22.5,42.7,0.10000000000000142,0.0,1,COMFORT
19.6,28.7,-1.5,-1.1000000000000014,3,HOT
20.4,35.8,-0.5,2.299999999999997,0,COLD
27.5,73.0,-0.5,5.0,2,WARM_HUMID
23.5,33.6,0.1999999999999993,0.6000000000000014,0,COLD
22.8,39.4,0.5,-4.899999999999999,3,HOT
22.4,34.5,0.3999999999999986,1.6000000000000014,0,COLD
25.7,29.2,-0.9000000000000021,-2.8000000000000007,1,COMFORT
22.2,47.4,-0.9000000000000021,1.8999999999999986,1,COMFORT
21.7,37.7,-1.5,-5.0,2,WARM_HUMID
23.8,26.6,0.0,0.0,1,COMFORT
24.1,58.0,0.0,0.0,3,HOT
34.3,31.0,0.0,0.0,1,COMFORT
24.1,26.4,-0.09999999999999787,-2.400000000000002,3,HOT
22.3,26.4,-0.6999999999999993,-3.400000000000002,3,HOT
21.0,47.2,-0.5,-2.0,0,COLD
25.7,44.5,0.6999999999999993,-5.0,1,COMFORT
26.3,52.3,-1.5,-1.2000000000000028,1,COMFORT
34.9,55.3,0.0,0.0,3,HOT
22.4,26.0,-0.6000000000000014,5.0,1,COMFORT
20.4,30.2,-1.5,-0.8000000000000007,3,HOT
21.0,24.0,0.8999999999999986,-0.3000000000000007,1,COMFORT
25.8,45.4,-1.3000000000000007,1.1000000000000014,1,COMFORT
22.4,44.3,0.0,-4.5,2,WARM_HUMID
23.3,47.3,-0.8000000000000007,3.6999999999999957,1,COMFORT
22.6,25.5,0.5,0.0,0,COLD
38.4,34.2,1.5,-4.199999999999996,3,HOT
23.8,41.0,0.0,0.0,0,COLD
30.7,40.1,0.3999999999999986,-1.1999999999999957,1,COMFORT
28.6,57.0,-0.09999999999999787,1.8999999999999986,1,COMFORT
26.2,63.2,0.09999999999999787,0.4000000000000057,2,WARM_HUMID
31.6,67.0,0.10000000000000142,0.0,3,HOT
25.8,57.7,0.0,0.0,1,COMFORT
23.0,51.0,0.8999999999999986,-2.1000000000000014,1,COMFORT
21.4,50.6,-0.40000000000000213,0.20000000000000284,0,COLD
25.0,40.1,-1.0,2.8000000000000043,2,WARM_HUMID
21.2,37.9,-0.1999999999999993,2.1999999999999957,1,COMFORT
20.3,26.0,-0.6999999999999993,-0.6000000000000014,0,COLD
30.8,56.8,0.40000000000000213,0.0,1,COMFORT
22.4,39.9,-1.4000000000000021,0.10000000000000142,1,COMFORT
20.2,56.5,-0.3000000000000007,4.100000000000001,2,WARM_HUMID
20.0,41.0,0.5,-3.1000000000000014,1,COMFORT
25.0,26.1,0.0,1.7000000000000028,3,HOT
21.8,36.6,0.6000000000000014,4.0,1,COMFORT
30.1,63.0,0.0,0.0,1,COMFORT
25.5,52.3,0.0,-0.10000000000000142,2,WARM_HUMID
21.2,49.5,0.09999999999999787,0.10000000000000142,3,HOT
20.4,25.5,-0.5,1.8000000000000007,1,COMFORT
22.2,45.6,0.0,1.1000000000000014,0,COLD
23.6,36.2,0.7000000000000028,-5.0,2,WARM_HUMID
13.4,56.0,0.5999999999999996,-5.0,0,COLD
26.5,58.1,-0.10000000000000142,-0.6999999999999957,3,HOT
32.0,67.7,-0.10000000000000142,1.9000000000000057,3,HOT
22.6,52.7,1.1000000000000014,1.9000000000000057,0,COLD
28.5,45.0,0.0,0.0,0,COLD
33.4,68.1,0.6999999999999957,2.8999999999999915,1,COMFORT
21.5,39.5,-0.3000000000000007,5.0,1,COMFORT
22.0,45.6,-1.5,-5.0,1,COMFORT
25.0,63.0,0.0,0.0,0,COLD
21.3,64.2,0.40000000000000213,-2.700000000000003,1,COMFORT
23.1,56.8,0.0,-1.2000000000000028,1,COMFORT
27.3,49.0,0.0,0.0,2,WARM_HUMID
30.8,65.8,0.10000000000000142,0.0,1,COMFORT
25.6,27.0,0.0,0.0,2,WARM_HUMID
22.7,30.5,0.5,0.0,1,COMFORT
21.3,35.5,-1.5,-1.7999999999999972,0,COLD
12.2,57.4,0.0,-0.8999999999999986,0,COLD
30.4,32.0,0.0,0.0,2,WARM_HUMID
32.6,63.1,0.0,0.0,2,WARM_HUMID
26.5,70.6,-1.1000000000000014,-5.0,2,WARM_HUMID
23.2,64.6,-0.10000000000000142,-1.4000000000000057,0,COLD
24.0,55.1,0.10000000000000142,-0.29999999999999716,2,WARM_HUMID
26.1,46.4,1.5,-5.0,1,COMFORT
32.6,65.0,0.9000000000000021,-4.5,1,COMFORT
25.0,46.8,0.5,0.09999999999999432,1,COMFORT
21.5,46.1,-1.0,1.2000000000000028,1,COMFORT
25.7,43.6,0.0,-0.29999999999999716,2,WARM_HUMID
24.0,31.7,1.5,-5.0,3,HOT
20.6,55.4,0.0,0.0,1,COMFORT
21.6,53.0,1.5,4.0,1,COMFORT
21.6,43.7,0.0,0.0,1,COMFORT
24.5,16.2,1.1999999999999993,0.5,1,COMFORT
27.6,39.0,0.20000000000000284,-0.20000000000000284,2,WARM_HUMID
29.8,32.1,0.5,-0.6999999999999957,1,COMFORT
32.0,67.0,-1.5,-5.0,3,HOT
20.6,35.9,0.0,0.0,0,COLD
22.7,33.5,-0.5,5.0,2,WARM_HUMID
31.7,58.0,1.5,-5.0,2,WARM_HUMID
27.1,74.8,1.5,5.0,1,COMFORT
30.1,83.9,0.0,0.0,1,COMFORT
31.1,55.7,0.6000000000000014,-5.0,3,HOT
22.7,43.8,-0.40000000000000213,1.8999999999999986,2,WARM_HUMID
25.1,41.7,-1.3999999999999986,-3.1999999999999957,3,HOT
19.2,39.6,1.1999999999999993,-3.8999999999999986,1,COMFORT
24.0,67.0,0.0,0.0,0,COLD
32.6,58.2,-0.10000000000000142,-1.0,1,COMFORT
27.2,83.6,0.3999999999999986,2.3999999999999915,2,WARM_HUMID
29.2,44.8,1.5,-5.0,2,WARM_HUMID
24.2,48.2,0.0,-0.29999999999999716,1,COMFORT
25.4,48.3,0.1999999999999993,4.5,0,COLD
22.7,26.1,0.3999999999999986,-5.0,1,COMFORT
22.1,41.2,-1.5,-0.3999999999999986,1,COMFORT
23.6,28.5,1.5,-2.6999999999999993,1,COMFORT
22.3,70.3,-0.3000000000000007,-4.400000000000006,0,COLD
25.7,39.4,0.0,0.0,3,HOT
20.5,51.8,0.0,0.0,1,COMFORT
24.5,49.3,-1.3000000000000007,5.0,3,HOT
22.7,65.0,-0.5,-1.0,0,COLD
21.6,47.5,0.0,0.0,0,COLD
25.6,48.2,1.5,0.4000000000000057,2,WARM_HUMID
23.3,23.4,0.0,0.0,2,WARM_HUMID
28.7,71.0,0.8000000000000007,-3.0,3,HOT
27.8,33.0,0.1999999999999993,0.0,0,COLD
25.7,59.5,0.0,0.0,2,WARM_HUMID
21.6,42.1,1.0,0.5,1,COMFORT
21.7,72.8,-1.3000000000000007,1.3999999999999915,0,COLD
24.6,31.1,0.10000000000000142,3.700000000000003,3,HOT
22.3,38.4,-0.1999999999999993,-0.20000000000000284,0,COLD
28.9,52.9,0.09999999999999787,-2.3999999999999986,1,COMFORT
22.2,27.9,0.5999999999999979,0.09999999999999787,1,COMFORT
22.2,59.6,0.0,0.0,3,HOT
25.1,39.0,-1.5,-5.0,2,WARM_HUMID
25.0,55.6,0.1999999999999993,0.0,1,COMFORT
34.9,46.6,-0.10000000000000142,-0.19999999999999574,3,HOT
36.4,43.0,-0.8999999999999986,4.0,2,WARM_HUMID
21.1,22.4,0.8000000000000007,0.0,3,HOT
14.4,40.3,-1.5,3.0999999999999943,0,COLD
22.8,22.4,0.0,-0.8000000000000007,0,COLD
26.3,40.4,-0.6999999999999993,0.6999999999999957,2,WARM_HUMID
31.6,68.0,-0.5,3.200000000000003,1,COMFORT
23.1,62.8,0.20000000000000284,-5.0,1,COMFORT
24.2,47.9,0.3000000000000007,1.3999999999999986,1,COMFORT
23.9,77.2,-0.10000000000000142,0.7999999999999972,1,COMFORT
26.4,53.1,0.0,0.0,1,COMFORT
32.2,17.6,0.10000000000000142,-1.5999999999999979,2,WARM_HUMID
22.5,48.8,0.0,0.0,1,COMFORT
25.7,46.5,1.5,-1.7999999999999972,0,COLD
30.2,68.0,1.5,-3.299999999999997,2,WARM_HUMID
21.7,57.6,-0.5,4.399999999999999,2,WARM_HUMID
15.6,52.8,-1.5,-5.0,0,COLD
24.1,35.7,-0.1999999999999993,0.0,0,COLD
26.6,50.0,0.0,0.0,0,COLD
24.1,29.4,1.5,-2.0,1,COMFORT
30.4,26.3,0.0,0.9000000000000021,1,COMFORT
23.0,41.9,-1.1000000000000014,5.0,3,HOT
23.4,49.4,-0.3000000000000007,-5.0,0,COLD
24.2,59.0,-0.10000000000000142,-2.0,0,COLD
28.5,45.0,0.0,0.0,0,COLD
20.2,49.5,0.0,0.0,1,COMFORT
22.0,54.4,-1.5,5.0,0,COLD
20.5,49.1,0.0,0.0,3,HOT
30.3,41.3,0.0,0.0,2,WARM_HUMID
24.9,39.4,1.5,-5.0,0,COLD
23.2,27.0,0.0,0.0,1,COMFORT
25.7,29.3,1.5,-2.3000000000000007,1,COMFORT
24.3,60.0,-1.5,4.0,0,COLD
22.5,24.0,0.5,-4.0,2,WARM_HUMID
23.6,50.2,0.0,-0.7999999999999972,1,COMFORT
21.6,60.8,0.8000000000000007,-1.2000000000000028,0,COLD
25.5,56.7,0.10000000000000142,-3.5999999999999943,1,COMFORT
25.2,43.0,0.09999999999999787,-1.0,3,HOT
32.3,61.8,0.0,0.0,2,WARM_HUMID
32.9,56.1,0.0,0.0,1,COMFORT
31.4,63.7,-0.7000000000000028,-2.8999999999999915,2,WARM_HUMID
20.6,21.8,0.7000000000000028,1.1000000000000014,0,COLD
22.6,62.7,-1.5,5.0,1,COMFORT
26.5,57.5,0.3000000000000007,0.7000000000000028,1,COMFORT
22.9,59.7,-1.5,5.0,1,COMFORT
21.5,31.4,0.3000000000000007,-0.3000000000000007,1,COMFORT
22.5,41.8,-0.6000000000000014,0.0,1,COMFORT
22.7,27.0,-0.40000000000000213,-1.1999999999999993,1,COMFORT
26.6,38.8,1.4000000000000021,0.3999999999999986,3,HOT
24.4,31.0,1.2999999999999972,-2.5,0,COLD
27.5,67.6,0.0,0.0,1,COMFORT
29.7,62.0,1.5,-3.0,1,COMFORT
25.1,41.9,0.8000000000000007,3.0,0,COLD
30.6,73.1,-0.1999999999999993,0.0,3,HOT
23.0,33.7,-0.8000000000000007,4.600000000000001,2,WARM_HUMID
26.5,25.9,1.5,-5.0,3,HOT
23.6,50.7,-0.8999999999999986,4.400000000000006,1,COMFORT
24.5,53.0,0.0,0.0,2,WARM_HUMID
23.2,28.8,1.0999999999999979,-4.900000000000002,2,WARM_HUMID
23.7,66.2,0.3000000000000007,1.1000000000000085,1,COMFORT
21.5,36.4,0.3000000000000007,1.6999999999999957,1,COMFORT
34.8,53.7,1.5,-5.0,3,HOT
31.0,29.3,1.5,-0.8000000000000007,0,COLD
24.3,22.4,0.3000000000000007,0.0,1,COMFORT
25.6,76.4,0.5,2.6000000000000085,0,COLD
22.0,52.4,-1.1000000000000014,2.6999999999999957,1,COMFORT
24.9,31.6,1.5,4.100000000000001,1,COMFORT
22.9,55.2,-0.5,5.0,1,COMFORT
19.8,42.0,0.0,2.5,1,COMFORT
23.7,56.6,0.0,1.3999999999999986,2,WARM_HUMID
22.5,52.2,0.6000000000000014,-1.0,1,COMFORT
21.3,31.2,0.3000000000000007,-3.400000000000002,2,WARM_HUMID
27.1,74.1,1.5,5.0,1,COMFORT
21.3,66.7,0.3000000000000007,-0.7999999999999972,2,WARM_HUMID
23.9,33.4,-0.3000000000000007,-3.200000000000003,0,COLD
20.8,41.2,0.8000000000000007,-2.1999999999999957,1,COMFORT
24.6,45.8,0.5,-0.5,1,COMFORT
28.0,42.0,0.0,0.0,3,HOT
24.4,21.6,0.3999999999999986,-2.3999999999999986,2,WARM_HUMID
23.8,49.8,0.3000000000000007,0.09999999999999432,3,HOT
28.9,63.0,-0.9000000000000021,4.600000000000001,1,COMFORT
22.2,34.0,1.5,-5.0,1,COMFORT
30.3,25.5,0.0,5.0,1,COMFORT
23.5,55.6,-0.5,0.0,1,COMFORT
22.3,70.6,0.0,0.0,0,COLD
21.7,37.1,-0.6000000000000014,-4.299999999999997,1,COMFORT
20.3,20.4,0.1999999999999993,0.1999999999999993,1,COMFORT
24.4,51.0,0.0,0.0,1,COMFORT
23.9,25.9,0.0,0.0,1,COMFORT
26.5,70.6,-1.1000000000000014,-5.0,0,COLD
31.7,44.4,0.0,2.1999999999999957,2,WARM_HUMID
25.1,28.3,1.5,-5.0,2,WARM_HUMID
20.8,61.6,-1.5,5.0,2,WARM_HUMID
20.6,68.9,0.0,0.0,1,COMFORT
21.0,28.9,-1.3999999999999986,3.599999999999998,1,COMFORT
20.6,55.8,0.0,0.0,1,COMFORT
23.1,44.3,-0.5,-5.0,1,COMFORT
24.8,55.3,0.10000000000000142,1.6999999999999957,2,WARM_HUMID
22.5,55.6,-0.10000000000000142,2.5,1,COMFORT
27.8,68.9,0.10000000000000142,0.0,1,COMFORT
24.0,42.3,-0.1999999999999993,-0.6000000000000014,1,COMFORT
14.0,38.9,-1.5,-5.0,1,COMFORT
19.6,36.3,0.0,0.0,0,COLD
20.5,32.9,-0.3999999999999986,-1.7000000000000028,0,COLD
27.1,16.8,1.5,0.0,1,COMFORT
23.9,28.3,1.0999999999999979,-3.3999999999999986,1,COMFORT
23.2,49.2,0.3000000000000007,-0.6999999999999957,1,COMFORT
20.3,41.9,0.0,-1.1000000000000014,0,COLD
24.4,52.2,-0.10000000000000142,0.9000000000000057,0,COLD
26.6,75.7,0.8000000000000007,0.7999999999999972,3,HOT
22.8,48.4,0.0,0.0,1,COMFORT
27.7,54.5,0.3000000000000007,-0.5,1,COMFORT
28.4,50.8,0.29999999999999716,0.7999999999999972,1,COMFORT
15.8,24.3,-0.3000000000000007,0.0,0,COLD
23.0,52.7,-1.5,5.0,1,COMFORT
27.5,67.6,0.0,0.0,1,COMFORT
25.9,52.0,0.0,0.0,1,COMFORT
24.7,59.7,-0.1999999999999993,1.1000000000000014,1,COMFORT
23.9,52.9,0.0,0.0,1,COMFORT
22.2,43.2,-0.5,-0.5,0,COLD
25.1,65.6,0.0,0.0,1,COMFORT
24.4,43.2,-0.20000000000000284,0.10000000000000142,2,WARM_HUMID
22.9,67.7,0.0,0.0,1,COMFORT
22.9,27.3,0.7999999999999972,-1.5,0,COLD
28.3,23.8,0.10000000000000142,0.6000000000000014,2,WARM_HUMID
23.1,52.2,0.40000000000000213,5.0,2,WARM_HUMID
21.2,53.0,-0.6000000000000014,2.799999999999997,1,COMFORT
23.4,57.6,0.0,0.30000000000000426,1,COMFORT
25.8,53.0,-1.5,-5.0,0,COLD
22.0,65.7,0.0,0.7999999999999972,1,COMFORT
21.0,33.9,0.3000000000000007,-0.3999999999999986,3,HOT
25.4,32.9,0.1999999999999993,-3.8000000000000043,0,COLD
26.9,83.6,0.0,0.0,1,COMFORT
22.3,30.1,1.0,-5.0,2,WARM_HUMID
22.4,70.0,1.5,-4.0,2,WARM_HUMID
27.6,53.4,-0.8999999999999986,-1.1000000000000014,3,HOT
23.6,34.4,-1.1999999999999993,0.6000000000000014,0,COLD
16.0,40.0,1.5,-5.0,1,COMFORT
23.5,37.0,-0.6999999999999993,2.299999999999997,1,COMFORT
24.4,47.6,-0.20000000000000284,-4.799999999999997,2,WARM_HUMID
19.6,34.2,-1.2999999999999972,0.0,0,COLD
29.0,66.0,0.6999999999999993,1.0,1,COMFORT
26.0,37.3,1.0,-2.8000000000000043,2,WARM_HUMID
28.0,54.6,-1.5,5.0,1,COMFORT
20.8,26.0,1.5,-0.3999999999999986,0,COLD
31.9,66.8,0.0,0.29999999999999716,2,WARM_HUMID
21.4,22.4,0.5999999999999979,0.0,1,COMFORT
27.9,43.4,0.7999999999999972,5.0,3,HOT
24.1,31.1,1.5,-3.6000000000000014,3,HOT
20.6,29.6,-0.29999999999999716,-1.5999999999999979,2,WARM_HUMID
21.1,33.5,0.10000000000000142,4.399999999999999,0,COLD
32.0,41.1,0.8999999999999986,-3.6999999999999957,3,HOT
29.8,66.1,-0.3000000000000007,2.0,1,COMFORT
22.7,40.6,1.5,-5.0,1,COMFORT
30.8,72.6,0.5,-0.8000000000000114,2,WARM_HUMID
22.2,23.0,0.09999999999999787,0.8000000000000007,2,WARM_HUMID
23.1,42.7,0.0,0.0,0,COLD
22.6,26.7,0.20000000000000284,-0.10000000000000142,2,WARM_HUMID
30.0,41.0,0.0,0.0,3,HOT
26.3,45.0,0.0,0.0,3,HOT
27.3,51.5,0.1999999999999993,4.200000000000003,3,HOT
24.7,55.1,1.5,-4.600000000000001,3,HOT
22.9,40.5,0.3999999999999986,-0.8999999999999986,2,WARM_HUMID
23.0,38.9,-0.5,-1.0,0,COLD
11.8,61.1,-1.5,5.0,0,COLD
24.3,46.7,-0.3999999999999986,-0.09999999999999432,1,COMFORT
22.6,38.1,-0.8999999999999986,5.0,0,COLD
26.4,45.0,0.5,-2.0,3,HOT
22.6,50.2,-0.1999999999999993,0.7000000000000028,1,COMFORT
20.6,27.9,0.10000000000000142,1.5999999999999979,2,WARM_HUMID
25.9,58.9,0.09999999999999787,-2.0,1,COMFORT
22.5,45.6,-0.1999999999999993,-5.0,1,COMFORT
28.0,68.0,0.0,0.0,1,COMFORT
24.8,51.9,1.5,3.6999999999999957,2,WARM_HUMID
22.1,34.5,-1.5,1.6000000000000014,2,WARM_HUMID
23.8,46.4,-1.5,4.399999999999999,1,COMFORT
21.8,43.0,-1.5,2.3999999999999986,2,WARM_HUMID
21.7,48.6,-0.3000000000000007,5.0,1,COMFORT
23.5,25.7,0.1999999999999993,1.3999999999999986,2,WARM_HUMID
28.2,79.8,-1.5,5.0,3,HOT
22.5,32.3,-0.3999999999999986,5.0,3,HOT
27.7,27.0,0.0,0.0,1,COMFORT
22.5,22.4,-0.3999999999999986,0.0,1,COMFORT
27.5,55.0,0.0,0.0,0,COLD
24.0,43.8,0.3000000000000007,3.5,3,HOT
24.4,49.0,-0.6000000000000014,1.0,1,COMFORT
25.4,55.0,0.0,0.0,0,COLD
20.8,50.8,0.5,2.0999999999999943,2,WARM_HUMID
24.8,24.0,1.5,0.10000000000000142,1,COMFORT
25.1,51.0,0.0,0.0,1,COMFORT
31.2,55.4,0.0,0.10000000000000142,2,WARM_HUMID
11.0,58.3,-1.5,5.0,0,COLD
29.0,30.0,-0.3000000000000007,-1.0,3,HOT
22.4,38.6,-1.5,-5.0,1,COMFORT
21.5,35.8,1.5,-2.0,1,COMFORT
22.0,23.0,0.10000000000000142,0.8000000000000007,1,COMFORT
18.7,67.0,-1.5,-1.0,1,COMFORT
23.5,36.5,0.3000000000000007,0.3999999999999986,3,HOT
29.4,13.5,-0.3000000000000007,1.5,1,COMFORT
29.6,35.0,-1.5,-5.0,0,COLD
18.4,25.5,-1.5,-1.5,1,COMFORT
23.6,46.3,0.8000000000000007,1.2999999999999972,1,COMFORT
23.9,40.3,0.09999999999999787,-3.5,2,WARM_HUMID
21.9,78.9,0.0,-0.29999999999999716,1,COMFORT
24.4,49.0,-1.5,5.0,0,COLD
26.8,34.7,0.5,-1.0,1,COMFORT
20.9,30.5,1.2999999999999972,0.0,0,COLD
22.7,55.2,-1.5,-3.5999999999999943,0,COLD
11.0,50.3,-0.5999999999999996,-1.0,0,COLD
24.3,61.1,-1.1999999999999993,1.8999999999999986,1,COMFORT
11.4,63.3,-1.5,5.0,1,COMFORT
20.4,25.7,-0.40000000000000213,2.8999999999999986,0,COLD
21.6,32.7,0.0,1.9000000000000021,1,COMFORT
24.3,25.2,1.1999999999999993,-1.8000000000000007,3,HOT
25.7,45.0,0.0,0.0,2,WARM_HUMID
22.6,29.7,-0.1999999999999993,-0.3000000000000007,2,WARM_HUMID
30.9,18.4,-0.3000000000000007,4.199999999999999,2,WARM_HUMID
21.4,35.7,-0.9000000000000021,2.8000000000000043,0,COLD
23.4,43.0,1.3999999999999986,-3.0,0,COLD
26.4,34.1,0.8999999999999986,-1.0,2,WARM_HUMID
21.0,24.0,0.6000000000000014,-1.6999999999999993,3,HOT
28.5,51.4,-0.1999999999999993,0.19999999999999574,3,HOT
27.3,46.0,0.0,0.0,0,COLD
29.5,26.2,-0.10000000000000142,5.0,2,WARM_HUMID
25.1,73.8,0.8000000000000007,2.0999999999999943,0,COLD
21.9,27.4,0.5999999999999979,-3.1000000000000014,0,COLD
24.8,23.1,0.10000000000000142,0.0,3,HOT
23.2,23.9,1.5,-1.6000000000000014,2,WARM_HUMID
31.1,69.2,0.0,0.0,3,HOT
23.0,30.5,1.1000000000000014,0.0,0,COLD
21.8,37.3,0.9000000000000021,-5.0,0,COLD
22.2,47.3,0.0,5.0,0,COLD
22.5,69.0,0.1999999999999993,-1.0,1,COMFORT
22.0,41.8,0.8000000000000007,5.0,1,COMFORT
20.9,59.0,-0.6000000000000014,4.0,2,WARM_HUMID
25.8,59.1,0.0,0.0,3,HOT
26.8,74.5,-0.1999999999999993,1.9000000000000057,1,COMFORT
23.9,31.3,-0.7000000000000028,3.6999999999999993,1,COMFORT
21.3,50.6,-1.0,-3.1000000000000014,1,COMFORT
25.3,16.8,0.0,0.0,2,WARM_HUMID
23.3,24.7,-1.5,-5.0,1,COMFORT
21.1,22.5,-1.5,1.6999999999999993,1,COMFORT
26.1,34.4,1.5,-5.0,1,COMFORT
22.3,33.1,0.0,1.8000000000000007,0,COLD
22.4,54.0,0.0,0.0,2,WARM_HUMID
22.4,33.8,1.5,0.09999999999999432,0,COLD
23.1,47.9,0.20000000000000284,0.19999999999999574,0,COLD
26.9,60.0,0.0,0.0,2,WARM_HUMID
26.9,63.0,0.0,0.0,1,COMFORT
21.7,31.3,1.5,1.1000000000000014,2,WARM_HUMID
23.2,33.0,-0.3000000000000007,5.0,1,COMFORT
21.1,33.8,-0.3999999999999986,-4.100000000000001,0,COLD
28.5,51.1,0.0,-0.29999999999999716,1,COMFORT
21.3,26.3,-0.1999999999999993,0.6999999999999993,2,WARM_HUMID
33.9,58.3,-0.10000000000000142,-0.5,3,HOT
27.2,28.8,0.8999999999999986,-3.4999999999999964,2,WARM_HUMID
29.5,70.0,0.1999999999999993,5.0,1,COMFORT
22.4,60.7,-1.2000000000000028,2.6000000000000014,1,COMFORT
22.8,26.4,0.0,5.0,2,WARM_HUMID
27.3,49.3,0.10000000000000142,-0.7000000000000028,3,HOT
22.6,65.6,0.0,0.0,0,COLD
23.5,30.9,1.5,-5.0,1,COMFORT
24.9,26.7,0.6999999999999993,-2.3000000000000007,0,COLD
23.8,29.5,-0.1999999999999993,2.8999999999999986,3,HOT
23.9,50.0,0.0,0.0,0,COLD
23.5,39.3,1.5,-5.0,3,HOT
19.7,63.0,1.0,-1.0,1,COMFORT
21.2,33.2,1.0999999999999979,-5.0,1,COMFORT
23.9,64.0,-0.20000000000000284,1.0,0,COLD
26.4,66.4,0.0,0.0,2,WARM_HUMID
26.0,30.4,-1.5,5.0,2,WARM_HUMID
27.5,67.6,0.0,0.0,1,COMFORT
25.4,63.0,-1.5,2.0,2,WARM_HUMID
25.2,39.5,1.3000000000000007,-5.0,1,COMFORT
24.0,52.6,-0.3000000000000007,-0.10000000000000142,1,COMFORT
23.1,48.5,-1.5,5.0,1,COMFORT
11.6,70.1,-0.5999999999999996,-4.1000000000000085,0,COLD
25.2,38.1,0.0,2.8000000000000043,1,COMFORT
23.1,57.0,-0.5999999999999979,0.0,1,COMFORT
23.4,34.1,-0.3000000000000007,-4.299999999999997,0,COLD
24.7,58.9,0.3000000000000007,-1.3000000000000043,1,COMFORT
23.4,39.6,-1.3000000000000007,0.30000000000000426,1,COMFORT
13.8,54.7,-1.5,-5.0,0,COLD
20.3,56.8,0.0,0.0,0,COLD
20.9,61.8,-0.8000000000000007,5.0,1,COMFORT
28.7,62.9,0.0,0.0,1,COMFORT
23.4,31.4,0.09999999999999787,1.5,1,COMFORT
23.8,70.0,0.8000000000000007,5.0,1,COMFORT
26.0,48.6,1.5,-5.0,3,HOT
26.5,60.0,0.0,0.0,2,WARM_HUMID
22.8,25.3,-0.3999999999999986,5.0,1,COMFORT
25.2,56.0,-0.6000000000000014,3.5,1,COMFORT
30.9,72.7,1.5,-5.0,1,COMFORT
19.2,54.8,0.0,0.0,3,HOT
22.3,46.8,-0.09999999999999787,0.5999999999999943,0,COLD
23.3,25.0,-1.5,1.3999999999999986,1,COMFORT
24.4,60.1,0.0,0.0,0,COLD
21.1,69.1,-1.5,5.0,0,COLD
21.9,25.0,-1.5,-4.899999999999999,1,COMFORT
23.0,47.0,-1.5,5.0,1,COMFORT
19.6,43.4,-1.5,0.10000000000000142,0,COLD
27.2,29.5,-1.5,5.0,2,WARM_HUMID
29.2,40.0,0.0,0.0,0,COLD
23.8,68.3,0.0,0.0,2,WARM_HUMID
24.6,55.0,0.7000000000000028,-4.600000000000001,2,WARM_HUMID
30.7,40.1,0.0,0.0,2,WARM_HUMID
21.4,36.7,-0.40000000000000213,2.1000000000000014,2,WARM_HUMID
29.4,32.3,-1.5,0.5999999999999979,1,COMFORT
21.4,51.2,-1.5,5.0,1,COMFORT
25.6,76.8,-0.3999999999999986,-4.0,1,COMFORT
27.0,54.1,0.3000000000000007,-0.3999999999999986,2,WARM_HUMID
24.3,65.2,-0.3999999999999986,5.0,0,COLD
24.5,42.5,-0.1999999999999993,5.0,3,HOT
22.6,28.8,0.9000000000000021,-1.6999999999999993,0,COLD
25.1,49.5,1.5,-0.8999999999999986,3,HOT
32.2,32.7,1.5,-0.6999999999999957,2,WARM_HUMID
26.2,67.0,-0.6999999999999993,3.0,1,COMFORT
24.3,23.4,0.0,-1.9000000000000021,3,HOT
21.8,55.0,-1.5,5.0,1,COMFORT
20.0,70.5,-0.3000000000000007,5.0,0,COLD
21.5,22.9,-0.3000000000000007,3.799999999999997,2,WARM_HUMID
22.9,47.0,0.29999999999999716,-2.0,1,COMFORT
29.6,16.0,1.5,-5.0,2,WARM_HUMID
26.1,50.3,0.0,1.5,1,COMFORT
26.5,26.6,1.1999999999999993,-2.6999999999999993,3,HOT
27.1,39.6,0.0,0.0,1,COMFORT
31.5,44.4,0.1999999999999993,-0.8999999999999986,1,COMFORT
23.5,26.6,0.0,1.6000000000000014,2,WARM_HUMID
21.1,59.3,0.0,0.0,1,COMFORT
21.5,36.5,0.1999999999999993,4.899999999999999,0,COLD
25.0,31.2,-0.10000000000000142,4.399999999999999,1,COMFORT
21.9,40.9,0.3999999999999986,-1.1000000000000014,1,COMFORT
24.0,48.0,-0.10000000000000142,1.0,1,COMFORT
34.9,45.6,-0.8999999999999986,0.8000000000000043,2,WARM_HUMID
21.8,34.3,-1.5,5.0,1,COMFORT
22.3,54.1,0.10000000000000142,-0.19999999999999574,1,COMFORT
23.6,25.1,0.3000000000000007,-3.6999999999999993,1,COMFORT
21.6,36.4,-0.7999999999999972,-1.2000000000000028,1,COMFORT
29.8,34.0,0.0,0.0,2,WARM_HUMID
23.7,23.3,0.0,1.6999999999999993,1,COMFORT
24.5,44.3,-0.3999999999999986,5.0,3,HOT
26.3,51.0,0.0,0.0,0,COLD
23.6,28.5,0.20000000000000284,1.1000000000000014,3,HOT
22.2,51.7,-1.5,-5.0,1,COMFORT
22.2,52.6,0.5,-3.0,1,COMFORT
26.8,46.0,0.0,0.0,3,HOT
23.7,55.6,-0.6999999999999993,0.0,1,COMFORT
30.7,64.9,0.0,0.10000000000000853,3,HOT
25.8,80.2,0.6000000000000014,5.0,1,COMFORT
21.3,81.3,0.0,0.29999999999999716,1,COMFORT
30.0,29.7,0.0,0.0,2,WARM_HUMID
24.3,34.3,0.9000000000000021,-4.400000000000006,1,COMFORT
29.6,48.3,1.5,-1.5,2,WARM_HUMID
23.1,58.9,0.3000000000000007,0.29999999999999716,1,COMFORT
20.7,46.0,-0.3000000000000007,-2.6000000000000014,1,COMFORT
20.8,62.7,-1.5,5.0,0,COLD
18.9,62.0,0.0,0.0,1,COMFORT
25.7,23.0,1.3000000000000007,0.3999999999999986,0,COLD
26.4,66.4,0.0,0.0,1,COMFORT
25.2,46.0,0.0,0.0,0,COLD
21.7,40.4,0.5999999999999979,-5.0,0,COLD
22.6,19.6,1.5,-5.0,0,COLD
22.4,24.8,-0.7000000000000028,-5.0,0,COLD
27.1,87.5,0.5,0.7000000000000028,1,COMFORT
26.7,65.5,-0.10000000000000142,0.5999999999999943,1,COMFORT
26.6,50.5,-1.5,-0.5,3,HOT
24.8,73.2,-0.8999999999999986,1.2999999999999972,0,COLD
21.6,49.8,0.40000000000000213,-5.0,1,COMFORT
23.5,37.6,-0.10000000000000142,-2.1000000000000014,2,WARM_HUMID
29.8,72.7,0.0,0.0,1,COMFORT
22.3,44.1,-0.09999999999999787,-0.29999999999999716,3,HOT
23.4,55.6,-0.8000000000000007,-3.299999999999997,1,COMFORT
30.2,67.5,0.0,0.0,2,WARM_HUMID
24.9,65.4,-0.10000000000000142,-0.6999999999999886,0,COLD
18.0,54.4,-1.5,5.0,0,COLD
25.2,43.8,-1.5,5.0,1,COMFORT
24.4,34.5,1.5,-3.299999999999997,2,WARM_HUMID
32.0,71.0,0.0,0.0,3,HOT
15.7,73.4,0.5999999999999996,4.5,1,COMFORT
23.3,48.0,0.40000000000000213,2.0,1,COMFORT
23.8,27.8,0.0,0.0,1,COMFORT
23.3,54.7,0.0,0.0,2,WARM_HUMID
28.7,56.0,0.0,-5.0,2,WARM_HUMID
23.8,25.8,0.3000000000000007,-5.0,3,HOT
17.5,53.0,-0.8000000000000007,-3.0,0,COLD
23.8,30.7,0.5,-0.3000000000000007,1,COMFORT
25.4,66.0,0.0,0.0,3,HOT
20.5,42.6,-1.5,5.0,1,COMFORT
23.2,23.6,0.0,0.0,2,WARM_HUMID
29.3,56.5,1.5,3.5,3,HOT
23.0,45.9,-1.5,2.0,0,COLD
24.5,31.9,0.0,4.5,2,WARM_HUMID
33.4,56.1,0.10000000000000142,-0.10000000000000142,2,WARM_HUMID
20.1,42.5,-0.09999999999999787,-3.700000000000003,1,COMFORT
23.9,25.5,0.0,-0.3999999999999986,0,COLD
19.2,29.7,-0.8000000000000007,5.0,1,COMFORT
22.6,38.9,1.0,-5.0,1,COMFORT
22.7,15.4,-1.5,-5.0,1,COMFORT
21.4,27.3,-0.10000000000000142,-0.6999999999999993,1,COMFORT
25.5,37.6,1.3999999999999986,-5.0,0,COLD
25.1,73.8,0.8000000000000007,2.0999999999999943,2,WARM_HUMID
21.5,21.6,-0.10000000000000142,-0.09999999999999787,0,COLD
11.0,50.3,-0.5999999999999996,-0.5,0,COLD
24.4,37.8,-0.3000000000000007,-0.10000000000000142,1,COMFORT
29.5,28.4,-0.3999999999999986,5.0,1,COMFORT
23.8,30.0,0.1999999999999993,-5.0,1,COMFORT
23.7,35.5,-0.5,5.0,2,WARM_HUMID
22.3,66.6,1.5,-2.700000000000003,3,HOT
12.2,49.3,-0.6000000000000014,0.0,0,COLD
21.1,51.6,-0.29999999999999716,4.0,2,WARM_HUMID
22.2,59.6,0.0,0.0,2,WARM_HUMID
21.6,44.8,-0.09999999999999787,-3.200000000000003,0,COLD
26.2,38.9,0.09999999999999787,1.1000000000000014,0,COLD
21.1,42.0,0.0,0.0,0,COLD
23.3,55.9,0.0,0.0,2,WARM_HUMID
22.6,38.1,-0.1999999999999993,4.399999999999999,0,COLD
22.8,28.3,-0.1999999999999993,1.0,1,COMFORT
24.9,58.7,1.5,-0.8999999999999986,2,WARM_HUMID
32.2,41.7,-0.09999999999999432,0.6000000000000014,3,HOT
11.0,54.6,0.0,0.0,0,COLD
28.8,36.6,-0.6999999999999993,4.800000000000001,0,COLD
29.2,64.8,0.0,0.0,2,WARM_HUMID
21.6,57.4,-1.5,5.0,1,COMFORT
31.2,37.0,0.0,0.0,3,HOT
30.3,76.0,0.6999999999999993,-1.2999999999999972,1,COMFORT
24.7,43.8,0.0,0.0,0,COLD
26.6,43.3,0.6000000000000014,0.29999999999999716,3,HOT
19.5,63.8,0.0,0.0,1,COMFORT
36.0,75.0,0.0,5.0,3,HOT
24.1,50.3,0.40000000000000213,-3.0,1,COMFORT
25.2,58.0,-1.5,5.0,1,COMFORT
33.3,56.0,0.29999999999999716,5.0,2,WARM_HUMID
25.5,36.1,0.0,0.0,3,HOT
21.8,42.5,-0.1999999999999993,5.0,1,COMFORT
15.3,47.6,-1.5,-5.0,0,COLD
23.9,63.3,-0.10000000000000142,1.6999999999999957,1,COMFORT
21.6,50.4,-0.5,-1.7000000000000028,1,COMFORT
23.7,31.6,1.3000000000000007,-5.0,2,WARM_HUMID
30.7,20.0,0.5999999999999979,3.0,3,HOT
20.5,69.0,0.8000000000000007,5.0,1,COMFORT
30.3,36.6,-0.6999999999999993,5.0,2,WARM_HUMID
21.8,57.4,1.1000000000000014,2.3999999999999986,3,HOT
25.4,43.4,-0.10000000000000142,-0.10000000000000142,1,COMFORT
20.3,56.9,0.0,0.0,1,COMFORT
28.5,51.4,0.0,0.0,1,COMFORT
20.3,68.9,0.0,0.0,1,COMFORT
28.7,62.4,0.0,0.0,1,COMFORT
21.1,62.8,-1.3999999999999986,4.399999999999999,0,COLD
22.3,52.5,0.1999999999999993,-0.20000000000000284,1,COMFORT
24.7,45.0,-0.10000000000000142,-2.8999999999999986,0,COLD
22.9,33.2,-0.40000000000000213,-1.7999999999999972,3,HOT
22.6,72.1,0.10000000000000142,0.5,0,COLD
20.3,48.3,-1.5,-5.0,0,COLD
22.5,20.0,0.0,-0.8000000000000007,3,HOT
22.0,23.9,-0.5,-5.0,0,COLD
22.8,47.2,0.3000000000000007,-0.29999999999999716,1,COMFORT
27.5,52.8,0.0,0.0,0,COLD
23.1,71.1,0.7000000000000028,0.6999999999999886,1,COMFORT
23.6,23.7,0.0,0.0,1,COMFORT
20.4,76.1,0.09999999999999787,5.0,1,COMFORT
23.5,32.6,0.3000000000000007,-0.3999999999999986,1,COMFORT
24.7,55.6,1.5,0.0,1,COMFORT
26.5,58.1,-0.10000000000000142,-0.6999999999999957,3,HOT
24.0,49.0,-0.1999999999999993,1.1000000000000014,2,WARM_HUMID
21.8,40.9,0.0,0.19999999999999574,0,COLD
28.6,30.7,-1.5,1.1999999999999993,3,HOT
32.9,46.0,-0.20000000000000284,1.0,3,HOT
24.4,39.1,-1.5,0.0,1,COMFORT
23.8,45.0,-0.8999999999999986,1.0,0,COLD
32.3,48.0,-1.5,5.0,2,WARM_HUMID
21.2,31.7,1.5,-5.0,0,COLD
27.9,75.4,0.29999999999999716,-0.7999999999999972,3,HOT
31.7,67.0,0.0,-0.5,3,HOT
22.7,28.6,0.5999999999999979,-5.0,0,COLD
21.2,21.3,-1.0,-1.0,1,COMFORT
21.1,37.5,-1.5,4.5,0,COLD
22.0,31.4,0.10000000000000142,-0.10000000000000142,1,COMFORT
23.5,27.7,0.10000000000000142,0.5999999999999979,1,COMFORT
22.0,50.0,0.0,-0.3999999999999986,0,COLD
25.3,55.0,0.0,0.0,0,COLD
23.0,46.6,0.0,0.0,1,COMFORT
22.2,50.3,1.0999999999999979,-2.700000000000003,1,COMFORT
21.3,43.0,0.0,-2.299999999999997,1,COMFORT
18.8,49.8,-1.0,4.0,1,COMFORT
28.8,40.0,0.6999999999999993,1.0,0,COLD
26.7,28.0,0.0,0.0,0,COLD
21.9,47.6,-1.5,-2.1999999999999957,1,COMFORT
25.1,47.0,0.0,0.0,1,COMFORT
21.3,48.4,0.0,0.0,1,COMFORT
29.9,71.2,0.09999999999999787,-0.5,1,COMFORT
23.3,78.1,0.6999999999999993,5.0,1,COMFORT
23.5,33.0,0.0,-5.0,1,COMFORT
25.7,37.1,-1.5,-5.0,1,COMFORT
22.6,60.0,0.5,0.0,0,COLD
24.0,51.8,0.3000000000000007,-1.6000000000000014,2,WARM_HUMID
19.7,53.4,0.0,0.0,3,HOT
26.4,34.2,1.5,-0.8999999999999986,0,COLD
23.0,45.3,-1.5,1.6999999999999957,3,HOT
20.1,43.0,-0.1999999999999993,1.1000000000000014,2,WARM_HUMID
27.1,72.0,0.10000000000000142,0.0,2,WARM_HUMID
30.5,24.8,-1.0,0.1999999999999993,1,COMFORT
21.9,28.0,0.0,0.0,1,COMFORT
22.6,51.7,0.0,0.0,1,COMFORT
24.1,51.9,0.7000000000000028,-3.8999999999999986,1,COMFORT
19.1,46.8,-1.5,3.0,2,WARM_HUMID
35.7,15.4,-0.6999999999999957,0.0,3,HOT
25.4,46.6,0.7999999999999972,1.6000000000000014,1,COMFORT
25.0,35.1,-0.1999999999999993,4.5,0,COLD
23.7,51.5,0.0,0.0,1,COMFORT
21.4,26.8,-0.3000000000000007,-5.0,1,COMFORT
26.3,40.6,0.0,0.10000000000000142,1,COMFORT
24.4,49.3,-1.5,5.0,1,COMFORT
29.2,80.1,0.3999999999999986,-3.5,1,COMFORT
21.0,28.2,0.8000000000000007,-1.1999999999999993,2,WARM_HUMID
24.3,54.7,0.10000000000000142,-1.0,1,COMFORT
22.1,47.8,-1.0999999999999979,-3.0,1,COMFORT
25.6,17.3,0.0,0.0,3,HOT
31.2,55.0,-0.3000000000000007,2.0,2,WARM_HUMID
28.6,83.4,0.0,0.10000000000000853,1,COMFORT
20.3,34.3,-1.5,0.09999999999999432,2,WARM_HUMID
16.1,64.4,-1.5,2.8000000000000043,0,COLD
18.7,56.1,-1.1999999999999993,5.0,2,WARM_HUMID
28.1,52.8,0.20000000000000284,-0.8000000000000043,1,COMFORT
22.5,62.6,0.0,-0.29999999999999716,1,COMFORT
23.9,25.3,0.8999999999999986,-0.5999999999999979,1,COMFORT
20.2,49.5,0.0,0.0,2,WARM_HUMID
21.6,53.6,-1.1999999999999993,5.0,1,COMFORT
25.0,22.4,0.3999999999999986,0.0,1,COMFORT
26.6,57.3,1.5,-5.0,1,COMFORT
20.9,82.9,0.29999999999999716,-1.0999999999999943,1,COMFORT
30.7,61.7,0.09999999999999787,0.20000000000000284,1,COMFORT
25.1,57.1,0.0,-0.19999999999999574,1,COMFORT
24.4,45.0,1.5,-5.0,1,COMFORT
25.5,37.0,0.0,0.0,1,COMFORT
19.3,50.8,0.0,-1.9000000000000057,3,HOT
22.7,22.5,1.0,-1.6000000000000014,0,COLD
27.8,49.4,0.40000000000000213,0.8999999999999986,1,COMFORT
22.8,31.0,0.0,-1.2999999999999972,0,COLD
22.4,30.2,1.5,-0.6999999999999993,0,COLD
22.0,61.6,0.0,0.0,3,HOT
28.9,58.0,0.0,0.0,1,COMFORT
20.7,29.8,-1.5,-5.0,1,COMFORT
24.1,41.4,1.0,1.7999999999999972,1,COMFORT
19.9,51.1,-1.5,-2.299999999999997,1,COMFORT
24.7,24.2,-0.10000000000000142,0.8999999999999986,3,HOT
19.8,39.5,0.0,0.0,0,COLD
24.1,50.5,1.5,-5.0,1,COMFORT
26.1,58.6,0.0,0.0,0,COLD
25.4,43.2,0.0,0.10000000000000142,1,COMFORT
24.0,34.4,1.1000000000000014,-5.0,1,COMFORT
29.6,54.3,0.0,0.0,1,COMFORT
29.9,75.1,0.0,0.0,2,WARM_HUMID
22.1,22.9,1.0,-5.0,2,WARM_HUMID
26.0,41.2,1.5,-0.19999999999999574,2,WARM_HUMID
25.2,43.3,0.0,0.0,1,COMFORT
24.8,45.7,0.0,-0.8999999999999986,1,COMFORT
22.5,45.8,0.1999999999999993,1.5,1,COMFORT
22.3,45.8,-0.1999999999999993,-5.0,1,COMFORT
32.2,76.0,-0.29999999999999716,3.700000000000003,3,HOT
21.6,41.9,-1.0999999999999979,5.0,0,COLD
23.8,32.4,0.0,0.0,3,HOT
23.6,27.0,0.7000000000000028,-1.5,2,WARM_HUMID
24.2,29.0,0.0,5.0,3,HOT
22.4,29.2,-1.5,-0.8000000000000007,0,COLD
23.3,48.9,0.0,0.0,3,HOT
27.8,37.1,0.6999999999999993,-2.0,2,WARM_HUMID
26.5,47.0,0.0,0.0,1,COMFORT
28.9,54.0,0.0,0.0,1,COMFORT
23.0,22.2,0.3000000000000007,-0.5,0,COLD
24.9,59.5,0.0,0.0,3,HOT
23.0,61.6,-0.3999999999999986,0.8999999999999986,2,WARM_HUMID
23.5,43.2,-0.3000000000000007,-5.0,1,COMFORT
25.2,52.0,0.0,0.0,0,COLD
21.9,36.7,-0.20000000000000284,4.600000000000001,1,COMFORT
21.0,68.0,0.0,0.0,1,COMFORT
30.1,75.9,0.7000000000000028,-5.0,3,HOT
34.3,43.7,0.09999999999999432,5.0,3,HOT
28.5,33.3,-1.5,-2.700000000000003,3,HOT
33.0,39.0,1.5,-5.0,3,HOT
20.1,36.2,-0.29999999999999716,5.0,1,COMFORT
23.1,22.5,-0.1999999999999993,1.0,1,COMFORT
23.0,31.0,1.5,2.6000000000000014,1,COMFORT
31.0,29.5,0.0,0.1999999999999993,1,COMFORT
22.9,45.4,-0.5,1.6000000000000014,1,COMFORT
23.0,23.4,-1.1000000000000014,-1.7000000000000028,1,COMFORT
29.8,61.0,0.0,0.0,0,COLD
22.8,22.2,-0.5,-3.8000000000000007,2,WARM_HUMID
21.2,61.5,-1.5,-5.0,3,HOT
25.3,47.6,0.1999999999999993,5.0,3,HOT
26.8,58.7,0.10000000000000142,0.20000000000000284,1,COMFORT
22.8,62.0,0.0,0.0,2,WARM_HUMID
24.7,43.6,-0.3000000000000007,4.300000000000004,2,WARM_HUMID
23.1,54.3,1.2000000000000028,5.0,1,COMFORT
24.0,43.8,-0.6999999999999993,0.29999999999999716,3,HOT
22.0,24.5,-0.3000000000000007,-1.3000000000000007,2,WARM_HUMID
20.2,41.1,-1.5,1.8000000000000043,0,COLD
24.7,68.0,0.1999999999999993,3.0,1,COMFORT
24.1,36.8,1.5,-5.0,1,COMFORT
23.3,25.8,0.40000000000000213,-3.8999999999999986,1,COMFORT
24.4,21.6,0.3999999999999986,-2.3999999999999986,0,COLD
20.9,43.7,-1.5,0.0,0,COLD
27.0,68.0,-1.0,2.0,0,COLD
24.5,40.1,0.3999999999999986,-3.3999999999999986,2,WARM_HUMID
13.0,45.0,-1.0,4.0,0,COLD
23.2,25.1,1.5,-1.5,1,COMFORT
19.9,38.9,-0.9000000000000021,-0.10000000000000142,0,COLD
29.3,33.6,0.3000000000000007,4.300000000000001,1,COMFORT
33.2,62.0,-0.29999999999999716,0.0,3,HOT
24.6,45.1,1.3000000000000007,5.0,1,COMFORT
19.3,57.4,0.0,-1.8999999999999986,1,COMFORT
26.8,32.6,-0.3999999999999986,-2.0,1,COMFORT
20.8,63.3,-0.3999999999999986,1.1999999999999957,1,COMFORT
25.4,61.3,0.09999999999999787,0.0,2,WARM_HUMID
21.9,58.8,0.0,0.0,1,COMFORT
23.0,79.4,0.0,0.0,1,COMFORT
22.4,59.6,-0.5,0.8999999999999986,1,COMFORT
22.0,28.4,-1.5,-0.6000000000000014,1,COMFORT
25.1,45.0,-0.1999999999999993,3.1000000000000014,2,WARM_HUMID
23.6,51.7,0.0,0.0,2,WARM_HUMID
21.5,65.3,0.1999999999999993,0.3999999999999915,0,COLD
25.6,53.0,0.0,0.0,0,COLD
27.3,79.2,-1.0,-5.0,2,WARM_HUMID
24.4,52.9,0.0,0.0,2,WARM_HUMID
26.5,34.0,1.1000000000000014,-5.0,2,WARM_HUMID
21.2,60.0,1.5,3.0,1,COMFORT
31.0,50.3,0.8999999999999986,1.5,2,WARM_HUMID
27.1,47.3,1.0,-5.0,2,WARM_HUMID
25.3,47.5,0.10000000000000142,-0.10000000000000142,2,WARM_HUMID
24.1,46.7,0.0,0.0,1,COMFORT
25.0,27.4,0.0,0.0,2,WARM_HUMID
19.8,22.8,0.40000000000000213,-1.5,0,COLD
23.2,48.0,-0.8000000000000007,5.0,0,COLD
31.0,38.0,0.5,-3.5,2,WARM_HUMID
23.8,73.0,-0.1999999999999993,-4.200000000000003,0,COLD
27.9,29.9,0.0,0.3999999999999986,1,COMFORT
25.9,66.7,0.0,0.0,1,COMFORT
24.7,53.0,-0.40000000000000213,-1.5,2,WARM_HUMID
24.5,64.8,-0.3000000000000007,-0.20000000000000284,1,COMFORT
23.1,42.7,0.3000000000000007,-1.6999999999999957,1,COMFORT
22.6,42.2,1.0,-2.5,0,COLD
27.0,43.0,1.5,-5.0,2,WARM_HUMID
21.3,60.3,0.0,0.0,3,HOT
26.9,52.0,0.0,0.0,1,COMFORT
20.4,71.0,0.0,0.0,1,COMFORT
22.5,44.4,0.1999999999999993,1.3999999999999986,1,COMFORT
26.3,30.7,1.5,-5.0,0,COLD
23.9,60.2,-0.5,0.5,0,COLD
25.0,35.7,0.0,-0.6999999999999957,2,WARM_HUMID
32.1,56.0,-0.19999999999999574,5.0,2,WARM_HUMID
29.4,10.3,-1.5,0.0,2,WARM_HUMID
23.1,44.3,1.4000000000000021,-4.100000000000001,0,COLD
22.7,67.0,-0.10000000000000142,1.0,1,COMFORT
22.1,34.4,-1.1999999999999993,-3.6000000000000014,1,COMFORT
22.7,56.3,-1.5,4.099999999999994,0,COLD
19.2,41.8,1.5,-5.0,1,COMFORT
34.5,32.0,0.0,0.0,2,WARM_HUMID
22.4,28.1,0.6999999999999993,-0.5,2,WARM_HUMID
21.8,51.0,1.1000000000000014,-5.0,1,COMFORT
22.0,33.9,-1.1999999999999993,5.0,0,COLD
28.4,44.8,1.5,-4.800000000000004,3,HOT
23.1,35.3,0.10000000000000142,5.0,0,COLD
23.5,43.7,1.0,-4.199999999999996,0,COLD
25.5,45.1,1.1999999999999993,-1.1000000000000014,2,WARM_HUMID
31.7,21.6,0.3999999999999986,-0.09999999999999787,0,COLD
27.1,80.7,0.5,0.7000000000000028,2,WARM_HUMID
23.0,61.0,-0.3999999999999986,1.0,0,COLD
22.4,67.7,0.09999999999999787,0.5,1,COMFORT
21.1,55.4,0.0,0.0,0,COLD
23.7,67.5,-0.40000000000000213,0.7000000000000028,0,COLD
23.8,32.3,0.0,0.0,2,WARM_HUMID
26.2,37.3,0.3000000000000007,-5.0,1,COMFORT
29.6,37.9,0.40000000000000213,0.0,2,WARM_HUMID
23.3,58.5,1.5,5.0,1,COMFORT
22.4,44.8,0.0,1.0999999999999943,0,COLD
20.0,22.8,-0.1999999999999993,-3.5,3,HOT
22.5,49.1,-0.1999999999999993,-2.1999999999999957,0,COLD
22.4,28.5,0.0,3.0,3,HOT
20.6,32.9,0.0,3.099999999999998,0,COLD
25.0,66.1,0.1999999999999993,0.5,1,COMFORT
23.7,21.3,0.8999999999999986,1.1999999999999993,1,COMFORT
22.1,22.8,-1.0,-1.1999999999999993,1,COMFORT
24.0,53.0,-0.1999999999999993,1.0,0,COLD
23.8,21.6,0.6000000000000014,-4.699999999999999,1,COMFORT
20.4,71.0,-0.20000000000000284,2.0,1,COMFORT
25.4,34.1,0.0,0.5,3,HOT
23.7,51.0,-0.10000000000000142,5.0,0,COLD
22.0,31.0,0.0,5.0,1,COMFORT
30.0,56.5,0.1999999999999993,-0.8999999999999986,3,HOT
21.9,38.9,0.09999999999999787,0.0,3,HOT
25.0,48.5,0.0,0.0,2,WARM_HUMID
25.1,65.6,0.0,0.0,3,HOT
12.0,54.0,-1.0,5.0,1,COMFORT
44.6,74.3,1.5,5.0,1,COMFORT
23.7,20.5,-0.3000000000000007,-1.6999999999999993,1,COMFORT
28.7,36.0,0.3999999999999986,0.0,1,COMFORT
23.0,20.0,0.1999999999999993,0.3000000000000007,2,WARM_HUMID
20.5,77.2,-1.5,5.0,0,COLD
23.2,59.8,-1.3000000000000007,-5.0,1,COMFORT
22.8,49.0,0.0,0.0,3,HOT
23.3,49.1,0.1999999999999993,-5.0,1,COMFORT
23.2,32.8,-0.5,3.1999999999999957,0,COLD
22.9,41.5,0.3999999999999986,2.8999999999999986,0,COLD
22.9,67.7,0.0,0.0,1,COMFORT
26.1,60.8,-0.5,1.5,0,COLD
30.4,27.0,0.0,0.0,2,WARM_HUMID
24.3,41.3,0.8000000000000007,0.7999999999999972,2,WARM_HUMID
22.7,36.8,1.3000000000000007,-5.0,2,WARM_HUMID
27.0,45.0,0.0,0.0,1,COMFORT
24.9,54.0,0.0,0.0,1,COMFORT
22.0,16.9,0.0,0.0,1,COMFORT
25.4,62.0,-0.40000000000000213,-0.5,1,COMFORT
24.5,37.1,1.3000000000000007,-3.6000000000000014,1,COMFORT
25.1,22.5,1.5,-5.0,1,COMFORT
22.6,25.7,-1.1999999999999993,3.1999999999999993,3,HOT
29.1,63.6,1.4000000000000021,-5.0,1,COMFORT
22.3,33.8,-0.09999999999999787,-4.300000000000004,2,WARM_HUMID
18.2,43.2,-0.6999999999999993,3.0,0,COLD
25.9,36.0,1.0999999999999979,-5.0,1,COMFORT
26.6,66.7,0.0,0.9000000000000057,1,COMFORT
22.1,46.5,1.5,-0.8999999999999986,0,COLD
23.1,48.5,1.0,5.0,1,COMFORT
23.7,25.0,0.3000000000000007,-1.0,3,HOT
19.1,39.8,0.9000000000000021,0.09999999999999432,0,COLD
22.7,42.5,-0.6000000000000014,-0.7999999999999972,1,COMFORT
28.7,51.2,0.1999999999999993,0.10000000000000142,2,WARM_HUMID
24.8,53.3,1.5,-5.0,0,COLD
23.4,36.3,-1.5,-2.700000000000003,1,COMFORT
27.5,62.0,0.0,0.0,1,COMFORT
23.5,57.9,0.5,-1.1000000000000014,3,HOT
23.7,26.7,1.1999999999999993,-3.3000000000000007,2,WARM_HUMID
31.5,20.8,-1.1000000000000014,2.6000000000000014,2,WARM_HUMID
26.3,62.5,0.0,0.20000000000000284,0,COLD
27.3,37.0,-1.1999999999999993,-5.0,2,WARM_HUMID
24.4,74.0,-0.10000000000000142,0.29999999999999716,2,WARM_HUMID
26.8,41.0,0.0,0.0,1,COMFORT
21.5,37.5,0.0,1.1000000000000014,2,WARM_HUMID
21.0,34.6,0.3000000000000007,0.30000000000000426,0,COLD
22.9,43.0,0.3999999999999986,-1.8999999999999986,0,COLD
35.5,42.1,-0.8999999999999986,0.0,2,WARM_HUMID
25.8,63.3,0.6000000000000014,2.5999999999999943,1,COMFORT
28.2,52.2,0.09999999999999787,-0.5999999999999943,1,COMFORT
26.5,58.1,-0.1999999999999993,0.8999999999999986,1,COMFORT
32.2,13.4,0.10000000000000142,-2.0,2,WARM_HUMID
22.2,42.5,-0.1999999999999993,3.0,1,COMFORT
19.3,45.6,-0.5,1.3000000000000043,0,COLD
23.6,29.1,0.3000000000000007,-5.0,1,COMFORT
23.8,74.0,-0.09999999999999787,-3.5,1,COMFORT
23.6,55.6,0.20000000000000284,0.0,0,COLD
22.3,54.7,-0.3000000000000007,-0.29999999999999716,0,COLD
15.4,56.7,0.0,0.0,0,COLD
21.0,31.7,0.0,0.09999999999999787,1,COMFORT
21.2,44.8,-0.3000000000000007,0.3999999999999986,1,COMFORT
28.1,75.9,0.9000000000000021,-3.5999999999999943,2,WARM_HUMID
22.0,28.0,-0.1999999999999993,3.3000000000000007,1,COMFORT
22.6,26.1,-0.09999999999999787,-0.3999999999999986,1,COMFORT
14.6,45.8,-1.0999999999999996,2.0999999999999943,0,COLD
35.0,74.0,-1.5,5.0,3,HOT
16.8,68.0,0.8000000000000007,0.0,0,COLD
26.0,57.7,0.0,0.0,1,COMFORT
24.3,25.7,1.0,0.0,0,COLD
23.6,22.4,1.3000000000000007,-4.600000000000001,1,COMFORT
30.1,25.4,-1.0,0.0,2,WARM_HUMID
23.0,79.4,0.0,0.0,1,COMFORT
20.3,63.9,1.5,5.0,0,COLD
20.8,56.0,-1.1999999999999993,5.0,1,COMFORT
28.2,68.0,0.0,0.0,1,COMFORT
19.6,36.3,0.0,0.0,0,COLD
21.9,65.1,0.09999999999999787,5.0,1,COMFORT
22.5,27.2,0.5,0.0,0,COLD
23.0,26.0,0.0,5.0,1,COMFORT
25.8,33.1,-1.5,4.0,1,COMFORT
32.0,86.0,-1.5,5.0,3,HOT
21.1,34.8,-0.09999999999999787,-2.6000000000000014,3,HOT
22.7,22.4,-1.5,0.0,2,WARM_HUMID
26.7,38.0,-0.40000000000000213,-5.0,2,WARM_HUMID
18.9,40.2,-0.8000000000000007,-0.8999999999999986,0,COLD
24.3,65.2,-0.3999999999999986,5.0,0,COLD
19.9,35.4,0.0,1.0,1,COMFORT
25.9,44.2,-0.3000000000000007,-1.2999999999999972,1,COMFORT
26.9,28.7,1.0999999999999979,-5.0,3,HOT
19.6,22.8,-0.5999999999999979,-2.8999999999999986,0,COLD
22.9,31.7,0.0,-1.0999999999999979,0,COLD
28.1,35.4,-0.6999999999999993,-2.1000000000000014,2,WARM_HUMID
28.3,50.1,0.10000000000000142,0.20000000000000284,1,COMFORT
23.0,45.5,-0.1999999999999993,0.6000000000000014,1,COMFORT
27.4,47.3,-1.3000000000000007,-5.0,3,HOT
23.2,64.2,-1.5,5.0,1,COMFORT
23.1,26.7,-0.1999999999999993,-1.6999999999999993,1,COMFORT
27.1,61.0,0.0,5.0,0,COLD
24.6,39.0,0.40000000000000213,0.0,1,COMFORT
23.8,68.3,0.0,0.0,1,COMFORT
21.0,30.4,0.8000000000000007,2.099999999999998,1,COMFORT
23.7,49.1,-1.5,5.0,2,WARM_HUMID
24.1,60.7,-0.29999999999999716,3.1000000000000014,1,COMFORT
23.3,31.2,1.5,4.5,1,COMFORT
26.8,34.7,1.1000000000000014,-1.0,3,HOT
28.5,56.6,1.5,-5.0,0,COLD
21.3,36.6,-1.5,-1.7999999999999972,0,COLD
23.4,55.6,-0.6000000000000014,0.0,0,COLD
24.6,58.5,0.5,-1.1000000000000014,3,HOT
22.7,57.2,0.0,-0.5,2,WARM_HUMID
28.3,87.5,0.6000000000000014,1.5,0,COLD
23.8,42.4,-0.8000000000000007,2.6999999999999957,3,HOT
27.8,63.3,-0.3999999999999986,-0.5,1,COMFORT
21.4,29.9,-0.5,1.2999999999999972,2,WARM_HUMID
24.2,34.2,1.1999999999999993,-5.0,3,HOT
25.0,33.4,0.8999999999999986,-0.8000000000000043,1,COMFORT
27.9,55.4,0.0,0.0,3,HOT
21.8,73.9,0.10000000000000142,-0.6999999999999886,1,COMFORT
29.8,74.1,0.0,5.0,1,COMFORT
24.6,55.7,-0.3999999999999986,0.20000000000000284,0,COLD
23.4,59.2,0.0,0.0,0,COLD
24.8,68.4,0.1999999999999993,-0.09999999999999432,1,COMFORT
29.1,77.8,0.0,0.0,1,COMFORT
24.6,35.5,1.0,2.299999999999997,0,COLD
28.7,84.0,-0.10000000000000142,5.0,1,COMFORT
23.8,40.5,-0.09999999999999787,-2.5,1,COMFORT
26.9,56.0,0.0,0.0,0,COLD
33.3,32.0,1.5,1.5,3,HOT
23.4,51.1,-0.10000000000000142,-1.7999999999999972,0,COLD
24.0,77.2,0.0,0.0,1,COMFORT
29.1,49.0,0.0,0.0,3,HOT
21.8,50.9,0.3000000000000007,-3.200000000000003,1,COMFORT
20.9,38.7,0.09999999999999787,-1.0999999999999943,0,COLD
20.9,48.1,0.0,0.0,1,COMFORT
21.7,45.4,-1.5,-5.0,0,COLD
21.0,49.9,0.10000000000000142,-0.8999999999999986,0,COLD
21.9,55.0,-1.5,5.0,1,COMFORT
20.4,50.4,-1.5,-5.0,0,COLD
24.5,26.7,-0.10000000000000142,3.1999999999999993,3,HOT
23.6,56.0,0.0,0.0,1,COMFORT
21.6,33.1,-1.0999999999999979,-3.6000000000000014,1,COMFORT
24.3,29.8,0.1999999999999993,3.6999999999999993,1,COMFORT
23.5,24.2,-0.3000000000000007,2.8999999999999986,2,WARM_HUMID
24.3,34.5,0.1999999999999993,-5.0,1,COMFORT
27.3,73.0,1.5,5.0,1,COMFORT
21.4,65.0,0.1999999999999993,0.0,0,COLD
17.0,68.0,-1.5,5.0,0,COLD
22.9,25.8,0.7999999999999972,-2.8000000000000007,1,COMFORT
29.2,66.3,0.0,0.0,1,COMFORT
23.0,56.8,0.0,0.0,1,COMFORT
29.3,70.8,-0.1999999999999993,-2.9000000000000057,1,COMFORT
28.7,44.0,0.0,0.0,0,COLD
21.6,31.1,0.3000000000000007,2.8000000000000007,1,COMFORT
23.0,13.5,0.6999999999999993,-1.6999999999999993,1,COMFORT
28.2,48.0,1.1999999999999993,-5.0,1,COMFORT
22.0,17.9,-1.0,2.799999999999999,1,COMFORT
23.3,27.1,-0.09999999999999787,0.3000000000000007,0,COLD
29.0,63.0,0.0,0.0,1,COMFORT
21.9,38.2,0.0,5.0,1,COMFORT
23.0,29.9,1.0,2.0,1,COMFORT
22.1,45.0,-0.5,0.0,2,WARM_HUMID
25.4,64.5,-0.20000000000000284,0.8999999999999986,1,COMFORT
15.7,63.0,-1.1000000000000014,-1.0,0,COLD
24.8,36.5,1.5,-3.5,1,COMFORT
29.9,63.8,0.1999999999999993,0.0,3,HOT
35.6,32.8,-0.5,5.0,2,WARM_HUMID
28.9,40.0,1.5,-5.0,2,WARM_HUMID
24.4,74.2,-0.5,1.5,1,COMFORT
24.4,51.0,0.0,0.0,1,COMFORT
22.2,49.1,1.5,3.3999999999999986,2,WARM_HUMID
23.6,65.4,-0.1999999999999993,-4.099999999999994,1,COMFORT
24.3,63.0,0.10000000000000142,0.0,0,COLD
22.4,52.0,0.7999999999999972,-1.1000000000000014,0,COLD
24.7,58.0,0.8999999999999986,5.0,2,WARM_HUMID
28.5,51.4,-0.1999999999999993,0.19999999999999574,1,COMFORT
22.3,39.4,0.10000000000000142,-3.0,1,COMFORT
16.2,69.3,0.5,5.0,0,COLD
20.6,53.9,0.20000000000000284,-2.200000000000003,2,WARM_HUMID
23.2,20.0,0.0,0.0,1,COMFORT
28.1,59.2,-0.1999999999999993,0.10000000000000142,1,COMFORT
24.6,34.5,0.6000000000000014,-5.0,2,WARM_HUMID
24.3,56.4,0.10000000000000142,1.0,1,COMFORT
19.9,59.2,0.0,0.0,2,WARM_HUMID
20.8,46.2,-0.3999999999999986,-3.6999999999999957,1,COMFORT
20.3,32.2,-0.6999999999999993,2.1000000000000014,0,COLD
22.1,38.0,1.5,4.700000000000003,2,WARM_HUMID
24.2,23.8,-0.10000000000000142,2.1999999999999993,1,COMFORT
25.4,60.0,0.0,0.0,0,COLD
25.4,53.0,0.0,0.0,2,WARM_HUMID
22.9,31.0,0.1999999999999993,0.0,0,COLD
21.8,43.5,0.40000000000000213,-0.20000000000000284,0,COLD
25.2,29.4,1.5,-2.5,2,WARM_HUMID
26.1,17.5,0.6000000000000014,-1.1000000000000014,1,COMFORT
21.4,27.3,-0.10000000000000142,-0.6999999999999993,3,HOT
16.1,24.3,0.20000000000000107,-1.5999999999999979,1,COMFORT
18.4,42.8,0.0,0.5,0,COLD
25.1,34.1,0.0,0.8999999999999986,0,COLD
21.4,31.5,0.09999999999999787,1.0,0,COLD
21.5,42.2,-1.5,5.0,1,COMFORT
23.6,35.5,0.0,0.0,2,WARM_HUMID
18.7,68.0,-0.10000000000000142,-2.0,0,COLD
17.8,67.4,-1.5,5.0,1,COMFORT
23.5,22.8,0.10000000000000142,-4.199999999999999,1,COMFORT
29.2,41.9,0.0,0.0,1,COMFORT
20.8,37.0,-1.5,-5.0,2,WARM_HUMID
31.1,41.1,0.0,0.0,1,COMFORT
22.0,53.7,0.3999999999999986,-2.3999999999999986,0,COLD
23.8,22.4,1.1000000000000014,-5.0,1,COMFORT
23.4,54.3,0.0,0.0,0,COLD
23.9,25.8,0.09999999999999787,0.0,1,COMFORT
24.3,25.5,1.5,-0.1999999999999993,2,WARM_HUMID
25.6,30.2,1.5,-2.900000000000002,2,WARM_HUMID
25.1,47.0,0.0,0.0,3,HOT
22.5,36.7,-0.5,-1.6999999999999957,0,COLD
29.4,65.0,-1.5,5.0,1,COMFORT
29.8,47.8,-0.3999999999999986,-3.0,3,HOT
24.4,39.9,-0.10000000000000142,2.3999999999999986,2,WARM_HUMID
28.2,22.9,0.0,-0.10000000000000142,1,COMFORT
23.7,31.2,1.5,-5.0,2,WARM_HUMID
23.6,67.3,0.20000000000000284,-2.0,0,COLD
31.1,22.0,-0.5999999999999979,1.0,1,COMFORT
22.5,57.0,-0.1999999999999993,4.0,1,COMFORT
23.8,31.4,1.5,-5.0,1,COMFORT
24.3,74.4,-0.3999999999999986,0.8000000000000114,2,WARM_HUMID
24.5,33.3,0.8999999999999986,3.799999999999997,2,WARM_HUMID
22.5,52.9,-0.5,4.5,1,COMFORT
24.8,60.0,-0.5999999999999979,1.0,2,WARM_HUMID
26.1,24.2,1.3000000000000007,-2.0,1,COMFORT
22.8,66.9,0.40000000000000213,0.0,0,COLD
22.4,26.9,-0.20000000000000284,1.5,1,COMFORT
23.8,28.9,0.8000000000000007,5.0,0,COLD
29.6,63.6,-0.29999999999999716,-0.19999999999999574,1,COMFORT
23.3,25.7,-0.5999999999999979,-1.6000000000000014,1,COMFORT
27.3,66.0,-1.1999999999999993,-3.0,0,COLD
24.1,28.1,1.5,0.3000000000000007,1,COMFORT
25.3,50.7,0.40000000000000213,-1.0,3,HOT
23.9,34.8,-0.8000000000000007,-4.900000000000006,1,COMFORT
26.4,42.0,0.0,0.0,0,COLD
31.3,23.5,-0.09999999999999787,-3.3000000000000007,2,WARM_HUMID
23.0,64.7,-0.1999999999999993,-0.3999999999999915,0,COLD
26.2,45.3,-0.40000000000000213,1.8999999999999986,2,WARM_HUMID
28.3,28.6,0.9000000000000021,0.7000000000000028,3,HOT
23.0,53.5,-0.6000000000000014,3.6000000000000014,1,COMFORT
28.2,61.2,-0.1999999999999993,5.0,2,WARM_HUMID
23.7,32.9,0.0,-5.0,0,COLD
23.0,50.6,-0.3000000000000007,-1.1999999999999957,2,WARM_HUMID
31.1,67.4,0.0,-3.5999999999999943,3,HOT
23.9,43.0,-0.8000000000000007,4.399999999999999,1,COMFORT
24.0,49.1,1.1000000000000014,5.0,1,COMFORT
27.2,73.0,0.5999999999999979,2.0,1,COMFORT
25.1,68.5,-1.5,5.0,0,COLD
26.1,79.0,0.10000000000000142,4.0,1,COMFORT
27.6,48.0,0.5,-1.0,1,COMFORT
22.3,26.8,-1.1999999999999993,-4.800000000000001,1,COMFORT
22.7,22.5,0.5,-0.3000000000000007,2,WARM_HUMID
24.8,40.0,-0.8000000000000007,1.0,1,COMFORT
27.5,31.8,0.3999999999999986,2.6999999999999993,3,HOT
27.7,36.0,0.0,0.0,0,COLD
30.6,36.0,0.0,0.0,1,COMFORT
22.3,28.3,1.0,-3.3999999999999986,1,COMFORT
17.7,55.9,-1.5,5.0,0,COLD
23.9,68.4,0.5,3.8000000000000114,3,HOT
24.7,48.0,-0.10000000000000142,5.0,3,HOT
27.8,37.7,1.5,5.0,3,HOT
18.5,34.4,-0.3000000000000007,0.5,0,COLD
19.3,52.7,0.0,0.0,1,COMFORT
21.2,45.7,0.1999999999999993,0.10000000000000142,1,COMFORT
20.7,65.8,0.5,2.5,1,COMFORT
27.4,39.0,0.0,0.0,0,COLD
23.5,60.7,-1.5,5.0,1,COMFORT
22.4,48.9,0.09999999999999787,-0.10000000000000142,1,COMFORT
19.1,31.7,-1.5,-0.9000000000000021,0,COLD
25.9,52.0,0.0,0.0,0,COLD
35.3,37.9,0.19999999999999574,-0.8000000000000043,3,HOT
23.2,65.1,-0.3000000000000007,0.6999999999999886,1,COMFORT
23.6,31.6,-0.3999999999999986,-5.0,1,COMFORT
22.4,31.9,-0.10000000000000142,2.599999999999998,1,COMFORT
23.9,26.6,-0.40000000000000213,1.1000000000000014,1,COMFORT
22.0,32.0,0.0,1.8999999999999986,1,COMFORT
29.1,49.0,0.0,0.0,1,COMFORT
22.8,48.7,-0.6999999999999993,3.700000000000003,1,COMFORT
23.2,40.7,-0.40000000000000213,-5.0,1,COMFORT
21.5,36.3,0.0,4.299999999999997,0,COLD
23.3,63.1,0.10000000000000142,-0.19999999999999574,0,COLD
26.4,59.0,-0.40000000000000213,5.0,2,WARM_HUMID
30.6,79.4,-0.1999999999999993,0.10000000000000853,2,WARM_HUMID
22.7,45.6,-0.40000000000000213,3.6000000000000014,2,WARM_HUMID
23.1,40.6,0.5,-1.2999999999999972,1,COMFORT
24.4,42.3,1.1999999999999993,1.0,3,HOT
22.0,39.8,-0.6000000000000014,0.7999999999999972,1,COMFORT
19.4,36.6,1.3999999999999986,0.10000000000000142,1,COMFORT
28.7,75.4,0.0,0.0,2,WARM_HUMID
21.8,34.0,0.10000000000000142,-1.3999999999999986,0,COLD
23.0,43.8,-1.5,2.0999999999999943,1,COMFORT
24.7,48.9,1.5,0.6000000000000014,2,WARM_HUMID
19.0,60.1,-0.10000000000000142,-0.19999999999999574,1,COMFORT
21.7,45.0,1.5,5.0,0,COLD
22.6,32.3,0.20000000000000284,5.0,1,COMFORT
22.7,30.2,0.0,0.0,0,COLD
21.9,69.3,-0.40000000000000213,0.5999999999999943,1,COMFORT
24.7,48.7,1.5,5.0,0,COLD
29.1,10.4,-0.1999999999999993,0.09999999999999964,1,COMFORT
21.6,40.7,1.5,-1.7999999999999972,1,COMFORT
22.7,57.0,-1.5,0.0,0,COLD
24.0,55.2,0.10000000000000142,-1.5,1,COMFORT
25.9,43.6,0.0,0.0,1,COMFORT
28.3,79.7,-0.8999999999999986,0.7000000000000028,1,COMFORT
29.9,61.9,0.09999999999999787,0.10000000000000142,2,WARM_HUMID
22.1,52.0,-0.7999999999999972,1.8999999999999986,1,COMFORT
22.9,68.8,1.5,5.0,3,HOT
23.8,57.6,0.1999999999999993,-1.7999999999999972,1,COMFORT
29.1,72.5,0.0,0.0,1,COMFORT
20.3,54.5,0.0,0.0,0,COLD
22.9,34.5,1.5,-1.3999999999999986,3,HOT
25.2,63.7,0.3999999999999986,-3.5999999999999943,0,COLD
23.9,45.3,1.5,-5.0,2,WARM_HUMID
16.8,54.0,-1.5,-1.0,1,COMFORT
26.0,42.9,0.3000000000000007,-1.2000000000000028,0,COLD
25.1,39.3,0.40000000000000213,0.3999999999999986,1,COMFORT
21.3,45.1,-1.5,-2.8999999999999986,1,COMFORT
23.4,64.7,-1.5,5.0,0,COLD
23.7,25.9,0.09999999999999787,0.5999999999999979,2,WARM_HUMID
24.4,41.0,0.7999999999999972,-1.2999999999999972,2,WARM_HUMID
23.1,58.0,-0.29999999999999716,-3.0,1,COMFORT
21.2,59.0,-1.3000000000000007,5.0,1,COMFORT
22.4,52.0,0.0,0.0,0,COLD
23.1,60.0,-0.1999999999999993,1.8999999999999986,3,HOT
23.1,66.6,0.5,-3.200000000000003,1,COMFORT
28.1,25.7,1.5,-3.5,3,HOT
21.9,44.0,0.0,0.0,1,COMFORT
26.0,65.0,0.0,0.0,1,COMFORT
19.6,66.4,1.5,-5.0,1,COMFORT
22.8,20.0,0.9000000000000021,-2.0,1,COMFORT
27.3,43.0,0.1999999999999993,-1.0,2,WARM_HUMID
20.8,50.6,0.0,0.20000000000000284,0,COLD
30.8,65.9,0.10000000000000142,0.10000000000000853,1,COMFORT
23.7,33.0,1.5,-5.0,0,COLD
23.1,56.0,-1.5,5.0,1,COMFORT
26.1,48.0,-0.1999999999999993,-0.5,2,WARM_HUMID
23.3,79.5,0.0,0.0,0,COLD
21.2,70.8,0.0,0.0,3,HOT
21.3,48.4,0.0,0.0,0,COLD
23.0,67.4,0.8000000000000007,-3.799999999999997,1,COMFORT
28.7,44.0,0.0,0.0,0,COLD
36.5,49.4,0.3999999999999986,4.399999999999999,3,HOT
24.2,47.9,-1.3000000000000007,1.7999999999999972,0,COLD
33.0,40.4,0.10000000000000142,0.0,1,COMFORT
23.3,62.8,-0.8999999999999986,4.5,1,COMFORT
25.9,46.8,0.29999999999999716,0.19999999999999574,0,COLD
31.0,69.0,-0.5,-0.29999999999999716,3,HOT
23.4,41.1,0.7999999999999972,-0.6999999999999957,2,WARM_HUMID
24.0,22.5,-1.0,-1.5,3,HOT
20.6,42.8,-0.09999999999999787,-2.8000000000000043,2,WARM_HUMID
29.0,27.8,0.8999999999999986,0.10000000000000142,1,COMFORT
23.5,67.7,0.3999999999999986,3.5,0,COLD
22.7,23.4,-0.8000000000000007,0.8999999999999986,1,COMFORT
24.2,22.8,0.1999999999999993,0.0,1,COMFORT
22.9,52.3,-0.20000000000000284,0.5999999999999943,0,COLD
23.7,28.6,0.8999999999999986,5.0,1,COMFORT
33.4,50.1,1.5,-5.0,3,HOT
31.1,61.0,-0.29999999999999716,4.0,2,WARM_HUMID
21.6,54.2,0.10000000000000142,0.6000000000000014,1,COMFORT
23.2,50.9,-0.10000000000000142,1.1999999999999957,2,WARM_HUMID
22.3,43.0,0.0,0.0,0,COLD
23.5,66.7,1.5,5.0,0,COLD
36.6,35.6,1.5,-5.0,3,HOT
23.8,24.4,1.5,-3.400000000000002,0,COLD
22.6,23.4,0.10000000000000142,4.5,3,HOT
23.2,21.1,-0.40000000000000213,-3.0,1,COMFORT
27.6,48.0,0.0,0.0,1,COMFORT
21.9,36.0,-0.8000000000000007,-5.0,1,COMFORT
22.1,36.0,-0.1999999999999993,0.5,0,COLD
23.7,38.4,1.1999999999999993,-5.0,3,HOT
28.1,55.8,0.0,-4.200000000000003,3,HOT
23.3,56.5,0.40000000000000213,0.0,2,WARM_HUMID
24.6,68.7,0.10000000000000142,-0.29999999999999716,2,WARM_HUMID
22.2,45.7,-0.3000000000000007,0.20000000000000284,1,COMFORT
24.9,64.8,0.29999999999999716,0.20000000000000284,1,COMFORT
22.9,47.6,0.0,-0.10000000000000142,1,COMFORT
21.5,45.6,-1.5,-0.8999999999999986,0,COLD
22.6,44.6,-0.3999999999999986,5.0,0,COLD
29.7,68.4,0.0,0.0,1,COMFORT
31.8,31.2,1.5,-5.0,2,WARM_HUMID
25.4,69.8,-0.40000000000000213,0.7000000000000028,1,COMFORT
26.0,36.0,0.3000000000000007,3.8999999999999986,3,HOT
25.2,55.9,0.5,-3.3000000000000043,3,HOT
25.7,47.0,0.0,0.0,1,COMFORT
23.2,22.4,1.0,0.0,2,WARM_HUMID
19.2,35.0,0.5999999999999979,-5.0,1,COMFORT
24.8,45.2,0.6000000000000014,5.0,0,COLD
37.0,46.6,0.10000000000000142,-1.2999999999999972,3,HOT
22.9,49.3,-0.10000000000000142,1.1999999999999957,0,COLD
29.1,29.0,0.0,0.0,2,WARM_HUMID
22.2,29.6,0.8999999999999986,-0.29999999999999716,2,WARM_HUMID
24.6,32.4,-0.5999999999999979,-2.3999999999999986,3,HOT
18.9,59.5,-1.5,-5.0,0,COLD
18.1,44.6,0.0,0.0,0,COLD
22.9,58.4,0.0,-0.6000000000000014,2,WARM_HUMID
16.5,24.0,-0.10000000000000142,-0.8000000000000007,1,COMFORT
23.3,55.9,1.0,-4.800000000000004,1,COMFORT
22.0,48.0,0.0,0.0,1,COMFORT
22.8,50.5,1.0,5.0,2,WARM_HUMID
27.6,33.2,0.3000000000000007,0.6000000000000014,1,COMFORT
22.0,36.5,0.6000000000000014,4.0,2,WARM_HUMID
24.0,32.5,1.1000000000000014,-0.7000000000000028,3,HOT
20.9,34.2,-0.6000000000000014,-0.19999999999999574,1,COMFORT
24.0,50.9,0.1999999999999993,-1.8999999999999986,2,WARM_HUMID
21.0,42.1,0.0,0.0,0,COLD
28.0,74.5,0.3000000000000007,-3.9000000000000057,2,WARM_HUMID
23.6,25.6,-0.1999999999999993,-1.5,1,COMFORT
22.4,30.2,-1.2000000000000028,4.5,2,WARM_HUMID
33.0,79.0,1.0,-5.0,2,WARM_HUMID
22.9,23.6,-0.40000000000000213,0.6000000000000014,1,COMFORT
24.0,64.0,0.5,1.0,1,COMFORT
21.5,36.4,-1.3000000000000007,-0.8999999999999986,1,COMFORT
21.6,50.3,1.5,5.0,0,COLD
26.5,59.0,0.0,0.0,1,COMFORT
26.5,48.4,1.5,-5.0,1,COMFORT
21.8,30.3,-0.3000000000000007,1.6000000000000014,0,COLD
29.0,36.0,0.8999999999999986,5.0,2,WARM_HUMID
23.0,75.9,0.0,0.30000000000001137,2,WARM_HUMID
22.1,40.8,0.0,5.0,1,COMFORT
22.9,49.3,0.5,-1.0,2,WARM_HUMID
22.2,52.0,-0.10000000000000142,-0.10000000000000142,2,WARM_HUMID
23.3,31.0,1.5,0.0,0,COLD
20.0,41.2,1.0,5.0,1,COMFORT
28.9,60.0,0.0,0.0,2,WARM_HUMID
25.1,62.3,0.20000000000000284,-1.5,1,COMFORT
23.8,23.0,0.1999999999999993,4.0,1,COMFORT
20.6,55.8,0.0,0.0,0,COLD
23.6,41.8,-1.1999999999999993,2.799999999999997,2,WARM_HUMID
21.3,64.9,0.3000000000000007,-0.19999999999998863,1,COMFORT
24.1,54.5,0.10000000000000142,0.7000000000000028,1,COMFORT
28.0,32.4,-0.6000000000000014,-1.1000000000000014,1,COMFORT
19.9,40.2,-1.1000000000000014,-0.19999999999999574,1,COMFORT
26.1,21.9,-0.3999999999999986,5.0,1,COMFORT
24.0,63.9,-0.5,-0.5000000000000071,1,COMFORT
24.9,57.5,-0.5,1.2999999999999972,1,COMFORT
19.2,54.7,-0.6999999999999993,1.9000000000000057,1,COMFORT
32.0,56.3,-0.20000000000000284,-2.0,2,WARM_HUMID
21.4,47.0,0.0,0.0,1,COMFORT
29.0,29.2,0.0,1.3000000000000007,1,COMFORT
24.9,63.2,1.5,-5.0,2,WARM_HUMID
27.7,48.0,0.8000000000000007,-3.0,1,COMFORT
23.4,38.7,-1.0,1.1000000000000014,1,COMFORT
23.7,39.0,0.0,0.0,1,COMFORT
21.4,63.1,-0.3000000000000007,-3.3999999999999986,3,HOT
29.5,52.1,0.0,-0.5,3,HOT
21.7,35.5,0.09999999999999787,-0.20000000000000284,1,COMFORT
26.6,53.2,0.20000000000000284,3.0,2,WARM_HUMID
23.5,22.8,0.6000000000000014,-5.0,1,COMFORT
20.9,33.4,0.5999999999999979,-2.8000000000000043,0,COLD
25.3,54.0,0.0,0.0,0,COLD
22.3,47.0,0.0,0.0,1,COMFORT
29.0,40.0,-1.5,-2.0,2,WARM_HUMID
22.8,58.0,-1.3999999999999986,2.700000000000003,3,HOT
20.8,40.3,0.6000000000000014,0.19999999999999574,2,WARM_HUMID
25.8,60.9,0.5,-0.30000000000000426,1,COMFORT
22.6,42.0,-0.29999999999999716,1.2000000000000028,2,WARM_HUMID
22.3,42.5,0.0,1.0,3,HOT
24.6,33.8,-1.5,5.0,2,WARM_HUMID
31.3,29.0,0.0,0.0,1,COMFORT
21.5,42.1,-1.3999999999999986,-5.0,1,COMFORT
17.8,51.8,0.0,0.0,0,COLD
22.5,43.0,0.1999999999999993,0.7000000000000028,1,COMFORT
24.6,32.9,0.7000000000000028,-4.300000000000004,1,COMFORT
29.2,24.9,1.5,-5.0,3,HOT
24.7,54.7,1.5,5.0,1,COMFORT
24.6,27.1,0.7000000000000028,-0.3999999999999986,1,COMFORT
22.2,26.3,-0.10000000000000142,-5.0,1,COMFORT
22.3,27.9,-0.8000000000000007,-0.8000000000000007,1,COMFORT
27.4,46.8,-1.5,5.0,1,COMFORT
22.9,30.5,-0.40000000000000213,0.0,2,WARM_HUMID
29.3,73.2,-0.5,-0.8999999999999915,2,WARM_HUMID
20.9,47.8,0.0,-1.8000000000000043,2,WARM_HUMID
21.9,73.9,0.1999999999999993,-0.8999999999999915,0,COLD
29.6,36.0,0.0,0.0,2,WARM_HUMID
21.1,59.0,1.5,-3.0,1,COMFORT
29.4,49.0,0.09999999999999787,1.0,2,WARM_HUMID
23.1,19.3,-0.1999999999999993,0.10000000000000142,2,WARM_HUMID
22.3,42.3,-0.1999999999999993,-1.9000000000000057,3,HOT
22.1,28.6,-0.3999999999999986,-2.6999999999999993,2,WARM_HUMID
27.2,61.0,0.0,0.0,0,COLD
25.1,23.6,1.3000000000000007,-3.0,2,WARM_HUMID
25.2,53.1,0.0,5.0,1,COMFORT
23.3,44.4,0.10000000000000142,-5.0,0,COLD
19.5,74.5,-1.5,5.0,0,COLD
22.8,20.1,-1.0,2.6000000000000014,0,COLD
28.6,65.0,0.0,0.0,1,COMFORT
21.0,30.1,0.0,-1.7999999999999972,1,COMFORT
23.5,56.0,1.3000000000000007,-5.0,2,WARM_HUMID
26.4,89.3,-1.3000000000000007,5.0,1,COMFORT
24.9,42.7,1.5,-3.5999999999999943,1,COMFORT
22.1,46.2,0.40000000000000213,0.9000000000000057,1,COMFORT
20.1,36.2,-0.29999999999999716,5.0,0,COLD
22.0,43.2,-1.5,-5.0,0,COLD
17.7,36.0,-1.1999999999999993,-5.0,1,COMFORT
23.2,65.1,0.3999999999999986,-0.5,1,COMFORT
21.0,84.7,0.0,0.5,1,COMFORT
23.5,51.7,0.0,0.6000000000000014,0,COLD
21.8,22.4,0.3000000000000007,0.0,2,WARM_HUMID
24.8,42.4,-0.3000000000000007,0.5,1,COMFORT
24.6,52.3,-0.09999999999999787,-0.4000000000000057,1,COMFORT
24.4,68.9,0.6999999999999993,5.0,1,COMFORT
25.6,43.8,1.2000000000000028,-3.4000000000000057,3,HOT
31.2,30.8,-1.5,-5.0,1,COMFORT
28.9,51.0,0.3999999999999986,-2.0,1,COMFORT
23.1,59.2,0.10000000000000142,-1.1999999999999957,0,COLD
23.7,45.0,0.8999999999999986,2.0,1,COMFORT
22.1,33.4,1.5,-5.0,1,COMFORT
23.9,37.9,-0.3000000000000007,-5.0,1,COMFORT
21.1,32.0,-1.5,5.0,3,HOT
26.5,29.6,0.1999999999999993,-1.5,1,COMFORT
28.1,73.3,-0.29999999999999716,5.0,1,COMFORT
23.9,42.7,1.0999999999999979,5.0,2,WARM_HUMID
22.7,45.3,-0.6000000000000014,-0.5,1,COMFORT
25.5,46.7,1.5,3.0,3,HOT
23.8,41.8,0.1999999999999993,-0.7000000000000028,1,COMFORT
28.1,28.0,0.0,0.0,1,COMFORT
21.5,27.5,-0.3999999999999986,-1.0,2,WARM_HUMID
24.7,44.5,0.0,-1.2000000000000028,2,WARM_HUMID
22.9,50.4,-0.7000000000000028,1.1999999999999957,1,COMFORT
21.0,43.0,-0.1999999999999993,3.0,0,COLD
23.0,54.1,-0.3999999999999986,1.3000000000000043,1,COMFORT
22.0,36.4,-0.1999999999999993,5.0,1,COMFORT
30.4,32.0,0.0,0.0,1,COMFORT
30.0,73.0,-1.5,4.0,3,HOT
22.6,23.4,0.0,2.099999999999998,1,COMFORT
27.9,55.0,1.5,-1.0,0,COLD
18.6,69.0,0.0,0.0,1,COMFORT
23.1,13.6,-1.5,1.299999999999999,0,COLD
29.5,40.3,1.5,-5.0,3,HOT
29.1,44.0,0.0,0.0,2,WARM_HUMID
21.7,46.2,-0.10000000000000142,-0.5,1,COMFORT
22.3,55.4,0.0,0.0,3,HOT
27.3,37.6,1.5,-1.3999999999999986,0,COLD
26.0,60.1,-0.5,2.200000000000003,1,COMFORT
23.9,62.8,-0.5,-2.6000000000000085,2,WARM_HUMID
25.5,56.9,0.0,0.19999999999999574,0,COLD
24.0,53.8,0.0,3.299999999999997,1,COMFORT
12.8,63.6,0.0,-1.1999999999999957,0,COLD
24.1,46.7,0.0,0.0,3,HOT
23.2,58.3,0.0,0.0,1,COMFORT
21.2,25.9,-0.6999999999999993,-5.0,1,COMFORT
25.2,64.0,0.0,0.0,1,COMFORT
20.4,51.1,0.0,0.0,1,COMFORT
21.8,32.6,0.1999999999999993,0.6000000000000014,2,WARM_HUMID
23.1,63.6,1.5,1.3000000000000043,0,COLD
24.1,37.7,0.0,-0.5,1,COMFORT
21.3,37.6,-0.09999999999999787,5.0,0,COLD
24.4,47.1,0.5,-1.5,0,COLD
27.4,54.6,0.0,0.0,1,COMFORT
22.8,29.2,-1.0999999999999979,5.0,0,COLD
12.8,64.0,1.5,5.0,2,WARM_HUMID
22.6,71.9,0.10000000000000142,2.8000000000000114,1,COMFORT
29.4,64.1,-1.5,4.999999999999993,1,COMFORT
25.7,56.6,0.1999999999999993,-0.29999999999999716,2,WARM_HUMID
30.0,66.8,0.0,0.0,1,COMFORT
23.0,19.3,-0.10000000000000142,0.0,1,COMFORT
24.1,38.8,0.0,0.0,2,WARM_HUMID
20.8,84.4,-0.3000000000000007,0.4000000000000057,1,COMFORT
23.5,47.4,0.0,0.0,1,COMFORT
22.0,40.8,0.8000000000000007,-5.0,1,COMFORT
29.6,58.0,-1.5,5.0,2,WARM_HUMID
21.9,50.5,-1.5,5.0,0,COLD
23.4,65.2,-0.5,0.0,1,COMFORT
26.3,41.0,0.0,0.0,0,COLD
27.6,51.0,-0.1999999999999993,5.0,2,WARM_HUMID
24.7,34.8,1.5,-4.800000000000004,2,WARM_HUMID
27.3,56.0,-0.3999999999999986,5.0,1,COMFORT
11.0,56.0,1.0,-5.0,0,COLD
29.1,45.8,-0.5999999999999979,-1.9000000000000057,3,HOT
18.9,59.1,-1.5,-5.0,1,COMFORT
28.1,81.0,-1.5,0.29999999999999716,0,COLD
25.2,61.8,-0.1999999999999993,-0.20000000000000284,0,COLD
24.4,38.0,0.29999999999999716,-1.0,3,HOT
23.6,30.5,0.7000000000000028,2.1999999999999993,2,WARM_HUMID
22.6,30.0,1.1000000000000014,-0.10000000000000142,0,COLD
22.3,49.2,0.0,-0.19999999999999574,0,COLD
24.2,45.0,-0.40000000000000213,1.0,1,COMFORT
15.1,12.9,-1.5,-5.0,1,COMFORT
25.7,32.8,-0.40000000000000213,-2.8000000000000043,3,HOT
23.7,66.4,0.3999999999999986,-0.8999999999999915,0,COLD
22.4,43.7,-0.20000000000000284,0.8000000000000043,0,COLD
28.2,52.2,0.09999999999999787,-0.5999999999999943,1,COMFORT
21.4,21.3,-0.6000000000000014,1.6000000000000014,1,COMFORT
25.7,26.4,1.5,-5.0,0,COLD
25.0,27.8,0.3000000000000007,0.40000000000000213,1,COMFORT
25.7,58.5,-0.10000000000000142,0.3999999999999986,1,COMFORT
25.0,18.6,-0.10000000000000142,-0.6999999999999993,2,WARM_HUMID
22.9,67.7,0.0,0.0,1,COMFORT
25.1,63.7,0.7000000000000028,-4.0,1,COMFORT
23.7,48.4,1.0999999999999979,0.29999999999999716,0,COLD
27.0,74.0,1.0,-3.0,1,COMFORT
23.6,62.8,-0.8999999999999986,5.0,1,COMFORT
22.9,67.7,0.0,0.0,3,HOT
33.1,81.0,1.5,-2.0,3,HOT
25.1,51.1,0.5,1.0,1,COMFORT
24.7,52.7,0.5,5.0,0,COLD
23.2,37.7,-0.6999999999999993,1.1000000000000014,1,COMFORT
21.6,36.2,-1.3999999999999986,5.0,0,COLD
26.0,42.0,0.0,0.0,3,HOT
22.9,44.4,-0.10000000000000142,-0.10000000000000142,1,COMFORT
18.5,44.7,0.0,0.0,0,COLD
25.1,61.8,0.7000000000000028,2.8999999999999986,2,WARM_HUMID
19.7,38.8,0.0,0.0,1,COMFORT
25.4,47.4,0.29999999999999716,1.3999999999999986,3,HOT
21.3,45.0,0.8000000000000007,1.2000000000000028,1,COMFORT
28.7,46.0,1.3999999999999986,-2.0,1,COMFORT
21.2,24.2,0.0,0.8000000000000007,1,COMFORT
25.0,25.4,-0.3000000000000007,5.0,0,COLD
26.0,57.7,0.0,0.0,2,WARM_HUMID
24.9,45.9,1.5,-5.0,1,COMFORT
22.7,27.1,1.0999999999999979,-5.0,2,WARM_HUMID
22.9,69.1,0.0,0.0,2,WARM_HUMID
34.0,47.3,-0.3999999999999986,-1.0,2,WARM_HUMID
25.0,65.0,-0.3000000000000007,1.2999999999999972,1,COMFORT
22.0,25.4,-1.0,-5.0,1,COMFORT
26.8,32.3,0.0,0.0,1,COMFORT
25.9,70.2,0.5,-1.7000000000000028,1,COMFORT
26.1,67.4,0.10000000000000142,0.10000000000000853,0,COLD
24.9,58.7,1.0,5.0,2,WARM_HUMID
24.1,39.6,-1.5,0.7000000000000028,2,WARM_HUMID
20.8,42.4,0.5,-1.8999999999999986,1,COMFORT
28.8,56.0,0.40000000000000213,-2.299999999999997,3,HOT
19.5,39.3,0.0,0.0,1,COMFORT
19.7,41.1,-1.5,5.0,3,HOT
11.6,66.9,1.1999999999999993,-1.1999999999999886,0,COLD
23.3,28.4,-1.0,-1.4000000000000021,3,HOT
21.2,70.6,0.0,0.0,1,COMFORT
25.4,67.1,0.0,2.0,1,COMFORT
22.9,39.4,-0.20000000000000284,0.8999999999999986,2,WARM_HUMID
22.3,32.6,-0.8999999999999986,4.900000000000002,3,HOT
23.9,22.4,-0.8000000000000007,0.0,2,WARM_HUMID
34.3,20.6,0.0,-0.09999999999999787,2,WARM_HUMID
30.7,25.9,0.1999999999999993,-0.40000000000000213,2,WARM_HUMID
23.2,10.7,0.0,0.0,0,COLD
22.4,39.1,-0.20000000000000284,-0.3999999999999986,0,COLD
23.1,58.9,0.10000000000000142,0.0,2,WARM_HUMID
21.6,60.5,0.0,0.0,2,WARM_HUMID
24.4,59.0,0.0,-0.29999999999999716,1,COMFORT
24.0,57.0,0.0,0.0,0,COLD
27.0,50.5,-0.3999999999999986,5.0,2,WARM_HUMID
22.0,31.9,-1.5,-1.6000000000000014,3,HOT
23.0,49.7,0.0,0.0,0,COLD
24.6,44.0,0.0,-1.0,0,COLD
26.5,44.0,0.3999999999999986,-2.1000000000000014,1,COMFORT
22.2,52.3,-0.3000000000000007,5.0,1,COMFORT
24.0,55.6,0.8000000000000007,0.0,0,COLD
20.8,63.8,0.0,-0.4000000000000057,0,COLD
30.7,64.6,0.09999999999999787,0.19999999999998863,2,WARM_HUMID
28.1,59.0,1.4000000000000021,0.0,3,HOT
23.6,19.0,0.0,0.0,1,COMFORT
31.2,42.0,1.5,-5.0,3,HOT
24.5,38.7,-0.5,2.4000000000000057,3,HOT
26.0,57.7,0.0,0.0,1,COMFORT
27.9,65.2,0.09999999999999787,-0.3999999999999915,0,COLD
27.0,39.7,0.0,-2.6999999999999957,3,HOT
24.7,55.6,0.5,0.0,0,COLD
22.8,27.0,0.40000000000000213,3.0,1,COMFORT
23.0,51.7,0.6999999999999993,-2.0,1,COMFORT
21.3,37.0,0.0,5.0,1,COMFORT
18.4,48.2,-0.6000000000000014,-4.199999999999996,0,COLD
22.8,21.7,-0.5,0.1999999999999993,1,COMFORT
21.3,42.4,-0.6999999999999993,5.0,0,COLD
22.8,62.2,0.3000000000000007,0.9000000000000057,1,COMFORT
24.7,54.1,0.09999999999999787,2.700000000000003,2,WARM_HUMID
25.4,54.4,1.5,5.0,2,WARM_HUMID
19.4,37.1,0.0,0.0,0,COLD
23.2,39.9,-0.40000000000000213,1.6000000000000014,1,COMFORT
22.1,80.0,0.3000000000000007,0.20000000000000284,1,COMFORT
22.6,23.0,0.40000000000000213,-0.10000000000000142,0,COLD
20.0,62.0,0.0,0.0,1,COMFORT
21.9,52.8,-0.20000000000000284,-2.6000000000000014,1,COMFORT
29.4,50.8,-1.5,-2.0,3,HOT
31.5,75.0,-0.3000000000000007,2.4000000000000057,3,HOT
22.4,31.9,0.0,2.3999999999999986,1,COMFORT
23.6,23.2,0.40000000000000213,1.6999999999999993,0,COLD
19.3,38.9,1.5,-5.0,1,COMFORT
22.4,38.0,1.2999999999999972,-4.0,1,COMFORT
28.5,39.0,0.10000000000000142,0.0,2,WARM_HUMID
22.5,36.4,0.0,0.0,1,COMFORT
23.0,74.8,-0.3999999999999986,1.2000000000000028,1,COMFORT
23.3,62.0,-0.09999999999999787,2.0,1,COMFORT
27.0,43.2,1.1999999999999993,5.0,2,WARM_HUMID
32.6,39.0,-0.29999999999999716,0.0,3,HOT
23.7,64.9,0.0,1.000000000000007,0,COLD
25.7,46.0,0.0,0.0,2,WARM_HUMID
23.6,26.0,-1.5,2.1999999999999993,1,COMFORT
24.6,22.3,0.9000000000000021,2.5,2,WARM_HUMID
25.8,60.9,0.5,-0.30000000000000426,1,COMFORT
29.3,70.8,-1.5,1.0,1,COMFORT
28.4,58.3,0.0,0.0,3,HOT
18.0,68.0,-1.0,5.0,0,COLD
28.3,81.9,-0.3999999999999986,-0.6999999999999886,2,WARM_HUMID
24.0,49.0,0.3000000000000007,3.0,3,HOT
25.3,49.6,-0.3999999999999986,0.30000000000000426,1,COMFORT
29.5,57.3,0.0,-0.8000000000000043,1,COMFORT
25.9,14.1,-0.10000000000000142,0.0,1,COMFORT
20.4,37.1,-1.5,5.0,1,COMFORT
29.9,70.0,0.09999999999999787,-1.7000000000000028,1,COMFORT
22.6,21.4,-0.29999999999999716,-1.0,3,HOT
21.8,45.8,-1.3000000000000007,-5.0,1,COMFORT
31.2,73.0,0.1999999999999993,-1.0,0,COLD
25.7,52.0,1.5,-5.0,1,COMFORT
29.9,60.1,0.0,0.3999999999999986,1,COMFORT
20.9,46.4,-1.1000000000000014,1.6999999999999957,2,WARM_HUMID
26.3,27.9,0.6999999999999993,-5.0,3,HOT
23.1,52.2,0.3000000000000007,2.4000000000000057,2,WARM_HUMID
25.0,63.0,0.0,0.0,1,COMFORT
26.2,57.5,0.0,1.0,1,COMFORT
28.4,57.4,1.3999999999999986,0.8999999999999986,1,COMFORT
30.0,26.0,0.0,0.3000000000000007,2,WARM_HUMID
27.0,73.3,0.8000000000000007,0.29999999999999716,2,WARM_HUMID
22.5,58.4,-0.6000000000000014,2.3999999999999986,1,COMFORT
22.6,39.5,-0.3999999999999986,0.20000000000000284,2,WARM_HUMID
22.8,28.3,0.3000000000000007,-2.1999999999999993,2,WARM_HUMID
25.6,76.4,0.5,2.6000000000000085,1,COMFORT
31.8,70.7,-0.1999999999999993,-0.09999999999999432,3,HOT
26.1,48.0,1.4000000000000021,0.0,3,HOT
22.5,17.8,-1.1999999999999993,-2.099999999999998,1,COMFORT
23.9,54.7,0.0,0.0,0,COLD
30.6,68.0,-0.1999999999999993,2.700000000000003,1,COMFORT
24.1,38.1,-0.29999999999999716,-5.0,0,COLD
20.8,65.5,0.0,0.0,1,COMFORT
24.2,66.1,-0.5,5.0,0,COLD
26.4,69.9,0.29999999999999716,-0.19999999999998863,1,COMFORT
24.4,60.1,0.0,0.0,1,COMFORT
17.5,62.0,0.5,0.0,1,COMFORT
23.6,40.3,0.0,0.0,0,COLD
25.8,74.9,-1.5,-0.5,2,WARM_HUMID
26.7,32.3,1.5,-3.9000000000000057,3,HOT
22.7,36.8,1.0,-1.9000000000000057,0,COLD
28.8,55.2,0.5,5.0,3,HOT
23.3,28.2,0.6999999999999993,0.5,3,HOT
25.6,12.8,-0.09999999999999787,0.8000000000000007,1,COMFORT
20.2,27.0,0.3999999999999986,0.0,1,COMFORT
31.0,23.5,1.5,-5.0,1,COMFORT
24.0,67.0,0.0,0.0,1,COMFORT
21.5,35.8,-0.5,5.0,1,COMFORT
37.0,47.4,1.5,4.0,1,COMFORT
32.4,45.3,0.19999999999999574,0.5,3,HOT
23.4,40.5,-0.5,-4.399999999999999,0,COLD
23.7,56.1,-1.5,5.0,2,WARM_HUMID
29.6,67.7,-1.0999999999999979,-4.299999999999997,3,HOT
23.5,58.8,0.5,5.0,2,WARM_HUMID
17.2,52.8,0.0,0.0,1,COMFORT
21.6,60.4,0.0,0.0,0,COLD
27.1,45.0,0.0,0.0,0,COLD
24.3,71.7,1.5,2.0,0,COLD
24.0,60.4,0.0,0.0,2,WARM_HUMID
21.9,31.8,0.1999999999999993,-3.9999999999999964,1,COMFORT
21.6,21.7,0.3000000000000007,0.3000000000000007,1,COMFORT
18.3,46.8,0.0,0.0,1,COMFORT
21.8,39.0,0.10000000000000142,-2.0,0,COLD
21.8,46.0,0.3000000000000007,-1.0,0,COLD
29.8,64.8,0.10000000000000142,0.20000000000000284,0,COLD
21.7,59.7,1.5,5.0,0,COLD
29.4,35.0,0.0,0.0,2,WARM_HUMID
24.8,45.2,0.40000000000000213,-0.19999999999999574,3,HOT
23.7,38.8,0.3999999999999986,0.09999999999999432,1,COMFORT
22.3,22.2,0.3000000000000007,-4.199999999999999,2,WARM_HUMID
29.1,73.8,-0.29999999999999716,0.5999999999999943,2,WARM_HUMID
26.8,81.2,1.0,1.0,1,COMFORT
30.9,74.3,-0.20000000000000284,0.0,0,COLD
25.5,56.9,0.0,0.19999999999999574,1,COMFORT
22.8,62.5,-0.6999999999999993,5.0,1,COMFORT
28.6,38.8,-0.6999999999999993,-0.30000000000000426,1,COMFORT
22.9,36.8,0.5999999999999979,4.599999999999994,2,WARM_HUMID
25.6,65.7,1.5,5.0,1,COMFORT
28.5,80.7,-0.6999999999999993,1.7999999999999972,1,COMFORT
18.6,64.2,-1.5,5.0,0,COLD
22.4,33.0,1.0999999999999979,-5.0,2,WARM_HUMID
23.3,69.0,0.0,0.29999999999999716,0,COLD
21.1,39.9,0.0,5.0,3,HOT
25.6,52.5,-1.5,5.0,1,COMFORT
20.1,42.4,0.3000000000000007,0.0,2,WARM_HUMID
27.1,52.0,0.0,0.0,2,WARM_HUMID
27.2,67.6,0.09999999999999787,0.09999999999999432,1,COMFORT
27.8,46.0,0.0,0.0,2,WARM_HUMID
24.6,44.0,-0.29999999999999716,0.0,1,COMFORT
25.3,55.2,0.0,0.0,2,WARM_HUMID
22.9,28.8,-0.10000000000000142,1.9000000000000021,1,COMFORT
23.3,27.3,0.0,1.6000000000000014,3,HOT
24.5,22.4,-0.6000000000000014,0.0,1,COMFORT
25.5,53.7,0.0,0.0,3,HOT
24.7,58.4,-0.6000000000000014,-0.3999999999999986,2,WARM_HUMID
22.5,20.8,-0.6000000000000014,-2.8000000000000007,2,WARM_HUMID
21.5,50.9,0.3999999999999986,5.0,1,COMFORT
22.4,35.2,1.5,-3.5999999999999943,1,COMFORT
23.2,10.7,-0.6000000000000014,-5.0,0,COLD
21.7,48.8,-0.6999999999999993,0.29999999999999716,1,COMFORT
23.0,35.6,0.3000000000000007,1.5,1,COMFORT
23.0,63.8,0.6999999999999993,-1.2999999999999972,1,COMFORT
25.3,29.3,-1.3000000000000007,-5.0,3,HOT
22.8,27.5,1.5,-0.8999999999999986,1,COMFORT
23.2,34.0,0.0,0.0,1,COMFORT
27.4,71.3,-0.10000000000000142,1.2000000000000028,0,COLD
24.0,63.0,0.0,0.0,3,HOT
22.3,35.7,0.5,0.4000000000000057,1,COMFORT
29.0,77.3,0.0,0.20000000000000284,1,COMFORT
20.4,66.5,0.0,0.0,3,HOT
22.4,44.1,0.09999999999999787,4.300000000000004,1,COMFORT
29.9,78.6,1.2999999999999972,1.0999999999999943,0,COLD
30.5,74.4,-0.10000000000000142,-0.5,2,WARM_HUMID
30.4,69.0,-1.0,1.2999999999999972,2,WARM_HUMID
23.5,22.7,0.0,0.0,1,COMFORT
28.5,26.6,-0.8000000000000007,0.20000000000000284,1,COMFORT
25.7,54.0,-1.5,-1.0,1,COMFORT
20.1,58.6,1.0,-5.0,0,COLD
23.2,62.2,0.0,0.0,3,HOT
28.7,52.9,0.0,-4.399999999999999,3,HOT
29.5,62.0,0.0,0.0,2,WARM_HUMID
22.5,25.7,0.6999999999999993,1.5999999999999979,1,COMFORT
24.5,53.3,1.5,-5.0,2,WARM_HUMID
20.2,43.5,-1.5,-0.10000000000000142,1,COMFORT
30.2,36.0,-1.5,4.5,2,WARM_HUMID
26.9,47.0,0.0,0.0,0,COLD
20.7,51.2,-0.10000000000000142,1.9000000000000057,2,WARM_HUMID
23.3,48.9,0.0,0.0,0,COLD
21.0,31.3,0.3999999999999986,0.0,1,COMFORT
22.4,43.7,0.0,0.0,0,COLD
25.5,32.7,0.3000000000000007,-0.7999999999999972,2,WARM_HUMID
23.9,50.9,0.5,-1.7000000000000028,1,COMFORT
24.3,18.3,0.0,0.0,3,HOT
22.9,37.3,0.0,0.0,2,WARM_HUMID
23.6,43.5,-0.1999999999999993,-1.7000000000000028,1,COMFORT
30.7,64.7,0.0,0.10000000000000853,2,WARM_HUMID
27.3,28.6,-1.1999999999999993,-5.0,1,COMFORT
27.7,40.1,1.5,-2.1000000000000014,3,HOT
23.8,65.6,0.10000000000000142,-0.8000000000000114,1,COMFORT
25.9,38.0,0.7999999999999972,0.0,1,COMFORT
23.8,52.2,0.10000000000000142,2.0,0,COLD
23.0,26.9,-1.0,0.29999999999999716,1,COMFORT
17.6,55.9,1.5,-1.1000000000000014,0,COLD
30.3,76.4,0.40000000000000213,-1.2999999999999972,1,COMFORT
25.0,45.2,0.10000000000000142,-0.6999999999999957,1,COMFORT
21.0,38.7,0.0,0.0,1,COMFORT
30.1,28.5,-0.1999999999999993,1.1000000000000014,2,WARM_HUMID
23.6,19.0,0.0,0.0,1,COMFORT
24.7,25.0,1.5,-1.8000000000000007,1,COMFORT
27.2,41.5,0.5999999999999979,3.5,0,COLD
19.2,33.1,-0.3000000000000007,1.8000000000000007,0,COLD
26.8,46.0,0.0,0.0,0,COLD
27.4,37.0,0.0,0.0,0,COLD
26.9,61.0,1.5,5.0,1,COMFORT
31.9,23.0,0.5999999999999979,-5.0,3,HOT
28.4,44.0,0.0,0.0,1,COMFORT
21.1,26.4,-0.3999999999999986,0.5,2,WARM_HUMID
22.5,66.4,-0.3000000000000007,3.9000000000000057,1,COMFORT
22.1,38.2,0.10000000000000142,2.700000000000003,1,COMFORT
31.6,67.0,0.0,0.0,3,HOT
31.1,69.7,-0.1999999999999993,0.6000000000000085,3,HOT
23.2,62.2,0.0,0.0,1,COMFORT
25.0,66.1,0.1999999999999993,0.5,1,COMFORT
23.6,47.0,-0.09999999999999787,-1.0,1,COMFORT
22.2,53.5,1.0999999999999979,2.700000000000003,1,COMFORT
20.3,56.9,0.0,0.0,1,COMFORT
26.6,78.7,0.40000000000000213,1.5,0,COLD
20.4,29.1,-1.4000000000000021,2.200000000000003,0,COLD
23.7,67.0,-0.5,1.0,0,COLD
20.4,31.3,-1.4000000000000021,-5.0,3,HOT
36.1,22.1,1.5,0.9000000000000021,3,HOT
22.2,61.5,-1.5,5.0,1,COMFORT
25.3,71.2,0.40000000000000213,2.0,1,COMFORT
25.1,33.2,-0.09999999999999787,-0.09999999999999432,1,COMFORT
28.3,61.5,1.5,-5.0,3,HOT
27.3,45.3,0.3000000000000007,-5.0,2,WARM_HUMID
34.3,15.3,1.2999999999999972,-1.6999999999999993,3,HOT
26.2,41.4,-1.4000000000000021,2.8999999999999986,1,COMFORT
22.3,43.0,0.0,0.0,0,COLD
27.1,70.7,0.0,-0.7000000000000028,2,WARM_HUMID
20.4,40.2,1.0,-4.599999999999994,2,WARM_HUMID
29.9,62.0,-0.6000000000000014,-1.0,1,COMFORT
21.6,71.8,1.4000000000000021,-4.400000000000006,2,WARM_HUMID
30.8,70.7,0.1999999999999993,-2.8999999999999915,2,WARM_HUMID
26.9,59.2,-1.5,4.900000000000006,1,COMFORT
25.4,35.0,0.3999999999999986,3.0,1,COMFORT
23.4,28.1,0.8999999999999986,-2.3999999999999986,2,WARM_HUMID
36.3,36.6,0.6999999999999957,-2.6999999999999957,2,WARM_HUMID
26.8,53.0,0.0,0.0,2,WARM_HUMID
24.5,57.8,-0.1999999999999993,1.8999999999999986,2,WARM_HUMID
24.5,51.0,-0.6000000000000014,1.1000000000000014,0,COLD
22.8,28.6,-1.5,5.0,1,COMFORT
27.0,70.0,0.0,0.0,0,COLD
24.3,55.6,1.1999999999999993,0.0,2,WARM_HUMID
30.3,63.1,-0.1999999999999993,0.0,1,COMFORT
21.9,45.0,-0.3000000000000007,1.0,0,COLD
26.0,60.0,0.0,0.0,2,WARM_HUMID
18.5,60.0,-1.5,5.0,1,COMFORT
21.7,57.0,1.0999999999999979,-4.200000000000003,1,COMFORT
27.4,49.7,-1.5,-5.0,2,WARM_HUMID
23.1,43.7,-0.6999999999999993,1.9000000000000057,1,COMFORT
29.5,64.0,-0.10000000000000142,0.0,1,COMFORT
25.0,45.0,0.0,0.0,3,HOT
22.7,34.8,1.3000000000000007,-2.4000000000000057,0,COLD
25.7,57.2,0.0,0.0,1,COMFORT
22.4,23.8,-1.5,1.6999999999999993,0,COLD
26.1,45.0,0.0,0.0,3,HOT
23.2,47.0,-1.5,-0.3999999999999986,0,COLD
20.8,33.4,0.9000000000000021,5.0,0,COLD
19.8,37.1,-1.0999999999999979,-5.0,1,COMFORT
25.0,38.5,0.0,0.0,2,WARM_HUMID
23.3,31.7,-0.5999999999999979,-5.0,1,COMFORT
16.4,45.7,0.1999999999999993,0.20000000000000284,0,COLD
23.9,25.6,-1.5,3.1000000000000014,2,WARM_HUMID
23.0,28.1,1.5,-4.799999999999997,3,HOT
29.5,76.8,-0.10000000000000142,-0.10000000000000853,0,COLD
22.8,49.8,-0.3999999999999986,5.0,1,COMFORT
22.8,37.3,1.0,2.5,1,COMFORT
27.2,58.0,0.0,0.0,1,COMFORT
24.0,51.8,0.8999999999999986,1.0,1,COMFORT
31.5,61.8,0.6000000000000014,-3.9000000000000057,3,HOT
26.6,47.3,0.6000000000000014,-1.1000000000000014,1,COMFORT
26.0,47.7,-0.10000000000000142,-2.5999999999999943,1,COMFORT
22.6,22.5,0.0,-5.0,2,WARM_HUMID
14.6,63.1,0.0,-1.6999999999999957,1,COMFORT
22.0,29.4,-1.5,5.0,2,WARM_HUMID
27.7,38.7,0.0,0.0,1,COMFORT
18.5,37.7,0.1999999999999993,1.2000000000000028,0,COLD
23.0,55.0,-1.5,4.700000000000003,1,COMFORT
27.1,28.7,-0.5999999999999979,-0.5,1,COMFORT
20.8,43.3,1.5,-5.0,3,HOT
26.8,40.5,0.0,0.0,1,COMFORT
23.3,71.7,-0.1999999999999993,2.200000000000003,1,COMFORT
25.7,57.0,0.0,0.0,1,COMFORT
28.3,67.0,0.0,0.0,1,COMFORT
21.9,26.3,-1.1000000000000014,-5.0,2,WARM_HUMID
24.7,24.1,-0.10000000000000142,1.0,1,COMFORT
34.3,49.4,0.19999999999999574,0.8999999999999986,3,HOT
25.6,68.5,-0.29999999999999716,1.5999999999999943,1,COMFORT
19.5,77.0,-0.10000000000000142,3.200000000000003,0,COLD
23.1,55.5,0.0,0.0,3,HOT
24.3,31.0,-0.1999999999999993,0.0,1,COMFORT
31.3,69.0,0.0,0.0,2,WARM_HUMID
20.9,42.8,-0.40000000000000213,1.6999999999999957,1,COMFORT
29.8,34.0,0.0,0.0,3,HOT
32.7,69.6,0.0,0.0,3,HOT
25.2,41.0,0.3000000000000007,2.3999999999999986,2,WARM_HUMID
29.7,74.2,-0.5,-0.8999999999999915,1,COMFORT
27.4,56.0,0.0,0.0,0,COLD
26.9,53.0,-0.40000000000000213,-1.0,1,COMFORT
27.0,48.0,-0.1999999999999993,-1.8999999999999986,1,COMFORT
21.0,29.6,-0.3000000000000007,0.6000000000000014,1,COMFORT
19.7,34.4,0.6999999999999993,-1.8999999999999986,1,COMFORT
22.9,24.7,0.5,-0.6000000000000014,1,COMFORT
25.8,60.9,0.5,-0.30000000000000426,1,COMFORT
23.7,44.5,-0.10000000000000142,4.0,1,COMFORT
27.1,57.9,-0.5999999999999979,-0.5,0,COLD
24.1,69.7,0.0,0.0,1,COMFORT
23.8,23.8,0.1999999999999993,0.0,2,WARM_HUMID
30.6,30.7,-0.8999999999999986,-0.8000000000000007,2,WARM_HUMID
25.1,41.3,0.9000000000000021,-0.10000000000000142,2,WARM_HUMID
23.9,29.3,0.29999999999999716,0.8000000000000007,3,HOT
28.0,56.0,0.0,0.0,2,WARM_HUMID
26.0,57.7,0.0,0.0,1,COMFORT
29.5,33.4,-1.5,-0.6000000000000014,1,COMFORT
25.0,60.1,1.1999999999999993,5.0,1,COMFORT
22.9,43.1,0.1999999999999993,-1.6000000000000014,2,WARM_HUMID
23.3,47.4,-0.3999999999999986,1.3999999999999986,1,COMFORT
29.0,76.8,0.0,-0.5,1,COMFORT
22.5,37.9,-0.5,3.1000000000000014,1,COMFORT
23.4,59.3,0.5999999999999979,-1.9000000000000057,1,COMFORT
23.0,29.1,-1.5,5.0,2,WARM_HUMID
24.6,58.0,0.0,0.0,1,COMFORT
21.0,32.5,-0.10000000000000142,-1.0,2,WARM_HUMID
23.0,48.4,1.0,-0.20000000000000284,1,COMFORT
19.8,44.2,-1.0,0.9000000000000057,1,COMFORT
27.1,63.0,0.0,0.0,0,COLD
23.7,31.0,-0.6000000000000014,5.0,1,COMFORT
26.5,47.1,0.6000000000000014,-1.5,1,COMFORT
28.5,54.4,1.5,-4.800000000000004,3,HOT
25.7,35.7,0.3000000000000007,0.0,1,COMFORT
22.7,35.1,-0.3000000000000007,-2.1999999999999957,0,COLD
21.1,40.6,-1.5,3.3000000000000043,1,COMFORT
23.8,54.8,-0.09999999999999787,4.199999999999996,0,COLD
32.4,48.3,1.5,-3.0,1,COMFORT
23.7,62.9,0.0,0.19999999999999574,2,WARM_HUMID
23.4,59.2,0.0,0.4000000000000057,1,COMFORT
24.5,65.0,-0.1999999999999993,5.0,1,COMFORT
24.2,42.0,0.5999999999999979,-2.0,3,HOT
23.2,36.8,-0.3000000000000007,5.0,0,COLD
11.6,67.3,-1.200000000000001,-2.4000000000000057,0,COLD
23.1,67.9,0.20000000000000284,-0.8999999999999915,1,COMFORT
23.5,57.8,0.6999999999999993,-3.0,1,COMFORT
24.4,43.2,0.09999999999999787,-0.6999999999999957,1,COMFORT
26.2,42.4,1.5,-3.1000000000000014,3,HOT
23.0,56.8,0.0,0.0,1,COMFORT
23.6,58.3,0.0,2.1999999999999957,1,COMFORT
20.7,53.8,1.5,-5.0,1,COMFORT
31.3,24.6,0.1999999999999993,-4.299999999999997,2,WARM_HUMID
24.1,49.0,0.40000000000000213,-1.0,0,COLD
22.1,29.3,-1.0999999999999979,3.6999999999999993,0,COLD
24.8,65.6,-0.1999999999999993,-3.200000000000003,2,WARM_HUMID
25.2,70.0,0.0,1.0,0,COLD
27.8,61.7,-0.3999999999999986,4.700000000000003,1,COMFORT
36.5,23.8,-0.20000000000000284,0.10000000000000142,3,HOT
25.9,45.4,-0.20000000000000284,0.3999999999999986,2,WARM_HUMID
19.4,34.2,-0.5,1.6000000000000014,0,COLD
33.4,59.7,-0.20000000000000284,0.7000000000000028,3,HOT
23.4,27.4,0.1999999999999993,-2.400000000000002,2,WARM_HUMID
20.8,65.5,-0.8000000000000007,-0.5999999999999943,1,COMFORT
20.4,66.5,0.0,0.0,2,WARM_HUMID
27.9,53.6,0.1999999999999993,-0.8999999999999986,1,COMFORT
22.7,62.0,-0.3000000000000007,3.0,1,COMFORT
23.9,39.9,0.3999999999999986,5.0,0,COLD
29.2,56.0,0.0,0.0,3,HOT
23.5,30.4,0.3999999999999986,-0.20000000000000284,1,COMFORT
24.4,54.9,0.09999999999999787,-1.8999999999999986,2,WARM_HUMID
23.4,24.0,0.7999999999999972,-1.6999999999999993,2,WARM_HUMID
22.2,59.6,0.0,0.0,1,COMFORT
22.4,33.0,1.5,-5.0,1,COMFORT
23.2,30.5,1.0,0.0,1,COMFORT
27.5,64.0,0.0,0.0,0,COLD
22.0,41.6,0.0,0.0,1,COMFORT
26.9,54.8,-0.10000000000000142,-0.7000000000000028,0,COLD
25.0,43.0,0.0,0.0,0,COLD
31.0,71.5,-0.3000000000000007,0.09999999999999432,2,WARM_HUMID
21.7,29.6,0.1999999999999993,0.0,1,COMFORT
28.7,53.8,0.09999999999999787,3.1999999999999957,3,HOT
25.2,48.0,0.3999999999999986,5.0,3,HOT
23.1,29.9,1.5,1.5999999999999979,1,COMFORT
23.7,55.4,0.0,0.0,1,COMFORT
24.1,50.0,1.3000000000000007,-0.3999999999999986,1,COMFORT
25.4,74.8,-0.20000000000000284,-1.6000000000000085,3,HOT
21.2,35.2,-1.3000000000000007,2.9000000000000057,0,COLD
30.3,60.9,0.1999999999999993,0.3999999999999986,2,WARM_HUMID
24.8,45.1,1.1999999999999993,-5.0,0,COLD
20.7,71.6,0.0,0.0,0,COLD
22.0,24.2,1.5,-4.900000000000002,1,COMFORT
24.2,34.9,-0.5,3.1999999999999993,1,COMFORT
22.1,48.5,-1.5,-1.6000000000000014,1,COMFORT
23.1,31.2,-0.09999999999999787,5.0,1,COMFORT
26.3,49.7,0.10000000000000142,-0.8999999999999986,1,COMFORT
24.6,53.2,-0.6999999999999993,5.0,2,WARM_HUMID
21.0,43.9,-1.5,5.0,0,COLD
25.2,74.4,-1.1000000000000014,-5.0,2,WARM_HUMID
22.8,32.9,-0.1999999999999993,0.6000000000000014,1,COMFORT
34.0,39.0,0.0,1.3999999999999986,2,WARM_HUMID
21.3,37.2,-0.5999999999999979,1.4000000000000057,1,COMFORT
21.3,23.1,0.6999999999999993,-2.599999999999998,1,COMFORT
23.6,42.7,0.0,-5.0,1,COMFORT
21.6,60.5,0.0,0.0,2,WARM_HUMID
22.4,32.2,0.0,2.200000000000003,2,WARM_HUMID
29.2,33.2,1.1999999999999993,-0.5,1,COMFORT
23.5,31.0,0.1999999999999993,0.0,1,COMFORT
21.2,50.9,0.3999999999999986,-1.8000000000000043,1,COMFORT
21.4,31.5,0.1999999999999993,2.8999999999999986,2,WARM_HUMID
22.6,52.9,-1.0,3.5,1,COMFORT
22.9,39.6,0.29999999999999716,-4.799999999999997,3,HOT
16.0,70.0,-0.5,4.0,0,COLD
22.7,33.1,0.1999999999999993,0.8000000000000043,2,WARM_HUMID
22.8,43.2,1.1999999999999993,5.0,1,COMFORT
25.1,37.0,0.0,0.0,0,COLD
21.5,37.9,0.0,1.5,1,COMFORT
23.8,39.7,0.8000000000000007,-0.5999999999999943,2,WARM_HUMID
21.0,58.0,0.0,0.0,1,COMFORT
25.9,66.7,0.0,0.0,1,COMFORT
30.8,67.7,0.0,0.0,2,WARM_HUMID
29.4,79.9,1.0,2.200000000000003,1,COMFORT
18.1,55.8,-1.0999999999999979,4.0,1,COMFORT
24.2,59.8,0.1999999999999993,-0.4000000000000057,1,COMFORT
25.3,40.9,-0.3999999999999986,5.0,2,WARM_HUMID
28.2,23.8,0.8999999999999986,-0.5999999999999979,0,COLD
21.5,63.6,0.0,0.0,1,COMFORT
22.3,41.1,-1.5,1.8999999999999986,0,COLD
24.0,44.4,-0.5,-1.1000000000000014,1,COMFORT
25.6,41.2,-0.1999999999999993,0.5,1,COMFORT
23.0,28.5,0.3999999999999986,-1.1000000000000014,1,COMFORT
28.8,23.3,-0.5,0.6999999999999993,2,WARM_HUMID
22.5,49.1,-0.5,-1.8999999999999986,3,HOT
23.6,58.1,0.6000000000000014,-0.3999999999999986,2,WARM_HUMID
22.8,48.4,0.0,5.0,3,HOT
23.1,50.1,-1.5,5.0,1,COMFORT
22.9,51.1,-0.5,1.8000000000000043,1,COMFORT
21.1,33.5,0.10000000000000142,0.0,0,COLD
25.5,30.8,-1.0,-5.0,0,COLD
25.8,58.1,0.10000000000000142,-0.6999999999999957,2,WARM_HUMID
23.5,59.5,0.10000000000000142,-0.7999999999999972,1,COMFORT
23.8,20.0,0.0,0.0,3,HOT
25.4,32.4,1.0999999999999979,5.0,1,COMFORT
22.4,54.6,0.1999999999999993,1.1000000000000014,0,COLD
23.7,20.0,0.0,-1.1999999999999993,1,COMFORT
23.5,30.4,0.1999999999999993,-4.0,3,HOT
19.3,47.3,1.5,-5.0,1,COMFORT
19.8,12.9,1.5,-5.0,1,COMFORT
21.6,56.7,-0.7999999999999972,-2.8999999999999986,0,COLD
16.2,61.4,0.0,-1.3000000000000043,0,COLD
25.3,43.6,-0.09999999999999787,-0.29999999999999716,1,COMFORT
24.4,22.5,-0.5,-2.6000000000000014,1,COMFORT
22.3,43.4,-1.1999999999999993,0.0,3,HOT
22.8,18.7,-0.3000000000000007,-5.0,0,COLD
25.1,60.0,-0.8999999999999986,-3.0,2,WARM_HUMID
22.8,30.8,-0.5,0.1999999999999993,1,COMFORT
20.7,50.7,-1.5,5.0,0,COLD
18.3,33.0,0.0,0.0,0,COLD
28.4,43.0,0.0,0.0,3,HOT
21.3,32.5,-0.1999999999999993,-1.5,0,COLD
32.8,62.9,-0.20000000000000284,-0.10000000000000142,1,COMFORT
21.9,21.4,1.5,-5.0,0,COLD
24.0,55.3,-0.5,-5.0,1,COMFORT
23.5,30.8,0.8999999999999986,3.900000000000002,1,COMFORT
11.6,37.3,-1.5,-5.0,1,COMFORT
29.5,34.4,-1.5,-5.0,2,WARM_HUMID
25.2,48.0,0.0,0.0,0,COLD
25.0,63.0,0.0,0.0,0,COLD
21.4,79.5,0.6999999999999993,-1.7000000000000028,0,COLD
26.6,29.3,1.5,-5.0,0,COLD
24.5,69.1,0.6000000000000014,-1.6000000000000085,1,COMFORT
21.3,42.0,1.0,-5.0,1,COMFORT
30.9,68.7,1.1999999999999993,-5.0,3,HOT
23.3,30.9,0.3000000000000007,-5.0,1,COMFORT
23.0,61.1,0.0,0.8000000000000043,0,COLD
23.2,29.6,0.0,0.0,2,WARM_HUMID
25.0,28.4,0.0,0.5999999999999979,2,WARM_HUMID
22.6,47.4,-0.09999999999999787,1.1999999999999957,1,COMFORT
29.3,56.0,0.0,0.0,2,WARM_HUMID
32.0,55.3,1.1000000000000014,-5.0,3,HOT
25.0,67.7,0.6000000000000014,5.0,1,COMFORT
21.2,42.1,-1.5,5.0,1,COMFORT
19.8,56.0,0.0,0.0,0,COLD
20.5,41.2,0.3000000000000007,0.6000000000000014,1,COMFORT
22.5,35.6,0.10000000000000142,0.8000000000000043,0,COLD
11.0,51.3,0.0,1.5,0,COLD
23.2,49.9,0.09999999999999787,-0.8000000000000043,1,COMFORT
25.4,54.8,1.2999999999999972,0.8999999999999986,3,HOT
20.6,53.0,-1.5,-5.0,1,COMFORT
30.6,42.3,1.0,-5.0,2,WARM_HUMID
33.2,46.3,-0.09999999999999432,1.8999999999999986,3,HOT
17.4,41.1,0.0,1.7000000000000028,0,COLD
22.8,42.3,0.0,0.09999999999999432,2,WARM_HUMID
27.3,48.0,0.0,0.0,1,COMFORT
23.1,29.6,0.40000000000000213,3.900000000000002,0,COLD
23.7,55.0,0.0,0.0,1,COMFORT
24.8,69.8,0.10000000000000142,0.7999999999999972,2,WARM_HUMID
26.0,57.3,0.0,0.0,3,HOT
22.7,53.7,-1.5,2.4000000000000057,3,HOT
19.7,62.8,0.0,0.0,1,COMFORT
30.7,65.8,0.3000000000000007,-1.2000000000000028,1,COMFORT
24.2,32.7,1.5,-5.0,1,COMFORT
24.6,53.0,0.3000000000000007,1.0,2,WARM_HUMID
26.5,44.8,-0.10000000000000142,0.09999999999999432,2,WARM_HUMID
21.5,32.0,0.3000000000000007,-5.0,0,COLD
26.5,38.6,0.5,-0.6999999999999957,1,COMFORT
26.2,66.1,-0.5,0.5999999999999943,2,WARM_HUMID
23.9,46.1,-0.10000000000000142,-3.6999999999999957,2,WARM_HUMID
23.0,24.6,0.3000000000000007,3.0,2,WARM_HUMID
23.5,55.1,0.0,0.0,3,HOT
21.7,42.1,-1.1999999999999993,5.0,0,COLD
19.8,22.2,0.40000000000000213,-2.1000000000000014,2,WARM_HUMID
29.4,24.7,-0.40000000000000213,5.0,2,WARM_HUMID
25.9,29.2,-1.0,-1.1999999999999993,3,HOT
22.6,34.3,1.5,-2.5,1,COMFORT
23.2,24.0,0.0,0.0,1,COMFORT
20.4,68.3,-0.8000000000000007,-2.299999999999997,1,COMFORT
26.1,29.6,0.0,0.0,1,COMFORT
31.8,20.7,0.3000000000000007,3.1999999999999993,1,COMFORT
22.5,34.2,0.5,2.400000000000002,1,COMFORT
25.1,55.0,-0.1999999999999993,0.0,0,COLD
26.3,34.3,-0.5999999999999979,-5.0,3,HOT
24.2,45.3,-1.5,-0.10000000000000142,0,COLD
11.6,73.8,0.0,1.0999999999999943,0,COLD
23.3,39.3,0.0,0.0,3,HOT
23.4,41.3,0.3999999999999986,-0.7000000000000028,2,WARM_HUMID
26.0,44.8,0.1999999999999993,-4.400000000000006,2,WARM_HUMID
22.6,27.6,0.20000000000000284,-5.0,1,COMFORT
24.1,42.4,0.0,0.0,1,COMFORT
23.9,35.4,1.5,5.0,0,COLD
23.4,27.1,0.7999999999999972,0.0,1,COMFORT
33.5,44.2,0.7999999999999972,-0.19999999999999574,3,HOT
23.6,22.8,0.20000000000000284,-4.199999999999999,1,COMFORT
26.2,37.4,1.5,-5.0,1,COMFORT
20.8,26.5,-1.5,-5.0,3,HOT
24.3,48.2,0.0,-0.5999999999999943,1,COMFORT
24.9,61.9,0.6999999999999993,4.299999999999997,1,COMFORT
25.1,39.0,1.5,-5.0,3,HOT
26.2,42.4,1.5,-2.1000000000000014,3,HOT
30.2,34.0,0.0,0.0,1,COMFORT
22.0,59.2,0.0,0.0,1,COMFORT
21.4,72.3,0.0,0.0,2,WARM_HUMID
21.8,34.0,-0.09999999999999787,0.0,1,COMFORT
20.6,60.5,-0.3999999999999986,5.0,1,COMFORT
31.3,23.5,-0.09999999999999787,-3.3000000000000007,2,WARM_HUMID
18.7,67.0,0.0,0.0,1,COMFORT
23.4,69.5,-0.20000000000000284,1.5999999999999943,2,WARM_HUMID
24.5,42.8,-1.5,2.5999999999999943,1,COMFORT
21.6,36.0,0.3000000000000007,-1.2000000000000028,0,COLD
21.0,51.9,-1.5,5.0,1,COMFORT
24.1,51.0,0.0,0.0,1,COMFORT
26.1,41.9,0.7000000000000028,-2.0,1,COMFORT
29.9,58.5,0.0,0.0,3,HOT
20.6,55.8,0.0,0.0,1,COMFORT
36.6,28.2,1.3000000000000043,-3.6000000000000014,3,HOT
17.5,76.6,-1.1000000000000014,0.19999999999998863,1,COMFORT
22.3,43.5,-0.3999999999999986,0.20000000000000284,1,COMFORT
22.0,28.4,-1.5,-0.3000000000000007,1,COMFORT
36.6,43.1,1.5,-5.0,2,WARM_HUMID
30.1,62.1,0.0,0.0,1,COMFORT
21.3,31.9,-0.09999999999999787,1.5,1,COMFORT
24.6,37.1,-0.5,-5.0,2,WARM_HUMID
24.2,24.3,-0.8000000000000007,-1.5,3,HOT
31.9,47.0,-1.5,5.0,2,WARM_HUMID
23.2,24.8,-1.5,-5.0,1,COMFORT
20.1,31.0,-1.5,-4.899999999999999,2,WARM_HUMID
25.9,40.5,-1.5,-3.1000000000000014,0,COLD
30.4,34.0,-0.10000000000000142,1.0,1,COMFORT
30.7,63.8,0.0,0.29999999999999716,2,WARM_HUMID
25.1,46.0,-1.1999999999999993,2.0,1,COMFORT
21.9,25.9,0.5,-5.0,3,HOT
24.9,47.0,0.0,0.0,0,COLD
28.4,75.3,0.0,0.0,0,COLD
25.2,31.2,1.5,-5.0,3,HOT
16.5,36.0,-0.5,1.0,1,COMFORT
23.0,47.4,-0.6000000000000014,5.0,1,COMFORT
25.5,75.1,0.8000000000000007,-5.0,2,WARM_HUMID
25.0,35.6,1.0,-0.3999999999999986,3,HOT
20.3,66.8,-0.5999999999999979,0.8999999999999915,0,COLD
21.6,81.0,-0.29999999999999716,1.7000000000000028,1,COMFORT
23.5,41.5,-1.3999999999999986,-5.0,1,COMFORT
21.3,65.2,0.0,-0.5,0,COLD
27.5,63.0,0.0,0.0,1,COMFORT
23.2,42.7,0.5,-2.0,1,COMFORT
25.7,64.0,0.0,0.0,2,WARM_HUMID
26.0,41.1,-0.10000000000000142,-0.10000000000000142,1,COMFORT
23.4,65.3,-0.10000000000000142,0.20000000000000284,0,COLD
30.3,69.4,0.0,0.0,2,WARM_HUMID
33.1,52.7,0.20000000000000284,-3.3999999999999986,3,HOT
24.3,50.6,1.5,-5.0,1,COMFORT
23.6,31.0,-0.5,4.0,3,HOT
29.0,83.4,0.8000000000000007,-1.1999999999999886,0,COLD
21.4,36.4,1.5,-5.0,0,COLD
26.0,43.4,0.6999999999999993,2.799999999999997,3,HOT
26.5,37.8,0.0,0.5999999999999943,0,COLD
26.2,29.4,-0.5,0.5,2,WARM_HUMID
23.6,31.9,0.6000000000000014,-0.7000000000000028,2,WARM_HUMID
24.0,18.9,0.3999999999999986,-0.10000000000000142,2,WARM_HUMID
25.2,50.9,0.0,5.0,2,WARM_HUMID
25.8,66.7,0.0,0.0,1,COMFORT
30.9,72.0,-0.7000000000000028,5.0,3,HOT
29.5,56.0,0.5,-3.0,1,COMFORT
28.4,58.3,0.0,0.0,0,COLD
17.8,63.6,-0.5,3.1000000000000014,0,COLD
20.7,55.5,1.5,-4.299999999999997,1,COMFORT
24.3,53.5,-0.1999999999999993,-0.29999999999999716,1,COMFORT
28.7,55.4,0.0,0.0,2,WARM_HUMID
23.8,39.9,0.10000000000000142,0.0,1,COMFORT
24.0,62.6,0.0,0.0,1,COMFORT
23.4,35.4,0.0,0.0,0,COLD
32.1,15.6,0.9000000000000021,-0.7999999999999989,2,WARM_HUMID
25.0,23.0,0.6000000000000014,-2.6000000000000014,3,HOT
24.0,43.0,0.6999999999999993,-4.100000000000001,1,COMFORT
20.8,43.7,-1.5,5.0,1,COMFORT
26.5,31.7,-1.5,5.0,1,COMFORT
24.6,52.6,-1.5,5.0,3,HOT
26.6,58.8,0.8000000000000007,-4.300000000000004,0,COLD
29.3,64.0,0.40000000000000213,5.0,2,WARM_HUMID
23.7,36.6,-0.40000000000000213,5.0,3,HOT
25.4,21.8,1.5,-5.0,3,HOT
18.4,53.6,-1.5,4.5,0,COLD
22.1,36.4,1.1000000000000014,-2.5,2,WARM_HUMID
22.8,50.5,1.5,0.7000000000000028,1,COMFORT
26.8,46.0,0.0,0.0,0,COLD
26.3,73.2,-0.09999999999999787,0.0,1,COMFORT
24.8,33.3,0.8000000000000007,-5.0,1,COMFORT
26.1,50.0,0.0,0.0,3,HOT
32.4,38.0,0.0,0.0,3,HOT
22.2,63.2,-1.5,5.0,1,COMFORT
21.6,34.4,-1.5,5.0,1,COMFORT
20.9,59.0,0.1999999999999993,-0.7999999999999972,0,COLD
16.8,22.0,-0.1999999999999993,-2.6999999999999993,0,COLD
34.1,67.0,1.5,-5.0,3,HOT
34.4,57.8,0.5,-0.5,3,HOT
25.6,45.6,-0.09999999999999787,-2.3999999999999986,3,HOT
24.9,63.9,-0.10000000000000142,1.3999999999999986,1,COMFORT
25.6,39.1,0.6000000000000014,-5.0,1,COMFORT
27.4,55.0,-0.8000000000000007,2.799999999999997,2,WARM_HUMID
23.5,63.6,-0.3000000000000007,1.0,2,WARM_HUMID
22.7,67.0,1.5,5.0,2,WARM_HUMID
30.3,23.0,-0.1999999999999993,-1.0,1,COMFORT
29.4,71.4,0.1999999999999993,3.3000000000000114,3,HOT
22.1,40.9,0.0,0.0,0,COLD
22.3,42.6,-0.09999999999999787,1.1000000000000014,1,COMFORT
33.1,54.6,1.5,-5.0,1,COMFORT
23.6,39.9,0.7000000000000028,5.0,2,WARM_HUMID
22.3,35.0,-1.5,-0.8999999999999986,1,COMFORT
23.6,18.0,1.3000000000000007,-2.8000000000000007,1,COMFORT
25.6,44.4,0.10000000000000142,-1.1000000000000014,2,WARM_HUMID
24.3,22.9,1.5,-2.700000000000003,2,WARM_HUMID
24.9,32.4,-0.10000000000000142,1.0,1,COMFORT
28.2,34.0,-0.6999999999999993,0.29999999999999716,1,COMFORT
27.1,29.1,1.2000000000000028,-5.0,3,HOT
24.3,50.8,0.5,-0.20000000000000284,1,COMFORT
23.1,33.8,0.7000000000000028,-0.30000000000000426,1,COMFORT
27.5,41.0,0.3999999999999986,5.0,3,HOT
26.6,57.3,1.3000000000000007,-5.0,1,COMFORT
24.5,39.0,1.1000000000000014,-2.700000000000003,2,WARM_HUMID
21.9,24.3,-1.5,-5.0,0,COLD
24.8,58.1,0.5,-0.6999999999999957,2,WARM_HUMID
24.9,64.8,-0.9000000000000021,1.5,2,WARM_HUMID
25.9,42.0,0.0,0.0,1,COMFORT
30.1,77.8,0.0,1.0,1,COMFORT
26.3,30.5,0.0,0.3999999999999986,3,HOT
32.1,45.0,0.0,0.0,3,HOT
27.3,63.7,0.0,-3.8999999999999915,2,WARM_HUMID
25.6,60.1,0.10000000000000142,-3.299999999999997,2,WARM_HUMID
25.0,33.9,-0.3000000000000007,0.6000000000000014,1,COMFORT
27.7,42.0,1.5,1.0,3,HOT
23.5,46.0,0.10000000000000142,0.0,1,COMFORT
27.4,71.2,0.5,1.9000000000000057,2,WARM_HUMID
23.3,25.7,-0.3000000000000007,0.5999999999999979,2,WARM_HUMID
25.0,40.8,-0.6000000000000014,1.5999999999999943,1,COMFORT
21.1,28.8,-0.09999999999999787,-4.599999999999998,1,COMFORT
22.8,38.1,-0.5999999999999979,5.0,1,COMFORT
26.1,64.1,1.5,5.0,2,WARM_HUMID
25.3,43.0,0.1999999999999993,1.0,2,WARM_HUMID
29.4,66.1,0.0,0.0,1,COMFORT
26.9,36.0,0.0,0.0,3,HOT
23.2,24.0,0.0,0.0,1,COMFORT
23.4,36.3,-1.5,3.5999999999999943,1,COMFORT
23.5,53.2,0.10000000000000142,-1.8999999999999986,1,COMFORT
31.7,71.1,0.1999999999999993,-0.5,3,HOT
21.6,28.3,0.3000000000000007,0.6999999999999993,3,HOT
19.3,57.0,-0.3999999999999986,0.5,0,COLD
34.6,50.0,0.0,-0.7000000000000028,2,WARM_HUMID
20.9,46.0,-0.20000000000000284,-5.0,0,COLD
25.6,34.8,0.0,5.0,3,HOT
22.6,25.1,-1.5,-3.0,3,HOT
22.4,46.3,-0.3000000000000007,-5.0,2,WARM_HUMID
24.5,68.4,0.3000000000000007,-0.5999999999999943,2,WARM_HUMID
26.5,47.0,-0.1999999999999993,-2.3999999999999986,3,HOT
20.8,44.4,1.5,-3.700000000000003,2,WARM_HUMID
23.3,41.8,-0.5,0.7999999999999972,1,COMFORT
19.3,48.9,0.1999999999999993,-2.200000000000003,0,COLD
21.1,47.3,-0.09999999999999787,0.6999999999999957,1,COMFORT
21.4,42.5,-0.9000000000000021,5.0,1,COMFORT
16.8,41.2,-1.5,-1.2999999999999972,2,WARM_HUMID
26.0,31.0,0.5,2.6999999999999993,3,HOT
21.0,83.9,0.1999999999999993,-0.5,1,COMFORT
25.4,62.0,-0.40000000000000213,-0.5,1,COMFORT
25.1,32.4,0.0,0.0,2,WARM_HUMID
28.8,26.9,1.5,-5.0,1,COMFORT
21.3,28.4,0.9000000000000021,-1.8000000000000007,3,HOT
23.2,66.3,-0.10000000000000142,-2.4000000000000057,0,COLD
23.2,28.0,0.1999999999999993,-3.0,0,COLD
28.2,44.0,0.0,0.0,2,WARM_HUMID
27.2,53.1,-0.10000000000000142,-1.1999999999999957,1,COMFORT
18.7,66.5,0.0,0.0,1,COMFORT
21.1,59.0,0.0,0.0,1,COMFORT
39.7,24.0,-0.09999999999999432,2.6000000000000014,3,HOT
18.6,50.6,-0.1999999999999993,0.8000000000000043,0,COLD
24.0,41.0,0.3999999999999986,-1.0,2,WARM_HUMID
22.1,29.1,-1.0999999999999979,0.20000000000000284,1,COMFORT
22.2,32.6,-0.1999999999999993,-1.8999999999999986,1,COMFORT
22.7,20.9,0.3999999999999986,-0.5,1,COMFORT
22.5,55.4,-0.8999999999999986,5.0,2,WARM_HUMID
28.7,78.6,-0.40000000000000213,-4.900000000000006,1,COMFORT
22.6,42.9,0.0,0.6000000000000014,0,COLD
23.4,30.9,-0.7000000000000028,5.0,2,WARM_HUMID
30.4,58.0,1.3999999999999986,5.0,1,COMFORT
21.7,20.5,-0.1999999999999993,-0.6000000000000014,0,COLD
24.3,42.7,0.0,0.10000000000000142,1,COMFORT
21.5,43.5,-1.5,-1.0,1,COMFORT
21.8,64.5,-1.0999999999999979,4.899999999999999,1,COMFORT
30.6,71.6,-0.09999999999999787,0.3999999999999915,2,WARM_HUMID
30.7,53.0,1.5,-2.0,3,HOT
19.1,52.8,0.5,-1.0,0,COLD
28.0,29.9,1.5,-5.0,3,HOT
23.3,24.2,-0.1999999999999993,2.8000000000000007,0,COLD
24.6,54.0,0.0,0.0,1,COMFORT
31.3,23.5,-0.09999999999999787,-3.3000000000000007,2,WARM_HUMID
24.5,53.0,0.0,-5.0,0,COLD
23.2,62.0,-0.10000000000000142,0.0,1,COMFORT
24.9,53.1,0.0,0.0,3,HOT
20.7,58.0,-1.3000000000000007,4.0,2,WARM_HUMID
25.8,63.9,0.0,-0.5000000000000071,1,COMFORT
22.0,49.7,-1.5,1.2000000000000028,0,COLD
17.7,65.6,-1.5,0.3999999999999915,1,COMFORT
24.4,68.5,-0.20000000000000284,0.4000000000000057,1,COMFORT
23.9,22.2,0.29999999999999716,-2.5,3,HOT
20.9,37.4,0.0,0.0,0,COLD
26.3,60.0,0.0,0.0,3,HOT
22.1,22.8,-1.0999999999999979,-0.8999999999999986,1,COMFORT
22.5,44.2,0.6000000000000014,-5.0,2,WARM_HUMID
29.5,41.0,1.5,-4.0,1,COMFORT
22.9,42.4,0.09999999999999787,0.6999999999999957,2,WARM_HUMID
19.4,49.8,-0.7000000000000028,5.0,2,WARM_HUMID
25.3,50.0,0.0,0.0,0,COLD
23.1,46.3,0.0,0.19999999999999574,2,WARM_HUMID
22.0,40.5,1.3000000000000007,-0.3999999999999986,1,COMFORT
22.5,63.3,-1.5,3.5,1,COMFORT
23.3,49.0,0.10000000000000142,-0.20000000000000284,1,COMFORT
26.6,41.4,-0.09999999999999787,-5.0,1,COMFORT
25.6,53.0,0.0,0.0,0,COLD
23.8,44.3,-0.09999999999999787,5.0,0,COLD
23.3,73.0,1.1000000000000014,5.0,1,COMFORT
23.1,55.0,-1.5,5.0,3,HOT
21.9,48.5,1.0,-5.0,1,COMFORT
21.8,28.5,0.10000000000000142,1.0,1,COMFORT
27.2,75.9,-0.9000000000000021,5.0,1,COMFORT
22.0,27.6,-1.5,5.0,3,HOT
24.7,23.1,-0.5,-5.0,2,WARM_HUMID
25.0,63.0,0.0,0.0,1,COMFORT
25.7,51.5,0.3999999999999986,-3.3999999999999986,3,HOT
23.0,43.0,0.10000000000000142,0.7000000000000028,2,WARM_HUMID
22.4,55.6,-0.40000000000000213,3.3999999999999986,0,COLD
21.3,65.0,0.1999999999999993,0.7999999999999972,0,COLD
30.8,65.7,0.0,0.0,3,HOT
23.9,66.9,0.29999999999999716,0.10000000000000853,2,WARM_HUMID
25.8,66.7,-1.5,-5.0,1,COMFORT
25.9,61.1,1.5,-1.6000000000000014,3,HOT
23.6,60.7,0.0,0.0,1,COMFORT
29.1,58.0,0.0,0.0,0,COLD
23.0,53.7,0.0,0.20000000000000284,3,HOT
14.6,47.8,0.0,1.5,1,COMFORT
28.7,75.4,-0.40000000000000213,-1.0999999999999943,3,HOT
23.1,39.3,1.5,-2.6000000000000014,1,COMFORT
23.0,63.0,-0.3999999999999986,-2.0,1,COMFORT
23.7,42.8,0.8999999999999986,1.5,1,COMFORT
21.6,44.5,0.10000000000000142,-0.7000000000000028,0,COLD
22.5,22.3,0.0,-0.09999999999999787,1,COMFORT
23.7,51.1,1.0,-0.5,2,WARM_HUMID
26.9,40.5,1.5,-5.0,3,HOT
22.7,40.6,-1.4000000000000021,5.0,3,HOT
23.5,55.6,-0.1999999999999993,0.0,1,COMFORT
23.4,61.0,1.0999999999999979,-1.0,2,WARM_HUMID
24.0,74.9,0.0,-1.0,1,COMFORT
27.4,38.8,1.5,-4.5,3,HOT
27.3,73.0,1.5,5.0,2,WARM_HUMID
21.5,47.2,1.3999999999999986,-5.0,1,COMFORT
17.8,63.0,1.1000000000000014,-4.5,2,WARM_HUMID
25.4,32.1,-0.8000000000000007,-1.6000000000000014,2,WARM_HUMID
21.5,63.6,0.0,0.0,3,HOT
21.2,34.6,-0.9000000000000021,5.0,0,COLD
22.8,58.9,0.0,0.0,2,WARM_HUMID
22.1,51.0,0.0,2.700000000000003,3,HOT
28.7,60.1,0.0,1.5,2,WARM_HUMID
23.1,37.7,0.8000000000000007,0.5,0,COLD
26.8,51.9,0.5,0.29999999999999716,0,COLD
23.1,62.0,0.40000000000000213,-2.0,1,COMFORT
21.9,54.9,0.1999999999999993,-5.0,1,COMFORT
23.5,46.5,0.10000000000000142,-0.10000000000000142,1,COMFORT
23.6,55.3,-0.6999999999999993,-3.1000000000000014,0,COLD
20.4,31.3,-1.5,5.0,0,COLD
27.2,50.0,0.09999999999999787,-2.1000000000000014,0,COLD
28.4,52.7,-0.10000000000000142,0.0,1,COMFORT
26.6,51.7,0.9000000000000021,-2.5999999999999943,1,COMFORT
29.1,59.0,0.0,0.0,2,WARM_HUMID
21.8,80.8,0.1999999999999993,-0.7999999999999972,1,COMFORT
19.9,46.1,-1.5,5.0,1,COMFORT
26.1,23.4,-1.5,3.0,1,COMFORT
19.4,42.3,-1.2000000000000028,2.1999999999999957,0,COLD
30.3,58.0,0.10000000000000142,0.0,2,WARM_HUMID
23.1,67.9,0.0,2.8000000000000114,1,COMFORT
24.3,63.3,-0.5,1.6999999999999957,1,COMFORT
25.7,57.2,0.0,0.0,1,COMFORT
28.9,40.0,0.0,0.0,0,COLD
24.0,25.1,-1.0,4.300000000000001,0,COLD
22.0,44.4,-0.3999999999999986,-4.600000000000001,3,HOT
22.8,37.1,0.0,0.0,1,COMFORT
22.6,66.3,1.3000000000000007,5.0,1,COMFORT
23.8,64.5,0.10000000000000142,0.7999999999999972,0,COLD
24.6,72.6,0.0,0.0,1,COMFORT
28.6,67.3,-1.0,5.0,1,COMFORT
20.9,56.8,0.09999999999999787,-5.0,1,COMFORT
20.5,39.5,-1.5,5.0,2,WARM_HUMID
23.5,23.5,0.5,0.0,2,WARM_HUMID
19.2,34.0,0.1999999999999993,-3.0,0,COLD
28.6,41.0,0.0,0.0,1,COMFORT
32.6,65.0,0.0,0.0,3,HOT
19.6,73.0,0.0,0.0,1,COMFORT
21.4,34.1,1.5,-0.6000000000000014,1,COMFORT
28.1,42.3,1.5,-5.0,1,COMFORT
22.0,45.2,0.10000000000000142,-0.7999999999999972,0,COLD
23.3,29.5,-0.3999999999999986,-0.10000000000000142,1,COMFORT
23.4,32.4,1.2999999999999972,3.0,1,COMFORT
30.5,28.5,0.3999999999999986,0.8000000000000007,1,COMFORT
22.8,27.7,0.0,-5.0,1,COMFORT
22.7,56.0,0.3000000000000007,4.100000000000001,1,COMFORT
21.9,31.8,-0.10000000000000142,-5.0,1,COMFORT
24.0,77.2,1.0,5.0,1,COMFORT
23.4,38.0,0.0,-0.3999999999999986,3,HOT
33.2,62.6,0.0,-0.10000000000000142,3,HOT
33.3,15.9,-1.5,0.0,1,COMFORT
22.3,29.6,1.0,-1.8999999999999986,1,COMFORT
22.5,36.6,-0.3999999999999986,-5.0,0,COLD
21.0,33.1,-1.1999999999999993,-1.7999999999999972,1,COMFORT
26.7,38.0,0.0,0.0,3,HOT
21.5,72.0,1.3000000000000007,-3.0,1,COMFORT
31.9,67.0,1.5,-5.0,1,COMFORT
28.2,36.0,0.0,0.0,0,COLD
29.8,57.3,0.6000000000000014,-0.10000000000000142,3,HOT
28.0,48.0,0.0,0.0,1,COMFORT
21.6,52.7,0.0,4.900000000000006,2,WARM_HUMID
22.9,38.0,-0.10000000000000142,0.10000000000000142,0,COLD
22.0,52.3,0.8999999999999986,-3.200000000000003,0,COLD
21.7,49.8,-1.5,4.199999999999996,1,COMFORT
24.0,31.2,0.0,0.3999999999999986,0,COLD
22.5,50.9,-0.1999999999999993,0.10000000000000142,0,COLD
21.9,46.8,-1.1000000000000014,2.5,0,COLD
26.0,54.1,0.6999999999999993,-2.0,1,COMFORT
26.5,50.0,0.0,0.0,1,COMFORT
22.6,66.9,0.0,0.0,1,COMFORT
21.4,23.4,0.6999999999999993,-5.0,0,COLD
25.3,42.5,-0.6999999999999993,-0.29999999999999716,0,COLD
20.9,64.0,0.0,0.0,1,COMFORT
31.7,75.1,0.8999999999999986,1.2999999999999972,1,COMFORT
26.4,56.0,-0.10000000000000142,-1.0,0,COLD
21.1,49.5,0.0,0.0,0,COLD
22.2,57.4,0.3999999999999986,4.299999999999997,2,WARM_HUMID
21.1,46.7,-1.0999999999999979,-3.8999999999999986,1,COMFORT
28.0,56.0,0.0,0.0,2,WARM_HUMID
24.2,63.3,0.09999999999999787,-0.6000000000000014,1,COMFORT
26.6,80.0,0.10000000000000142,5.0,1,COMFORT
24.4,16.2,-0.5,-0.5,1,COMFORT
25.4,37.7,0.8999999999999986,-0.7999999999999972,1,COMFORT
26.2,38.7,0.3000000000000007,-5.0,2,WARM_HUMID
23.6,22.8,0.20000000000000284,-4.0,2,WARM_HUMID
23.4,34.7,-0.20000000000000284,0.4000000000000057,0,COLD
33.6,59.0,-1.5,5.0,3,HOT
19.8,42.4,0.1999999999999993,-0.6000000000000014,3,HOT
11.6,62.7,0.0,1.3000000000000043,0,COLD
21.4,50.1,-1.5,3.5,0,COLD
23.4,68.3,1.0999999999999979,-2.0,0,COLD
29.0,43.0,0.0,0.0,2,WARM_HUMID
29.1,36.0,0.7000000000000028,2.0,3,HOT
24.0,53.3,-0.10000000000000142,0.3999999999999986,1,COMFORT
19.7,43.4,-0.8000000000000007,-0.20000000000000284,1,COMFORT
24.3,55.5,0.0,0.0,3,HOT
26.8,63.8,1.1000000000000014,5.0,0,COLD
23.1,70.0,0.40000000000000213,-5.0,1,COMFORT
22.0,41.9,0.5,-1.2000000000000028,2,WARM_HUMID
23.1,35.3,0.6000000000000014,1.7999999999999972,2,WARM_HUMID
23.7,63.6,-0.3000000000000007,0.10000000000000142,0,COLD
21.7,38.1,0.09999999999999787,0.30000000000000426,1,COMFORT
22.8,44.1,-0.1999999999999993,-0.7999999999999972,0,COLD
23.1,27.7,-0.29999999999999716,0.0,0,COLD
20.2,60.4,-1.1000000000000014,0.0,0,COLD
33.8,66.6,0.6999999999999957,1.1999999999999886,1,COMFORT
25.9,66.7,1.0999999999999979,-5.0,1,COMFORT
27.7,61.9,1.5,5.0,0,COLD
22.4,40.0,-0.10000000000000142,0.3999999999999986,2,WARM_HUMID
25.8,57.7,0.0,0.0,0,COLD
33.6,13.0,-0.3999999999999986,-4.100000000000001,2,WARM_HUMID
25.5,59.4,0.10000000000000142,-0.6000000000000014,1,COMFORT
24.0,63.2,0.0,-0.5,2,WARM_HUMID
26.9,57.0,1.5,5.0,1,COMFORT
19.0,41.0,1.5,1.8999999999999986,0,COLD
21.5,33.3,-0.6999999999999993,2.599999999999998,2,WARM_HUMID
23.8,59.5,-0.5999999999999979,-1.8999999999999986,1,COMFORT
23.3,50.0,-0.5,-1.0,2,WARM_HUMID
27.8,52.0,0.0,0.0,1,COMFORT
23.0,38.6,-0.3999999999999986,1.3000000000000043,0,COLD
27.7,49.0,1.5,-5.0,3,HOT
23.5,26.3,-0.10000000000000142,-5.0,2,WARM_HUMID
32.1,59.6,-1.5,5.0,2,WARM_HUMID
34.3,12.0,-0.9000000000000057,-2.9000000000000004,0,COLD
20.3,54.5,0.0,0.0,1,COMFORT
18.6,42.3,-1.5,2.5999999999999943,1,COMFORT
33.1,62.5,0.8999999999999986,-2.0999999999999943,3,HOT
27.1,33.5,1.5,-1.7999999999999972,1,COMFORT
31.5,34.0,-0.3999999999999986,2.0,1,COMFORT
20.0,69.6,0.0,0.0,1,COMFORT
28.4,55.0,1.5,-5.0,1,COMFORT
25.0,39.8,0.10000000000000142,-1.4000000000000057,2,WARM_HUMID
24.4,60.5,0.09999999999999787,5.0,1,COMFORT
26.2,65.0,-1.5,-5.0,1,COMFORT
22.5,25.7,-0.3999999999999986,0.5999999999999979,2,WARM_HUMID
24.8,62.7,-0.3999999999999986,-1.2999999999999972,1,COMFORT
22.3,18.3,-0.3000000000000007,-0.3000000000000007,0,COLD
20.4,57.6,0.0,0.0,1,COMFORT
29.3,46.0,0.0,0.0,0,COLD
23.6,29.2,1.5,-2.1999999999999993,1,COMFORT
28.5,20.2,0.1999999999999993,-0.1999999999999993,1,COMFORT
20.7,32.3,0.5999999999999979,-0.8000000000000043,1,COMFORT
22.2,52.8,-0.5,3.799999999999997,1,COMFORT
25.4,44.1,1.5,5.0,1,COMFORT
22.4,31.3,0.1999999999999993,-1.3000000000000007,0,COLD
23.1,41.6,0.8000000000000007,-3.5,2,WARM_HUMID
22.2,41.4,0.1999999999999993,3.8999999999999986,1,COMFORT
22.5,45.6,0.10000000000000142,0.10000000000000142,1,COMFORT
19.8,32.9,1.1000000000000014,-5.0,0,COLD
23.3,65.0,-0.5,5.0,1,COMFORT
25.4,60.3,-1.0,-5.0,1,COMFORT
22.3,42.9,-0.1999999999999993,5.0,1,COMFORT
23.5,30.7,1.1000000000000014,2.599999999999998,2,WARM_HUMID
23.5,33.5,1.1999999999999993,-3.200000000000003,2,WARM_HUMID
21.2,45.6,0.8999999999999986,1.3000000000000043,1,COMFORT
22.0,36.5,0.8000000000000007,4.5,3,HOT
21.0,42.6,0.10000000000000142,-0.10000000000000142,0,COLD
24.5,52.8,0.0,1.5999999999999943,1,COMFORT
20.3,38.7,0.1999999999999993,5.0,1,COMFORT
15.6,52.8,-1.5,-5.0,0,COLD
26.5,62.0,-1.5,4.0,2,WARM_HUMID
25.3,61.2,-0.6999999999999993,5.0,1,COMFORT
22.3,37.8,1.1999999999999993,-5.0,1,COMFORT
21.6,34.2,0.7000000000000028,-2.799999999999997,0,COLD
22.2,34.5,1.0999999999999979,1.0,1,COMFORT
35.8,36.7,-1.5,-4.5,2,WARM_HUMID
22.1,34.3,0.6000000000000014,-0.7000000000000028,0,COLD
23.4,40.3,1.5,1.2999999999999972,1,COMFORT
30.1,58.3,0.7000000000000028,-5.0,2,WARM_HUMID
22.6,51.8,1.5,-5.0,2,WARM_HUMID
22.0,22.4,-1.5,0.0,1,COMFORT
24.2,53.0,-0.5,1.0,2,WARM_HUMID
29.1,78.1,-0.6999999999999993,3.5999999999999943,2,WARM_HUMID
16.8,21.1,0.0,0.0,0,COLD
24.8,58.5,0.0,0.0,0,COLD
26.0,21.1,1.5,-4.099999999999998,1,COMFORT
18.9,19.5,1.3999999999999986,-5.0,1,COMFORT
31.4,66.4,0.29999999999999716,-1.2999999999999972,1,COMFORT
24.9,53.1,0.0,0.0,1,COMFORT
19.9,25.8,-1.5,5.0,0,COLD
25.2,42.2,0.0,1.4000000000000057,2,WARM_HUMID
23.9,58.8,0.09999999999999787,1.3999999999999986,0,COLD
29.3,75.1,0.0,0.19999999999998863,1,COMFORT
21.6,47.5,0.0,0.0,0,COLD
22.5,45.6,0.0,0.8999999999999986,1,COMFORT
25.2,66.4,-1.5,3.4000000000000057,1,COMFORT
26.9,49.0,0.0,0.0,2,WARM_HUMID
32.7,63.6,0.8000000000000043,-3.8999999999999986,2,WARM_HUMID
30.3,76.4,-0.09999999999999787,0.30000000000001137,3,HOT
18.5,39.6,1.0,-3.3999999999999986,0,COLD
23.8,22.6,-1.1999999999999993,1.1000000000000014,2,WARM_HUMID
22.3,34.7,-1.0999999999999979,2.4000000000000057,2,WARM_HUMID
30.1,40.0,1.5,-1.0,0,COLD
22.8,23.6,0.8000000000000007,-1.0,3,HOT
22.3,34.7,-0.3999999999999986,5.0,1,COMFORT
20.0,41.6,-0.10000000000000142,1.3000000000000043,3,HOT
24.1,69.7,0.0,0.0,3,HOT
24.1,38.0,-1.5,0.6000000000000014,0,COLD
24.6,35.7,-1.5,3.4000000000000057,2,WARM_HUMID
28.8,65.0,0.0,0.0,1,COMFORT
23.5,45.0,1.0,-5.0,0,COLD
23.1,43.1,-0.5,1.8000000000000043,1,COMFORT
23.7,35.0,0.8000000000000007,-1.7000000000000028,0,COLD
23.0,40.4,1.1000000000000014,-4.399999999999999,2,WARM_HUMID
17.3,69.0,-0.1999999999999993,0.0,0,COLD
30.9,28.4,0.6999999999999993,-2.3000000000000007,0,COLD
21.0,27.2,-0.3000000000000007,4.399999999999999,2,WARM_HUMID
23.8,49.0,0.6999999999999993,-1.0,0,COLD
22.9,67.7,0.0,0.0,1,COMFORT
20.8,39.8,0.3000000000000007,-0.9000000000000057,1,COMFORT
17.4,29.7,-1.5,-3.5000000000000036,3,HOT
22.6,41.0,0.3000000000000007,-3.299999999999997,1,COMFORT
24.9,76.5,0.0,-0.09999999999999432,0,COLD
24.1,60.0,-0.7999999999999972,0.0,0,COLD
23.0,29.5,-0.5,2.8999999999999986,3,HOT
23.6,54.3,0.3000000000000007,1.2999999999999972,2,WARM_HUMID
19.5,41.0,-1.5,2.6000000000000014,1,COMFORT
29.7,66.0,0.09999999999999787,2.0,1,COMFORT
17.8,51.3,-1.5,1.0,0,COLD
22.4,22.7,0.0,0.0,1,COMFORT
20.8,17.9,0.0,-5.0,1,COMFORT
11.6,60.1,0.0,-1.6999999999999957,0,COLD
24.3,69.4,0.0,0.20000000000000284,1,COMFORT
22.0,26.5,0.3999999999999986,-5.0,2,WARM_HUMID
22.4,20.7,-1.5,-4.5,1,COMFORT
24.2,41.6,-1.5,-2.5,2,WARM_HUMID
32.1,68.0,0.9000000000000021,-1.0,2,WARM_HUMID
24.9,52.0,0.0,0.0,0,COLD
24.9,68.0,0.0,0.0,0,COLD
22.8,27.8,-1.0999999999999979,-1.8999999999999986,1,COMFORT
23.7,55.6,0.0,0.0,1,COMFORT
24.4,65.6,0.29999999999999716,-5.0,3,HOT
25.1,49.7,-0.09999999999999787,1.0,1,COMFORT
23.4,33.2,-0.7000000000000028,2.1000000000000014,1,COMFORT
20.0,52.9,0.6999999999999993,0.8999999999999986,0,COLD
22.1,31.8,-0.1999999999999993,-5.0,0,COLD
23.9,35.9,0.09999999999999787,-5.0,1,COMFORT
36.2,43.4,-0.5,3.0,3,HOT
29.7,73.2,0.8999999999999986,-5.0,3,HOT
22.7,26.7,-1.3000000000000007,0.3999999999999986,1,COMFORT
24.1,40.5,0.9000000000000021,-2.700000000000003,2,WARM_HUMID
21.3,43.5,-0.3000000000000007,5.0,0,COLD
23.1,45.7,1.5,0.10000000000000142,1,COMFORT
27.4,49.0,0.0,0.0,3,HOT
22.8,37.1,0.3000000000000007,0.5,1,COMFORT
26.5,47.2,-0.10000000000000142,3.4000000000000057,1,COMFORT
25.5,49.0,1.5,-5.0,1,COMFORT
27.8,68.8,0.1999999999999993,-0.10000000000000853,1,COMFORT
21.3,37.3,-1.0999999999999979,2.0999999999999943,1,COMFORT
21.4,46.3,-0.8000000000000007,-2.6000000000000014,2,WARM_HUMID
23.4,35.7,0.29999999999999716,-3.5999999999999943,1,COMFORT
25.5,60.2,-0.6999999999999993,-1.1999999999999957,0,COLD
21.9,30.5,0.6999999999999993,0.0,0,COLD
22.5,32.9,0.3999999999999986,-3.1000000000000014,3,HOT
25.8,66.7,0.0,0.0,3,HOT
28.0,45.0,-0.3000000000000007,0.8999999999999986,2,WARM_HUMID
21.3,53.0,0.0,3.700000000000003,1,COMFORT
23.5,23.8,-0.3000000000000007,-5.0,1,COMFORT
30.5,63.6,0.1999999999999993,0.0,3,HOT
24.3,28.8,1.5,-5.0,3,HOT
24.2,40.0,-0.5,1.0,1,COMFORT
31.4,69.8,0.3999999999999986,3.700000000000003,2,WARM_HUMID
21.8,30.5,-1.3999999999999986,0.0,1,COMFORT
29.3,60.0,0.0,0.0,1,COMFORT
22.6,44.6,-0.3999999999999986,1.3999999999999986,2,WARM_HUMID
22.8,16.9,-0.8000000000000007,0.9999999999999982,1,COMFORT
20.8,50.4,0.0,-0.3999999999999986,0,COLD
31.0,43.0,1.5,-5.0,1,COMFORT
30.3,30.4,0.5,-1.7000000000000028,1,COMFORT
19.7,60.1,0.5,5.0,1,COMFORT
25.6,38.0,0.0,0.0,1,COMFORT
25.2,74.4,-1.1000000000000014,-5.0,1,COMFORT
23.3,59.9,0.40000000000000213,0.6999999999999957,1,COMFORT
30.7,53.1,-0.10000000000000142,-0.29999999999999716,1,COMFORT
22.6,43.3,-0.1999999999999993,0.5999999999999943,1,COMFORT
26.1,30.9,1.2000000000000028,5.0,1,COMFORT
29.7,66.0,0.09999999999999787,2.0,1,COMFORT
22.6,43.7,0.20000000000000284,-1.7999999999999972,1,COMFORT
23.8,30.3,-0.3999999999999986,-0.5,1,COMFORT
22.3,30.5,1.5,0.0,1,COMFORT
23.7,39.9,0.0,5.0,0,COLD
23.1,39.7,0.10000000000000142,-0.8999999999999986,1,COMFORT
22.5,52.2,0.0,0.0,2,WARM_HUMID
23.3,55.6,-0.1999999999999993,0.0,2,WARM_HUMID
22.7,68.7,0.3999999999999986,1.9000000000000057,2,WARM_HUMID
27.8,25.3,0.0,0.0,1,COMFORT
25.5,63.8,-0.6999999999999993,2.5999999999999943,1,COMFORT
22.2,58.5,-0.3000000000000007,1.7999999999999972,0,COLD
23.9,53.0,0.5,-5.0,2,WARM_HUMID
22.0,34.5,-0.3999999999999986,3.8000000000000007,1,COMFORT
26.3,45.0,-0.3999999999999986,1.0,3,HOT
29.9,69.3,-1.1000000000000014,-3.0,2,WARM_HUMID
30.5,28.8,0.5,0.5,2,WARM_HUMID
27.3,31.6,1.1000000000000014,0.9000000000000021,1,COMFORT
36.0,63.0,-1.0,0.0,3,HOT
21.7,31.8,-1.5,5.0,0,COLD
23.0,51.7,0.1999999999999993,1.9000000000000057,0,COLD
37.1,43.3,0.30000000000000426,-0.9000000000000057,3,HOT
25.2,28.7,0.3999999999999986,-1.9000000000000021,2,WARM_HUMID
20.8,63.2,-1.5,5.0,3,HOT
28.7,32.8,0.3999999999999986,-0.6000000000000014,1,COMFORT
25.1,51.1,0.0,0.0,1,COMFORT
25.5,38.5,1.0,-5.0,3,HOT
29.2,63.5,0.0,-0.29999999999999716,2,WARM_HUMID
20.3,56.9,0.0,0.0,1,COMFORT
21.5,55.4,0.0,0.0,1,COMFORT
25.8,45.6,-0.5,1.3000000000000043,3,HOT
22.8,43.3,-0.09999999999999787,0.29999999999999716,0,COLD
31.3,67.3,-0.1999999999999993,0.20000000000000284,1,COMFORT
20.3,37.0,1.5,-0.7000000000000028,0,COLD
23.0,52.0,0.3000000000000007,-5.0,1,COMFORT
24.2,53.0,1.5,-5.0,3,HOT
22.8,32.4,0.0,0.0,2,WARM_HUMID
24.8,58.7,1.5,-5.0,1,COMFORT
26.8,64.9,0.10000000000000142,0.5,1,COMFORT
24.2,61.4,-0.5,-5.0,0,COLD
21.5,36.7,-1.5,5.0,2,WARM_HUMID
21.2,37.4,-0.6000000000000014,1.6000000000000014,1,COMFORT
24.9,55.6,0.1999999999999993,0.0,0,COLD
23.0,48.8,1.0,-0.7000000000000028,0,COLD
24.2,54.6,0.0,0.10000000000000142,1,COMFORT
26.6,51.0,0.0,0.0,0,COLD
23.3,23.7,1.5,1.3000000000000007,3,HOT
23.5,47.6,-0.6999999999999993,1.8000000000000043,0,COLD
22.2,41.9,0.1999999999999993,-1.2000000000000028,1,COMFORT
24.1,46.9,1.5,-5.0,1,COMFORT
23.7,33.9,-0.1999999999999993,1.1999999999999957,2,WARM_HUMID
27.2,59.2,0.8000000000000007,-2.5999999999999943,2,WARM_HUMID
26.0,58.4,-0.1999999999999993,0.5,1,COMFORT
20.3,26.3,-0.5,-5.0,0,COLD
22.3,33.8,0.0,0.0,2,WARM_HUMID
19.2,68.1,0.0,2.5,1,COMFORT
24.9,45.3,-1.3000000000000007,1.5999999999999943,0,COLD
16.6,58.0,-1.1999999999999993,-2.0,0,COLD
24.1,26.9,1.4000000000000021,1.5,2,WARM_HUMID
20.0,62.0,0.0,0.0,1,COMFORT
23.7,57.0,0.5,-2.0,0,COLD
25.7,41.7,-0.5,2.5,3,HOT
24.9,44.0,1.5,-4.0,1,COMFORT
23.4,22.8,0.8999999999999986,-1.8000000000000007,3,HOT
22.4,54.0,0.0,0.0,0,COLD
25.5,47.0,0.0,0.0,3,HOT
22.8,20.9,1.1999999999999993,2.6999999999999993,0,COLD
24.2,38.5,-0.6000000000000014,1.1000000000000014,1,COMFORT
26.9,69.0,0.0,0.0,3,HOT
36.4,41.3,0.0,0.3999999999999986,2,WARM_HUMID
26.3,84.2,0.0,0.0,0,COLD
21.4,31.5,0.09999999999999787,1.3000000000000007,0,COLD
23.5,21.8,0.3000000000000007,2.6999999999999993,0,COLD
31.4,63.7,0.0,0.0,3,HOT
27.4,55.1,1.5,4.800000000000004,1,COMFORT
22.4,34.6,-0.6000000000000014,1.6000000000000014,1,COMFORT
25.2,40.0,-0.3000000000000007,-1.0,1,COMFORT
19.8,37.4,-1.5,-1.3000000000000043,1,COMFORT
26.2,65.0,-1.5,-5.0,1,COMFORT
23.0,30.7,0.3999999999999986,-0.6000000000000014,0,COLD
30.5,69.1,-0.8000000000000007,2.5,1,COMFORT
22.4,60.7,0.0,0.0,2,WARM_HUMID
26.5,41.6,-0.1999999999999993,1.5,1,COMFORT
24.2,54.0,0.0,0.7000000000000028,2,WARM_HUMID
21.8,80.3,-0.09999999999999787,1.7000000000000028,1,COMFORT
21.5,59.8,0.0,0.0,3,HOT
25.3,46.0,1.5,-1.0,2,WARM_HUMID
23.6,41.6,1.5,-1.1000000000000014,1,COMFORT
29.3,29.8,0.1999999999999993,0.0,1,COMFORT
23.2,58.0,0.0,1.0,1,COMFORT
28.8,65.0,0.0,0.0,1,COMFORT
25.6,48.2,0.0,0.0,0,COLD
21.8,63.7,0.10000000000000142,1.0,1,COMFORT
14.0,57.4,0.0,-0.8999999999999986,0,COLD
28.0,61.0,0.0,0.0,0,COLD
21.8,57.4,0.0,0.0,0,COLD
23.1,45.5,0.10000000000000142,-0.29999999999999716,1,COMFORT
27.0,37.3,1.5,-5.0,2,WARM_HUMID
28.0,36.9,0.3999999999999986,-3.8999999999999986,3,HOT
30.7,28.2,0.0,0.6999999999999993,0,COLD
28.9,44.9,-0.40000000000000213,1.6000000000000014,2,WARM_HUMID
25.5,60.0,1.5,-1.0,1,COMFORT
28.3,55.8,1.3000000000000007,0.19999999999999574,3,HOT
22.3,59.7,-1.5,4.300000000000004,0,COLD
34.2,47.2,0.10000000000000142,0.7000000000000028,3,HOT
25.6,62.7,-0.3999999999999986,2.3000000000000043,1,COMFORT
26.8,81.2,1.0,1.0,2,WARM_HUMID
25.1,57.0,0.0,0.0,1,COMFORT
31.4,63.7,-0.6000000000000014,4.600000000000001,3,HOT
11.6,56.0,-0.5999999999999996,0.0,0,COLD
23.3,51.0,-0.5999999999999979,3.1000000000000014,1,COMFORT
25.7,49.6,0.6999999999999993,-0.7999999999999972,1,COMFORT
27.9,81.6,-0.8000000000000007,1.5999999999999943,2,WARM_HUMID
24.1,37.9,0.0,-1.6000000000000014,2,WARM_HUMID
21.8,34.3,-1.5,5.0,1,COMFORT
22.3,55.4,0.0,0.0,0,COLD
22.7,40.5,-0.9000000000000021,5.0,3,HOT
25.4,62.0,-0.40000000000000213,-0.5,1,COMFORT
18.6,37.7,-1.5,5.0,1,COMFORT
26.4,87.0,0.5,-1.2999999999999972,1,COMFORT
23.6,29.0,-1.5,2.0,0,COLD
31.2,60.1,-0.1999999999999993,-0.6000000000000014,1,COMFORT
23.0,38.5,-0.10000000000000142,0.29999999999999716,1,COMFORT
30.0,85.0,-1.5,-1.0,2,WARM_HUMID
23.0,22.9,0.0,0.0,1,COMFORT
24.1,54.5,0.6000000000000014,-2.1000000000000014,1,COMFORT
22.8,66.0,0.0,5.0,1,COMFORT
24.4,65.6,0.29999999999999716,-5.0,1,COMFORT
20.8,33.7,0.40000000000000213,-0.5999999999999943,0,COLD
29.8,43.7,-0.09999999999999787,1.0,1,COMFORT
24.1,69.7,0.0,0.0,1,COMFORT
21.4,45.6,0.29999999999999716,-1.7999999999999972,0,COLD
30.6,64.6,0.20000000000000284,0.9999999999999929,2,WARM_HUMID
20.1,27.4,-1.0,-5.0,1,COMFORT
29.0,22.5,0.3999999999999986,-1.6000000000000014,1,COMFORT
30.0,74.5,0.0,4.400000000000006,1,COMFORT
25.7,61.5,-0.5,3.6000000000000014,1,COMFORT
23.0,48.6,-1.5,5.0,1,COMFORT
22.2,41.9,-0.40000000000000213,-0.3999999999999986,0,COLD
32.1,40.6,0.0,5.0,2,WARM_HUMID
24.1,39.6,-1.5,4.100000000000001,1,COMFORT
20.7,41.7,0.5999999999999979,5.0,1,COMFORT
27.2,83.6,0.3999999999999986,2.3999999999999915,2,WARM_HUMID
24.3,38.0,1.5,-3.6000000000000014,1,COMFORT
20.3,22.4,0.3000000000000007,0.0,1,COMFORT
21.3,49.3,1.5,-2.8000000000000043,0,COLD
23.5,23.4,0.0,0.09999999999999787,2,WARM_HUMID
18.9,50.5,-1.5,5.0,0,COLD
24.1,38.8,0.0,0.0,1,COMFORT
22.7,55.6,0.0,0.0,1,COMFORT
21.6,40.6,0.0,0.0,0,COLD
21.0,39.6,-0.10000000000000142,1.7000000000000028,0,COLD
23.6,61.8,-0.8999999999999986,4.399999999999999,2,WARM_HUMID
29.8,76.4,0.8000000000000007,4.200000000000003,2,WARM_HUMID
33.0,42.8,0.5,0.5999999999999943,3,HOT
23.2,24.0,0.0,0.0,1,COMFORT
24.0,21.3,0.10000000000000142,1.3000000000000007,1,COMFORT
24.1,48.2,0.5,-0.8999999999999986,2,WARM_HUMID
30.3,54.6,-0.3999999999999986,-4.600000000000001,2,WARM_HUMID
21.2,50.8,-1.5,5.0,3,HOT
21.7,36.3,0.3999999999999986,-4.0,0,COLD
29.0,36.0,0.0,0.0,2,WARM_HUMID
21.4,27.2,-0.40000000000000213,-1.3000000000000007,0,COLD
29.8,75.9,0.10000000000000142,-0.3999999999999915,1,COMFORT
21.8,34.0,0.40000000000000213,-0.7999999999999972,0,COLD
25.7,40.8,-0.10000000000000142,-0.7000000000000028,1,COMFORT
23.6,47.0,0.7000000000000028,-1.0,0,COLD
22.8,32.9,-0.09999999999999787,-1.8999999999999986,1,COMFORT
29.9,34.0,0.0,0.0,0,COLD
17.8,47.4,-1.5,2.8999999999999986,0,COLD
22.9,37.0,-0.5,5.0,0,COLD
24.2,49.4,0.6999999999999993,-1.3999999999999986,1,COMFORT
28.2,52.2,0.09999999999999787,-0.5999999999999943,3,HOT
25.8,19.3,0.0,0.0,0,COLD
28.0,51.0,0.0,0.0,0,COLD
23.6,60.4,0.0,0.0,3,HOT
26.8,32.3,0.0,0.0,1,COMFORT
25.4,57.0,-1.2000000000000028,1.0,0,COLD
25.8,60.9,0.5,-0.30000000000000426,1,COMFORT
20.2,53.2,-1.0,4.5,0,COLD
22.9,69.1,0.0,0.0,1,COMFORT
23.9,56.2,0.1999999999999993,-5.0,1,COMFORT
27.1,27.1,-0.29999999999999716,-1.6999999999999993,3,HOT
21.3,25.7,0.6000000000000014,-5.0,0,COLD
30.4,56.8,0.0,0.09999999999999432,3,HOT
24.1,39.0,0.0,-5.0,1,COMFORT
20.8,27.7,0.10000000000000142,-0.1999999999999993,1,COMFORT
23.3,23.8,-1.0,-1.3999999999999986,0,COLD
28.1,47.0,0.10000000000000142,-0.29999999999999716,1,COMFORT
28.6,51.3,0.3000000000000007,-2.200000000000003,3,HOT
23.9,43.6,-0.8000000000000007,0.3999999999999986,1,COMFORT
31.9,36.0,0.6999999999999993,4.5,3,HOT
20.1,58.9,-1.5,5.0,2,WARM_HUMID
22.0,27.6,-1.5,5.0,1,COMFORT
24.8,72.6,-0.3999999999999986,-1.8000000000000114,0,COLD
25.7,60.7,1.5,-1.7999999999999972,2,WARM_HUMID
26.7,45.0,0.0,0.0,0,COLD
20.1,63.8,0.0,0.0,1,COMFORT
25.8,59.1,0.0,0.0,2,WARM_HUMID
23.5,27.2,-1.3999999999999986,2.0,2,WARM_HUMID
22.6,41.0,0.0,0.0,3,HOT
19.1,45.1,0.0,0.0,1,COMFORT
28.0,43.0,1.3000000000000007,-4.0,1,COMFORT
23.3,20.3,0.5,0.6000000000000014,1,COMFORT
27.0,62.2,1.5,-3.5,1,COMFORT
22.6,19.0,0.0,-5.0,0,COLD
21.3,40.5,-0.6999999999999993,-0.7000000000000028,1,COMFORT
20.0,63.8,0.0,0.0,2,WARM_HUMID
24.3,30.3,0.10000000000000142,1.5,1,COMFORT
22.8,45.3,0.6000000000000014,-5.0,1,COMFORT
23.3,43.6,-0.3000000000000007,-5.0,0,COLD
28.3,31.9,1.5,4.899999999999999,2,WARM_HUMID
26.1,44.2,0.0,0.20000000000000284,1,COMFORT
22.0,22.6,0.1999999999999993,-5.0,3,HOT
21.8,26.4,-0.5999999999999979,0.3999999999999986,2,WARM_HUMID
28.8,76.1,-0.8999999999999986,4.8999999999999915,1,COMFORT
27.7,46.5,0.0,-0.20000000000000284,1,COMFORT
25.1,34.1,-0.09999999999999787,0.8000000000000043,0,COLD
21.5,25.1,0.3000000000000007,-3.3999999999999986,0,COLD
23.3,26.7,-0.09999999999999787,0.0,0,COLD
22.2,24.3,-1.1999999999999993,-2.599999999999998,3,HOT
23.1,52.1,0.5,-0.8999999999999986,1,COMFORT
24.4,25.8,1.5,-5.0,1,COMFORT
21.7,30.5,0.5,0.0,1,COMFORT
19.4,44.8,-0.9000000000000021,2.0,2,WARM_HUMID
22.6,35.7,0.6000000000000014,1.2000000000000028,0,COLD
21.0,30.5,0.8999999999999986,-5.0,3,HOT
23.0,22.5,0.3000000000000007,2.3000000000000007,1,COMFORT
33.5,53.4,0.10000000000000142,-0.10000000000000142,2,WARM_HUMID
26.2,31.2,-0.3000000000000007,-1.1999999999999993,1,COMFORT
31.4,27.8,-0.20000000000000284,0.0,2,WARM_HUMID
11.0,68.0,-1.0,0.0,0,COLD
22.3,40.0,-0.6999999999999993,-0.10000000000000142,1,COMFORT
32.1,63.5,-0.10000000000000142,0.20000000000000284,2,WARM_HUMID
23.7,48.7,0.8999999999999986,-4.5,2,WARM_HUMID
20.4,39.9,0.7999999999999972,-4.200000000000003,3,HOT
31.0,21.0,1.5,-5.0,2,WARM_HUMID
26.2,73.0,-0.3000000000000007,-1.4000000000000057,0,COLD
20.6,50.7,-1.5,-5.0,0,COLD
28.3,57.0,0.0,0.0,3,HOT
25.3,39.7,1.5,-5.0,1,COMFORT
34.0,79.5,1.5,5.0,3,HOT
22.0,49.6,0.0,0.0,1,COMFORT
21.8,35.8,1.1999999999999993,-5.0,1,COMFORT
26.0,80.8,0.0,1.0,2,WARM_HUMID
23.8,54.7,-1.3999999999999986,-5.0,1,COMFORT
25.1,25.7,0.6000000000000014,2.099999999999998,2,WARM_HUMID
24.6,53.2,-0.7999999999999972,5.0,2,WARM_HUMID
22.5,36.0,0.0,0.0,1,COMFORT
25.8,66.2,0.0,0.0,1,COMFORT
18.7,52.0,0.0,0.0,1,COMFORT
25.5,42.6,-1.5,5.0,2,WARM_HUMID
26.9,57.0,0.0,0.0,1,COMFORT
29.1,42.7,0.0,-3.5999999999999943,2,WARM_HUMID
26.8,18.7,0.9000000000000021,2.0,1,COMFORT
24.7,55.7,-0.40000000000000213,0.30000000000000426,2,WARM_HUMID
11.6,27.3,-1.5,-1.5,0,COLD
22.9,32.3,-1.5,3.9999999999999964,1,COMFORT
21.3,54.9,0.1999999999999993,-1.3999999999999986,1,COMFORT
19.2,41.3,0.8000000000000007,-4.800000000000004,1,COMFORT
30.8,65.7,0.0,0.0,2,WARM_HUMID
27.3,69.5,0.0,-0.5999999999999943,0,COLD
23.2,23.1,0.0,0.0,2,WARM_HUMID
27.1,26.3,1.5,4.400000000000002,2,WARM_HUMID
21.1,28.0,0.3000000000000007,-3.1999999999999993,0,COLD
20.4,43.8,-0.10000000000000142,-0.6000000000000014,0,COLD
22.8,22.4,-0.5,0.0,3,HOT
23.1,55.5,0.0,0.0,3,HOT
22.9,46.7,1.1999999999999993,-5.0,0,COLD
22.5,38.6,-0.10000000000000142,-5.0,1,COMFORT
24.3,76.6,0.10000000000000142,-0.30000000000001137,1,COMFORT
24.5,39.2,1.3000000000000007,-5.0,1,COMFORT
20.5,52.0,-1.5,0.0,0,COLD
23.7,62.1,1.1999999999999993,-5.0,1,COMFORT
21.6,71.8,0.0,0.0,3,HOT
23.5,19.5,0.6999999999999993,-1.1999999999999993,1,COMFORT
34.9,47.8,-0.7000000000000028,5.0,3,HOT
26.5,59.0,-1.5,-4.0,1,COMFORT
29.4,59.3,1.5,-5.0,2,WARM_HUMID
31.0,66.1,0.0,-0.7000000000000028,1,COMFORT
24.3,34.7,1.1000000000000014,-1.5999999999999943,2,WARM_HUMID
15.6,68.0,0.29999999999999893,-2.0,0,COLD
21.0,39.4,-1.5,2.3999999999999986,1,COMFORT
23.5,44.8,1.1000000000000014,5.0,1,COMFORT
23.0,53.9,-1.1000000000000014,0.6999999999999957,3,HOT
19.7,50.1,0.0,0.0,1,COMFORT
25.3,22.0,1.5,-1.5,1,COMFORT
21.6,60.4,0.0,0.0,0,COLD
22.0,61.6,0.0,0.0,3,HOT
24.1,30.5,1.0,0.0,1,COMFORT
20.2,63.3,0.0,0.0,1,COMFORT
22.4,34.5,-0.20000000000000284,4.699999999999999,0,COLD
28.0,76.0,0.0,0.0,1,COMFORT
30.4,51.8,0.3999999999999986,-1.4000000000000057,2,WARM_HUMID
13.4,24.1,-1.1999999999999993,-5.0,0,COLD
23.7,53.4,0.0,0.0,1,COMFORT
26.5,38.7,1.5,-5.0,3,HOT
25.5,39.3,-1.5,-5.0,1,COMFORT
22.4,43.7,0.3999999999999986,-0.6999999999999957,1,COMFORT
23.9,26.7,0.09999999999999787,0.5999999999999979,3,HOT
23.5,22.6,0.10000000000000142,-0.29999999999999716,2,WARM_HUMID
29.1,21.1,0.40000000000000213,-0.29999999999999716,0,COLD
23.3,55.0,0.10000000000000142,2.0,0,COLD
24.7,46.3,-1.5,5.0,2,WARM_HUMID
31.7,31.5,0.8000000000000007,-0.7000000000000028,2,WARM_HUMID
23.6,23.1,-0.5999999999999979,-5.0,1,COMFORT
21.3,26.9,0.5,0.5999999999999979,1,COMFORT
21.3,28.0,-1.5,-1.3999999999999986,0,COLD
24.9,25.3,1.0999999999999979,2.1000000000000014,3,HOT
23.6,42.4,0.0,-0.5,1,COMFORT
24.6,26.3,-0.29999999999999716,0.8000000000000007,2,WARM_HUMID
31.1,69.2,-0.3999999999999986,0.9000000000000057,3,HOT
21.6,30.4,0.20000000000000284,1.1999999999999993,2,WARM_HUMID
21.1,48.3,0.6000000000000014,0.8999999999999986,1,COMFORT
22.9,54.4,0.29999999999999716,-2.8000000000000043,1,COMFORT
23.8,58.2,0.3000000000000007,0.30000000000000426,2,WARM_HUMID
19.8,37.1,0.0,0.0,2,WARM_HUMID
29.0,52.0,0.0,0.0,0,COLD
26.6,49.0,1.0,2.799999999999997,2,WARM_HUMID
28.7,62.9,0.0,0.0,2,WARM_HUMID
23.7,75.4,0.5,3.1000000000000085,1,COMFORT
23.7,47.8,1.5,-0.7000000000000028,1,COMFORT
26.2,61.0,0.0,0.0,1,COMFORT
27.3,62.5,0.0,2.200000000000003,3,HOT
27.6,46.0,0.0,3.0,0,COLD
20.5,36.3,-1.1000000000000014,3.3999999999999986,0,COLD
20.4,43.2,-0.40000000000000213,-1.2999999999999972,1,COMFORT
23.3,22.4,0.40000000000000213,0.0,0,COLD
25.7,48.7,0.0,5.0,0,COLD
23.4,49.2,-0.20000000000000284,-1.6999999999999957,1,COMFORT
21.1,42.0,-0.29999999999999716,5.0,2,WARM_HUMID
22.2,29.9,0.3999999999999986,-1.0,1,COMFORT
25.6,35.0,0.0,0.0,1,COMFORT
20.7,57.0,-0.8000000000000007,4.0,0,COLD
27.1,31.5,-0.5,5.0,2,WARM_HUMID
23.5,23.4,-0.10000000000000142,0.09999999999999787,2,WARM_HUMID
23.1,53.4,0.0,0.0,1,COMFORT
24.7,72.9,-0.9000000000000021,2.5,2,WARM_HUMID
25.9,66.7,0.0,0.0,0,COLD
22.3,34.9,0.40000000000000213,-3.6000000000000014,1,COMFORT
22.1,81.3,0.0,0.0,0,COLD
24.9,59.7,0.0,0.0,0,COLD
30.1,60.7,0.0,-1.0999999999999943,3,HOT
20.7,65.8,0.0,0.0,1,COMFORT
27.8,31.8,1.5,4.100000000000001,3,HOT
21.7,48.3,-1.5,5.0,3,HOT
30.3,72.0,0.10000000000000142,4.0,2,WARM_HUMID
20.2,75.0,-1.1999999999999993,5.0,1,COMFORT
22.4,28.5,0.3999999999999986,0.3000000000000007,3,HOT
22.9,39.3,0.29999999999999716,-0.10000000000000142,1,COMFORT
28.3,87.5,0.6000000000000014,1.5,3,HOT
28.0,67.0,0.0,0.0,1,COMFORT
25.1,29.3,-1.5,5.0,2,WARM_HUMID
23.6,32.6,-0.3999999999999986,-0.10000000000000142,0,COLD
20.4,38.7,0.0,1.3000000000000043,1,COMFORT
23.2,53.5,0.0,0.0,0,COLD
23.8,53.8,1.5,5.0,2,WARM_HUMID
22.4,31.3,0.1999999999999993,-1.3000000000000007,2,WARM_HUMID
25.8,66.7,0.0,0.0,2,WARM_HUMID
35.3,28.0,-0.20000000000000284,-1.0,3,HOT
25.7,64.0,-1.5,5.0,2,WARM_HUMID
18.7,47.7,-0.10000000000000142,-0.29999999999999716,3,HOT
21.7,27.7,1.3000000000000007,-5.0,1,COMFORT
22.7,52.7,0.5,0.9000000000000057,1,COMFORT
29.7,80.3,0.5,0.20000000000000284,1,COMFORT
29.6,79.1,0.0,0.29999999999999716,1,COMFORT
26.0,23.8,1.5,-3.8999999999999986,1,COMFORT
27.8,89.3,-0.5999999999999979,5.0,0,COLD
22.5,18.8,0.0,-1.5,3,HOT
21.5,44.4,0.3000000000000007,-0.3999999999999986,2,WARM_HUMID
27.4,24.0,0.5999999999999979,0.0,0,COLD
31.3,30.0,1.1999999999999993,2.3999999999999986,3,HOT
26.9,28.7,1.0999999999999979,-5.0,3,HOT
21.4,30.6,1.5,-5.0,1,COMFORT
24.0,28.9,0.0,2.299999999999997,1,COMFORT
24.5,27.0,-0.1999999999999993,1.0,1,COMFORT
25.3,38.0,1.1000000000000014,-1.0,2,WARM_HUMID
29.7,75.7,-1.5,5.0,1,COMFORT
21.9,34.2,-1.5,5.0,2,WARM_HUMID
18.2,37.6,-1.5,0.0,1,COMFORT
28.4,71.0,0.0,0.0,3,HOT
29.3,48.0,0.5,0.0,1,COMFORT
24.3,62.2,-0.3999999999999986,1.5,1,COMFORT
24.8,47.5,0.9000000000000021,5.0,2,WARM_HUMID
24.3,60.1,0.6000000000000014,-1.3999999999999986,1,COMFORT
24.8,58.0,-1.0999999999999979,2.0,1,COMFORT
26.8,64.0,0.0,0.0,3,HOT
22.3,43.8,0.6999999999999993,-2.1000000000000014,2,WARM_HUMID
27.0,43.0,0.0,0.0,0,COLD
20.6,34.9,-1.0,-3.700000000000003,2,WARM_HUMID
22.9,37.8,-1.5,-0.9000000000000057,1,COMFORT
29.6,82.8,0.10000000000000142,-0.9000000000000057,2,WARM_HUMID
22.7,25.3,-0.6000000000000014,-4.599999999999998,3,HOT
13.0,72.0,-1.0,0.0,0,COLD
21.5,30.0,-0.6000000000000014,-5.0,0,COLD
23.4,39.4,1.5,3.299999999999997,1,COMFORT
28.1,49.6,1.3000000000000007,-5.0,1,COMFORT
25.9,35.0,0.5,-0.20000000000000284,3,HOT
22.7,47.3,0.09999999999999787,-1.3000000000000043,0,COLD
25.4,74.8,-0.20000000000000284,-1.6000000000000085,1,COMFORT
28.5,32.2,1.5,-1.5,2,WARM_HUMID
22.5,31.8,-0.10000000000000142,-5.0,3,HOT
22.7,62.5,0.0,-0.20000000000000284,3,HOT
25.7,53.1,1.3000000000000007,-3.299999999999997,2,WARM_HUMID
25.9,55.6,-1.2000000000000028,0.8000000000000043,1,COMFORT
25.3,73.4,1.5,-1.0999999999999943,2,WARM_HUMID
23.6,35.6,-1.0999999999999979,3.8000000000000007,1,COMFORT
22.9,71.3,0.29999999999999716,-0.7000000000000028,1,COMFORT
26.0,79.8,0.3999999999999986,3.0,2,WARM_HUMID
24.8,58.0,0.0,0.0,0,COLD
22.5,42.9,-1.0,-0.7000000000000028,1,COMFORT
22.6,34.5,-0.6999999999999993,1.6000000000000014,1,COMFORT
31.0,29.3,0.8000000000000007,0.0,3,HOT
20.8,49.3,1.1999999999999993,-5.0,0,COLD
25.2,64.0,0.0,0.0,0,COLD
22.6,62.5,0.10000000000000142,-0.3999999999999986,1,COMFORT
22.4,24.0,-0.3000000000000007,-1.5,1,COMFORT
21.9,31.8,0.1999999999999993,-3.9999999999999964,3,HOT
22.6,36.7,1.0,-2.1999999999999957,1,COMFORT
26.6,22.3,0.8000000000000007,-3.099999999999998,3,HOT
22.4,43.7,-1.5,2.3000000000000043,1,COMFORT
24.0,31.3,0.6999999999999993,0.3000000000000007,2,WARM_HUMID
29.9,73.7,1.0,-4.099999999999994,2,WARM_HUMID
23.9,61.2,-0.8000000000000007,-0.6999999999999957,1,COMFORT
21.4,53.6,1.5,-5.0,0,COLD
23.4,62.0,0.0,0.0,2,WARM_HUMID
25.6,34.8,-0.3999999999999986,5.0,3,HOT
23.6,39.9,0.40000000000000213,5.0,3,HOT
22.4,64.3,-0.40000000000000213,2.0999999999999943,1,COMFORT
20.8,40.7,-1.5,5.0,0,COLD
24.8,65.6,-0.1999999999999993,-3.200000000000003,2,WARM_HUMID
31.0,50.0,-1.5,5.0,2,WARM_HUMID
25.3,16.8,0.0,0.0,2,WARM_HUMID
21.1,23.5,-0.6999999999999993,3.8000000000000007,0,COLD
25.7,37.5,1.5,-4.600000000000001,2,WARM_HUMID
24.1,37.0,0.0,0.0,1,COMFORT
26.6,35.0,0.0,0.0,0,COLD
22.9,42.6,-0.10000000000000142,1.2000000000000028,2,WARM_HUMID
24.1,46.0,-0.5999999999999979,-1.0,0,COLD
23.4,46.4,0.7999999999999972,4.199999999999996,0,COLD
12.2,65.7,-0.6000000000000014,-0.7999999999999972,0,COLD
22.0,38.4,-1.1999999999999993,3.5,1,COMFORT
22.4,50.6,0.0,0.8000000000000043,1,COMFORT
20.7,34.7,0.0,0.7000000000000028,0,COLD
24.3,53.0,0.10000000000000142,-1.0,0,COLD
24.1,49.1,1.5,-1.6000000000000014,3,HOT
24.5,56.5,0.10000000000000142,0.20000000000000284,1,COMFORT
23.1,57.6,0.0,0.8000000000000043,1,COMFORT
24.7,25.6,1.5,-4.0,3,HOT
22.0,45.5,-0.8000000000000007,1.2000000000000028,1,COMFORT
28.2,52.2,0.09999999999999787,-0.5999999999999943,2,WARM_HUMID
24.1,62.7,0.0,0.0,1,COMFORT
22.6,70.6,0.0,4.299999999999997,0,COLD
23.1,59.7,0.10000000000000142,-0.5999999999999943,2,WARM_HUMID
26.0,57.7,0.0,0.0,1,COMFORT
27.7,54.5,0.3000000000000007,-0.5,2,WARM_HUMID
24.1,52.3,-1.5,5.0,1,COMFORT
25.8,59.1,0.0,0.0,3,HOT
21.0,54.6,-1.5,0.0,0,COLD
23.1,44.5,-0.1999999999999993,-5.0,1,COMFORT
19.8,64.6,-1.5,5.0,0,COLD
19.3,28.0,0.0,0.0,0,COLD
30.2,71.6,1.0,-3.6000000000000085,1,COMFORT
23.9,46.1,-0.10000000000000142,-3.6999999999999957,1,COMFORT
23.1,24.7,0.7000000000000028,-5.0,0,COLD
22.5,44.2,-0.5,0.0,1,COMFORT
25.7,45.0,0.0,0.0,0,COLD
20.2,42.6,0.5,1.5,1,COMFORT
24.8,51.9,-1.1999999999999993,5.0,1,COMFORT
22.1,47.3,0.0,0.0,1,COMFORT
23.9,26.5,-0.20000000000000284,4.600000000000001,2,WARM_HUMID
27.0,70.0,0.0,0.0,1,COMFORT
23.9,67.0,0.0,0.0,0,COLD
22.9,54.7,-1.3000000000000007,4.5,1,COMFORT
24.5,45.1,0.8999999999999986,5.0,1,COMFORT
23.0,38.4,-0.10000000000000142,0.8999999999999986,1,COMFORT
24.0,53.9,-1.1000000000000014,2.8999999999999986,1,COMFORT
20.2,38.0,-0.8000000000000007,1.7000000000000028,1,COMFORT
25.8,66.2,0.0,0.0,1,COMFORT
23.1,61.9,0.0,0.0,1,COMFORT
23.4,74.0,1.5,4.0,0,COLD
22.7,38.0,-0.5,-5.0,0,COLD
11.0,50.3,0.0,-0.5,0,COLD
20.6,17.9,-0.29999999999999716,-1.1000000000000014,2,WARM_HUMID
21.8,36.6,1.5,5.0,1,COMFORT
23.7,54.0,0.5,-2.0,1,COMFORT
23.3,48.7,0.0,0.30000000000000426,0,COLD
26.4,43.0,-0.8000000000000007,-5.0,2,WARM_HUMID
31.1,51.8,0.10000000000000142,-1.6000000000000014,1,COMFORT
21.8,37.7,1.5,-4.399999999999999,1,COMFORT
22.4,54.0,0.0,0.0,1,COMFORT
21.9,59.0,0.0,0.0,1,COMFORT
25.7,44.9,1.5,-4.600000000000001,0,COLD
28.8,77.7,-0.09999999999999787,0.0,1,COMFORT
25.6,67.6,0.10000000000000142,0.09999999999999432,1,COMFORT
30.0,78.0,1.5,-5.0,3,HOT
25.3,42.8,-1.5,1.7999999999999972,3,HOT
23.5,36.1,-0.10000000000000142,5.0,1,COMFORT
23.0,65.0,0.0,0.0,1,COMFORT
23.2,60.8,0.0,-0.7000000000000028,1,COMFORT
19.7,60.8,0.1999999999999993,-0.6000000000000014,0,COLD
20.2,76.2,0.0,0.0,1,COMFORT
24.1,62.0,-1.3999999999999986,4.600000000000001,3,HOT
23.7,48.0,0.3999999999999986,-1.0,0,COLD
21.2,66.9,-0.40000000000000213,2.3000000000000114,1,COMFORT
26.1,46.6,0.5,-2.799999999999997,1,COMFORT
26.8,47.9,1.5,5.0,0,COLD
21.9,57.2,-1.5,5.0,1,COMFORT
23.2,26.2,-0.3000000000000007,-5.0,2,WARM_HUMID
22.8,37.6,0.3000000000000007,0.7000000000000028,1,COMFORT
22.2,45.8,-0.9000000000000021,2.0999999999999943,0,COLD
28.3,76.0,-0.8000000000000007,4.0,0,COLD
28.9,55.0,0.0,0.0,0,COLD
21.5,32.3,0.3000000000000007,-2.5,1,COMFORT
23.4,49.5,0.5,-0.29999999999999716,1,COMFORT
21.4,28.0,-0.10000000000000142,0.0,0,COLD
30.2,58.0,0.6999999999999993,5.0,2,WARM_HUMID
24.1,48.0,0.0,0.0,1,COMFORT
29.7,75.4,0.3000000000000007,-0.09999999999999432,1,COMFORT
37.9,19.7,1.5,-5.0,1,COMFORT
29.2,56.8,0.0,0.0,1,COMFORT
29.2,38.7,0.3000000000000007,0.5,3,HOT
27.5,67.6,0.0,0.0,2,WARM_HUMID
23.8,51.2,0.10000000000000142,0.0,1,COMFORT
21.6,60.3,-0.29999999999999716,3.0999999999999943,1,COMFORT
23.2,42.6,0.6999999999999993,-1.1999999999999957,1,COMFORT
23.8,32.2,1.5,-2.5,3,HOT
24.9,51.7,0.29999999999999716,-5.0,0,COLD
25.6,11.8,1.5,-0.5999999999999996,1,COMFORT
24.4,44.5,-0.8000000000000007,1.7999999999999972,0,COLD
11.5,82.0,-1.5,5.0,0,COLD
29.6,47.0,0.0,0.0,2,WARM_HUMID
28.0,28.5,1.5,-5.0,2,WARM_HUMID
26.3,71.0,0.0,0.0,0,COLD
21.7,60.3,0.0,0.0,2,WARM_HUMID
20.6,35.9,-0.29999999999999716,3.3999999999999986,0,COLD
25.8,62.5,0.0,-1.3999999999999986,1,COMFORT
31.5,59.0,0.0,0.0,0,COLD
28.1,58.0,-0.6999999999999993,1.0,1,COMFORT
20.8,58.6,-0.3000000000000007,0.0,0,COLD
22.7,29.7,0.0,0.0,2,WARM_HUMID
30.6,25.5,1.3000000000000007,-3.3000000000000007,1,COMFORT
20.9,42.5,-0.7000000000000028,-3.700000000000003,3,HOT
28.2,51.1,-1.5,-5.0,1,COMFORT
32.1,67.4,0.5,-5.0,3,HOT
29.3,62.0,0.0,-2.0,1,COMFORT
23.6,55.6,-0.29999999999999716,0.0,1,COMFORT
25.6,27.0,-0.5,0.0,1,COMFORT
18.8,62.8,-1.5,5.0,0,COLD
26.1,84.6,-1.2999999999999972,-4.200000000000003,1,COMFORT
27.0,65.2,0.10000000000000142,-0.20000000000000284,0,COLD
32.1,69.2,0.10000000000000142,-0.09999999999999432,2,WARM_HUMID
19.9,56.1,0.0,0.0,2,WARM_HUMID
19.8,41.9,-1.5,-3.0,2,WARM_HUMID
23.1,51.5,-0.09999999999999787,-0.7000000000000028,0,COLD
30.2,76.2,0.0,0.0,1,COMFORT
28.6,27.8,0.10000000000000142,2.0,1,COMFORT
23.4,27.8,-0.9000000000000021,2.1999999999999993,0,COLD
22.6,49.0,-0.29999999999999716,1.0,0,COLD
28.4,56.5,0.09999999999999787,2.200000000000003,1,COMFORT
21.7,29.3,0.0,-0.8999999999999986,1,COMFORT
30.7,25.2,-0.6000000000000014,0.3000000000000007,2,WARM_HUMID
25.0,60.4,0.1999999999999993,-1.1000000000000014,3,HOT
27.4,34.8,0.6999999999999993,-5.0,1,COMFORT
24.3,45.9,0.0,0.0,3,HOT
25.3,30.9,0.10000000000000142,0.5,2,WARM_HUMID
20.3,62.0,0.6999999999999993,2.299999999999997,1,COMFORT
27.4,39.0,0.0,0.0,0,COLD
22.0,67.3,-0.3000000000000007,5.0,0,COLD
29.9,62.4,0.29999999999999716,1.1000000000000014,3,HOT
23.0,33.7,-0.8000000000000007,2.900000000000002,0,COLD
22.4,25.5,0.3999999999999986,-1.5,3,HOT
30.2,74.2,0.0,-0.7000000000000028,2,WARM_HUMID
23.4,68.0,1.0999999999999979,3.0,1,COMFORT
23.5,48.1,-1.5,-1.2999999999999972,1,COMFORT
20.4,57.6,0.0,0.0,3,HOT
32.3,46.8,0.49999999999999645,-0.9000000000000057,2,WARM_HUMID
16.9,57.0,-1.5,5.0,0,COLD
22.7,32.4,-0.6000000000000014,0.6999999999999993,0,COLD
28.3,79.0,0.10000000000000142,2.0,2,WARM_HUMID
24.0,27.1,0.6000000000000014,-1.7999999999999972,3,HOT
20.9,69.0,0.5999999999999979,1.0,1,COMFORT
18.6,29.3,-1.5,-5.0,3,HOT
23.4,27.1,-0.40000000000000213,0.10000000000000142,2,WARM_HUMID
22.7,55.6,0.0,0.0,1,COMFORT
22.2,53.4,0.1999999999999993,-3.0,1,COMFORT
24.8,52.7,0.10000000000000142,-0.8999999999999986,1,COMFORT
28.2,44.0,0.0,0.0,2,WARM_HUMID
22.0,56.4,-0.10000000000000142,5.0,1,COMFORT
21.1,39.0,0.0,0.0,1,COMFORT
22.6,38.3,-0.1999999999999993,5.0,1,COMFORT
22.9,43.4,-0.10000000000000142,2.0,3,HOT
30.7,55.0,0.0,0.0,3,HOT
29.1,17.9,-1.2999999999999972,-5.0,1,COMFORT
25.7,59.5,0.0,0.0,1,COMFORT
21.0,42.2,-0.3000000000000007,-0.7999999999999972,1,COMFORT
16.9,53.1,-0.5,-0.5,2,WARM_HUMID
28.1,52.8,0.20000000000000284,-0.8000000000000043,1,COMFORT
28.7,40.8,0.0,0.0,1,COMFORT
22.2,42.3,-1.1000000000000014,-2.1000000000000014,3,HOT
22.5,34.8,0.3999999999999986,0.8999999999999986,1,COMFORT
28.5,57.5,0.6000000000000014,-4.700000000000003,0,COLD
23.6,19.0,0.0,0.0,1,COMFORT
21.1,41.9,-1.0,5.0,0,COLD
18.9,55.0,0.0,0.0,1,COMFORT
24.1,26.9,-0.1999999999999993,-5.0,1,COMFORT
28.9,61.0,0.09999999999999787,2.0,1,COMFORT
21.4,37.0,0.0,0.0,1,COMFORT
24.6,21.4,-0.5999999999999979,0.3999999999999986,1,COMFORT
31.5,69.4,0.0,0.0,3,HOT
32.1,64.9,0.20000000000000284,0.9000000000000057,1,COMFORT
23.9,35.5,0.29999999999999716,0.7000000000000028,3,HOT
24.1,69.6,0.0,0.0,0,COLD
26.9,39.3,1.5,-5.0,1,COMFORT
25.8,57.7,0.0,0.0,0,COLD
29.2,41.9,1.5,-5.0,1,COMFORT
21.7,70.3,-1.1999999999999993,5.0,0,COLD
23.6,39.4,-1.5,5.0,2,WARM_HUMID
21.9,24.3,-0.40000000000000213,-3.099999999999998,1,COMFORT
22.2,50.3,-0.6999999999999993,1.6999999999999957,2,WARM_HUMID
23.4,22.4,-1.5,0.0,0,COLD
23.5,30.5,0.0,-1.7000000000000028,2,WARM_HUMID
22.7,29.7,0.0,0.0,1,COMFORT
19.9,79.0,-1.4000000000000021,-1.0,1,COMFORT
22.8,33.5,-0.6999999999999993,-5.0,0,COLD
28.3,67.0,0.0,0.0,1,COMFORT
22.3,22.4,-1.0999999999999979,0.0,2,WARM_HUMID
20.9,48.1,0.0,0.0,2,WARM_HUMID
26.8,60.3,0.1999999999999993,0.29999999999999716,2,WARM_HUMID
22.0,35.3,0.3000000000000007,2.299999999999997,1,COMFORT
22.8,29.5,1.5,1.1000000000000014,1,COMFORT
23.5,59.5,-0.10000000000000142,-0.29999999999999716,2,WARM_HUMID
23.2,59.7,0.0,0.0,1,COMFORT
24.1,38.8,0.0,-0.6000000000000014,1,COMFORT
22.2,48.0,0.5,-0.6000000000000014,2,WARM_HUMID
24.5,57.3,0.10000000000000142,0.0,2,WARM_HUMID
22.3,26.8,-0.1999999999999993,-5.0,2,WARM_HUMID
21.8,57.4,0.0,0.0,1,COMFORT
23.7,64.0,0.0,1.0,2,WARM_HUMID
33.6,57.1,1.5,-5.0,2,WARM_HUMID
30.2,60.0,0.0,0.0,3,HOT
19.7,66.1,-1.5,5.0,1,COMFORT
26.4,68.1,0.0,-0.30000000000001137,1,COMFORT
23.9,25.7,0.6999999999999993,2.3999999999999986,1,COMFORT
25.0,25.8,1.0,2.400000000000002,1,COMFORT
25.5,57.9,0.10000000000000142,1.0,2,WARM_HUMID
24.8,26.5,0.10000000000000142,0.3000000000000007,1,COMFORT
22.2,57.3,0.0,0.0,2,WARM_HUMID
33.7,14.8,1.5,-5.0,2,WARM_HUMID
31.6,27.8,0.10000000000000142,-0.3000000000000007,2,WARM_HUMID
22.3,43.2,0.3000000000000007,-0.29999999999999716,2,WARM_HUMID
27.5,67.6,0.0,0.0,1,COMFORT
30.0,76.3,-0.10000000000000142,-1.7999999999999972,2,WARM_HUMID
23.2,59.5,0.3999999999999986,-3.1000000000000014,0,COLD
21.5,34.8,0.1999999999999993,-1.8000000000000043,0,COLD
20.8,48.3,1.5,-5.0,1,COMFORT
23.6,49.9,0.6000000000000014,5.0,1,COMFORT
28.7,67.0,0.0,0.0,0,COLD
20.7,29.6,0.0,-1.0,0,COLD
21.0,53.4,0.0,0.0,2,WARM_HUMID
19.4,51.6,0.09999999999999787,-0.10000000000000142,0,COLD
21.5,55.4,0.0,0.0,1,COMFORT
23.2,53.0,-0.10000000000000142,2.0,1,COMFORT
30.1,76.2,0.3000000000000007,-2.5999999999999943,1,COMFORT
21.0,58.3,-0.8000000000000007,-2.4000000000000057,2,WARM_HUMID
22.2,22.4,0.3999999999999986,0.0,1,COMFORT
22.1,45.0,0.0,0.0,1,COMFORT
20.9,49.3,0.0,0.0,0,COLD
21.3,40.5,-0.3000000000000007,-0.29999999999999716,0,COLD
26.8,41.6,0.0,0.30000000000000426,0,COLD
22.3,54.6,0.8000000000000007,-5.0,0,COLD
22.8,49.9,0.40000000000000213,1.7999999999999972,1,COMFORT
30.6,46.7,-0.5,5.0,2,WARM_HUMID
21.2,47.8,-0.10000000000000142,1.7999999999999972,1,COMFORT
21.3,36.5,0.3000000000000007,-3.5,3,HOT
26.9,57.0,0.0,0.0,1,COMFORT
25.3,37.1,0.1999999999999993,1.7000000000000028,1,COMFORT
21.2,60.0,0.0,0.0,0,COLD
23.0,56.8,0.0,0.0,1,COMFORT
19.9,59.2,0.0,0.0,2,WARM_HUMID
22.3,42.0,0.0,0.0,1,COMFORT
23.5,35.9,0.0,2.799999999999997,1,COMFORT
23.3,48.7,0.0,0.9000000000000057,2,WARM_HUMID
24.9,60.2,0.5999999999999979,-0.6999999999999957,1,COMFORT
22.7,65.2,-1.1999999999999993,-5.0,1,COMFORT
22.4,64.5,-0.40000000000000213,3.1000000000000014,2,WARM_HUMID
23.3,40.7,0.0,0.0,3,HOT
19.2,42.1,-0.6000000000000014,5.0,1,COMFORT
25.2,40.4,0.3999999999999986,4.299999999999997,1,COMFORT
21.4,72.3,0.0,0.0,2,WARM_HUMID
17.0,23.9,1.5,-2.0,1,COMFORT
23.6,58.7,-1.0,3.0,1,COMFORT
22.0,37.0,-1.0,2.1000000000000014,1,COMFORT
28.8,85.0,0.0,0.0,1,COMFORT
21.4,53.2,0.0,0.0,3,HOT
21.6,44.9,1.5,1.2999999999999972,2,WARM_HUMID
32.1,69.6,-0.19999999999999574,0.3999999999999915,3,HOT
23.0,66.9,0.0,-0.7999999999999972,1,COMFORT
22.5,49.1,-0.10000000000000142,1.0,0,COLD
23.0,29.7,1.0,-5.0,1,COMFORT
24.5,39.9,1.3999999999999986,-3.3000000000000043,1,COMFORT
23.2,20.7,0.0,0.0,1,COMFORT
36.1,23.6,0.8000000000000043,0.5,3,HOT
22.5,25.7,0.0,1.3999999999999986,2,WARM_HUMID
23.4,20.3,0.3999999999999986,-2.3000000000000007,0,COLD
21.6,66.1,-0.09999999999999787,5.0,1,COMFORT
23.0,48.5,0.0,0.0,3,HOT
27.7,38.0,-1.5,0.0,0,COLD
17.3,68.5,-1.5,5.0,1,COMFORT
22.9,45.0,1.0,-3.8999999999999986,3,HOT
22.9,47.3,0.09999999999999787,0.0,2,WARM_HUMID
22.8,22.5,-0.3999999999999986,-5.0,0,COLD
25.3,35.1,1.3000000000000007,-2.0,2,WARM_HUMID
22.5,62.0,0.1999999999999993,-2.0,0,COLD
22.8,28.5,-0.09999999999999787,1.5,1,COMFORT
23.1,28.3,1.5,-0.3999999999999986,1,COMFORT
21.5,25.8,-1.1999999999999993,1.5,1,COMFORT
29.6,60.0,0.0,0.0,0,COLD
26.4,36.4,1.5,5.0,2,WARM_HUMID
21.2,29.4,-1.5,-5.0,0,COLD
24.3,51.8,-0.5,0.3999999999999986,1,COMFORT
24.3,42.5,-0.1999999999999993,2.1000000000000014,1,COMFORT
24.3,70.1,-0.09999999999999787,0.3999999999999915,3,HOT
23.0,41.0,-0.10000000000000142,-5.0,1,COMFORT
22.4,66.0,0.09999999999999787,-1.2999999999999972,1,COMFORT
21.6,45.1,-1.5,5.0,2,WARM_HUMID
24.1,45.8,1.5,5.0,1,COMFORT
21.6,35.4,-0.29999999999999716,-0.8999999999999986,2,WARM_HUMID
21.0,26.0,-0.3000000000000007,3.1999999999999993,1,COMFORT
29.9,66.7,-0.20000000000000284,0.7999999999999972,3,HOT
22.3,46.0,-1.5,5.0,0,COLD
21.5,55.9,-0.3999999999999986,2.299999999999997,0,COLD
21.2,31.5,-0.3000000000000007,5.0,0,COLD
29.7,78.4,1.5,5.0,3,HOT
23.0,29.3,-1.1999999999999993,0.5,1,COMFORT
19.3,43.3,-0.8999999999999986,3.1999999999999957,0,COLD
24.7,48.9,0.0,-0.10000000000000142,1,COMFORT
22.1,75.3,-0.5999999999999979,1.5,0,COLD
23.2,27.7,0.0,0.0,0,COLD
21.9,41.5,-0.10000000000000142,-1.7999999999999972,0,COLD
20.5,53.8,-1.0,5.0,1,COMFORT
23.1,66.6,0.0,0.0,1,COMFORT
23.2,47.1,-1.5,2.8999999999999986,0,COLD
23.4,30.8,0.0,-0.8999999999999986,3,HOT
24.3,32.2,-0.3999999999999986,2.5000000000000036,2,WARM_HUMID
23.8,28.5,1.3000000000000007,1.3000000000000007,1,COMFORT
15.5,24.7,-1.5,2.1999999999999993,0,COLD
22.6,43.7,-0.29999999999999716,2.0,2,WARM_HUMID
24.0,40.6,-0.3000000000000007,1.3999999999999986,1,COMFORT
19.3,67.0,0.40000000000000213,1.0,0,COLD
30.3,65.4,-0.5999999999999979,0.6000000000000085,2,WARM_HUMID
22.2,56.3,-0.6999999999999993,1.0999999999999943,0,COLD
26.0,61.0,0.0,-5.0,0,COLD
25.0,68.8,-0.10000000000000142,1.2999999999999972,1,COMFORT
23.7,73.5,-0.3000000000000007,-0.20000000000000284,1,COMFORT
21.2,49.3,0.0,-0.9000000000000057,2,WARM_HUMID
22.1,38.5,0.3000000000000007,-3.1000000000000014,0,COLD
21.7,22.4,-1.5,0.0,1,COMFORT
24.7,76.7,-1.5,5.0,0,COLD
22.5,54.7,0.5,-1.1999999999999957,0,COLD
21.2,30.5,0.3000000000000007,0.0,2,WARM_HUMID
21.9,26.1,-0.6000000000000014,0.0,1,COMFORT
27.2,67.3,0.09999999999999787,2.5,2,WARM_HUMID
21.3,30.7,0.0,-0.6000000000000014,1,COMFORT
30.0,41.0,0.0,0.0,3,HOT
23.3,24.3,-0.6999999999999993,-3.5,3,HOT
23.8,43.9,1.1000000000000014,-3.700000000000003,2,WARM_HUMID
22.0,54.7,0.0,0.0,3,HOT
19.9,36.4,-1.5,5.0,1,COMFORT
22.4,57.9,0.8999999999999986,1.3999999999999986,0,COLD
21.9,36.0,-0.6000000000000014,0.10000000000000142,1,COMFORT
18.3,75.0,0.0,0.0,2,WARM_HUMID
22.9,39.9,1.5,-3.5,1,COMFORT
19.4,29.9,-0.6000000000000014,0.0,1,COMFORT
30.0,71.0,0.0,1.0,1,COMFORT
23.6,61.4,0.10000000000000142,-0.6000000000000014,2,WARM_HUMID
17.2,52.8,0.0,0.0,0,COLD
26.9,83.6,0.0,0.0,0,COLD
25.0,24.7,1.5,-2.3000000000000007,1,COMFORT
23.0,29.2,0.0,0.0,1,COMFORT
23.2,23.3,-0.9000000000000021,4.900000000000002,1,COMFORT
21.0,41.8,0.0,0.0,1,COMFORT
27.3,33.8,1.5,-5.0,3,HOT
22.4,36.4,-1.0,-1.5,1,COMFORT
33.8,56.7,0.3999999999999986,-5.0,1,COMFORT
12.0,78.0,0.5,5.0,0,COLD
22.0,35.0,0.6999999999999993,5.0,1,COMFORT
20.6,22.4,0.6000000000000014,0.0,0,COLD
30.6,63.6,0.3000000000000007,0.0,2,WARM_HUMID
26.7,54.5,-0.6000000000000014,5.0,1,COMFORT
21.6,33.4,0.3000000000000007,1.1000000000000014,0,COLD
27.1,56.1,0.0,0.0,2,WARM_HUMID
27.2,43.0,0.0,0.0,2,WARM_HUMID
20.2,49.7,-0.10000000000000142,-0.3999999999999986,0,COLD
22.2,45.7,0.5999999999999979,-1.1999999999999957,0,COLD
19.2,54.8,0.0,0.0,2,WARM_HUMID
24.7,46.3,0.3000000000000007,-0.8000000000000043,1,COMFORT
24.2,20.6,1.3000000000000007,-1.7999999999999972,1,COMFORT
24.4,69.3,0.3999999999999986,-0.9000000000000057,2,WARM_HUMID
23.1,29.3,0.10000000000000142,1.8000000000000007,1,COMFORT
29.9,31.3,1.3999999999999986,-0.5999999999999979,3,HOT
23.6,52.0,-0.09999999999999787,0.0,1,COMFORT
27.8,65.2,0.0,-0.8999999999999915,0,COLD
25.5,14.1,-1.5,-3.799999999999999,3,HOT
24.5,52.4,0.10000000000000142,5.0,2,WARM_HUMID
23.3,51.0,-0.5,0.0,1,COMFORT
28.7,51.2,0.1999999999999993,0.10000000000000142,1,COMFORT
33.7,65.5,-0.3999999999999986,0.20000000000000284,2,WARM_HUMID
29.4,52.0,0.0,0.0,3,HOT
20.8,53.4,0.0,0.0,0,COLD
29.6,64.0,0.10000000000000142,0.5,0,COLD
23.3,20.1,0.5,-2.099999999999998,2,WARM_HUMID
23.8,21.2,0.6000000000000014,0.09999999999999787,1,COMFORT
23.4,28.6,-0.40000000000000213,3.3000000000000007,1,COMFORT
26.9,45.0,0.0,0.0,0,COLD
22.5,31.3,0.0,2.0,0,COLD
28.9,68.8,-0.7000000000000028,-5.0,1,COMFORT
22.4,69.8,0.7999999999999972,2.3999999999999915,0,COLD
25.8,59.1,0.0,0.0,3,HOT
26.0,32.6,0.0,2.200000000000003,2,WARM_HUMID
20.8,32.9,0.0,3.299999999999997,1,COMFORT
24.3,33.9,-0.3999999999999986,0.8999999999999986,0,COLD
31.3,54.2,-0.3000000000000007,1.7000000000000028,1,COMFORT
20.6,24.6,-0.6999999999999993,1.8000000000000007,1,COMFORT
21.0,32.5,-0.10000000000000142,-1.0,0,COLD
22.4,37.3,0.5999999999999979,0.3999999999999986,3,HOT
21.5,49.0,0.10000000000000142,-0.20000000000000284,1,COMFORT
23.5,34.1,-0.10000000000000142,0.8999999999999986,2,WARM_HUMID
23.5,27.3,-0.6000000000000014,0.9000000000000021,1,COMFORT
18.3,35.3,0.1999999999999993,0.0,1,COMFORT
23.4,27.1,0.3999999999999986,-2.3999999999999986,2,WARM_HUMID
15.4,56.5,0.0,0.0,0,COLD
29.4,34.0,-0.3000000000000007,3.5,2,WARM_HUMID
25.1,49.8,1.5,-4.0,1,COMFORT
18.2,34.8,-0.10000000000000142,-4.600000000000001,0,COLD
27.0,31.7,-0.3999999999999986,0.0,3,HOT
23.6,39.9,-0.09999999999999787,-5.0,1,COMFORT
17.0,34.2,0.10000000000000142,-0.29999999999999716,0,COLD
20.0,36.6,0.8000000000000007,0.20000000000000284,0,COLD
21.4,34.5,-1.2000000000000028,5.0,1,COMFORT
22.1,49.0,-0.7999999999999972,2.0,0,COLD
22.9,33.8,0.8999999999999986,1.9999999999999964,1,COMFORT
17.3,41.6,-0.5,0.5,0,COLD
33.2,70.9,-0.09999999999999432,1.2000000000000028,3,HOT
31.3,54.8,0.3000000000000007,-4.300000000000004,1,COMFORT
22.3,23.2,-0.5,-0.9000000000000021,1,COMFORT
25.3,40.5,1.5,-5.0,1,COMFORT
24.3,29.3,-0.1999999999999993,-4.699999999999999,2,WARM_HUMID
29.1,31.2,1.5,4.0,3,HOT
20.0,38.5,-0.10000000000000142,0.8999999999999986,0,COLD
23.4,30.8,0.09999999999999787,4.600000000000001,2,WARM_HUMID
30.1,52.0,0.0,0.0,2,WARM_HUMID
21.5,63.6,0.0,0.0,1,COMFORT
30.1,27.7,0.10000000000000142,-0.10000000000000142,2,WARM_HUMID
20.6,32.9,0.0,3.099999999999998,0,COLD
22.4,32.6,-0.10000000000000142,-1.3999999999999986,2,WARM_HUMID
21.7,25.3,-0.6000000000000014,-5.0,0,COLD
21.5,46.8,-1.0,-5.0,0,COLD
24.0,55.6,-0.10000000000000142,0.0,0,COLD
23.9,22.4,1.1999999999999993,0.0,0,COLD
22.5,20.9,-0.5,-2.900000000000002,0,COLD
20.5,48.2,-1.5,2.5,1,COMFORT
23.1,55.6,0.0,0.0,1,COMFORT
25.3,50.0,0.0,0.0,0,COLD
22.5,35.3,0.0,0.0,1,COMFORT
20.0,66.4,0.1999999999999993,4.700000000000003,0,COLD
23.0,40.0,0.1999999999999993,1.0,1,COMFORT
26.1,60.0,-0.7999999999999972,-4.0,1,COMFORT
22.7,50.8,-0.3000000000000007,-0.20000000000000284,3,HOT
21.7,21.5,-0.5,-2.6000000000000014,2,WARM_HUMID
23.6,72.6,-0.3999999999999986,-4.6000000000000085,1,COMFORT
23.8,56.0,0.6000000000000014,0.0,1,COMFORT
21.8,19.7,-0.1999999999999993,1.3000000000000007,0,COLD
22.2,39.9,-0.6999999999999993,0.10000000000000142,1,COMFORT
22.2,59.6,0.0,0.0,1,COMFORT
24.7,39.0,0.3000000000000007,-1.0,3,HOT
18.1,71.9,-1.5,5.0,0,COLD
24.1,33.0,-0.3999999999999986,0.7000000000000028,2,WARM_HUMID
17.9,42.9,-1.5,2.799999999999997,0,COLD
28.3,51.0,0.0,0.0,2,WARM_HUMID
20.8,22.8,-0.5,0.0,0,COLD
25.0,63.8,0.3999999999999986,-0.6000000000000085,3,HOT
24.5,22.4,1.5,0.0,1,COMFORT
24.9,57.6,-0.5,-0.3999999999999986,1,COMFORT
22.0,36.8,-1.5,5.0,3,HOT
32.9,80.0,-0.20000000000000284,-1.0,3,HOT
23.5,64.8,-0.1999999999999993,1.1999999999999957,2,WARM_HUMID
30.7,31.6,0.3999999999999986,1.2000000000000028,1,COMFORT
21.1,59.4,0.0,0.0,3,HOT
20.4,51.1,0.0,0.0,2,WARM_HUMID
21.8,21.6,-1.5,5.0,1,COMFORT
21.6,34.1,-0.6999999999999993,4.900000000000002,0,COLD
18.3,53.2,-1.5,0.0,0,COLD
30.2,73.6,0.09999999999999787,-4.200000000000003,2,WARM_HUMID
24.5,34.4,1.1000000000000014,-1.8999999999999986,2,WARM_HUMID
23.3,36.2,-0.5,1.7000000000000028,2,WARM_HUMID
24.0,38.0,-0.1999999999999993,1.0,3,HOT
23.0,34.3,0.5,-2.0,3,HOT
24.0,34.4,0.6000000000000014,-1.2000000000000028,2,WARM_HUMID
22.1,37.7,-1.1999999999999993,4.800000000000004,2,WARM_HUMID
21.0,29.8,0.6999999999999993,-1.5,1,COMFORT
27.0,69.0,1.0,4.0,1,COMFORT
24.2,52.0,-1.1999999999999993,4.0,2,WARM_HUMID
30.3,71.0,0.0,0.0,3,HOT
25.7,59.5,0.0,0.0,2,WARM_HUMID
30.1,74.2,0.0,0.0,2,WARM_HUMID
18.3,47.4,0.0,0.0,0,COLD
23.0,61.0,0.0,0.0,0,COLD
24.6,43.8,-0.5,-1.8000000000000043,1,COMFORT
23.9,62.0,0.0,0.0,1,COMFORT
30.6,36.0,0.0,0.0,0,COLD
24.4,73.4,-1.4000000000000021,4.400000000000006,2,WARM_HUMID
23.0,52.0,-0.1999999999999993,-2.200000000000003,1,COMFORT
23.2,58.8,0.6999999999999993,-0.9000000000000057,1,COMFORT
29.3,40.0,0.0,0.0,0,COLD
19.3,57.9,0.0,-0.3999999999999986,0,COLD
21.6,46.1,-1.5,-1.3999999999999986,2,WARM_HUMID
37.0,58.0,0.0,5.0,3,HOT
23.2,66.0,-0.8000000000000007,3.0,0,COLD
22.3,42.0,-0.8999999999999986,-0.7999999999999972,1,COMFORT
24.7,48.0,0.0,5.0,3,HOT
24.9,38.2,-0.3000000000000007,3.9000000000000057,1,COMFORT
22.5,31.0,1.5,-1.2999999999999972,1,COMFORT
21.6,54.2,0.10000000000000142,-2.299999999999997,3,HOT
22.2,16.7,0.8999999999999986,3.799999999999999,0,COLD
25.7,57.2,0.0,0.0,1,COMFORT
21.5,30.0,-0.5,-0.10000000000000142,1,COMFORT
22.3,27.8,-0.6999999999999993,-2.3999999999999986,1,COMFORT
23.4,64.5,0.0,-1.2000000000000028,1,COMFORT
23.9,47.8,0.7999999999999972,1.0999999999999943,0,COLD
24.2,51.9,0.6999999999999993,-0.20000000000000284,3,HOT
22.3,32.1,0.10000000000000142,0.6000000000000014,0,COLD
20.4,34.3,-0.10000000000000142,-2.700000000000003,0,COLD
22.9,49.1,0.0,3.3000000000000043,1,COMFORT
22.7,43.3,0.0,0.0,2,WARM_HUMID
33.4,59.3,0.29999999999999716,3.8999999999999986,2,WARM_HUMID
31.1,31.2,-0.1999999999999993,5.0,2,WARM_HUMID
22.5,59.0,-0.6999999999999993,-5.0,0,COLD
23.0,53.5,-0.6000000000000014,3.6000000000000014,3,HOT
20.9,50.2,-1.5,4.700000000000003,0,COLD
21.0,27.5,-0.8000000000000007,3.3999999999999986,1,COMFORT
25.3,42.1,0.10000000000000142,0.20000000000000284,2,WARM_HUMID
24.7,62.9,0.0,0.0,1,COMFORT
22.4,54.0,0.0,0.0,0,COLD
23.5,64.5,0.1999999999999993,-0.20000000000000284,1,COMFORT
23.0,44.5,1.5,-1.6000000000000014,0,COLD
26.5,30.2,1.5,-5.0,0,COLD
18.7,53.0,-1.5,5.0,0,COLD
26.0,64.0,0.0,0.0,0,COLD
29.8,78.8,-0.09999999999999787,1.0,0,COLD
34.5,28.7,-0.20000000000000284,0.0,1,COMFORT
23.7,40.9,0.09999999999999787,0.19999999999999574,2,WARM_HUMID
20.6,36.1,0.0,-2.6000000000000014,0,COLD
19.2,40.3,-1.5,5.0,0,COLD
22.1,52.8,0.8000000000000007,0.3999999999999986,3,HOT
23.1,45.3,0.20000000000000284,-0.5,1,COMFORT
31.6,34.0,0.5,-4.399999999999999,2,WARM_HUMID
29.5,61.1,-0.5,-0.6000000000000014,2,WARM_HUMID
20.6,49.0,-0.29999999999999716,1.3999999999999986,1,COMFORT
21.5,29.2,-0.8999999999999986,0.0,1,COMFORT
24.1,37.5,-0.09999999999999787,-2.700000000000003,1,COMFORT
28.9,63.0,1.5,5.0,2,WARM_HUMID
24.1,24.0,0.5,-1.1000000000000014,0,COLD
18.9,59.5,1.5,-5.0,1,COMFORT
23.3,57.6,0.5,5.0,0,COLD
21.4,60.6,-0.3000000000000007,0.7000000000000028,1,COMFORT
22.1,45.1,-1.0,1.6000000000000014,1,COMFORT
22.1,48.8,-0.1999999999999993,1.5999999999999943,1,COMFORT
21.5,24.8,-0.1999999999999993,0.9000000000000021,1,COMFORT
15.3,70.0,-1.5,-3.0,0,COLD
26.3,53.0,0.0,0.0,0,COLD
22.5,31.3,-1.5,-5.0,0,COLD
25.5,36.1,0.3999999999999986,1.6000000000000014,1,COMFORT
23.1,63.1,-0.09999999999999787,-1.6000000000000014,1,COMFORT
24.3,44.5,-0.1999999999999993,1.2000000000000028,2,WARM_HUMID
23.3,26.1,0.10000000000000142,-1.8999999999999986,2,WARM_HUMID
28.9,69.6,-0.40000000000000213,3.299999999999997,0,COLD
19.9,38.4,-1.5,5.0,0,COLD
23.5,24.9,-0.6999999999999993,1.2999999999999972,3,HOT
29.0,68.0,0.0,0.0,2,WARM_HUMID
18.0,50.0,-1.5,-3.0,1,COMFORT
22.3,21.7,0.0,0.0,0,COLD
22.9,46.6,-1.5,5.0,1,COMFORT
23.4,51.0,1.0999999999999979,-1.0,0,COLD
26.6,86.8,0.5,2.200000000000003,0,COLD
22.7,31.5,0.3000000000000007,0.3000000000000007,0,COLD
35.4,36.8,-0.30000000000000426,0.0,3,HOT
25.5,34.1,-1.5,2.400000000000002,1,COMFORT
26.1,44.2,1.4000000000000021,-5.0,0,COLD
28.8,79.8,0.10000000000000142,5.0,1,COMFORT
27.2,43.0,0.0,0.0,0,COLD
25.9,55.0,0.5,-5.0,3,HOT
22.1,47.9,-1.5,0.10000000000000142,3,HOT
26.2,63.2,-1.1999999999999993,3.0,0,COLD
22.7,41.6,0.5,-1.0,2,WARM_HUMID
23.2,43.1,1.5,-5.0,1,COMFORT
32.0,59.1,0.0,0.0,3,HOT
22.7,26.9,1.5,-2.8000000000000007,1,COMFORT
21.3,41.1,0.10000000000000142,0.5,0,COLD
23.2,23.5,-0.1999999999999993,-2.8000000000000007,1,COMFORT
28.6,50.9,-0.1999999999999993,-2.3000000000000043,3,HOT
20.3,45.1,-0.6999999999999993,0.8000000000000043,2,WARM_HUMID
23.7,22.3,0.3000000000000007,-4.699999999999999,0,COLD
23.9,59.0,0.7999999999999972,3.3999999999999986,2,WARM_HUMID
24.4,55.6,0.1999999999999993,0.0,1,COMFORT
23.3,38.0,-0.09999999999999787,3.8999999999999986,0,COLD
22.3,47.4,-1.1999999999999993,3.6000000000000014,1,COMFORT
14.6,34.5,-0.5,-5.0,1,COMFORT
20.8,50.0,-0.8000000000000007,-5.0,1,COMFORT
23.7,23.8,-1.4000000000000021,-0.5,2,WARM_HUMID
22.8,51.0,0.8000000000000007,0.0,1,COMFORT
25.4,14.2,-0.20000000000000284,0.0,1,COMFORT
26.9,41.7,1.5,-3.6999999999999957,2,WARM_HUMID
16.2,62.3,0.0,0.5,0,COLD
22.5,52.2,0.0,0.0,3,HOT
21.0,46.6,0.3999999999999986,-3.8999999999999986,0,COLD
22.3,33.9,0.6999999999999993,-3.3999999999999986,2,WARM_HUMID
22.1,21.1,0.40000000000000213,-5.0,0,COLD
24.6,41.0,0.3000000000000007,0.10000000000000142,1,COMFORT
25.7,50.0,0.0,0.0,0,COLD
23.1,49.9,0.0,0.0,3,HOT
24.8,60.7,0.5,-0.3999999999999986,0,COLD
22.6,61.3,-0.5,2.0,0,COLD
23.6,42.9,-0.09999999999999787,0.3999999999999986,1,COMFORT
23.5,28.5,-0.10000000000000142,-0.10000000000000142,0,COLD
24.1,58.0,0.0,0.0,1,COMFORT
26.4,57.0,0.0,0.0,1,COMFORT
24.5,20.9,-0.5,1.0999999999999979,1,COMFORT
25.1,63.7,0.5,-4.299999999999997,2,WARM_HUMID
15.1,71.2,0.0,1.5,0,COLD
28.3,54.0,0.0,0.0,3,HOT
34.1,47.9,1.5,-4.700000000000003,2,WARM_HUMID
22.4,29.6,-0.8000000000000007,4.100000000000001,1,COMFORT
26.4,32.1,1.5,-5.0,3,HOT
28.5,43.5,-1.5,-0.7000000000000028,2,WARM_HUMID
23.4,34.3,0.0,0.0,2,WARM_HUMID
25.0,55.0,0.0,0.0,0,COLD
20.7,85.0,-1.5,5.0,1,COMFORT
23.5,42.0,-1.5,0.0,0,COLD
33.4,62.0,0.29999999999999716,0.0,3,HOT
24.4,58.9,-0.6000000000000014,-2.8999999999999986,2,WARM_HUMID
23.7,25.6,-0.5,1.0,1,COMFORT
22.7,21.5,-0.1999999999999993,0.0,2,WARM_HUMID
25.4,40.7,0.29999999999999716,-0.09999999999999432,3,HOT
27.3,33.8,1.5,-5.0,3,HOT
22.6,48.3,0.0,0.0,3,HOT
24.8,59.8,1.1000000000000014,-5.0,0,COLD
23.7,29.6,0.8000000000000007,-5.0,0,COLD
27.8,59.0,1.5,-5.0,1,COMFORT
22.7,60.6,0.0,0.0,0,COLD
24.2,63.0,-0.10000000000000142,0.10000000000000142,0,COLD
21.6,51.0,0.10000000000000142,0.0,0,COLD
30.8,25.1,0.0,2.3000000000000007,1,COMFORT
23.4,25.6,-1.4000000000000021,-1.6999999999999993,0,COLD
25.0,42.2,1.5,-5.0,0,COLD
21.6,54.4,-0.3999999999999986,5.0,0,COLD
22.6,21.5,-0.7999999999999972,0.3000000000000007,1,COMFORT
23.9,46.5,0.3999999999999986,-0.5,1,COMFORT
28.8,33.6,-1.5,-2.8999999999999986,1,COMFORT
21.2,45.6,-1.0,5.0,1,COMFORT
20.7,28.0,-0.10000000000000142,-5.0,1,COMFORT
22.4,44.5,0.0,-0.7999999999999972,1,COMFORT
25.8,66.2,0.0,0.0,1,COMFORT
27.7,67.8,0.8999999999999986,-2.299999999999997,0,COLD
24.9,40.0,0.0,0.0,1,COMFORT
22.0,36.3,-0.3000000000000007,5.0,1,COMFORT
23.2,44.7,1.0999999999999979,-0.29999999999999716,1,COMFORT
21.1,61.0,-1.5,5.0,0,COLD
21.6,30.5,1.2000000000000028,-0.8000000000000007,2,WARM_HUMID
22.4,29.8,0.0,-1.5,1,COMFORT
30.4,71.4,0.0,0.0,1,COMFORT
23.1,41.5,0.0,0.0,1,COMFORT
23.6,48.6,-0.5,5.0,1,COMFORT
23.8,31.0,1.0,0.0,1,COMFORT
24.2,64.0,0.1999999999999993,3.5,1,COMFORT
19.7,56.2,0.0,0.0,1,COMFORT
27.5,67.6,0.0,0.0,1,COMFORT
21.6,66.1,0.0,0.0,0,COLD
25.1,41.2,0.10000000000000142,4.5,2,WARM_HUMID
22.0,28.2,-1.1999999999999993,2.5,1,COMFORT
18.9,54.2,-0.3000000000000007,0.8000000000000043,0,COLD
30.4,33.5,-0.3000000000000007,-2.299999999999997,1,COMFORT
26.1,57.0,-0.09999999999999787,-0.5,1,COMFORT
22.4,43.4,-1.5,5.0,3,HOT
25.3,32.8,0.10000000000000142,-0.4000000000000057,1,COMFORT
23.5,67.7,0.3000000000000007,-2.799999999999997,2,WARM_HUMID
23.6,55.6,-1.0,0.0,0,COLD
27.0,25.0,-1.1000000000000014,-0.6999999999999993,1,COMFORT
20.4,35.8,-1.5,-5.0,1,COMFORT
30.9,68.8,0.09999999999999787,-0.6000000000000085,1,COMFORT
23.5,57.9,-0.3000000000000007,-3.3999999999999986,0,COLD
36.4,45.0,-0.10000000000000142,0.10000000000000142,3,HOT
16.8,22.7,-1.5,2.599999999999998,0,COLD
24.1,43.7,-0.1999999999999993,-0.5999999999999943,0,COLD
25.4,44.0,0.0,0.0,2,WARM_HUMID
33.2,52.9,0.20000000000000284,-0.10000000000000142,1,COMFORT
31.0,74.0,-0.5,5.0,1,COMFORT
25.2,35.6,1.5,5.0,2,WARM_HUMID
22.5,54.0,0.0,0.0,0,COLD
23.6,47.2,0.10000000000000142,-0.5,1,COMFORT
23.1,43.3,-0.1999999999999993,0.0,0,COLD
30.4,58.0,0.0,0.0,2,WARM_HUMID
19.5,57.7,0.0,0.0,0,COLD
26.0,38.4,-0.5,5.0,2,WARM_HUMID
20.1,49.7,-1.5,2.0,3,HOT
21.9,40.9,-0.20000000000000284,0.0,1,COMFORT
20.5,49.0,-1.5,1.2999999999999972,1,COMFORT
23.9,24.9,1.1999999999999993,-5.0,1,COMFORT
23.5,50.8,-0.10000000000000142,1.0,1,COMFORT
23.6,47.7,0.10000000000000142,-3.0999999999999943,1,COMFORT
27.9,36.2,0.1999999999999993,0.30000000000000426,0,COLD
20.8,50.0,0.0,0.0,1,COMFORT
30.1,34.0,0.0,0.0,3,HOT
22.7,47.7,-0.3000000000000007,0.5,0,COLD
24.4,31.8,1.5,-0.09999999999999787,1,COMFORT
23.3,63.5,-1.0,0.10000000000000142,1,COMFORT
28.8,74.0,-0.3999999999999986,5.0,2,WARM_HUMID
22.2,45.5,-0.6000000000000014,0.0,2,WARM_HUMID
26.1,51.1,0.20000000000000284,-1.6000000000000014,1,COMFORT
20.8,68.4,0.1999999999999993,0.4000000000000057,0,COLD
24.1,36.4,0.10000000000000142,-0.20000000000000284,1,COMFORT
25.0,43.0,0.3000000000000007,5.0,1,COMFORT
23.4,35.3,0.29999999999999716,-4.700000000000003,0,COLD
23.8,21.4,0.5,-2.1000000000000014,2,WARM_HUMID
26.4,61.7,-0.8000000000000007,-3.200000000000003,1,COMFORT
24.6,40.0,0.3000000000000007,-1.0,1,COMFORT
23.0,57.1,1.3000000000000007,-1.3999999999999986,2,WARM_HUMID
23.9,38.7,0.0,0.0,1,COMFORT
20.9,30.5,-1.2000000000000028,0.0,0,COLD
26.1,57.1,0.40000000000000213,1.6000000000000014,2,WARM_HUMID
22.3,28.5,1.1000000000000014,-0.3000000000000007,1,COMFORT
22.4,60.7,0.0,0.0,1,COMFORT
25.0,25.7,-0.1999999999999993,1.5,3,HOT
17.5,66.2,-1.5,5.0,1,COMFORT
23.8,73.6,0.10000000000000142,0.29999999999999716,1,COMFORT
37.0,16.8,-0.29999999999999716,-0.5,1,COMFORT
31.4,67.3,0.3999999999999986,0.7999999999999972,1,COMFORT
18.8,58.0,0.3000000000000007,-2.0,1,COMFORT
20.9,31.2,-0.7000000000000028,-5.0,1,COMFORT
22.8,46.1,0.0,0.0,0,COLD
22.8,32.7,-1.5,5.0,0,COLD
26.8,46.7,0.0,0.0,1,COMFORT
28.5,51.1,0.0,-0.29999999999999716,3,HOT
22.5,42.7,1.5,-5.0,2,WARM_HUMID
23.1,22.8,-1.0999999999999979,-3.0,3,HOT
25.0,25.9,1.0,0.5999999999999979,1,COMFORT
24.8,32.8,0.10000000000000142,-5.0,2,WARM_HUMID
20.8,32.3,1.0,-0.6000000000000014,1,COMFORT
22.2,48.1,0.3000000000000007,-0.19999999999999574,2,WARM_HUMID
25.8,66.7,0.0,0.0,1,COMFORT
23.0,56.8,0.0,0.0,1,COMFORT
24.0,26.7,0.10000000000000142,-0.3000000000000007,3,HOT
17.0,64.0,-1.0,4.0,1,COMFORT
23.9,31.6,0.5999999999999979,3.200000000000003,2,WARM_HUMID
25.4,33.6,-0.6000000000000014,3.1000000000000014,2,WARM_HUMID
23.9,38.2,1.5,-3.299999999999997,2,WARM_HUMID
21.9,42.4,0.3999999999999986,-3.0,1,COMFORT
22.5,27.5,0.1999999999999993,-2.3000000000000007,2,WARM_HUMID
21.9,45.8,0.0,0.7999999999999972,1,COMFORT
22.0,62.7,-0.3000000000000007,1.0,0,COLD
23.0,59.0,-0.3000000000000007,0.0,0,COLD
25.1,39.3,0.20000000000000284,-0.10000000000000142,1,COMFORT
25.2,42.7,-1.0,0.6000000000000014,0,COLD
25.0,63.0,0.0,-3.0,0,COLD
23.4,27.5,0.3999999999999986,-3.0,1,COMFORT
25.1,33.4,0.0,0.19999999999999574,2,WARM_HUMID
23.1,59.6,0.5,-1.5,1,COMFORT
24.3,36.6,0.40000000000000213,-1.6000000000000014,2,WARM_HUMID
30.7,60.8,-0.1999999999999993,-0.10000000000000142,3,HOT
22.8,51.5,0.5,-0.3999999999999986,1,COMFORT
29.0,55.3,0.1999999999999993,0.09999999999999432,1,COMFORT
23.1,36.8,-0.8999999999999986,-5.0,1,COMFORT
28.0,45.4,0.1999999999999993,1.5,2,WARM_HUMID
24.2,41.4,-1.3000000000000007,-5.0,1,COMFORT
23.1,50.3,-0.09999999999999787,-0.30000000000000426,0,COLD
21.1,44.8,-0.7999999999999972,3.799999999999997,2,WARM_HUMID
23.4,75.8,0.09999999999999787,5.0,1,COMFORT
24.0,60.4,0.0,0.0,2,WARM_HUMID
25.8,66.2,0.0,0.0,3,HOT
26.1,60.3,-0.5999999999999979,2.5,2,WARM_HUMID
21.0,45.8,0.3999999999999986,0.09999999999999432,1,COMFORT
23.0,20.4,0.0,-2.1000000000000014,1,COMFORT
22.4,31.3,0.0,-3.4999999999999964,1,COMFORT
29.7,76.3,0.0,1.7999999999999972,1,COMFORT
23.4,45.0,0.09999999999999787,-1.0,1,COMFORT
24.0,21.4,1.3000000000000007,-1.7000000000000028,3,HOT
23.1,51.8,1.5,-5.0,0,COLD
27.7,42.0,0.0,0.0,0,COLD
22.8,28.5,-0.1999999999999993,-1.1999999999999993,1,COMFORT
22.5,69.3,0.6999999999999993,-3.1000000000000085,1,COMFORT
23.9,31.9,0.29999999999999716,-0.30000000000000426,1,COMFORT
23.0,48.0,1.5,-4.5,2,WARM_HUMID
23.2,37.1,-1.1000000000000014,-5.0,2,WARM_HUMID
25.5,70.0,0.0,0.0,2,WARM_HUMID
26.9,29.6,0.3999999999999986,0.0,1,COMFORT
31.8,64.4,-0.5999999999999979,1.7000000000000028,1,COMFORT
19.5,57.3,-1.5,-4.900000000000006,0,COLD
22.1,33.9,-0.5999999999999979,0.7999999999999972,0,COLD
23.6,48.1,-1.1999999999999993,2.5,1,COMFORT
21.9,39.2,0.29999999999999716,-2.799999999999997,1,COMFORT
27.5,19.0,-0.5,-4.600000000000001,0,COLD
20.8,54.5,0.0,0.0,2,WARM_HUMID
29.2,24.9,-0.5,0.6999999999999993,1,COMFORT
25.1,46.0,0.0,0.0,3,HOT
21.0,49.9,-1.5,1.8999999999999986,2,WARM_HUMID
35.0,74.0,0.0,0.0,3,HOT
28.1,79.2,0.0,0.0,2,WARM_HUMID
20.4,66.5,0.0,0.0,1,COMFORT
25.9,52.9,-0.40000000000000213,-0.3999999999999986,2,WARM_HUMID
29.1,32.0,0.0,0.0,0,COLD
24.8,66.1,-0.3000000000000007,-0.7000000000000028,0,COLD
29.8,60.9,0.10000000000000142,0.19999999999999574,3,HOT
24.9,58.1,-0.5,-5.0,2,WARM_HUMID
27.4,39.1,1.5,0.0,3,HOT
21.2,30.5,1.0999999999999979,0.0,1,COMFORT
35.2,10.9,1.5,-5.0,2,WARM_HUMID
22.3,38.5,-0.1999999999999993,-3.0,0,COLD
31.9,46.0,-0.3999999999999986,-1.8999999999999986,1,COMFORT
23.3,56.0,0.0,-1.0,1,COMFORT
24.6,56.5,0.40000000000000213,-3.0,2,WARM_HUMID
19.7,56.2,0.0,0.0,2,WARM_HUMID
26.3,77.0,1.5,-2.0,1,COMFORT
23.2,80.7,-1.5,-4.200000000000003,1,COMFORT
25.6,25.1,1.3000000000000007,2.0,2,WARM_HUMID
21.0,23.4,1.3999999999999986,-0.9000000000000021,1,COMFORT
22.3,47.0,0.0,0.0,2,WARM_HUMID
26.8,59.2,0.0,0.0,1,COMFORT
24.6,23.5,0.20000000000000284,4.0,2,WARM_HUMID
22.5,43.6,0.10000000000000142,5.0,3,HOT
19.3,62.7,-1.5,5.0,0,COLD
30.0,71.7,0.0,0.0,2,WARM_HUMID
21.8,46.4,0.6000000000000014,-0.8000000000000043,1,COMFORT
24.6,45.0,-1.5,5.0,3,HOT
30.1,30.3,-0.3999999999999986,0.40000000000000213,1,COMFORT
22.0,42.6,0.5,-1.1999999999999957,2,WARM_HUMID
23.2,47.2,-0.1999999999999993,0.8000000000000043,0,COLD
23.1,47.6,0.10000000000000142,-0.7999999999999972,0,COLD
20.3,54.5,0.0,0.0,0,COLD
23.2,41.6,1.3999999999999986,5.0,1,COMFORT
25.7,54.3,0.3000000000000007,2.5999999999999943,2,WARM_HUMID
20.5,45.5,-0.1999999999999993,5.0,0,COLD
25.1,53.6,0.8000000000000007,-1.2999999999999972,3,HOT
19.7,53.4,0.0,0.0,0,COLD
21.4,29.9,-1.5,5.0,0,COLD
24.8,34.5,-0.3000000000000007,-0.10000000000000142,0,COLD
24.4,45.2,0.1999999999999993,-0.09999999999999432,1,COMFORT
24.0,52.8,0.10000000000000142,-0.8000000000000043,2,WARM_HUMID
30.2,74.4,0.0,0.0,3,HOT
21.1,59.4,0.0,0.0,1,COMFORT
21.1,34.9,-1.0999999999999979,5.0,1,COMFORT
30.7,58.9,0.5,-5.0,1,COMFORT
27.9,56.3,-0.7000000000000028,-5.0,3,HOT
24.8,38.3,-0.5,-0.20000000000000284,2,WARM_HUMID
35.1,23.0,1.5,-5.0,3,HOT
29.8,63.8,0.0,0.0,2,WARM_HUMID
25.4,66.4,0.1999999999999993,-1.0,1,COMFORT
24.2,57.2,-1.1000000000000014,-5.0,2,WARM_HUMID
30.0,25.0,0.0,0.0,1,COMFORT
25.1,43.6,0.10000000000000142,-0.10000000000000142,1,COMFORT
23.9,46.0,1.3999999999999986,5.0,3,HOT
27.3,58.2,-0.09999999999999787,-1.0,1,COMFORT
12.8,50.8,0.0,-0.5,0,COLD
23.9,21.8,0.29999999999999716,-3.099999999999998,1,COMFORT
22.0,35.3,1.3999999999999986,1.5999999999999943,0,COLD
22.8,29.3,1.5,2.1000000000000014,1,COMFORT
23.9,86.6,-0.20000000000000284,4.599999999999994,2,WARM_HUMID
28.0,67.0,0.0,0.0,1,COMFORT
24.3,30.7,1.1000000000000014,-1.1000000000000014,3,HOT
30.3,58.2,0.40000000000000213,-2.0999999999999943,1,COMFORT
23.8,43.4,-1.0999999999999979,5.0,2,WARM_HUMID
25.1,41.0,0.0,0.0,1,COMFORT
23.7,25.1,-0.6999999999999993,-1.3999999999999986,1,COMFORT
23.8,29.7,0.1999999999999993,-0.1999999999999993,3,HOT
23.1,24.5,-0.3999999999999986,-3.1000000000000014,0,COLD
24.0,54.8,0.0,1.2999999999999972,3,HOT
24.1,64.0,0.6000000000000014,2.0,2,WARM_HUMID
27.5,51.1,0.6000000000000014,5.0,3,HOT
21.4,39.0,-0.10000000000000142,3.200000000000003,1,COMFORT
29.4,29.9,0.0,0.0,3,HOT
22.8,26.0,0.0,-1.6999999999999993,1,COMFORT
24.1,47.7,0.0,0.6000000000000014,1,COMFORT
17.9,42.4,-1.5,2.1000000000000014,0,COLD
22.5,32.3,0.5,3.8999999999999986,2,WARM_HUMID
25.6,52.1,0.10000000000000142,-1.0,1,COMFORT
25.0,75.5,0.10000000000000142,-0.9000000000000057,0,COLD
22.5,33.8,0.3999999999999986,0.8999999999999986,0,COLD
17.1,67.0,0.7000000000000028,-1.0,2,WARM_HUMID
24.7,64.0,1.0999999999999979,-3.5,0,COLD
22.7,28.5,0.09999999999999787,-0.5,1,COMFORT
20.8,34.5,0.3000000000000007,-5.0,1,COMFORT
26.9,36.0,-1.1000000000000014,0.10000000000000142,3,HOT
26.3,38.0,0.0,0.0,0,COLD
23.8,36.5,-1.0999999999999979,5.0,3,HOT
24.4,46.2,1.0999999999999979,1.1000000000000014,1,COMFORT
31.1,66.3,-0.1999999999999993,-5.0,1,COMFORT
29.6,53.9,0.7000000000000028,-0.7000000000000028,1,COMFORT
22.8,48.4,0.0,0.0,0,COLD
17.5,63.7,-1.5,5.0,0,COLD
21.1,59.4,0.0,0.0,3,HOT
28.0,32.5,-0.3000000000000007,0.8000000000000007,1,COMFORT
21.5,43.8,-0.5,1.0,0,COLD
22.8,51.8,0.0,0.0,2,WARM_HUMID
23.0,31.2,0.0,0.0,1,COMFORT
23.2,22.9,0.8000000000000007,-4.600000000000001,1,COMFORT
25.8,25.4,-0.3999999999999986,1.5999999999999979,3,HOT
25.8,22.4,0.6999999999999993,0.0,1,COMFORT
21.3,35.6,0.0,1.7000000000000028,2,WARM_HUMID
20.2,31.2,0.8000000000000007,0.5999999999999979,0,COLD
21.0,29.6,1.1999999999999993,-3.6000000000000014,1,COMFORT
28.4,29.4,0.09999999999999787,0.09999999999999787,1,COMFORT
28.7,56.0,0.0,0.0,0,COLD
27.3,46.0,0.0,0.0,1,COMFORT
22.8,64.5,0.0,-3.700000000000003,1,COMFORT
23.3,48.0,0.0,0.0,1,COMFORT
27.3,64.9,1.5,-1.2999999999999972,1,COMFORT
22.5,25.4,1.5,-5.0,1,COMFORT
22.2,28.5,0.5,-3.3000000000000007,1,COMFORT
21.4,28.5,0.0,0.0,1,COMFORT
30.1,66.7,0.0,0.0,2,WARM_HUMID
27.5,59.6,0.0,0.0,3,HOT
22.8,40.7,0.0,0.0,2,WARM_HUMID
27.0,63.9,0.1999999999999993,1.3999999999999986,3,HOT
21.7,40.5,-1.5,5.0,1,COMFORT
24.0,30.6,1.5,-5.0,2,WARM_HUMID
22.5,35.4,-0.3000000000000007,-0.10000000000000142,0,COLD
28.3,44.0,0.0,0.0,0,COLD
32.0,32.9,0.5,1.0999999999999979,2,WARM_HUMID
25.9,44.8,0.0,0.0,1,COMFORT
21.8,41.6,1.1000000000000014,3.700000000000003,1,COMFORT
31.6,58.1,-0.09999999999999787,0.0,3,HOT
22.1,28.4,0.10000000000000142,-1.7000000000000028,1,COMFORT
24.9,50.0,0.5,-0.10000000000000142,1,COMFORT
23.0,63.3,0.3999999999999986,-3.9000000000000057,1,COMFORT
23.0,60.4,-0.10000000000000142,1.2999999999999972,0,COLD
25.3,32.0,1.5,-4.700000000000003,2,WARM_HUMID
20.4,48.7,0.0,0.0,0,COLD
35.5,46.3,1.5,5.0,3,HOT
25.5,58.1,-0.3000000000000007,0.3999999999999986,1,COMFORT
26.0,54.0,1.5,5.0,1,COMFORT
22.9,32.9,0.0,0.0,2,WARM_HUMID
26.7,51.6,0.0,-5.0,3,HOT
22.7,26.5,0.0,0.0,1,COMFORT
24.1,71.0,-1.3999999999999986,5.0,1,COMFORT
23.0,44.5,0.1999999999999993,-0.29999999999999716,2,WARM_HUMID
23.6,23.4,0.10000000000000142,-3.1000000000000014,2,WARM_HUMID
30.3,70.5,-0.5,-0.5999999999999943,3,HOT
22.2,59.9,0.0,1.3999999999999986,1,COMFORT
24.7,32.3,1.5,-5.0,1,COMFORT
25.1,60.3,1.5,-1.5,0,COLD
37.0,44.2,0.0,1.0,3,HOT
20.7,55.5,1.5,-4.299999999999997,0,COLD
22.6,34.0,-1.0,2.1000000000000014,1,COMFORT
23.0,56.5,0.10000000000000142,1.2999999999999972,0,COLD
23.0,46.0,0.1999999999999993,-5.0,3,HOT
21.3,34.1,0.40000000000000213,-0.8999999999999986,1,COMFORT
21.5,37.9,-0.6999999999999993,4.5,0,COLD
30.4,44.0,1.5,-5.0,1,COMFORT
21.8,34.8,0.6999999999999993,-4.800000000000004,3,HOT
25.4,20.0,-0.3000000000000007,2.0,1,COMFORT
22.0,50.1,0.8999999999999986,-2.3999999999999986,1,COMFORT
23.2,33.0,-0.6999999999999993,5.0,1,COMFORT
30.0,39.9,-1.5,5.0,3,HOT
23.5,43.6,0.3999999999999986,-4.399999999999999,1,COMFORT
26.1,24.2,-1.5,-3.1999999999999993,1,COMFORT
22.7,40.0,-0.40000000000000213,-1.0,1,COMFORT
29.2,61.2,-0.6999999999999993,-1.1999999999999957,3,HOT
22.5,35.9,0.3000000000000007,-0.8000000000000043,2,WARM_HUMID
21.4,51.5,1.5,-0.29999999999999716,2,WARM_HUMID
29.7,69.0,0.0,0.0,1,COMFORT
29.5,25.9,1.5,0.29999999999999716,1,COMFORT
23.4,70.0,-0.9000000000000021,5.0,3,HOT
31.7,69.5,0.0,-0.20000000000000284,3,HOT
24.3,55.5,0.0,0.0,2,WARM_HUMID
30.0,93.0,0.0,5.0,3,HOT
23.0,42.2,0.10000000000000142,0.5,0,COLD
19.4,36.1,-1.5,-5.0,0,COLD
26.1,33.5,-0.5999999999999979,-0.7999999999999972,2,WARM_HUMID
22.1,28.1,1.1000000000000014,-3.099999999999998,0,COLD
24.3,25.4,1.5,-5.0,1,COMFORT
24.1,41.2,-1.5,4.600000000000001,2,WARM_HUMID
21.3,41.0,-1.5,5.0,0,COLD
20.1,49.8,-0.1999999999999993,5.0,1,COMFORT
24.7,51.9,0.09999999999999787,0.0,0,COLD
27.2,50.0,0.09999999999999787,-2.1000000000000014,2,WARM_HUMID
30.5,64.1,0.5,-2.700000000000003,1,COMFORT
23.6,43.3,0.5,-5.0,0,COLD
23.2,47.6,-1.1999999999999993,5.0,1,COMFORT
23.8,73.0,-0.1999999999999993,-4.200000000000003,1,COMFORT
23.8,28.5,1.3000000000000007,1.3000000000000007,0,COLD
22.9,31.0,-1.5,0.0,0,COLD
28.7,19.0,-0.6000000000000014,-0.10000000000000142,3,HOT
23.2,67.5,0.3000000000000007,-0.29999999999999716,2,WARM_HUMID
27.0,21.9,1.5,-5.0,1,COMFORT
23.6,48.2,0.0,0.0,1,COMFORT
18.3,69.0,1.5,-1.0,0,COLD
25.9,66.9,-0.20000000000000284,0.4000000000000057,1,COMFORT
22.2,56.6,0.1999999999999993,2.3000000000000043,0,COLD
24.6,39.8,-0.09999999999999787,-5.0,0,COLD
25.9,56.7,0.0,-2.1999999999999957,1,COMFORT
26.4,23.1,1.5,-5.0,2,WARM_HUMID
22.2,36.5,-1.5,2.799999999999997,1,COMFORT
21.3,42.9,0.10000000000000142,5.0,2,WARM_HUMID
25.1,47.0,0.0,0.0,3,HOT
21.2,41.2,0.1999999999999993,0.20000000000000284,1,COMFORT
28.8,58.0,1.5,5.0,2,WARM_HUMID
24.7,39.5,0.8000000000000007,-3.700000000000003,2,WARM_HUMID
29.3,18.0,1.0,-3.0,1,COMFORT
21.9,42.8,0.0,-0.10000000000000142,2,WARM_HUMID
20.5,56.2,-1.5,-2.5,1,COMFORT
29.8,45.3,1.5,-5.0,3,HOT
31.0,28.5,0.5,-0.5,3,HOT
33.2,33.1,-0.19999999999999574,1.8000000000000007,3,HOT
22.6,49.3,-1.5,-5.0,1,COMFORT
21.5,34.1,0.1999999999999993,0.6000000000000014,1,COMFORT
22.4,28.5,0.3999999999999986,0.3000000000000007,1,COMFORT
27.2,60.8,0.0,0.0,1,COMFORT
20.5,82.3,-0.6999999999999993,1.0,1,COMFORT
22.8,45.8,0.10000000000000142,0.8999999999999986,1,COMFORT
30.2,74.9,-0.10000000000000142,1.5,3,HOT
21.6,36.2,-1.0999999999999979,2.9000000000000057,1,COMFORT
23.3,32.2,-1.1999999999999993,-1.0999999999999943,1,COMFORT
26.4,24.1,1.3999999999999986,-5.0,1,COMFORT
32.0,64.5,0.6000000000000014,-5.0,3,HOT
24.9,33.0,-0.10000000000000142,1.0,1,COMFORT
23.3,44.4,0.10000000000000142,-5.0,1,COMFORT
24.0,22.8,0.6000000000000014,-3.599999999999998,1,COMFORT
29.7,61.6,0.0,0.30000000000000426,1,COMFORT
30.5,68.1,0.8000000000000007,-5.0,1,COMFORT
22.7,39.6,0.8999999999999986,-2.3999999999999986,3,HOT
33.0,28.8,1.5,-0.3999999999999986,2,WARM_HUMID
29.0,42.0,1.5,2.0,3,HOT
20.0,74.0,-1.0,5.0,3,HOT
22.7,36.2,0.09999999999999787,0.4000000000000057,0,COLD
30.3,30.0,0.0,0.0,0,COLD
20.5,38.4,-0.5,2.1000000000000014,1,COMFORT
22.3,34.1,-1.3000000000000007,-5.0,1,COMFORT
27.9,74.5,-1.2000000000000028,5.0,0,COLD
26.9,84.5,0.0,5.0,1,COMFORT
21.4,34.8,0.09999999999999787,2.5999999999999943,0,COLD
23.6,26.5,-0.09999999999999787,-0.5,2,WARM_HUMID
27.8,57.4,0.6000000000000014,0.5,1,COMFORT
23.9,26.1,-0.3000000000000007,0.10000000000000142,0,COLD
25.1,19.3,0.0,0.0,1,COMFORT
22.7,47.6,-0.3000000000000007,3.8000000000000043,1,COMFORT
25.0,38.5,-1.0,1.2000000000000028,1,COMFORT
27.2,50.0,0.09999999999999787,-2.1000000000000014,1,COMFORT
25.0,48.0,-0.10000000000000142,1.0,0,COLD
26.1,63.4,0.10000000000000142,-0.8000000000000043,1,COMFORT
25.3,30.2,1.5,-0.5,1,COMFORT
27.2,43.7,0.0,0.0,1,COMFORT
21.4,36.8,-0.10000000000000142,0.29999999999999716,0,COLD
24.4,52.0,1.0,2.1000000000000014,1,COMFORT
23.6,39.3,-1.5,-4.300000000000004,1,COMFORT
21.5,40.4,-1.5,3.299999999999997,2,WARM_HUMID
27.9,51.8,-1.5,5.0,1,COMFORT
24.2,62.6,0.0,0.0,3,HOT
24.7,33.0,1.5,-5.0,1,COMFORT
22.3,61.0,0.40000000000000213,5.0,1,COMFORT
24.1,65.3,1.5,-2.1000000000000085,0,COLD
25.6,37.7,1.0,-1.2999999999999972,1,COMFORT
29.6,14.1,0.40000000000000213,-3.200000000000001,1,COMFORT
23.4,26.9,0.6999999999999993,-4.300000000000001,0,COLD
23.7,48.7,0.3999999999999986,-5.0,0,COLD
24.3,48.1,-1.5,5.0,2,WARM_HUMID
23.6,22.4,-0.1999999999999993,0.0,2,WARM_HUMID
22.4,26.0,-0.9000000000000021,5.0,1,COMFORT
17.3,64.0,-0.5,0.3999999999999986,0,COLD
20.3,36.9,-0.09999999999999787,-0.30000000000000426,1,COMFORT
24.0,54.0,-0.10000000000000142,1.0,0,COLD
29.8,79.0,0.6999999999999993,-2.299999999999997,1,COMFORT
24.9,42.2,-0.9000000000000021,-5.0,0,COLD
30.5,46.3,-0.5,5.0,1,COMFORT
34.2,50.3,1.5,-5.0,3,HOT
21.2,59.8,1.0999999999999979,-2.5,1,COMFORT
23.9,41.4,0.5,-2.3000000000000043,1,COMFORT
21.6,34.0,-0.09999999999999787,-5.0,2,WARM_HUMID
28.1,52.8,0.20000000000000284,-0.8000000000000043,3,HOT
30.2,34.0,0.0,0.0,0,COLD
29.7,60.1,-0.1999999999999993,-3.1999999999999957,2,WARM_HUMID
23.3,37.7,-1.5,-1.7999999999999972,1,COMFORT
19.5,51.3,0.6999999999999993,-5.0,1,COMFORT
23.5,22.7,0.0,0.0,1,COMFORT
27.9,61.0,0.0,0.0,3,HOT
29.7,69.0,-0.1999999999999993,0.5,1,COMFORT
23.3,48.4,-0.09999999999999787,-1.2000000000000028,1,COMFORT
22.8,47.9,-0.1999999999999993,0.6000000000000014,0,COLD
30.2,35.7,0.09999999999999787,-0.7999999999999972,3,HOT
20.2,47.0,0.0,0.0,1,COMFORT
29.9,74.9,-0.3000000000000007,1.2000000000000028,1,COMFORT
29.0,27.9,0.0,0.09999999999999787,1,COMFORT
24.0,38.2,1.5,-5.0,1,COMFORT
23.5,26.9,0.3999999999999986,1.1999999999999993,1,COMFORT
23.4,39.5,1.0,-0.10000000000000142,1,COMFORT
26.8,55.0,0.0,0.0,2,WARM_HUMID
25.0,38.0,-0.3000000000000007,0.0,1,COMFORT
27.3,52.0,1.5,4.0,2,WARM_HUMID
28.0,35.2,1.5,-2.0,1,COMFORT
26.4,45.4,0.0,5.0,2,WARM_HUMID
23.3,39.7,0.40000000000000213,-0.5999999999999943,2,WARM_HUMID
22.6,57.4,-0.09999999999999787,0.5,1,COMFORT
27.9,75.4,0.29999999999999716,-0.7999999999999972,2,WARM_HUMID
23.8,55.6,-0.1999999999999993,0.0,2,WARM_HUMID
20.3,36.1,-0.09999999999999787,0.8000000000000043,1,COMFORT
24.2,26.0,0.1999999999999993,0.8999999999999986,3,HOT
24.5,50.7,-1.5,3.4000000000000057,1,COMFORT
22.6,24.7,0.7000000000000028,-1.4000000000000021,0,COLD
22.8,31.7,-0.5999999999999979,5.0,1,COMFORT
21.7,31.9,0.3999999999999986,-1.3000000000000043,1,COMFORT
24.3,49.4,-0.1999999999999993,5.0,1,COMFORT
22.9,55.2,-0.6000000000000014,5.0,0,COLD
27.6,28.9,1.5,-3.6000000000000014,2,WARM_HUMID
23.5,38.2,0.10000000000000142,0.0,2,WARM_HUMID
27.1,44.2,0.0,0.0,2,WARM_HUMID
32.1,70.4,-0.6999999999999957,1.4000000000000057,1,COMFORT
22.1,34.7,-0.8999999999999986,-4.199999999999996,1,COMFORT
27.9,55.0,0.5,-0.5,3,HOT
25.4,52.4,0.0,5.0,1,COMFORT
21.8,43.9,1.5,-1.8999999999999986,0,COLD
26.1,67.4,0.20000000000000284,-1.1999999999999886,2,WARM_HUMID
22.8,58.9,0.0,0.0,1,COMFORT
32.3,53.7,0.3999999999999986,-0.8999999999999986,3,HOT
20.6,42.9,-1.5,3.3999999999999986,1,COMFORT
24.7,53.2,0.3000000000000007,-0.29999999999999716,2,WARM_HUMID
25.2,61.7,1.0999999999999979,-5.0,2,WARM_HUMID
25.1,34.5,-0.3999999999999986,-1.6000000000000014,1,COMFORT
24.2,38.7,0.09999999999999787,3.9000000000000057,0,COLD
24.5,64.1,-0.1999999999999993,-1.3000000000000114,1,COMFORT
23.3,34.1,0.0,0.0,1,COMFORT
22.8,46.1,-1.5,2.0,1,COMFORT
26.2,58.1,-0.1999999999999993,0.5,0,COLD
26.9,59.0,0.3999999999999986,0.0,2,WARM_HUMID
19.3,69.5,1.0,-5.0,0,COLD
24.4,24.2,0.5999999999999979,1.0,1,COMFORT
22.8,49.8,1.1000000000000014,-5.0,1,COMFORT
22.9,51.3,-0.6000000000000014,5.0,0,COLD
20.8,61.7,1.5,-5.0,0,COLD
30.0,62.0,0.0,0.0,1,COMFORT
22.5,26.8,0.1999999999999993,4.300000000000001,1,COMFORT
21.7,40.4,-1.5,5.0,1,COMFORT
22.0,46.3,1.5,-5.0,1,COMFORT
25.7,40.2,0.0,0.0,0,COLD
21.5,30.1,1.5,-2.6000000000000014,0,COLD
26.5,70.6,-1.1000000000000014,-5.0,1,COMFORT
24.7,58.4,0.0,0.0,0,COLD
23.8,20.9,0.0,0.0,1,COMFORT
23.0,24.2,1.0,1.8000000000000007,0,COLD
26.0,49.0,0.0,0.0,1,COMFORT
22.1,55.6,0.0,0.0,0,COLD
24.0,66.0,0.0,-5.0,0,COLD
26.3,82.2,-0.8999999999999986,-1.3999999999999915,0,COLD
23.5,24.7,0.0,0.8999999999999986,0,COLD
30.8,40.3,0.10000000000000142,-1.2000000000000028,3,HOT
26.3,82.2,-0.8999999999999986,-1.3999999999999915,2,WARM_HUMID
21.2,49.3,-1.5,4.599999999999994,1,COMFORT
28.9,69.7,-1.5,5.0,0,COLD
21.2,67.7,0.0,0.0,1,COMFORT
21.9,34.1,-1.1000000000000014,3.8000000000000007,0,COLD
20.4,24.6,-0.9000000000000021,-2.599999999999998,1,COMFORT
25.1,42.0,-0.1999999999999993,-1.0,1,COMFORT
24.8,37.4,0.3000000000000007,0.10000000000000142,0,COLD
24.6,64.0,1.0,5.0,2,WARM_HUMID
20.6,55.4,1.5,5.0,1,COMFORT
24.9,60.9,0.09999999999999787,0.3999999999999986,1,COMFORT
25.4,42.0,0.0,0.0,0,COLD
18.3,30.2,-1.3999999999999986,3.3000000000000007,1,COMFORT
25.3,61.2,-0.6999999999999993,5.0,1,COMFORT
25.3,24.0,0.6999999999999993,-1.6000000000000014,3,HOT
16.3,52.1,0.0,0.0,0,COLD
26.0,49.0,0.0,0.0,0,COLD
24.9,74.0,-0.6000000000000014,-1.0999999999999943,0,COLD
27.8,45.8,1.5,-5.0,2,WARM_HUMID
20.6,58.7,1.4000000000000021,1.8000000000000043,1,COMFORT
22.8,29.1,0.40000000000000213,0.7000000000000028,0,COLD
24.0,39.7,0.0,-5.0,1,COMFORT
23.4,29.4,-0.9000000000000021,-5.0,1,COMFORT
21.6,60.5,0.0,0.0,1,COMFORT
28.7,61.0,0.0,0.0,2,WARM_HUMID
25.1,39.7,1.5,-5.0,3,HOT
30.4,34.0,0.0,0.0,3,HOT
20.5,52.3,1.1000000000000014,0.29999999999999716,1,COMFORT
20.1,47.8,0.0,-1.7000000000000028,1,COMFORT
22.9,29.1,1.5,1.7000000000000028,0,COLD
28.0,61.7,-0.8000000000000007,2.4000000000000057,2,WARM_HUMID
26.2,61.0,0.0,-1.0,2,WARM_HUMID
22.5,25.7,-1.1000000000000014,0.3000000000000007,1,COMFORT
27.5,60.0,0.0,0.0,1,COMFORT
24.7,79.0,-1.5,5.0,0,COLD
21.0,43.0,1.3999999999999986,0.20000000000000284,1,COMFORT
22.5,49.9,-0.5,1.2999999999999972,0,COLD
22.0,25.2,-0.6999999999999993,-5.0,1,COMFORT
23.0,58.1,-0.6999999999999993,2.700000000000003,1,COMFORT
18.5,65.0,0.3000000000000007,0.0,0,COLD
22.3,33.8,1.3000000000000007,0.3999999999999986,3,HOT
23.7,43.6,-0.10000000000000142,-5.0,1,COMFORT
30.7,63.7,0.0,0.10000000000000142,2,WARM_HUMID
21.7,47.0,0.0,0.0,1,COMFORT
21.0,31.9,-0.3000000000000007,-1.3000000000000043,2,WARM_HUMID
24.7,69.5,0.8999999999999986,-0.7000000000000028,2,WARM_HUMID
25.9,46.6,0.8999999999999986,-2.1000000000000014,1,COMFORT
28.0,67.0,0.0,0.0,1,COMFORT
22.5,28.9,0.0,1.7999999999999972,3,HOT
22.8,24.2,0.9000000000000021,-1.1000000000000014,1,COMFORT
25.0,46.0,0.0,0.0,3,HOT
22.9,30.1,1.1999999999999993,-5.0,1,COMFORT
30.9,18.8,0.0,3.4000000000000004,2,WARM_HUMID
22.8,49.8,-1.5,5.0,0,COLD
20.7,65.8,0.0,0.0,1,COMFORT
23.6,42.1,0.20000000000000284,-1.2999999999999972,0,COLD
27.6,46.0,0.0,0.0,2,WARM_HUMID
23.1,36.6,0.0,0.30000000000000426,3,HOT
25.8,63.7,-0.09999999999999787,0.30000000000000426,1,COMFORT
21.5,34.3,0.1999999999999993,-3.200000000000003,0,COLD
23.1,41.1,-0.1999999999999993,-0.5,2,WARM_HUMID
24.6,65.8,0.3000000000000007,-0.7000000000000028,2,WARM_HUMID
18.3,48.7,0.10000000000000142,-5.0,1,COMFORT
24.3,25.9,0.5,-0.3000000000000007,3,HOT
24.1,62.7,0.0,0.0,0,COLD
23.8,64.6,0.10000000000000142,-0.4000000000000057,1,COMFORT
36.1,46.3,-0.10000000000000142,0.6999999999999957,3,HOT
25.5,44.4,0.6000000000000014,5.0,2,WARM_HUMID
20.5,84.9,0.0,0.0,1,COMFORT
27.2,60.8,0.0,0.0,3,HOT
25.2,52.5,-1.3000000000000007,5.0,0,COLD
22.8,30.3,0.1999999999999993,-1.6999999999999993,1,COMFORT
28.7,51.2,0.0,0.0,3,HOT
26.0,38.0,0.0,0.0,1,COMFORT
21.8,22.5,-0.09999999999999787,0.3000000000000007,2,WARM_HUMID
22.5,25.7,-0.6999999999999993,0.0,3,HOT
24.5,61.0,-0.3999999999999986,1.7000000000000028,2,WARM_HUMID
23.0,31.2,-0.6999999999999993,-5.0,2,WARM_HUMID
22.5,33.4,1.1000000000000014,-3.3999999999999986,1,COMFORT
22.4,44.5,0.1999999999999993,-1.2000000000000028,1,COMFORT
23.6,10.6,0.0,0.0,2,WARM_HUMID
22.4,37.4,-0.5,-5.0,0,COLD
25.1,44.0,-0.09999999999999787,1.2999999999999972,2,WARM_HUMID
22.6,80.5,0.10000000000000142,-0.29999999999999716,1,COMFORT
22.4,29.2,1.3999999999999986,-3.1999999999999993,1,COMFORT
21.9,22.0,0.29999999999999716,-0.3000000000000007,1,COMFORT
20.4,43.2,0.0,-0.19999999999999574,1,COMFORT
22.7,22.0,-0.6999999999999993,-1.3999999999999986,3,HOT
17.1,36.4,-1.5,-5.0,0,COLD
26.6,43.0,0.0,0.0,0,COLD
22.9,36.0,0.7999999999999972,1.0,2,WARM_HUMID
30.2,58.0,-1.1999999999999993,-5.0,1,COMFORT
21.8,62.0,-1.5,5.0,0,COLD
22.6,40.8,-0.1999999999999993,-5.0,1,COMFORT
23.2,18.8,-0.5,-4.199999999999999,0,COLD
20.0,62.1,0.0,0.0,1,COMFORT
24.4,55.6,1.5,5.0,1,COMFORT
24.2,38.9,0.09999999999999787,-5.0,2,WARM_HUMID
21.5,55.7,-0.6999999999999993,5.0,1,COMFORT
29.1,46.3,-0.09999999999999787,5.0,1,COMFORT
26.8,48.8,0.40000000000000213,1.7999999999999972,2,WARM_HUMID
20.5,37.6,1.1000000000000014,2.0,0,COLD
30.8,64.2,-0.09999999999999787,-1.5,1,COMFORT
24.2,23.9,0.3000000000000007,-0.10000000000000142,1,COMFORT
28.6,65.0,0.0,0.0,3,HOT
24.5,25.0,0.0,-1.3000000000000007,3,HOT
24.5,61.0,0.5,-2.0,0,COLD
24.3,54.0,0.40000000000000213,2.0,1,COMFORT
24.3,18.3,1.5,-5.0,1,COMFORT
31.1,71.6,-0.5,5.0,1,COMFORT
23.8,49.7,-1.5,-1.0,0,COLD
26.5,61.0,-0.6999999999999993,5.0,1,COMFORT
21.5,55.4,0.0,0.0,0,COLD
30.9,64.5,0.1999999999999993,1.0,1,COMFORT
22.6,46.6,-0.6999999999999993,2.0,2,WARM_HUMID
20.2,48.3,0.8999999999999986,-0.6000000000000014,1,COMFORT
26.1,44.0,0.0,0.0,3,HOT
22.5,35.4,-0.8000000000000007,3.599999999999998,0,COLD
21.6,41.2,0.0,0.0,1,COMFORT
23.0,43.6,-0.10000000000000142,-1.3999999999999986,3,HOT
24.6,52.1,0.40000000000000213,-1.0,1,COMFORT
23.9,31.0,0.8999999999999986,-4.600000000000001,2,WARM_HUMID
27.4,22.0,0.0,0.0,2,WARM_HUMID
23.1,55.6,-0.3999999999999986,0.0,0,COLD
24.1,41.2,-1.2999999999999972,-5.0,2,WARM_HUMID
28.0,29.7,-0.1999999999999993,-1.0,1,COMFORT
24.5,40.0,-0.8999999999999986,-5.0,0,COLD
23.0,45.8,-0.5,1.7999999999999972,2,WARM_HUMID
32.2,71.2,1.5,0.6000000000000085,1,COMFORT
22.7,26.7,0.6999999999999993,-1.5,1,COMFORT
26.5,33.0,-0.8000000000000007,0.3999999999999986,1,COMFORT
27.6,53.0,0.0,0.0,1,COMFORT
23.0,56.8,0.0,0.0,1,COMFORT
27.5,57.0,-1.3000000000000007,-5.0,0,COLD
22.7,30.5,0.5999999999999979,0.0,2,WARM_HUMID
26.6,57.3,-0.3999999999999986,-5.0,0,COLD
30.8,72.3,0.3000000000000007,-2.799999999999997,2,WARM_HUMID
27.9,45.2,0.3999999999999986,-1.7999999999999972,1,COMFORT
26.7,47.8,-0.10000000000000142,5.0,1,COMFORT
26.9,50.9,1.0999999999999979,-2.5,3,HOT
20.9,30.5,-1.5,0.0,1,COMFORT
27.0,46.8,0.0,-0.30000000000000426,1,COMFORT
27.5,67.6,0.0,0.0,2,WARM_HUMID
25.3,64.3,0.1999999999999993,-1.1000000000000085,1,COMFORT
30.0,29.0,1.3999999999999986,-5.0,3,HOT
23.4,51.3,-1.5,5.0,1,COMFORT
27.7,59.1,0.0,0.0,2,WARM_HUMID
22.7,58.9,0.0,0.10000000000000142,1,COMFORT
23.3,28.4,0.1999999999999993,-5.0,1,COMFORT
20.7,50.3,-1.5,5.0,0,COLD
25.6,39.7,1.5,-5.0,1,COMFORT
21.2,28.7,-1.5,4.899999999999999,0,COLD
23.0,49.8,-0.8999999999999986,2.6999999999999957,1,COMFORT
23.6,52.2,-0.09999999999999787,5.0,1,COMFORT
18.7,67.0,-0.8000000000000007,3.0,1,COMFORT
23.0,11.1,-0.1999999999999993,1.0999999999999996,1,COMFORT
23.2,15.6,0.0,0.0,1,COMFORT
22.0,51.5,-1.5,-1.7000000000000028,0,COLD
39.0,87.0,1.5,5.0,3,HOT
24.5,43.5,0.10000000000000142,0.10000000000000142,3,HOT
23.4,44.9,0.3999999999999986,0.10000000000000142,2,WARM_HUMID
25.2,41.7,-1.5,2.200000000000003,1,COMFORT
21.8,17.4,-0.3999999999999986,0.09999999999999787,1,COMFORT
24.5,10.3,0.8999999999999986,0.0,2,WARM_HUMID
19.3,58.6,-1.5,5.0,0,COLD
24.5,63.7,-0.3000000000000007,1.9000000000000057,1,COMFORT
31.8,67.0,0.0,0.0,2,WARM_HUMID
22.2,42.4,-0.10000000000000142,1.1000000000000014,0,COLD
26.3,58.0,0.0,0.0,1,COMFORT
22.6,52.3,0.0,0.0,1,COMFORT
24.7,58.4,0.0,0.0,0,COLD
23.7,31.2,0.1999999999999993,0.0,1,COMFORT
24.5,72.5,0.1999999999999993,0.5,3,HOT
22.2,59.6,0.0,0.0,2,WARM_HUMID
29.7,71.5,-0.3000000000000007,-0.7000000000000028,0,COLD
22.2,52.2,0.0,0.0,3,HOT
23.8,59.3,-0.1999999999999993,0.29999999999999716,0,COLD
27.0,50.3,1.0,-5.0,0,COLD
22.0,29.9,-1.5,5.0,0,COLD
26.7,33.1,0.8000000000000007,1.3000000000000007,1,COMFORT
25.3,45.5,1.5,-4.5,1,COMFORT
23.0,48.5,0.0,0.0,3,HOT
26.1,45.0,0.0,0.0,3,HOT
22.3,43.6,-1.3000000000000007,-5.0,0,COLD
28.1,54.9,-0.1999999999999993,-0.10000000000000142,3,HOT
23.0,44.2,0.0,0.0,1,COMFORT
19.3,53.2,0.5,-5.0,1,COMFORT
23.6,42.5,0.3000000000000007,0.3999999999999986,0,COLD
28.7,17.3,1.5,3.200000000000001,3,HOT
21.8,31.5,0.5,0.0,1,COMFORT
25.4,61.7,-1.5,3.4000000000000057,2,WARM_HUMID
26.2,37.9,0.3000000000000007,-0.6000000000000014,1,COMFORT
23.0,36.6,0.8999999999999986,-2.8999999999999986,2,WARM_HUMID
27.2,45.1,-0.1999999999999993,0.0,2,WARM_HUMID
27.1,60.5,0.0,0.0,1,COMFORT
22.2,34.2,0.1999999999999993,-0.29999999999999716,0,COLD
26.2,68.1,-0.9000000000000021,1.5999999999999943,3,HOT
25.9,69.2,-1.5,5.0,3,HOT
22.3,18.2,-0.3999999999999986,-4.300000000000001,1,COMFORT
23.6,26.4,-0.3999999999999986,0.7999999999999972,0,COLD
27.2,61.8,0.0,0.0,1,COMFORT
23.2,27.7,-0.1999999999999993,1.0999999999999979,2,WARM_HUMID
25.2,52.8,0.0,0.0,2,WARM_HUMID
22.1,33.8,-1.0999999999999979,5.0,0,COLD
22.6,65.4,-0.29999999999999716,0.0,1,COMFORT
17.5,58.0,1.5,-5.0,3,HOT
27.2,52.7,0.0,0.0,3,HOT
25.1,47.0,0.0,0.0,0,COLD
24.4,61.4,0.0,0.0,2,WARM_HUMID
26.7,54.5,-0.6000000000000014,5.0,2,WARM_HUMID
26.0,69.0,1.0,0.0,0,COLD
21.0,22.4,0.6000000000000014,0.0,0,COLD
32.7,65.5,0.0,0.0,1,COMFORT
25.7,50.0,0.5999999999999979,-1.0,1,COMFORT
25.1,40.7,0.10000000000000142,0.8000000000000043,2,WARM_HUMID
28.3,40.0,-0.1999999999999993,0.0,2,WARM_HUMID
23.7,49.1,-1.0,5.0,3,HOT
23.2,53.0,-1.4000000000000021,-5.0,1,COMFORT
22.1,40.8,0.20000000000000284,0.7999999999999972,1,COMFORT
25.0,57.3,0.8000000000000007,-1.3000000000000043,1,COMFORT
32.0,79.0,-1.5,5.0,1,COMFORT
26.2,57.0,0.0,0.0,3,HOT
23.1,71.9,0.0,0.0,3,HOT
21.4,51.0,0.1999999999999993,0.0,1,COMFORT
28.2,52.2,0.09999999999999787,-0.5999999999999943,1,COMFORT
21.2,61.6,0.0,0.0,0,COLD
22.1,45.3,0.20000000000000284,0.0,1,COMFORT
20.1,84.8,0.10000000000000142,2.0999999999999943,1,COMFORT
23.1,41.8,-0.7999999999999972,1.5,1,COMFORT
29.0,55.0,0.0,0.0,0,COLD
25.0,71.0,-0.10000000000000142,0.0,1,COMFORT
24.3,38.5,-0.09999999999999787,0.7000000000000028,1,COMFORT
26.4,61.7,-0.8000000000000007,-3.200000000000003,3,HOT
12.2,68.5,0.0,4.5,0,COLD
21.3,79.5,0.5,-1.4000000000000057,1,COMFORT
27.1,64.8,0.6000000000000014,3.5999999999999943,1,COMFORT
26.7,57.7,-1.5,3.700000000000003,1,COMFORT
24.0,44.6,0.10000000000000142,3.6000000000000014,1,COMFORT
23.1,25.7,1.0,-4.900000000000002,1,COMFORT
31.5,32.9,0.0,1.0999999999999979,2,WARM_HUMID
25.5,25.2,0.3999999999999986,-0.9000000000000021,1,COMFORT
31.1,56.2,0.7000000000000028,-5.0,2,WARM_HUMID
23.3,45.5,1.0,-0.29999999999999716,1,COMFORT
28.7,51.2,0.1999999999999993,0.10000000000000142,2,WARM_HUMID
23.9,41.0,0.0,0.0,1,COMFORT
20.0,30.5,-1.5,0.0,1,COMFORT
21.2,21.0,-1.5,2.6999999999999993,1,COMFORT
20.8,54.5,0.0,0.0,1,COMFORT
28.0,56.0,0.0,1.0,2,WARM_HUMID
24.3,54.2,-0.09999999999999787,0.30000000000000426,1,COMFORT
20.6,59.3,-1.5,5.0,0,COLD
23.4,48.9,-0.8000000000000007,-4.0,1,COMFORT
20.0,63.8,-1.5,0.0,1,COMFORT
28.7,49.1,0.3999999999999986,-3.799999999999997,3,HOT
21.4,53.2,0.0,0.0,0,COLD
23.6,20.6,0.20000000000000284,-2.3999999999999986,1,COMFORT
32.1,70.9,-1.5,5.0,3,HOT
20.3,45.1,-0.3000000000000007,0.8000000000000043,1,COMFORT
22.2,54.2,-1.1000000000000014,0.8000000000000043,1,COMFORT
24.7,44.1,-0.10000000000000142,-4.100000000000001,2,WARM_HUMID
21.1,34.4,-0.7999999999999972,-1.1000000000000014,3,HOT
30.4,56.9,0.0,0.10000000000000142,1,COMFORT
22.3,26.8,-0.3000000000000007,-5.0,3,HOT
24.2,48.0,-1.5,3.0,0,COLD
19.9,59.2,0.0,0.0,1,COMFORT
19.4,66.0,1.5,5.0,2,WARM_HUMID
27.0,74.3,1.5,5.0,0,COLD
24.6,40.5,-1.5,-5.0,0,COLD
22.4,44.2,1.5,-4.5,3,HOT
31.8,32.1,0.3000000000000007,0.5,2,WARM_HUMID
20.1,53.4,0.0,0.0,0,COLD
26.2,68.2,0.0,0.0,2,WARM_HUMID
29.6,58.2,0.0,-0.5,1,COMFORT
24.3,45.3,0.40000000000000213,-0.9000000000000057,0,COLD
25.7,59.5,0.0,0.0,1,COMFORT
23.2,34.7,-1.5,0.0,0,COLD
21.5,37.1,-1.3999999999999986,5.0,1,COMFORT
29.1,28.6,1.5,-5.0,1,COMFORT
34.5,49.1,-1.5,5.0,3,HOT
21.8,59.4,-1.3000000000000007,0.19999999999999574,0,COLD
23.2,50.6,0.09999999999999787,3.5,1,COMFORT
21.9,42.2,0.0,0.0,1,COMFORT
22.9,39.0,0.0,0.0,3,HOT
23.8,41.8,-1.0,-0.6000000000000014,1,COMFORT
29.5,53.7,0.3999999999999986,0.5,0,COLD
30.3,65.7,0.10000000000000142,-1.7999999999999972,0,COLD
23.0,39.5,-0.10000000000000142,1.7999999999999972,1,COMFORT
21.3,55.6,-0.3999999999999986,1.0,0,COLD
22.9,21.8,0.3999999999999986,-3.599999999999998,1,COMFORT
27.6,40.8,0.9000000000000021,2.8999999999999986,3,HOT
19.2,54.8,0.0,0.0,1,COMFORT
26.8,83.5,-0.5,4.299999999999997,1,COMFORT
18.9,62.0,0.0,0.0,1,COMFORT
34.0,39.0,0.0,0.0,2,WARM_HUMID
18.2,54.9,-0.10000000000000142,4.399999999999999,1,COMFORT
28.3,55.8,0.3000000000000007,1.3999999999999986,1,COMFORT
24.5,30.4,0.6999999999999993,-4.300000000000004,1,COMFORT
24.2,71.6,0.0,0.0,0,COLD
24.2,47.5,-1.5,-2.6000000000000014,1,COMFORT
24.5,25.2,-0.10000000000000142,-2.5,1,COMFORT
28.6,58.1,-0.8999999999999986,5.0,2,WARM_HUMID
20.4,40.1,0.0,0.0,0,COLD
24.2,60.6,-0.9000000000000021,2.700000000000003,3,HOT
23.2,36.1,0.0,0.20000000000000284,1,COMFORT
28.8,67.6,0.10000000000000142,-0.30000000000001137,2,WARM_HUMID
21.9,26.7,-0.40000000000000213,-0.5,2,WARM_HUMID
23.8,64.4,-0.1999999999999993,-3.8999999999999915,1,COMFORT
18.6,49.8,0.0,0.0,0,COLD
22.5,48.0,-0.3999999999999986,1.0,2,WARM_HUMID
20.8,32.4,0.8000000000000007,1.3999999999999986,0,COLD
24.1,41.5,0.10000000000000142,0.0,0,COLD
22.6,24.7,0.9000000000000021,-1.6999999999999993,0,COLD
22.1,50.0,0.20000000000000284,1.5,1,COMFORT
22.5,52.2,0.0,0.0,3,HOT
25.6,41.9,1.2000000000000028,-4.5,0,COLD
24.7,53.5,-0.3000000000000007,-2.700000000000003,1,COMFORT
28.5,35.0,-0.5,0.0,3,HOT
24.3,43.7,1.5,-3.299999999999997,1,COMFORT
27.4,55.0,-0.8000000000000007,2.799999999999997,2,WARM_HUMID
21.6,50.3,0.20000000000000284,-2.9000000000000057,2,WARM_HUMID
22.8,66.0,1.3000000000000007,-1.0,1,COMFORT
21.2,22.4,-1.5,0.0,2,WARM_HUMID
22.5,31.7,0.1999999999999993,-3.099999999999998,2,WARM_HUMID
22.9,42.6,-0.10000000000000142,1.6000000000000014,0,COLD
22.5,74.4,-0.8999999999999986,3.4000000000000057,0,COLD
24.4,39.3,-1.4000000000000021,0.3999999999999986,1,COMFORT
19.5,55.3,-1.0,-5.0,0,COLD
26.6,32.3,0.0,0.0,2,WARM_HUMID
21.6,26.7,-1.5,-0.5,1,COMFORT
25.1,37.0,0.0,0.0,0,COLD
22.9,22.6,-0.20000000000000284,1.4000000000000021,1,COMFORT
22.8,50.2,-0.09999999999999787,5.0,3,HOT
22.0,50.0,0.0,1.0,0,COLD
31.7,68.9,0.3000000000000007,-0.8999999999999915,2,WARM_HUMID
31.4,37.2,0.1999999999999993,-0.8999999999999986,3,HOT
23.1,46.8,-0.09999999999999787,-0.5,1,COMFORT
24.9,30.3,1.5,-5.0,1,COMFORT
31.0,66.1,-0.6000000000000014,0.7999999999999972,1,COMFORT
26.5,51.0,-1.5,-3.0,1,COMFORT
28.5,61.8,-0.10000000000000142,1.0999999999999943,3,HOT
27.5,26.6,1.5,-5.0,1,COMFORT
22.9,48.0,-0.20000000000000284,1.0,1,COMFORT
24.6,58.9,0.8000000000000007,5.0,1,COMFORT
23.4,54.4,1.0999999999999979,-5.0,0,COLD
21.9,61.3,0.0,0.0,1,COMFORT
19.7,48.0,-1.5,-2.6000000000000014,2,WARM_HUMID
24.1,36.8,0.10000000000000142,-3.200000000000003,2,WARM_HUMID
27.9,29.9,0.09999999999999787,0.5999999999999979,0,COLD
29.4,76.1,0.0,-0.9000000000000057,1,COMFORT
19.0,47.3,1.5,5.0,1,COMFORT
23.3,33.5,0.3000000000000007,-2.5,2,WARM_HUMID
35.0,54.0,0.0,0.0,1,COMFORT
26.1,46.0,0.0,0.0,0,COLD
23.9,26.9,1.5,-1.2000000000000028,3,HOT
28.4,25.0,0.6999999999999993,-1.6999999999999993,3,HOT
31.4,48.3,1.5,-5.0,1,COMFORT
18.5,56.4,0.1999999999999993,0.0,1,COMFORT
27.1,47.3,-0.3999999999999986,-1.0,2,WARM_HUMID
20.3,34.9,-1.5,-0.3999999999999986,1,COMFORT
23.7,24.3,1.0,-0.1999999999999993,1,COMFORT
29.4,40.4,-0.40000000000000213,1.1999999999999957,2,WARM_HUMID
25.5,17.5,0.0,0.0,3,HOT
26.9,56.0,-0.10000000000000142,0.5,2,WARM_HUMID
23.7,63.7,-0.40000000000000213,0.5,1,COMFORT
21.6,47.2,0.0,-1.5999999999999943,0,COLD
23.4,55.3,0.29999999999999716,-0.7000000000000028,0,COLD
21.9,54.9,-1.5,5.0,0,COLD
27.1,37.0,0.0,0.0,1,COMFORT
23.3,20.3,0.5,0.6000000000000014,1,COMFORT
21.3,36.5,-1.0999999999999979,5.0,0,COLD
23.4,60.0,0.8999999999999986,5.0,1,COMFORT
20.1,27.4,-1.0,-5.0,1,COMFORT
25.6,34.3,-1.3999999999999986,0.7999999999999972,0,COLD
25.3,46.0,1.5,0.10000000000000142,2,WARM_HUMID
27.5,29.0,0.0,0.0,0,COLD
27.7,49.6,0.3000000000000007,0.6000000000000014,2,WARM_HUMID
21.0,44.4,0.1999999999999993,0.0,2,WARM_HUMID
24.8,53.9,-0.5999999999999979,2.5,2,WARM_HUMID
25.8,74.9,-1.5,-0.5,2,WARM_HUMID
21.1,22.4,0.20000000000000284,0.0,0,COLD
23.9,44.1,-0.40000000000000213,1.3999999999999986,1,COMFORT
34.0,31.0,0.0,0.0,3,HOT
29.6,73.7,0.40000000000000213,-2.0999999999999943,0,COLD
30.9,54.4,1.1999999999999993,-5.0,1,COMFORT
23.7,44.1,-0.3000000000000007,-0.10000000000000142,0,COLD
22.8,45.3,-0.3999999999999986,-3.5,3,HOT
18.9,54.4,-1.5,5.0,1,COMFORT
20.2,40.0,1.5,0.8999999999999986,3,HOT
22.3,51.9,0.0,0.0,0,COLD
28.8,65.1,0.0,0.0,2,WARM_HUMID
22.7,45.4,0.3000000000000007,1.1999999999999957,3,HOT
23.8,42.7,0.8000000000000007,0.7000000000000028,0,COLD
18.8,19.9,1.4000000000000021,-5.0,0,COLD
27.8,45.3,0.0,0.0,2,WARM_HUMID
21.1,29.9,-1.0999999999999979,-0.9000000000000021,1,COMFORT
21.7,40.8,0.6999999999999993,3.3999999999999986,2,WARM_HUMID
28.3,83.2,0.6999999999999993,-1.7999999999999972,0,COLD
23.6,66.2,0.10000000000000142,1.0,1,COMFORT
25.2,28.1,0.3999999999999986,-1.5999999999999979,2,WARM_HUMID
30.5,69.0,-0.10000000000000142,1.0,0,COLD
24.8,52.0,0.3000000000000007,-1.1000000000000014,0,COLD
22.8,41.7,-0.8999999999999986,2.6000000000000014,0,COLD
22.9,28.2,-1.1000000000000014,1.3999999999999986,3,HOT
18.7,36.0,-0.6999999999999993,5.0,0,COLD
24.1,61.0,0.0,0.0,1,COMFORT
22.1,30.5,-1.5,0.0,2,WARM_HUMID
34.2,50.4,0.0,0.0,3,HOT
22.0,39.3,0.3000000000000007,-0.4000000000000057,3,HOT
22.2,45.6,-0.6000000000000014,0.20000000000000284,1,COMFORT
29.0,33.0,0.0,0.0,1,COMFORT
26.3,82.2,-0.8999999999999986,-1.3999999999999915,1,COMFORT
21.5,45.5,-1.5,-5.0,2,WARM_HUMID
22.0,59.2,0.0,0.0,1,COMFORT
29.8,64.7,0.40000000000000213,-0.7999999999999972,1,COMFORT
28.5,40.9,-1.5,-4.100000000000001,2,WARM_HUMID
29.9,67.0,0.0,0.0,1,COMFORT
21.0,34.5,0.0,-0.5,1,COMFORT
24.3,39.1,0.40000000000000213,-2.1999999999999957,2,WARM_HUMID
23.8,31.7,-0.09999999999999787,1.3999999999999986,0,COLD
26.8,55.0,0.0,0.0,1,COMFORT
27.2,51.5,0.0,0.0,1,COMFORT
19.8,42.4,0.1999999999999993,-0.6000000000000014,1,COMFORT
25.0,21.6,1.1999999999999993,-0.29999999999999716,2,WARM_HUMID
28.0,47.0,0.0,0.0,0,COLD
23.8,21.3,0.8000000000000007,-1.8999999999999986,1,COMFORT
14.6,16.7,-1.5,-5.0,1,COMFORT
28.0,69.0,0.0,0.0,1,COMFORT
29.1,75.0,-1.0,2.9000000000000057,3,HOT
32.2,17.6,0.10000000000000142,-1.5999999999999979,2,WARM_HUMID
30.1,61.8,-0.1999999999999993,-3.4000000000000057,3,HOT
34.8,46.6,-0.6000000000000014,-0.29999999999999716,3,HOT
32.3,60.0,0.3999999999999986,5.0,3,HOT
23.1,44.3,-1.0999999999999979,2.1999999999999957,1,COMFORT
31.0,70.9,-0.10000000000000142,-4.299999999999997,2,WARM_HUMID
22.9,52.4,0.3999999999999986,-1.2000000000000028,1,COMFORT
24.0,76.3,-0.3000000000000007,1.0,1,COMFORT
25.0,62.5,-0.6000000000000014,2.3999999999999986,1,COMFORT
26.8,40.0,0.40000000000000213,0.10000000000000142,2,WARM_HUMID
29.0,39.9,1.5,-5.0,3,HOT
18.1,42.8,-1.5,5.0,1,COMFORT
23.0,21.0,0.10000000000000142,0.1999999999999993,1,COMFORT
22.9,30.3,-0.10000000000000142,0.8000000000000007,1,COMFORT
22.6,30.5,0.0,0.6000000000000014,2,WARM_HUMID
21.7,28.9,-0.6999999999999993,-2.1000000000000014,0,COLD
21.5,36.8,-0.10000000000000142,0.8999999999999986,0,COLD
23.1,75.7,0.0,0.10000000000000853,1,COMFORT
25.6,46.3,-0.5,0.8999999999999986,2,WARM_HUMID
24.2,37.0,1.5,-5.0,0,COLD
36.7,46.8,1.5,-3.0,2,WARM_HUMID
26.0,34.0,0.0,0.0,1,COMFORT
30.2,18.6,-1.5,-5.0,2,WARM_HUMID
24.2,32.7,1.3999999999999986,-5.0,2,WARM_HUMID
22.7,16.0,1.0,-5.0,1,COMFORT
22.5,23.7,0.6000000000000014,-2.6000000000000014,2,WARM_HUMID
25.2,57.0,0.3999999999999986,-1.2999999999999972,2,WARM_HUMID
23.2,54.2,0.0,0.0,2,WARM_HUMID
23.6,34.7,0.6000000000000014,-2.3999999999999986,2,WARM_HUMID
22.5,54.0,0.1999999999999993,0.0,1,COMFORT
25.2,69.7,0.5,-4.3999999999999915,1,COMFORT
23.3,57.5,0.10000000000000142,1.3999999999999986,0,COLD
26.8,59.0,1.3000000000000007,5.0,1,COMFORT
25.1,47.4,-0.5999999999999979,4.199999999999996,1,COMFORT
26.5,33.7,1.5,-3.1999999999999957,0,COLD
24.4,55.6,0.3999999999999986,0.0,0,COLD
30.7,55.0,1.5,4.0,3,HOT
27.5,52.0,0.0,0.0,1,COMFORT
22.0,47.1,-0.10000000000000142,0.20000000000000284,1,COMFORT
22.0,32.3,0.8000000000000007,-0.20000000000000284,2,WARM_HUMID
24.1,45.5,0.3000000000000007,-0.10000000000000142,2,WARM_HUMID
21.0,58.0,0.0,0.0,1,COMFORT
26.0,50.0,0.0,0.0,1,COMFORT
21.8,45.3,-0.1999999999999993,0.5999999999999943,3,HOT
21.4,34.5,0.09999999999999787,0.6000000000000014,1,COMFORT
23.0,35.5,0.0,0.20000000000000284,1,COMFORT
24.1,69.7,0.0,0.0,1,COMFORT
25.8,49.5,0.6999999999999993,-4.299999999999997,1,COMFORT
23.2,33.7,1.5,3.0000000000000036,1,COMFORT
25.0,63.3,1.5,-5.0,3,HOT
19.9,51.4,-0.8000000000000007,5.0,0,COLD
28.2,58.7,0.1999999999999993,-3.799999999999997,1,COMFORT
25.4,61.4,0.09999999999999787,-0.10000000000000142,0,COLD
22.5,21.4,0.3000000000000007,-3.200000000000003,0,COLD
23.5,30.5,0.5,0.0,0,COLD
23.5,62.3,0.6000000000000014,-0.30000000000000426,1,COMFORT
23.5,61.3,0.5,-1.6000000000000014,2,WARM_HUMID
23.9,54.6,-0.3000000000000007,0.8000000000000043,1,COMFORT
29.0,38.0,1.5,0.6000000000000014,1,COMFORT
22.6,27.4,-0.5,1.5,1,COMFORT
35.1,31.1,1.5,5.0,2,WARM_HUMID
23.4,26.7,-1.4000000000000021,5.0,1,COMFORT
20.5,20.3,0.0,0.0,1,COMFORT
24.5,23.3,0.1999999999999993,2.5,1,COMFORT
20.5,50.0,0.1999999999999993,0.29999999999999716,2,WARM_HUMID
24.7,58.4,-0.6999999999999993,1.5,2,WARM_HUMID
33.8,41.2,-1.4000000000000057,2.5,1,COMFORT
23.0,22.8,-0.3999999999999986,0.0,2,WARM_HUMID
26.9,56.0,0.0,0.0,1,COMFORT
29.5,77.3,0.1999999999999993,-0.5,1,COMFORT
25.1,40.0,0.0,0.0,1,COMFORT
30.0,60.6,0.1999999999999993,0.8000000000000043,1,COMFORT
23.0,65.0,0.0,0.0,1,COMFORT
24.2,42.2,0.5,5.0,3,HOT
22.5,52.2,0.0,0.0,3,HOT
22.1,40.9,0.0,0.0,1,COMFORT
25.2,23.5,0.1999999999999993,0.5,1,COMFORT
22.2,33.4,0.8999999999999986,-4.600000000000001,0,COLD
31.5,31.7,0.0,-2.8000000000000007,2,WARM_HUMID
25.7,43.0,-1.5,-1.0,0,COLD
20.3,66.7,0.1999999999999993,1.6000000000000085,1,COMFORT
22.4,25.5,0.1999999999999993,-1.5,2,WARM_HUMID
37.2,34.4,0.4000000000000057,-0.6000000000000014,3,HOT
24.0,40.5,0.6000000000000014,-4.600000000000001,0,COLD
18.6,41.4,0.5,-0.7000000000000028,0,COLD
32.0,61.9,0.0,-2.6000000000000014,3,HOT
23.4,65.1,0.0,1.0999999999999943,1,COMFORT
23.0,53.6,0.0,-0.10000000000000142,3,HOT
22.4,39.0,-1.0,2.299999999999997,1,COMFORT
22.3,56.1,0.0,-0.5,0,COLD
24.6,42.2,-0.5,2.9000000000000057,1,COMFORT
34.3,21.0,1.1999999999999957,-5.0,3,HOT
27.7,46.1,1.5,0.5,3,HOT
21.9,28.6,0.3999999999999986,-1.0,2,WARM_HUMID
21.6,26.9,0.0,0.0,1,COMFORT
29.1,62.9,-1.5,-5.0,1,COMFORT
24.2,59.9,-0.5,4.799999999999997,1,COMFORT
19.4,75.0,-0.40000000000000213,0.9000000000000057,1,COMFORT
26.6,22.6,1.5,-4.799999999999997,0,COLD
31.4,33.6,-0.10000000000000142,-1.6000000000000014,1,COMFORT
31.1,69.0,0.0,0.0,2,WARM_HUMID
30.4,28.9,1.1999999999999993,-0.40000000000000213,2,WARM_HUMID
22.6,34.5,-0.6999999999999993,1.6000000000000014,2,WARM_HUMID
20.2,50.3,-1.1000000000000014,4.299999999999997,1,COMFORT
23.3,64.1,0.8000000000000007,-4.300000000000011,1,COMFORT
22.0,21.2,0.0,0.0,1,COMFORT
23.0,22.4,-0.10000000000000142,-0.8000000000000007,1,COMFORT
23.2,27.8,0.5,-0.1999999999999993,3,HOT
27.1,26.3,1.5,-5.0,1,COMFORT
25.5,33.8,-1.1999999999999993,5.0,2,WARM_HUMID
22.5,69.9,-0.1999999999999993,0.9000000000000057,1,COMFORT
31.4,25.7,-0.10000000000000142,0.0,0,COLD
26.8,31.2,-0.5,-0.40000000000000213,3,HOT
31.2,26.5,0.0,0.0,1,COMFORT
19.2,70.0,0.3000000000000007,2.0,1,COMFORT
23.9,38.1,0.5,-1.3999999999999986,2,WARM_HUMID
26.2,52.0,0.3000000000000007,0.0,1,COMFORT
25.7,57.2,0.0,0.0,1,COMFORT
16.8,47.8,0.0,-5.0,0,COLD
25.3,23.1,0.10000000000000142,-0.5,2,WARM_HUMID
24.4,48.1,-1.5,5.0,1,COMFORT
23.2,30.1,0.0,0.0,0,COLD
24.2,35.1,0.1999999999999993,-0.6000000000000014,0,COLD
21.7,79.7,0.0,0.5,1,COMFORT
25.6,59.8,-1.2999999999999972,5.0,0,COLD
22.4,65.0,-0.20000000000000284,0.0,1,COMFORT
22.5,28.7,1.3000000000000007,0.3000000000000007,0,COLD
21.6,40.1,-1.0999999999999979,0.10000000000000142,1,COMFORT
27.7,53.0,-0.10000000000000142,1.0,1,COMFORT
23.0,22.0,1.0,-3.1000000000000014,0,COLD
22.8,20.7,0.1999999999999993,-0.6999999999999993,3,HOT
19.0,53.0,-1.0,-4.0,1,COMFORT
24.6,61.0,-0.8999999999999986,3.0,1,COMFORT
23.7,21.0,1.0999999999999979,-1.1999999999999993,2,WARM_HUMID
23.1,33.0,-0.1999999999999993,1.0,2,WARM_HUMID
19.3,39.5,-1.5,5.0,0,COLD
23.1,22.4,0.5,0.0,0,COLD
25.0,58.7,1.0,-3.5999999999999943,1,COMFORT
23.2,50.7,0.6999999999999993,-2.799999999999997,0,COLD
25.3,51.0,-1.5,-5.0,1,COMFORT
23.0,41.0,0.0,-5.0,1,COMFORT
22.5,44.2,1.5,-5.0,1,COMFORT
26.8,34.1,1.5,-2.3999999999999986,2,WARM_HUMID
28.2,68.5,0.1999999999999993,-0.20000000000000284,0,COLD
23.5,30.2,0.6999999999999993,5.0,1,COMFORT
22.7,69.0,-1.4000000000000021,5.0,1,COMFORT
24.6,51.0,0.6000000000000014,-1.5,2,WARM_HUMID
20.2,55.1,-1.5,3.200000000000003,0,COLD
27.1,48.2,-0.29999999999999716,1.0,3,HOT
20.5,54.6,0.6999999999999993,0.5,1,COMFORT
23.7,35.6,0.09999999999999787,-0.6999999999999957,1,COMFORT
25.2,61.0,-0.3000000000000007,-1.0,1,COMFORT
17.5,23.8,-1.5,-1.3000000000000007,0,COLD
24.1,62.7,0.0,0.0,2,WARM_HUMID
25.1,60.7,-0.09999999999999787,1.0,0,COLD
29.9,27.0,-0.20000000000000284,-1.0,3,HOT
22.3,42.0,0.0,0.0,1,COMFORT
24.1,62.7,0.40000000000000213,4.700000000000003,1,COMFORT
24.6,72.6,0.0,0.0,2,WARM_HUMID
23.8,39.5,0.3000000000000007,-2.8999999999999986,0,COLD
21.0,38.9,-1.5,5.0,0,COLD
28.7,33.0,0.0,0.0,2,WARM_HUMID
23.0,29.8,1.5,2.0,0,COLD
25.7,58.7,-0.10000000000000142,-0.3999999999999986,1,COMFORT
21.7,36.5,0.1999999999999993,-1.3999999999999986,1,COMFORT
22.7,75.0,-0.1999999999999993,0.0,0,COLD
24.3,20.8,0.1999999999999993,-1.3999999999999986,1,COMFORT
24.7,45.5,-1.5,1.5,1,COMFORT
25.1,60.7,-0.09999999999999787,1.0,1,COMFORT
23.0,34.5,0.10000000000000142,0.7999999999999972,1,COMFORT
23.4,65.7,0.1999999999999993,0.6000000000000085,1,COMFORT
27.2,70.1,0.0,0.0,1,COMFORT
19.9,38.8,0.6999999999999993,4.799999999999997,0,COLD
27.9,61.0,0.0,0.0,0,COLD
18.9,43.8,-0.10000000000000142,0.0,0,COLD
16.4,56.0,0.1999999999999993,5.0,1,COMFORT
25.0,47.4,1.5,-2.3000000000000043,2,WARM_HUMID
21.8,32.8,-0.3000000000000007,0.0,2,WARM_HUMID
34.2,58.5,0.7000000000000028,-1.3999999999999986,3,HOT
23.9,31.6,1.1999999999999993,-4.0,2,WARM_HUMID
18.4,56.9,0.0,0.0,1,COMFORT
23.4,71.6,0.3999999999999986,1.0999999999999943,1,COMFORT
24.1,62.7,0.0,0.0,1,COMFORT
30.0,80.2,-1.1999999999999993,5.0,2,WARM_HUMID
23.9,62.0,-0.20000000000000284,1.0,2,WARM_HUMID
26.2,53.0,-1.5,5.0,1,COMFORT
23.4,40.1,-0.7000000000000028,4.399999999999999,2,WARM_HUMID
20.3,32.9,-0.6999999999999993,1.6999999999999993,0,COLD
21.8,28.8,-0.5999999999999979,-2.3999999999999986,0,COLD
23.0,48.5,0.0,0.0,2,WARM_HUMID
23.8,34.1,0.6999999999999993,-5.0,2,WARM_HUMID
24.1,51.9,-1.5,5.0,0,COLD
22.7,44.7,0.3999999999999986,-2.5,1,COMFORT
20.7,71.6,0.0,0.0,1,COMFORT
26.6,25.9,-0.8999999999999986,-1.6000000000000014,1,COMFORT
28.3,78.0,0.0,0.0,0,COLD
19.9,32.1,1.3999999999999986,4.300000000000001,0,COLD
24.5,58.1,-1.5,3.5,1,COMFORT
23.3,65.5,-0.09999999999999787,1.7000000000000028,2,WARM_HUMID
22.7,44.9,-0.3000000000000007,1.1000000000000014,0,COLD
26.6,27.2,0.8000000000000007,-5.0,3,HOT
21.0,44.3,1.5,5.0,1,COMFORT
21.7,45.0,-0.10000000000000142,-4.100000000000001,0,COLD
21.6,36.9,-0.5,5.0,1,COMFORT
20.9,69.1,0.29999999999999716,-0.5,1,COMFORT
24.8,57.9,0.0,-0.10000000000000142,2,WARM_HUMID
26.4,43.0,0.0,0.0,2,WARM_HUMID
23.8,30.9,0.0,0.0,1,COMFORT
24.0,45.7,-1.3000000000000007,-1.8999999999999986,0,COLD
23.0,29.8,1.5,2.0,2,WARM_HUMID
23.2,25.3,1.5,-5.0,1,COMFORT
23.3,35.2,0.0,0.0,2,WARM_HUMID
20.8,39.8,-0.09999999999999787,-4.5,1,COMFORT
26.5,67.4,0.3999999999999986,-1.0999999999999943,2,WARM_HUMID
21.3,30.9,-0.5999999999999979,2.8999999999999986,3,HOT
21.1,41.0,-1.3999999999999986,5.0,3,HOT
28.0,63.0,0.6000000000000014,3.0,2,WARM_HUMID
23.9,33.2,0.7999999999999972,1.2000000000000028,2,WARM_HUMID
29.7,51.3,1.5,-5.0,3,HOT
25.7,57.8,1.0999999999999979,-2.200000000000003,2,WARM_HUMID
22.5,41.7,0.0,2.3000000000000043,2,WARM_HUMID
27.5,39.5,-0.1999999999999993,-3.5,2,WARM_HUMID
26.5,47.8,0.0,-0.6000000000000014,1,COMFORT
24.1,36.3,1.5,-2.200000000000003,1,COMFORT
30.7,65.4,-0.10000000000000142,-0.29999999999999716,2,WARM_HUMID
22.3,44.3,-0.09999999999999787,0.5999999999999943,0,COLD
23.3,24.6,-1.3000000000000007,-1.0999999999999979,1,COMFORT
33.0,61.0,-1.0,5.0,3,HOT
22.0,45.3,-1.5,5.0,1,COMFORT
15.6,66.7,-1.0999999999999996,-0.3999999999999915,1,COMFORT
27.9,51.3,-0.6000000000000014,-5.0,3,HOT
27.7,54.5,0.3000000000000007,-0.5,1,COMFORT
27.3,71.0,-0.09999999999999787,1.2999999999999972,1,COMFORT
24.4,40.0,-1.5,1.0,0,COLD
26.3,58.5,0.3000000000000007,-1.7000000000000028,1,COMFORT
22.7,32.1,1.0999999999999979,-3.8999999999999986,1,COMFORT
27.8,59.5,0.40000000000000213,-0.8999999999999986,1,COMFORT
25.2,64.0,0.0,0.0,0,COLD
28.3,61.0,-0.09999999999999787,5.0,3,HOT
22.9,22.4,-0.20000000000000284,0.0,0,COLD
21.3,22.8,0.0,0.0,1,COMFORT
25.8,61.5,1.5,-4.099999999999994,2,WARM_HUMID
10.4,59.2,-0.5999999999999996,-5.0,0,COLD
22.7,28.4,-1.5,1.3999999999999986,1,COMFORT
26.4,48.0,0.0,0.0,0,COLD
23.6,50.2,0.20000000000000284,-0.8999999999999986,0,COLD
28.1,52.8,0.20000000000000284,-0.8000000000000043,1,COMFORT
25.7,41.0,0.0,0.0,0,COLD
25.1,26.4,-1.0,2.6999999999999993,3,HOT
22.2,69.0,0.3000000000000007,-0.9000000000000057,0,COLD
30.0,72.0,0.0,0.0,2,WARM_HUMID
21.7,25.5,-0.9000000000000021,-3.0,1,COMFORT
22.0,14.5,0.0,0.0,1,COMFORT
23.0,58.1,0.0,0.0,2,WARM_HUMID
28.8,73.0,-1.5,5.0,1,COMFORT
25.7,63.6,-0.10000000000000142,0.5,1,COMFORT
23.0,81.7,0.0,0.0,3,HOT
25.0,53.9,0.3000000000000007,0.6000000000000014,1,COMFORT
23.6,17.2,0.7000000000000028,-0.10000000000000142,2,WARM_HUMID
23.1,22.5,0.10000000000000142,0.8999999999999986,1,COMFORT
28.7,75.0,0.5,-2.5999999999999943,0,COLD
22.3,58.4,0.0,0.0,2,WARM_HUMID
29.8,41.0,0.0,0.0,3,HOT
21.5,59.8,0.0,0.0,1,COMFORT
21.8,46.6,-1.5,5.0,2,WARM_HUMID
24.8,27.1,0.0,0.20000000000000284,0,COLD
23.9,53.2,0.0,0.0,3,HOT
31.5,29.9,1.0,1.8999999999999986,2,WARM_HUMID
25.0,44.3,0.8999999999999986,4.699999999999996,3,HOT
21.7,66.4,-1.1999999999999993,2.500000000000007,1,COMFORT
24.2,71.6,0.0,0.0,1,COMFORT
22.2,34.2,0.1999999999999993,-0.29999999999999716,1,COMFORT
26.6,42.4,1.3000000000000007,3.799999999999997,2,WARM_HUMID
20.4,27.6,0.0,0.0,1,COMFORT
25.2,43.0,0.0,0.0,1,COMFORT
22.1,38.7,1.1000000000000014,0.0,1,COMFORT
30.9,67.7,-1.5,5.0,1,COMFORT
23.1,49.9,0.0,0.0,1,COMFORT
26.4,39.1,1.5,-5.0,3,HOT
27.0,46.3,0.3000000000000007,3.299999999999997,1,COMFORT
25.8,64.4,0.6000000000000014,2.6000000000000085,1,COMFORT
22.8,40.4,-1.5,5.0,0,COLD
23.2,80.7,-1.5,-4.200000000000003,2,WARM_HUMID
22.7,33.8,0.0,1.5999999999999943,2,WARM_HUMID
22.6,25.6,-0.7999999999999972,-1.5,2,WARM_HUMID
19.5,43.9,-1.5,-0.10000000000000142,2,WARM_HUMID
23.0,70.4,0.3999999999999986,-1.6999999999999886,2,WARM_HUMID
22.2,65.5,-0.6000000000000014,2.8999999999999986,1,COMFORT
28.0,42.8,0.5,1.7999999999999972,3,HOT
22.5,40.1,-0.5,1.0,2,WARM_HUMID
23.0,24.9,-0.1999999999999993,5.0,2,WARM_HUMID
19.7,43.9,-1.1000000000000014,4.299999999999997,1,COMFORT
30.9,63.6,0.0,0.10000000000000142,2,WARM_HUMID
23.5,58.1,-0.1999999999999993,0.6000000000000014,1,COMFORT
20.5,49.1,0.0,0.0,3,HOT
26.2,66.0,0.0,-0.09999999999999432,1,COMFORT
30.8,72.9,0.1999999999999993,-0.5,1,COMFORT
26.8,30.1,-0.3999999999999986,-4.399999999999999,2,WARM_HUMID
26.7,50.0,0.0,0.0,0,COLD
27.0,63.9,0.1999999999999993,1.3999999999999986,3,HOT
36.6,19.8,0.5,-5.0,2,WARM_HUMID
26.0,43.2,0.0,0.8000000000000043,1,COMFORT
23.6,28.3,-1.0999999999999979,4.100000000000001,2,WARM_HUMID
22.9,25.7,0.3999999999999986,0.0,3,HOT
29.0,15.4,0.3000000000000007,1.3000000000000007,1,COMFORT
17.4,41.5,-1.5,0.5,1,COMFORT
26.2,47.0,0.0,0.0,2,WARM_HUMID
23.8,17.3,1.5,-5.0,1,COMFORT
30.2,61.4,0.1999999999999993,-0.8000000000000043,1,COMFORT
22.5,36.6,0.10000000000000142,-5.0,2,WARM_HUMID
22.7,39.0,-0.8000000000000007,-5.0,2,WARM_HUMID
32.0,67.0,0.0,0.0,3,HOT
23.7,31.2,0.3999999999999986,2.3000000000000007,2,WARM_HUMID
26.9,39.0,0.0,0.0,0,COLD
25.5,31.1,0.3000000000000007,1.2000000000000028,1,COMFORT
25.5,50.2,0.0,5.0,1,COMFORT
22.6,35.0,0.0,0.0,0,COLD
23.5,64.0,1.1000000000000014,-5.0,1,COMFORT
26.9,65.3,0.0,-0.7999999999999972,1,COMFORT
23.1,46.5,0.0,0.0,2,WARM_HUMID
20.0,50.3,1.5,3.3999999999999986,0,COLD
21.3,21.1,1.5,-5.0,0,COLD
27.2,67.3,0.09999999999999787,2.5,1,COMFORT
25.6,48.2,0.0,0.0,2,WARM_HUMID
24.3,28.7,0.10000000000000142,0.5,1,COMFORT
28.9,78.9,-0.20000000000000284,5.0,0,COLD
30.5,65.3,-0.5,-3.299999999999997,3,HOT
24.1,26.2,1.1000000000000014,-1.3000000000000007,3,HOT
24.4,15.8,0.0,0.0,3,HOT
27.1,31.5,0.5,0.3000000000000007,0,COLD
26.7,62.0,0.0,0.0,1,COMFORT
22.9,64.4,1.5,5.0,0,COLD
27.2,48.0,0.0,0.0,1,COMFORT
27.4,71.2,0.5,1.9000000000000057,2,WARM_HUMID
23.1,56.5,-0.1999999999999993,0.6000000000000014,1,COMFORT
30.0,25.0,0.0,0.0,1,COMFORT
22.3,45.8,-1.5,3.0,1,COMFORT
23.7,63.6,0.5,4.600000000000001,1,COMFORT
23.7,27.2,0.5999999999999979,-1.9000000000000021,3,HOT
21.9,64.9,-0.7000000000000028,3.200000000000003,1,COMFORT
31.0,47.0,0.0,0.0,0,COLD
32.3,62.5,1.5,1.6000000000000014,1,COMFORT
24.6,67.3,-1.5,5.0,1,COMFORT
26.5,58.1,0.0,0.0,2,WARM_HUMID
19.0,58.2,-0.8000000000000007,5.0,0,COLD
36.4,40.6,0.8999999999999986,-5.0,2,WARM_HUMID
24.8,32.5,-0.1999999999999993,5.0,1,COMFORT
25.9,69.3,-0.3000000000000007,0.20000000000000284,1,COMFORT
36.4,41.4,0.3999999999999986,-0.8999999999999986,3,HOT
27.1,46.4,0.10000000000000142,0.6000000000000014,1,COMFORT
21.9,30.8,0.0,0.0,0,COLD
22.4,34.1,-0.7000000000000028,1.6000000000000014,1,COMFORT
32.7,63.7,0.7000000000000028,-3.5,3,HOT
24.4,34.4,-0.7000000000000028,-4.899999999999999,3,HOT
22.3,42.9,0.0,-0.10000000000000142,1,COMFORT
22.8,53.7,-0.3000000000000007,0.0,1,COMFORT
22.4,43.2,-0.40000000000000213,1.9000000000000057,2,WARM_HUMID
28.0,49.0,0.0,0.0,1,COMFORT
22.3,32.6,-1.5,5.0,1,COMFORT
26.0,27.1,0.8000000000000007,1.6000000000000014,3,HOT
20.9,56.6,-1.5,5.0,2,WARM_HUMID
25.5,51.1,0.0,-1.5,1,COMFORT
24.1,67.0,0.3000000000000007,-1.0,0,COLD
24.9,61.4,-0.3000000000000007,4.600000000000001,2,WARM_HUMID
24.6,76.4,-1.5,-4.8999999999999915,1,COMFORT
30.4,69.8,-0.10000000000000142,5.0,3,HOT
30.3,14.6,0.9000000000000021,-5.0,1,COMFORT
27.8,57.0,-0.5,2.0,3,HOT
22.6,26.4,1.5,-5.0,2,WARM_HUMID
21.4,52.0,-1.5,5.0,2,WARM_HUMID
27.2,64.9,0.09999999999999787,0.8000000000000114,3,HOT
24.0,41.0,0.0,0.0,0,COLD
19.8,42.4,0.0,0.0,1,COMFORT
27.7,41.3,0.0,0.0,3,HOT
25.9,24.7,1.5,-3.5,3,HOT
21.2,50.7,0.09999999999999787,0.7000000000000028,3,HOT
27.2,37.0,0.0,0.0,1,COMFORT
26.5,73.0,0.0,0.0,1,COMFORT
27.2,60.8,0.0,0.0,3,HOT
14.0,31.7,-0.5999999999999996,1.6999999999999993,0,COLD
21.9,33.5,0.29999999999999716,2.1999999999999993,0,COLD
24.2,42.1,0.3000000000000007,-5.0,0,COLD
21.6,63.0,-1.5,1.0,2,WARM_HUMID
22.1,53.1,0.0,0.0,0,COLD
23.0,56.6,0.6000000000000014,-1.6999999999999957,3,HOT
20.9,69.4,0.5999999999999979,1.2000000000000028,1,COMFORT
26.7,66.9,0.09999999999999787,1.0,1,COMFORT
22.9,52.2,-1.2000000000000028,-1.6999999999999957,1,COMFORT
25.3,62.1,0.0,0.0,1,COMFORT
24.3,26.9,0.6000000000000014,-2.900000000000002,1,COMFORT
22.5,53.1,-1.3999999999999986,4.0,1,COMFORT
23.1,37.4,-0.3999999999999986,3.6999999999999957,0,COLD
21.7,36.6,0.3999999999999986,-0.6999999999999957,2,WARM_HUMID
22.5,40.2,0.6000000000000014,0.8000000000000043,2,WARM_HUMID
24.3,68.5,-0.09999999999999787,-0.5,3,HOT
31.0,55.1,-0.10000000000000142,1.8999999999999986,1,COMFORT
28.8,33.0,-0.1999999999999993,0.0,0,COLD
24.0,22.4,0.10000000000000142,0.0,0,COLD
27.6,58.0,-1.5,-1.2000000000000028,0,COLD
16.8,36.5,-0.3000000000000007,1.8999999999999986,1,COMFORT
22.1,39.5,-1.5,-0.6000000000000014,1,COMFORT
22.3,47.2,-0.1999999999999993,0.6000000000000014,1,COMFORT
23.7,27.0,-1.1000000000000014,0.0,3,HOT
23.2,58.7,0.5,0.20000000000000284,1,COMFORT
23.9,56.9,0.7999999999999972,0.7999999999999972,1,COMFORT
25.4,42.7,-0.40000000000000213,-0.19999999999999574,1,COMFORT
20.6,42.7,-1.5,-5.0,0,COLD
21.8,38.9,0.40000000000000213,0.19999999999999574,1,COMFORT
28.4,37.0,0.0,0.0,1,COMFORT
24.5,56.9,1.5,-4.100000000000001,1,COMFORT
25.8,57.7,0.0,0.0,1,COMFORT
22.6,45.9,-0.09999999999999787,-4.600000000000001,2,WARM_HUMID
20.5,47.0,-1.5,-5.0,2,WARM_HUMID
22.6,37.8,0.10000000000000142,-2.0,0,COLD
23.9,45.4,-0.10000000000000142,0.6000000000000014,1,COMFORT
24.4,49.5,0.29999999999999716,-1.2000000000000028,0,COLD
22.9,38.7,-0.10000000000000142,0.0,0,COLD
24.3,68.7,0.1999999999999993,-0.3999999999999915,2,WARM_HUMID
23.4,35.0,1.5,5.0,3,HOT
22.3,29.7,-0.3999999999999986,3.599999999999998,1,COMFORT
31.5,67.0,0.6000000000000014,-2.0,3,HOT
23.6,40.3,0.0,0.0,1,COMFORT
31.2,45.0,0.0,0.0,1,COMFORT
22.0,23.7,0.5,-1.4000000000000021,0,COLD
22.8,29.8,0.3000000000000007,-2.0,3,HOT
25.0,55.0,0.0,0.0,1,COMFORT
34.1,47.5,0.30000000000000426,-1.5,2,WARM_HUMID
28.7,77.7,-0.1999999999999993,0.9000000000000057,1,COMFORT
22.4,31.3,0.1999999999999993,-3.1999999999999993,0,COLD
24.6,42.9,0.0,0.0,1,COMFORT
22.8,47.6,0.0,-0.3999999999999986,1,COMFORT
23.7,61.2,-0.3000000000000007,0.10000000000000142,1,COMFORT
23.0,29.7,0.0,0.0,1,COMFORT
28.7,82.4,-0.10000000000000142,0.10000000000000853,0,COLD
25.1,59.4,0.0,-2.8999999999999986,1,COMFORT
22.9,32.9,0.7999999999999972,0.0,1,COMFORT
18.6,41.4,0.0,0.0,1,COMFORT
22.8,30.6,-0.5,2.400000000000002,1,COMFORT
23.6,34.8,-1.5,5.0,1,COMFORT
18.3,37.3,1.5,0.6999999999999957,0,COLD
22.6,42.4,-0.09999999999999787,-5.0,1,COMFORT
21.4,34.3,-1.1000000000000014,2.0,2,WARM_HUMID
27.3,64.1,0.0,0.6999999999999957,1,COMFORT
35.8,45.1,0.19999999999999574,-0.19999999999999574,3,HOT
19.8,52.8,0.9000000000000021,-4.100000000000001,0,COLD
23.7,27.0,-0.1999999999999993,-2.8000000000000007,3,HOT
32.0,65.9,0.10000000000000142,0.10000000000000853,2,WARM_HUMID
29.3,75.3,0.0,0.0,0,COLD
29.0,78.4,0.3000000000000007,2.1000000000000085,1,COMFORT
20.5,36.8,-1.5,-2.8000000000000043,0,COLD
24.2,37.0,0.3000000000000007,-4.0,1,COMFORT
25.7,36.0,1.0999999999999979,-4.399999999999999,3,HOT
27.1,42.3,0.0,0.0,1,COMFORT
25.4,32.9,0.0,-3.700000000000003,1,COMFORT
22.7,59.4,-1.5,5.0,1,COMFORT
23.0,45.3,0.8000000000000007,0.6999999999999957,0,COLD
24.8,46.5,0.0,0.0,2,WARM_HUMID
23.0,81.7,0.0,0.0,3,HOT
17.5,58.0,0.0,0.0,1,COMFORT
23.7,52.3,-0.6000000000000014,-0.20000000000000284,1,COMFORT
23.5,33.0,-0.1999999999999993,-5.0,1,COMFORT
29.9,35.0,0.0,0.0,1,COMFORT
21.0,68.7,-0.3000000000000007,5.0,0,COLD
23.3,29.9,0.3000000000000007,-0.20000000000000284,3,HOT
24.7,62.9,-0.10000000000000142,1.2999999999999972,1,COMFORT
23.6,63.7,-0.29999999999999716,-0.5999999999999943,0,COLD
22.2,24.8,-0.3000000000000007,-0.8999999999999986,1,COMFORT
20.7,60.8,0.3999999999999986,-1.1000000000000014,1,COMFORT
24.3,51.0,-1.0,1.0,1,COMFORT
31.2,23.4,-1.5,4.799999999999997,2,WARM_HUMID
19.0,53.4,-0.6999999999999993,1.2999999999999972,1,COMFORT
23.8,21.2,-0.3999999999999986,-1.6000000000000014,1,COMFORT
12.2,59.7,0.0,2.8000000000000043,0,COLD
22.7,52.6,0.0,5.0,0,COLD
24.7,60.7,0.3000000000000007,-1.2999999999999972,2,WARM_HUMID
23.2,44.2,0.1999999999999993,-1.0,1,COMFORT
22.3,52.8,-0.6999999999999993,5.0,0,COLD
16.8,21.1,0.0,0.0,0,COLD
23.9,21.1,-0.3000000000000007,2.0,2,WARM_HUMID
20.8,50.8,0.0,5.0,0,COLD
24.5,54.7,0.6000000000000014,5.0,1,COMFORT
22.3,57.2,0.0,0.0,0,COLD
21.2,37.8,0.8999999999999986,2.8999999999999986,1,COMFORT
24.2,63.7,-0.10000000000000142,0.0,1,COMFORT
22.9,38.4,1.5,-5.0,0,COLD
22.5,34.5,0.3999999999999986,-0.6000000000000014,1,COMFORT
28.4,53.2,-0.20000000000000284,1.4000000000000057,1,COMFORT
26.0,57.7,0.0,0.0,0,COLD
12.8,64.0,0.0,-0.7999999999999972,0,COLD
23.2,28.4,-0.10000000000000142,0.6999999999999993,0,COLD
28.9,61.9,0.1999999999999993,0.5,1,COMFORT
35.0,42.0,0.5,2.0,3,HOT
21.1,53.0,0.0,0.0,3,HOT
21.7,48.1,-1.5,5.0,0,COLD
26.1,38.0,0.0,0.0,3,HOT
21.8,57.0,0.0,0.0,1,COMFORT
21.3,36.3,-1.5,5.0,0,COLD
22.9,22.4,0.3999999999999986,0.0,1,COMFORT
15.0,63.0,-0.1999999999999993,3.0,0,COLD
25.6,41.8,0.0,0.0,1,COMFORT
26.4,68.4,0.1999999999999993,1.5,3,HOT
20.9,33.4,0.3999999999999986,-5.0,1,COMFORT
19.0,43.4,-1.5,5.0,1,COMFORT
23.6,46.7,0.0,0.30000000000000426,1,COMFORT
23.7,39.8,1.5,-5.0,1,COMFORT
22.7,71.9,0.3000000000000007,0.20000000000000284,0,COLD
27.6,48.5,-1.5,-5.0,1,COMFORT
21.9,49.1,0.7999999999999972,-0.29999999999999716,2,WARM_HUMID
27.1,70.7,-0.09999999999999787,0.6000000000000085,3,HOT
22.5,27.9,0.1999999999999993,5.0,1,COMFORT
28.7,27.8,1.5,-5.0,3,HOT
11.0,53.7,0.0,-0.5,0,COLD
26.4,32.4,-1.5,3.799999999999997,3,HOT
23.6,28.5,-0.09999999999999787,-5.0,1,COMFORT
23.9,21.2,0.09999999999999787,-5.0,2,WARM_HUMID
22.5,24.0,0.5,-4.0,0,COLD
26.1,36.2,0.10000000000000142,-5.0,1,COMFORT
27.5,46.2,0.0,2.0,1,COMFORT
25.2,33.2,1.5,-3.6999999999999957,2,WARM_HUMID
27.8,63.0,-0.09999999999999787,-0.8999999999999986,2,WARM_HUMID
29.7,79.9,0.0,2.4000000000000057,1,COMFORT
24.2,50.9,0.0,-3.3999999999999986,0,COLD
20.8,74.2,0.0,0.0,0,COLD
24.7,74.1,0.0,0.29999999999999716,1,COMFORT
23.6,18.0,0.0,-1.0,0,COLD
22.3,46.6,0.5,-3.1999999999999957,1,COMFORT
21.2,32.0,-1.5,5.0,3,HOT
23.4,43.2,-0.10000000000000142,5.0,1,COMFORT
21.4,72.3,0.0,0.0,1,COMFORT
28.5,48.0,0.0,0.0,0,COLD
20.8,39.7,-0.5,5.0,3,HOT
20.3,68.0,0.0,0.0,1,COMFORT
30.7,71.0,0.09999999999999787,-0.29999999999999716,2,WARM_HUMID
24.9,54.0,0.0,0.0,1,COMFORT
28.2,61.2,-0.6000000000000014,-0.19999999999999574,2,WARM_HUMID
24.6,42.0,1.5,-5.0,1,COMFORT
19.2,39.6,0.3000000000000007,0.20000000000000284,0,COLD
26.3,53.0,0.0,0.0,1,COMFORT
31.5,67.4,1.5,-0.6999999999999886,1,COMFORT
11.6,48.8,0.5999999999999996,-2.5,0,COLD
16.8,65.2,0.0,1.6000000000000014,0,COLD
31.8,29.6,0.1999999999999993,1.9000000000000021,1,COMFORT
25.9,39.7,1.5,-5.0,0,COLD
35.5,44.1,0.0,2.0,1,COMFORT
27.6,48.0,0.0,0.0,0,COLD
34.2,35.4,-0.7999999999999972,-0.8999999999999986,2,WARM_HUMID
33.1,68.7,0.6000000000000014,-1.8999999999999915,2,WARM_HUMID
36.0,79.0,1.5,5.0,3,HOT
28.1,59.0,0.0,0.0,1,COMFORT
23.9,29.7,-0.8000000000000007,3.8000000000000007,0,COLD
24.2,71.6,0.0,0.0,1,COMFORT
23.1,35.7,0.20000000000000284,-0.09999999999999432,2,WARM_HUMID
26.9,54.9,-1.5,5.0,3,HOT
22.3,61.6,-1.5,5.0,0,COLD
23.2,28.5,0.8999999999999986,-2.1999999999999993,1,COMFORT
36.4,40.0,1.5,5.0,2,WARM_HUMID
25.4,62.0,-0.40000000000000213,-0.5,1,COMFORT
29.9,59.0,-0.10000000000000142,0.8999999999999986,1,COMFORT
34.5,44.0,0.20000000000000284,1.0,3,HOT
23.0,48.6,0.1999999999999993,0.0,1,COMFORT
27.8,44.0,0.0,0.0,0,COLD
22.4,40.0,0.1999999999999993,-1.0,1,COMFORT
28.8,57.4,-0.5,2.8999999999999986,1,COMFORT
23.8,42.4,-0.8999999999999986,1.2999999999999972,1,COMFORT
24.0,51.8,-0.3000000000000007,0.8999999999999986,1,COMFORT
19.4,42.1,-1.5,5.0,0,COLD
21.7,30.1,1.5,-1.2999999999999972,0,COLD
22.9,26.0,0.3999999999999986,-1.6000000000000014,0,COLD
22.1,43.4,-0.3999999999999986,-0.10000000000000142,1,COMFORT
25.9,58.9,0.09999999999999787,-2.0,1,COMFORT
15.7,68.9,0.0,-2.6999999999999886,0,COLD
23.2,24.9,0.0,0.0,0,COLD
24.6,30.8,-0.09999999999999787,0.3000000000000007,3,HOT
22.6,64.3,-0.29999999999999716,-4.700000000000003,1,COMFORT
23.5,22.0,1.5,-5.0,1,COMFORT
24.3,42.6,0.5,-1.3999999999999986,1,COMFORT
21.8,61.7,0.5,1.9000000000000057,1,COMFORT
28.1,52.8,0.20000000000000284,-0.8000000000000043,1,COMFORT
22.7,47.7,0.1999999999999993,-0.6999999999999957,1,COMFORT
28.4,64.0,0.5,-2.9000000000000057,1,COMFORT
23.6,62.0,0.10000000000000142,1.0,2,WARM_HUMID
25.8,66.2,0.0,0.0,1,COMFORT
28.0,61.0,0.0,0.0,3,HOT
23.5,53.0,0.1999999999999993,-0.29999999999999716,2,WARM_HUMID
22.4,22.7,0.0,0.0,1,COMFORT
22.9,40.7,-0.3000000000000007,-1.2999999999999972,2,WARM_HUMID
18.6,49.8,0.0,0.0,0,COLD
21.7,48.9,-1.0,3.5,0,COLD
22.3,53.3,0.0,0.0,1,COMFORT
21.0,73.1,0.0,0.0,1,COMFORT
21.7,48.3,-1.5,5.0,2,WARM_HUMID
17.7,54.4,-1.4000000000000021,2.299999999999997,0,COLD
24.4,60.2,0.1999999999999993,-1.5,0,COLD
25.3,59.0,-0.5999999999999979,3.200000000000003,1,COMFORT
23.2,59.7,0.0,0.0,1,COMFORT
32.1,67.3,-1.1000000000000014,4.599999999999994,3,HOT
23.0,33.4,0.0,0.0,1,COMFORT
22.6,54.6,1.5,-5.0,0,COLD
27.4,71.2,0.5,1.9000000000000057,2,WARM_HUMID
28.5,51.8,0.10000000000000142,-5.0,2,WARM_HUMID
25.2,27.0,0.5999999999999979,-1.0,1,COMFORT
23.5,29.8,1.3000000000000007,5.0,1,COMFORT
21.8,31.6,-0.5,-4.100000000000001,1,COMFORT
25.6,70.0,-0.09999999999999787,0.29999999999999716,0,COLD
24.1,63.9,0.20000000000000284,1.7999999999999972,1,COMFORT
22.8,33.3,-0.5999999999999979,0.5999999999999943,1,COMFORT
22.1,19.9,-0.3999999999999986,-5.0,0,COLD
22.4,35.3,-0.20000000000000284,-0.20000000000000284,0,COLD
30.4,56.7,0.0,-0.09999999999999432,3,HOT
20.1,41.9,-0.09999999999999787,-0.10000000000000142,1,COMFORT
21.9,74.8,0.0,0.0,2,WARM_HUMID
22.0,41.3,1.0,-1.7000000000000028,3,HOT
22.1,38.5,1.5,-1.8999999999999986,2,WARM_HUMID
22.0,65.7,-0.1999999999999993,0.9000000000000057,1,COMFORT
23.0,10.9,0.1999999999999993,0.20000000000000107,3,HOT
23.8,60.1,0.0,-4.699999999999996,1,COMFORT
20.6,32.1,-1.0,5.0,0,COLD
23.1,53.8,0.10000000000000142,-0.30000000000000426,1,COMFORT
25.1,48.5,-0.1999999999999993,3.799999999999997,2,WARM_HUMID
23.5,28.9,0.10000000000000142,-0.20000000000000284,0,COLD
26.9,88.3,-1.0,-1.7999999999999972,1,COMFORT
24.6,50.6,0.0,0.0,1,COMFORT
28.5,21.6,1.5,-5.0,3,HOT
29.9,69.7,0.3999999999999986,-0.09999999999999432,1,COMFORT
25.4,40.7,-0.7000000000000028,2.5,2,WARM_HUMID
22.3,24.7,-0.6999999999999993,2.099999999999998,0,COLD
24.9,61.2,0.1999999999999993,2.3000000000000043,1,COMFORT
28.2,68.0,0.0,0.0,1,COMFORT
22.7,43.0,-0.40000000000000213,-1.7999999999999972,2,WARM_HUMID
22.6,43.3,0.20000000000000284,1.7999999999999972,0,COLD
26.2,41.9,-0.3000000000000007,0.5,1,COMFORT
24.0,52.8,0.6999999999999993,5.0,1,COMFORT
24.0,37.3,0.10000000000000142,3.299999999999997,0,COLD
22.0,41.5,-0.3000000000000007,0.5,1,COMFORT
23.4,55.8,0.0,-0.6000000000000014,0,COLD
21.3,43.2,1.5,-5.0,1,COMFORT
23.8,26.8,0.0,-4.300000000000001,1,COMFORT
25.2,56.0,-0.10000000000000142,1.0,1,COMFORT
17.8,56.8,-0.1999999999999993,0.7999999999999972,1,COMFORT
22.9,25.7,1.5,-5.0,1,COMFORT
24.1,63.1,0.0,0.0,3,HOT
20.0,44.0,0.8999999999999986,2.6000000000000014,0,COLD
25.1,60.7,-0.09999999999999787,1.0,1,COMFORT
30.3,69.4,0.0,0.0,3,HOT
20.6,54.6,0.0,0.7000000000000028,1,COMFORT
21.5,55.4,0.0,0.0,0,COLD
19.8,22.2,0.10000000000000142,-0.6000000000000014,1,COMFORT
22.8,38.2,1.0,-5.0,0,COLD
21.3,79.2,0.0,1.2000000000000028,1,COMFORT
20.6,31.6,-0.29999999999999716,-2.8999999999999986,1,COMFORT
31.2,16.4,1.5,1.8999999999999986,2,WARM_HUMID
23.5,55.1,0.0,0.0,2,WARM_HUMID
28.7,47.0,0.0,0.0,3,HOT
28.2,48.0,0.0,0.0,3,HOT
25.4,50.1,-0.6000000000000014,2.0,1,COMFORT
33.0,73.0,0.0,0.0,3,HOT
21.0,33.4,0.1999999999999993,4.399999999999999,1,COMFORT
23.5,44.0,0.0,0.0,1,COMFORT
24.1,26.6,1.5,-4.899999999999999,2,WARM_HUMID
24.5,55.6,1.0,5.0,1,COMFORT
22.6,39.4,-0.8999999999999986,2.1999999999999957,1,COMFORT
30.7,43.0,0.0,0.0,3,HOT
23.6,57.1,-0.3999999999999986,-1.5,1,COMFORT
25.3,43.7,1.1000000000000014,-2.0999999999999943,1,COMFORT
24.4,44.6,0.5999999999999979,-1.7999999999999972,2,WARM_HUMID
23.1,41.0,1.5,-3.1000000000000014,1,COMFORT
26.0,79.8,0.3999999999999986,3.0,2,WARM_HUMID
23.5,28.2,-0.6000000000000014,1.3000000000000007,0,COLD
29.4,68.7,1.5,-5.0,3,HOT
21.8,66.8,0.0,0.0,1,COMFORT
25.8,62.5,0.0,-1.3999999999999986,1,COMFORT
23.3,32.9,0.6999999999999993,-1.6000000000000014,3,HOT
28.4,60.4,1.5,5.0,1,COMFORT
21.8,40.2,0.8000000000000007,-4.099999999999994,0,COLD
24.5,46.3,1.1000000000000014,-1.8000000000000043,2,WARM_HUMID
24.7,64.3,-0.5,1.2999999999999972,1,COMFORT
27.3,47.6,-1.5,-5.0,1,COMFORT
18.8,32.6,0.8000000000000007,-1.8999999999999986,1,COMFORT
22.6,30.5,1.5,0.0,0,COLD
22.0,49.1,-0.10000000000000142,3.200000000000003,3,HOT
20.9,68.6,0.29999999999999716,-0.9000000000000057,1,COMFORT
24.5,20.9,1.5,-2.900000000000002,3,HOT
30.5,33.7,1.0,0.10000000000000142,1,COMFORT
21.7,37.8,0.8999999999999986,-5.0,1,COMFORT
22.6,28.5,-0.3999999999999986,5.0,1,COMFORT
24.3,63.4,-0.8999999999999986,3.1000000000000014,1,COMFORT
35.1,23.0,0.0,0.0,3,HOT
38.0,46.0,-0.10000000000000142,0.0,3,HOT
30.0,85.0,-1.5,5.0,2,WARM_HUMID
26.3,44.4,-0.1999999999999993,-0.10000000000000142,2,WARM_HUMID
24.9,19.9,0.0,0.0,2,WARM_HUMID
25.9,56.0,0.0,0.0,2,WARM_HUMID
22.3,32.3,0.3000000000000007,-4.200000000000003,1,COMFORT
21.0,37.5,0.0,0.0,0,COLD
22.1,30.8,1.5,-4.599999999999998,1,COMFORT
23.2,47.0,0.0,0.0,1,COMFORT
24.5,48.0,-0.6000000000000014,-2.0,1,COMFORT
25.3,80.0,0.40000000000000213,1.0,1,COMFORT
12.8,48.3,0.0,0.0,0,COLD
29.9,10.4,-0.3000000000000007,-5.0,2,WARM_HUMID
27.5,31.0,0.6999999999999993,0.0,2,WARM_HUMID
23.6,51.7,0.0,0.0,2,WARM_HUMID
20.1,29.8,-0.5,-5.0,1,COMFORT
25.2,43.0,0.0,0.0,1,COMFORT
25.4,44.0,0.0,0.0,0,COLD
26.1,65.3,0.3000000000000007,1.5999999999999943,3,HOT
22.1,44.1,-1.5,4.200000000000003,2,WARM_HUMID
25.0,44.5,1.1000000000000014,1.0,2,WARM_HUMID
25.0,68.8,-0.10000000000000142,1.2999999999999972,1,COMFORT
35.0,68.0,1.5,-5.0,3,HOT
23.3,69.2,-0.1999999999999993,1.9000000000000057,1,COMFORT
24.4,54.1,-0.10000000000000142,5.0,3,HOT
25.2,42.4,-0.5,2.0,2,WARM_HUMID
23.7,25.3,-0.3000000000000007,1.9000000000000021,1,COMFORT
24.8,43.2,0.0,0.0,1,COMFORT
22.5,32.6,0.8000000000000007,1.5,2,WARM_HUMID
21.8,21.5,-0.3000000000000007,-2.6000000000000014,1,COMFORT
23.1,52.1,-0.1999999999999993,0.0,0,COLD
26.8,35.1,0.40000000000000213,-1.2999999999999972,1,COMFORT
24.7,52.0,1.5,-5.0,1,COMFORT
22.1,32.8,0.3000000000000007,5.0,0,COLD
21.3,77.3,-0.6999999999999993,2.5,1,COMFORT
30.4,55.0,-0.3000000000000007,-5.0,1,COMFORT
22.4,42.7,0.0,0.0,1,COMFORT
33.4,62.3,0.19999999999999574,-3.5,3,HOT
21.5,36.4,0.0,-1.5,1,COMFORT
22.8,41.8,0.5,-1.6000000000000014,3,HOT
24.9,43.5,0.8999999999999986,-4.299999999999997,1,COMFORT
19.6,36.3,0.0,0.0,0,COLD
22.5,55.2,0.0,-0.3999999999999986,1,COMFORT
25.1,53.0,0.0,0.0,2,WARM_HUMID
21.0,53.9,-1.5,5.0,1,COMFORT
22.5,39.6,-0.6000000000000014,1.3999999999999986,0,COLD
21.8,28.9,-0.5999999999999979,0.7999999999999972,2,WARM_HUMID
24.5,44.3,0.0,5.0,1,COMFORT
23.1,22.9,-0.6999999999999993,-0.40000000000000213,1,COMFORT
24.7,30.1,-1.5,-0.29999999999999716,1,COMFORT
26.3,66.0,0.0,0.0,2,WARM_HUMID
25.7,50.0,0.0,0.0,1,COMFORT
21.9,74.8,0.0,0.0,1,COMFORT
20.6,29.1,-0.09999999999999787,-5.0,1,COMFORT
29.6,67.0,0.10000000000000142,0.09999999999999432,2,WARM_HUMID
23.2,28.7,0.0,-0.3000000000000007,2,WARM_HUMID
16.1,36.6,-0.3999999999999986,0.0,0,COLD
22.9,28.3,0.3999999999999986,0.1999999999999993,1,COMFORT
18.0,39.0,0.0,0.0,1,COMFORT
29.2,41.1,-0.1999999999999993,0.6000000000000014,2,WARM_HUMID
22.2,26.3,0.3999999999999986,-5.0,2,WARM_HUMID
19.2,26.9,0.8000000000000007,0.6999999999999993,1,COMFORT
23.2,50.6,0.5999999999999979,-0.29999999999999716,0,COLD
23.0,45.7,0.0,-1.0999999999999943,1,COMFORT
23.0,52.4,-1.1999999999999993,5.0,3,HOT
23.7,57.4,-0.40000000000000213,0.5,2,WARM_HUMID
37.0,41.6,-1.3999999999999986,5.0,3,HOT
23.3,39.7,0.1999999999999993,-0.09999999999999432,1,COMFORT
28.9,68.0,0.0,0.0,0,COLD
22.0,34.2,0.10000000000000142,-0.5,2,WARM_HUMID
25.9,48.1,1.5,-4.299999999999997,1,COMFORT
24.3,51.7,0.10000000000000142,-0.8999999999999986,2,WARM_HUMID
21.5,36.5,0.0,4.200000000000003,3,HOT
27.3,48.0,0.0,0.0,0,COLD
25.0,63.3,1.3000000000000007,-5.0,3,HOT
22.8,21.5,0.0,-5.0,1,COMFORT
23.3,45.5,0.8000000000000007,-5.0,1,COMFORT
29.1,66.0,0.3000000000000007,1.0,0,COLD
22.4,48.1,-1.5,-1.1999999999999957,1,COMFORT
26.5,38.0,0.0,0.0,0,COLD
23.8,31.1,0.0,4.300000000000001,1,COMFORT
28.0,28.8,1.5,1.1000000000000014,2,WARM_HUMID
23.8,53.0,0.3000000000000007,0.8999999999999986,3,HOT
30.3,56.8,0.0,0.0,1,COMFORT
22.5,60.8,-0.3000000000000007,3.799999999999997,2,WARM_HUMID
23.3,52.5,-0.3999999999999986,2.8999999999999986,1,COMFORT
35.6,31.4,-1.0,-2.6000000000000014,3,HOT
28.4,75.3,-0.10000000000000142,-4.5,0,COLD
19.6,31.4,-1.0999999999999979,0.5999999999999979,0,COLD
31.0,34.9,0.8999999999999986,1.6000000000000014,2,WARM_HUMID
22.4,52.9,0.6999999999999993,-2.3000000000000043,1,COMFORT
31.1,61.0,0.10000000000000142,-4.299999999999997,1,COMFORT
22.1,29.6,1.1000000000000014,-1.5999999999999979,2,WARM_HUMID
21.6,31.0,0.3000000000000007,-4.399999999999999,1,COMFORT
23.5,40.0,0.0,0.0,0,COLD
23.5,48.4,0.8999999999999986,0.29999999999999716,3,HOT
24.0,48.5,-0.1999999999999993,5.0,0,COLD
18.7,37.7,0.0,0.20000000000000284,1,COMFORT
28.7,29.5,-1.5,-2.1000000000000014,1,COMFORT
11.6,49.8,0.5999999999999996,-0.5,0,COLD
25.8,31.7,1.5,3.8999999999999986,0,COLD
22.8,39.6,-0.5,1.3000000000000043,1,COMFORT
17.8,59.7,1.0,-1.2999999999999972,1,COMFORT
32.0,20.8,-0.6000000000000014,-0.3999999999999986,2,WARM_HUMID
14.0,50.3,-0.5999999999999996,-1.0,1,COMFORT
22.7,67.0,0.0,0.0,1,COMFORT
24.2,71.6,0.0,0.0,1,COMFORT
23.4,45.6,0.0,5.0,2,WARM_HUMID
34.2,52.2,0.20000000000000284,-0.29999999999999716,1,COMFORT
23.2,30.2,-0.9000000000000021,-3.599999999999998,1,COMFORT
32.1,63.1,1.3000000000000007,-4.600000000000001,1,COMFORT
29.2,58.2,-0.40000000000000213,2.3000000000000043,1,COMFORT
27.9,55.0,0.0,0.0,0,COLD
23.1,49.9,0.0,0.0,0,COLD
21.6,35.7,0.20000000000000284,-3.299999999999997,1,COMFORT
25.2,53.1,0.6999999999999993,5.0,3,HOT
17.9,65.0,0.09999999999999787,-5.0,1,COMFORT
24.6,35.8,-0.29999999999999716,-5.0,2,WARM_HUMID
23.1,45.2,-0.29999999999999716,2.200000000000003,1,COMFORT
25.3,38.0,0.0,0.0,0,COLD
34.0,56.0,0.0,0.0,3,HOT
22.7,44.7,-0.3000000000000007,-1.1999999999999957,0,COLD
25.4,60.3,-1.0,-5.0,1,COMFORT
19.2,33.8,0.0,0.0,1,COMFORT
24.6,41.1,-0.5,-5.0,3,HOT
26.0,56.2,0.10000000000000142,-0.5,1,COMFORT
20.9,39.7,1.5,-5.0,0,COLD
23.8,28.5,1.1000000000000014,-1.6999999999999993,1,COMFORT
24.9,39.4,1.5,-5.0,1,COMFORT
22.8,30.2,1.0,5.0,1,COMFORT
28.3,45.7,1.5,-3.8999999999999986,1,COMFORT
25.5,47.0,0.0,0.0,0,COLD
23.8,30.6,-0.1999999999999993,0.7000000000000028,1,COMFORT
28.2,43.0,0.0,-2.0,2,WARM_HUMID
22.7,42.6,-0.5,1.7000000000000028,2,WARM_HUMID
22.0,32.3,1.1000000000000014,3.4999999999999964,1,COMFORT
23.5,46.0,-0.1999999999999993,0.0,1,COMFORT
21.3,24.7,0.0,0.0,2,WARM_HUMID
31.3,60.0,-1.3000000000000007,-5.0,1,COMFORT
27.5,39.4,-1.5,-1.3999999999999986,3,HOT
28.2,52.0,0.0,0.0,0,COLD
25.1,60.7,-0.09999999999999787,1.0,1,COMFORT
26.6,36.7,1.5,-5.0,1,COMFORT
24.8,43.8,-0.1999999999999993,-0.5,1,COMFORT
18.4,20.5,0.0,0.0,0,COLD
26.3,31.6,-0.09999999999999787,-5.0,3,HOT
22.9,40.8,-0.7000000000000028,0.19999999999999574,0,COLD
22.6,31.7,-0.7999999999999972,0.5,3,HOT
24.9,32.9,0.0,-0.10000000000000142,1,COMFORT
25.6,34.8,0.0,5.0,3,HOT
23.6,52.7,0.0,-1.2999999999999972,1,COMFORT
29.3,20.2,-1.5,3.1999999999999993,2,WARM_HUMID
22.0,27.1,0.0,0.9000000000000021,3,HOT
23.1,48.2,1.1000000000000014,-4.099999999999994,0,COLD
21.5,44.3,0.5,-1.0,2,WARM_HUMID
24.8,73.2,0.0,0.0,2,WARM_HUMID
32.0,61.9,0.0,0.0,3,HOT
19.8,49.8,0.0,5.0,1,COMFORT
24.9,34.2,1.5,-4.099999999999994,1,COMFORT
28.2,64.0,-1.5,5.0,1,COMFORT
26.0,66.0,0.0,0.0,1,COMFORT
37.5,27.2,0.0,5.0,1,COMFORT
23.0,54.6,0.1999999999999993,1.8999999999999986,3,HOT
21.7,21.6,1.3999999999999986,-5.0,1,COMFORT
23.8,64.8,0.1999999999999993,0.0,0,COLD
29.7,63.6,0.0,0.20000000000000284,1,COMFORT
27.5,42.2,0.0,0.0,3,HOT
23.1,40.3,-0.7999999999999972,2.1999999999999957,1,COMFORT
23.2,62.2,0.0,0.0,3,HOT
27.3,51.3,1.4000000000000021,-0.5,3,HOT
22.4,52.7,-0.40000000000000213,0.20000000000000284,0,COLD
23.4,52.4,-1.3000000000000007,5.0,1,COMFORT
19.2,54.8,0.0,0.0,0,COLD
24.9,60.2,0.3999999999999986,0.30000000000000426,2,WARM_HUMID
26.1,46.0,-0.3999999999999986,1.0,2,WARM_HUMID
22.3,45.5,-1.0999999999999979,-0.3999999999999986,2,WARM_HUMID
21.3,44.9,-0.1999999999999993,-0.6000000000000014,2,WARM_HUMID
23.9,39.0,0.0,-1.0,3,HOT
22.4,64.1,-0.40000000000000213,-0.8000000000000114,1,COMFORT
23.1,39.1,-0.7999999999999972,1.3000000000000043,0,COLD
24.1,31.1,1.5,-5.0,1,COMFORT
21.6,21.7,0.0,0.0,0,COLD
21.4,36.2,-0.10000000000000142,3.9000000000000057,0,COLD
26.4,60.8,0.5999999999999979,-1.1000000000000014,3,HOT
23.7,54.3,-0.10000000000000142,-2.700000000000003,1,COMFORT
24.7,56.2,0.0,0.0,1,COMFORT
20.6,80.8,-0.6999999999999993,0.5999999999999943,1,COMFORT
23.4,28.6,-0.3000000000000007,3.5,1,COMFORT
25.0,68.4,-0.3999999999999986,1.9000000000000057,0,COLD
22.2,27.0,-0.1999999999999993,-1.5,0,COLD
23.2,30.8,-0.6000000000000014,2.3000000000000007,2,WARM_HUMID
25.5,75.1,0.8999999999999986,5.0,0,COLD
19.9,39.6,-1.2000000000000028,0.6000000000000014,0,COLD
28.9,54.0,-1.5,1.0,1,COMFORT
19.0,68.0,1.5,-2.0,0,COLD
24.0,67.0,-0.3999999999999986,0.7999999999999972,0,COLD
23.4,50.3,1.2999999999999972,0.29999999999999716,0,COLD
23.8,65.1,-0.6999999999999993,-4.300000000000011,1,COMFORT
31.3,66.5,0.1999999999999993,0.5999999999999943,1,COMFORT
21.9,28.8,-0.6000000000000014,-5.0,2,WARM_HUMID
29.7,75.7,1.5,5.0,3,HOT
19.4,48.0,0.0,0.0,1,COMFORT
15.6,76.0,-0.7000000000000011,5.0,3,HOT
22.4,23.9,1.3999999999999986,-2.0,0,COLD
28.0,34.2,1.5,-2.1999999999999957,1,COMFORT
28.0,67.0,0.0,-3.0,1,COMFORT
22.0,55.4,1.5,5.0,1,COMFORT
24.7,33.5,0.3000000000000007,5.0,0,COLD
29.8,67.9,0.10000000000000142,0.0,1,COMFORT
22.4,39.9,-0.8000000000000007,0.19999999999999574,1,COMFORT
21.3,29.6,0.5,-1.5999999999999979,0,COLD
23.6,31.1,-0.6999999999999993,1.0,1,COMFORT
29.3,82.7,0.0,1.0,0,COLD
29.9,42.6,-0.40000000000000213,-1.0,1,COMFORT
29.4,78.7,0.1999999999999993,-0.7999999999999972,1,COMFORT
31.2,73.5,0.09999999999999787,-5.0,1,COMFORT
23.5,68.9,0.1999999999999993,2.700000000000003,2,WARM_HUMID
19.8,35.3,0.40000000000000213,-0.10000000000000142,1,COMFORT
23.6,60.7,0.20000000000000284,5.0,1,COMFORT
26.2,52.2,0.6999999999999993,-0.8999999999999986,3,HOT
23.2,25.7,0.8000000000000007,-0.3000000000000007,1,COMFORT
24.1,33.5,0.0,0.0,0,COLD
28.6,34.7,0.0,0.0,1,COMFORT
21.6,43.9,-1.5,5.0,3,HOT
23.4,42.6,0.6999999999999993,-2.1000000000000014,0,COLD
21.6,52.4,0.0,0.0,1,COMFORT
17.5,58.0,0.0,0.0,1,COMFORT
23.2,22.9,-0.6000000000000014,1.0,1,COMFORT
23.7,55.5,0.09999999999999787,-0.20000000000000284,1,COMFORT
24.7,52.6,1.0,0.20000000000000284,2,WARM_HUMID
23.0,56.8,0.0,0.0,1,COMFORT
26.4,63.2,0.5,-0.6999999999999957,2,WARM_HUMID
28.8,49.8,0.0,-4.5,2,WARM_HUMID
22.1,35.1,0.0,5.0,1,COMFORT
21.9,53.2,0.0,0.0,3,HOT
30.2,32.0,0.09999999999999787,0.0,1,COMFORT
23.0,44.2,0.10000000000000142,1.1000000000000014,0,COLD
25.9,31.4,0.8999999999999986,3.299999999999997,0,COLD
23.9,46.1,0.0,-3.6999999999999957,3,HOT
23.0,42.7,0.3000000000000007,0.10000000000000142,1,COMFORT
21.6,71.8,0.0,0.0,1,COMFORT
24.8,58.1,0.0,-0.10000000000000142,3,HOT
23.4,22.8,0.1999999999999993,-2.8999999999999986,1,COMFORT
23.8,50.1,1.5,-5.0,1,COMFORT
29.8,46.5,1.5,-5.0,3,HOT
29.3,53.0,0.0,0.0,1,COMFORT
23.3,45.2,-0.09999999999999787,0.0,1,COMFORT
22.7,20.9,-1.4000000000000021,-5.0,0,COLD
25.8,64.7,-1.3999999999999986,5.0,3,HOT
22.7,27.0,-1.5,3.0,0,COLD
31.1,29.4,0.6000000000000014,-1.5,2,WARM_HUMID
27.1,48.3,-0.6999999999999993,2.6999999999999957,2,WARM_HUMID
24.5,54.3,-0.10000000000000142,0.19999999999999574,0,COLD
24.2,41.8,-1.1000000000000014,5.0,1,COMFORT
30.2,74.8,0.3000000000000007,-1.2000000000000028,2,WARM_HUMID
24.9,46.0,0.0,0.0,1,COMFORT
27.0,42.6,0.0,-1.1000000000000014,2,WARM_HUMID
23.2,41.7,1.5,3.200000000000003,1,COMFORT
23.1,43.2,-0.1999999999999993,-5.0,0,COLD
22.8,49.0,0.0,0.0,3,HOT
21.3,41.1,-0.5999999999999979,1.1000000000000014,1,COMFORT
21.9,56.0,-0.10000000000000142,0.0,1,COMFORT
24.7,41.8,-0.40000000000000213,-3.200000000000003,1,COMFORT
23.9,63.1,0.0,0.0,3,HOT
30.0,42.4,0.0,0.0,3,HOT
26.0,57.3,0.0,0.0,1,COMFORT
18.2,53.0,-1.4000000000000021,0.0,1,COMFORT
23.4,66.1,-0.6000000000000014,1.8999999999999915,1,COMFORT
26.8,53.0,0.0,0.0,0,COLD
21.3,51.3,0.1999999999999993,2.0,1,COMFORT
20.3,39.1,1.1000000000000014,-0.19999999999999574,1,COMFORT
21.7,30.2,-0.3000000000000007,0.5999999999999979,1,COMFORT
25.8,66.7,0.0,0.0,1,COMFORT
23.5,30.4,0.1999999999999993,-3.1000000000000014,2,WARM_HUMID
20.8,44.0,0.8000000000000007,0.0,0,COLD
24.8,41.2,1.5,5.0,2,WARM_HUMID
25.8,66.7,0.0,0.0,0,COLD
24.1,22.0,-0.5999999999999979,-1.1000000000000014,1,COMFORT
26.0,65.4,0.3000000000000007,-0.3999999999999915,1,COMFORT
29.3,61.0,-0.5999999999999979,-1.0,2,WARM_HUMID
22.8,43.7,-1.5,5.0,1,COMFORT
20.6,55.8,1.5,4.799999999999997,1,COMFORT
24.0,21.5,0.3999999999999986,-0.6000000000000014,1,COMFORT
29.9,49.0,0.0,0.0,3,HOT
26.9,47.0,-0.10000000000000142,1.0,1,COMFORT
23.5,45.3,1.5,1.3999999999999986,3,HOT
21.9,27.0,-0.5,3.0,1,COMFORT
18.0,60.0,0.5,-4.0,1,COMFORT
30.4,24.0,0.0,0.0,0,COLD
30.6,10.3,-1.5,-5.0,2,WARM_HUMID
21.2,34.2,1.5,-5.0,0,COLD
20.9,49.3,0.0,0.0,0,COLD
28.9,55.4,0.0,0.0,1,COMFORT
19.3,28.8,-1.5,-5.0,0,COLD
16.6,71.0,-1.3999999999999986,3.0,0,COLD
22.1,30.4,0.7000000000000028,0.0,1,COMFORT
22.9,39.5,0.5999999999999979,-5.0,1,COMFORT
23.8,40.5,1.5,5.0,0,COLD
21.5,30.4,1.1000000000000014,-0.9000000000000021,3,HOT
23.0,24.2,1.5,-3.0,2,WARM_HUMID
27.4,39.8,1.5,0.09999999999999432,2,WARM_HUMID
21.3,45.4,0.6999999999999993,1.3999999999999986,1,COMFORT
20.0,38.0,0.0,0.0,0,COLD
29.3,46.0,0.0,0.0,3,HOT
24.4,35.0,-0.40000000000000213,-5.0,2,WARM_HUMID
27.7,47.1,0.09999999999999787,-4.899999999999999,1,COMFORT
18.3,50.5,0.10000000000000142,-0.20000000000000284,1,COMFORT
20.0,70.5,-1.5,-2.200000000000003,1,COMFORT
23.5,55.9,0.0,0.10000000000000142,1,COMFORT
37.0,39.6,0.0,0.0,2,WARM_HUMID
29.1,58.4,-0.09999999999999787,0.10000000000000142,1,COMFORT
22.6,49.3,-0.3999999999999986,0.8999999999999986,1,COMFORT
27.9,54.7,-0.5,-1.5,3,HOT
19.1,65.0,0.0,0.0,1,COMFORT
25.5,30.4,0.8999999999999986,-2.3999999999999986,1,COMFORT
22.5,53.4,-1.5,1.5,1,COMFORT
23.9,52.2,0.5999999999999979,-0.3999999999999986,2,WARM_HUMID
22.9,42.6,0.0,0.8000000000000043,0,COLD
19.2,39.3,0.0,4.399999999999999,0,COLD
25.5,28.2,-1.1000000000000014,-5.0,3,HOT
22.8,24.7,1.0,-1.1000000000000014,1,COMFORT
24.4,48.0,0.0,0.0,1,COMFORT
29.3,50.9,0.5,0.8999999999999986,0,COLD
24.9,47.0,-1.5,0.0,1,COMFORT
23.2,56.6,1.0,-5.0,3,HOT
25.2,59.4,-0.10000000000000142,0.5,2,WARM_HUMID
22.5,31.0,0.3999999999999986,-4.100000000000001,1,COMFORT
21.6,55.8,0.0,0.0,3,HOT
19.7,52.8,-0.10000000000000142,0.0,1,COMFORT
24.4,24.0,1.0999999999999979,-1.0,3,HOT
23.2,13.7,0.0,0.0,1,COMFORT
24.2,66.6,-0.1999999999999993,-0.20000000000000284,1,COMFORT
23.2,22.6,0.3000000000000007,-1.0,1,COMFORT
27.3,20.5,0.3000000000000007,-1.3999999999999986,3,HOT
29.3,21.1,-0.8000000000000007,-0.7999999999999972,0,COLD
21.4,42.4,-0.40000000000000213,-0.8000000000000043,1,COMFORT
24.8,47.4,0.3000000000000007,0.0,0,COLD
26.1,52.2,0.5,-5.0,1,COMFORT
24.6,59.3,0.20000000000000284,0.19999999999999574,2,WARM_HUMID
18.7,57.1,-1.5,1.7000000000000028,0,COLD
22.1,49.9,-0.1999999999999993,0.29999999999999716,1,COMFORT
19.6,35.4,-1.5,2.0,0,COLD
22.2,20.9,-1.3000000000000007,-5.0,1,COMFORT
20.4,64.6,-1.5,5.0,1,COMFORT
32.5,61.4,-1.2999999999999972,5.0,3,HOT
22.7,24.5,-1.0,-3.8000000000000007,1,COMFORT
22.0,61.6,0.0,0.0,1,COMFORT
23.2,17.2,1.5,-0.10000000000000142,0,COLD
26.6,64.9,0.20000000000000284,-0.8999999999999915,2,WARM_HUMID
22.4,40.7,0.0,0.0,2,WARM_HUMID
21.5,44.4,-0.10000000000000142,0.8999999999999986,0,COLD
23.6,39.5,1.5,-1.6000000000000014,3,HOT
25.4,45.0,0.0,0.0,0,COLD
15.8,22.3,-1.5,-5.0,1,COMFORT
23.2,62.8,-0.10000000000000142,0.29999999999999716,0,COLD
22.1,21.1,0.5,-5.0,0,COLD
20.3,48.3,-1.5,-5.0,1,COMFORT
22.4,30.3,-0.7000000000000028,2.1000000000000014,1,COMFORT
21.7,37.7,-0.6000000000000014,1.4000000000000057,1,COMFORT
25.2,49.9,0.5,5.0,1,COMFORT
30.3,23.9,-1.5,5.0,3,HOT
23.5,43.4,-0.10000000000000142,1.1000000000000014,3,HOT
12.8,67.7,0.0,5.0,0,COLD
18.8,53.5,-1.3999999999999986,2.5,1,COMFORT
24.6,21.2,-0.8999999999999986,-0.9000000000000021,2,WARM_HUMID
27.2,40.4,-0.6999999999999993,-1.1000000000000014,3,HOT
20.9,19.0,0.0,0.0,1,COMFORT
28.5,40.0,1.5,-5.0,2,WARM_HUMID
24.2,52.6,1.0,-3.0,1,COMFORT
26.1,45.0,-1.2999999999999972,5.0,1,COMFORT
28.5,32.0,0.5,4.300000000000001,3,HOT
19.7,37.2,1.5,0.5,0,COLD
24.7,63.3,0.0,0.0,1,COMFORT
16.8,67.3,-1.5,5.0,2,WARM_HUMID
28.5,56.0,0.10000000000000142,1.0,1,COMFORT
21.2,36.6,-0.9000000000000021,5.0,1,COMFORT
33.3,62.0,1.5,-4.0,1,COMFORT
22.0,30.7,-1.5,1.6999999999999993,0,COLD
21.7,63.8,-1.1999999999999993,0.0,2,WARM_HUMID
22.8,30.3,0.1999999999999993,-1.3000000000000007,3,HOT
26.1,48.8,-0.09999999999999787,-1.2000000000000028,1,COMFORT
18.3,63.6,1.5,-0.8000000000000043,1,COMFORT
18.6,58.3,0.0,0.0,3,HOT
23.5,37.0,1.5,-5.0,0,COLD
25.1,54.2,0.3000000000000007,3.4000000000000057,1,COMFORT
31.9,65.0,0.5,4.0,2,WARM_HUMID
35.2,55.9,-0.5999999999999943,-0.10000000000000142,2,WARM_HUMID
20.5,30.6,0.0,5.0,2,WARM_HUMID
27.5,51.0,-0.3999999999999986,-5.0,1,COMFORT
26.6,18.0,1.5,-3.5,1,COMFORT
17.2,38.7,-0.5,3.9000000000000057,0,COLD
22.3,57.2,0.0,0.0,1,COMFORT
25.0,64.0,1.0,0.0,1,COMFORT
28.9,38.0,0.0,0.0,3,HOT
31.0,66.5,-0.3999999999999986,2.200000000000003,1,COMFORT
28.8,23.2,0.0,0.0,1,COMFORT
19.6,45.4,-0.1999999999999993,-3.3999999999999986,0,COLD
28.7,51.2,0.1999999999999993,0.10000000000000142,3,HOT
23.0,42.1,0.8000000000000007,-5.0,3,HOT
26.4,42.1,0.09999999999999787,-0.8999999999999986,2,WARM_HUMID
26.0,50.3,0.10000000000000142,-1.9000000000000057,3,HOT
24.9,53.0,0.1999999999999993,-0.10000000000000142,1,COMFORT
23.2,21.6,0.3000000000000007,-0.8999999999999986,1,COMFORT
22.8,50.4,0.10000000000000142,0.19999999999999574,1,COMFORT
21.8,78.9,-0.8000000000000007,1.8000000000000114,1,COMFORT
19.7,52.1,1.5,1.5,1,COMFORT
22.9,53.6,0.1999999999999993,-0.6000000000000014,3,HOT
29.3,71.0,0.0,-2.0,1,COMFORT
30.4,39.0,1.5,0.0,0,COLD
22.1,73.2,-1.1999999999999993,5.0,1,COMFORT
24.2,45.9,1.0999999999999979,-2.1000000000000014,1,COMFORT
23.1,29.0,0.40000000000000213,1.3000000000000007,1,COMFORT
20.8,54.5,0.0,0.0,1,COMFORT
22.7,30.7,-0.10000000000000142,1.0,1,COMFORT
24.8,42.9,-1.5,5.0,0,COLD
22.6,52.9,-1.0,3.5,0,COLD
27.5,21.6,1.5,-5.0,3,HOT
22.5,35.6,-0.3999999999999986,2.1000000000000014,1,COMFORT
26.0,57.7,0.0,0.0,2,WARM_HUMID
22.5,44.4,0.1999999999999993,0.3999999999999986,2,WARM_HUMID
25.3,44.0,0.1999999999999993,0.10000000000000142,3,HOT
28.4,43.0,0.0,0.0,3,HOT
24.7,14.1,1.5,-5.0,3,HOT
23.2,17.0,0.0,0.0,1,COMFORT
31.5,45.8,0.8999999999999986,-0.9000000000000057,2,WARM_HUMID
19.3,46.3,1.5,-5.0,0,COLD
21.1,37.2,-1.0999999999999979,-5.0,1,COMFORT
29.7,58.9,-0.10000000000000142,1.6000000000000014,2,WARM_HUMID
26.0,63.0,0.0,0.0,1,COMFORT
32.0,67.7,1.1000000000000014,-5.0,3,HOT
29.6,51.0,0.7000000000000028,-3.799999999999997,2,WARM_HUMID
15.7,74.2,0.0,2.200000000000003,0,COLD
23.4,30.1,1.5,-0.6999999999999993,1,COMFORT
26.5,58.0,-0.5,1.0,1,COMFORT
24.7,42.1,1.3999999999999986,-5.0,1,COMFORT
24.7,52.4,1.0,-2.200000000000003,2,WARM_HUMID
29.1,66.0,0.20000000000000284,5.0,2,WARM_HUMID
25.5,53.7,0.0,0.0,3,HOT
29.5,41.5,0.5,-5.0,2,WARM_HUMID
30.0,60.2,-1.0,-0.09999999999999432,2,WARM_HUMID
23.0,21.8,0.10000000000000142,0.9000000000000021,2,WARM_HUMID
29.0,29.3,-0.10000000000000142,3.6000000000000014,2,WARM_HUMID
21.8,47.7,-1.5,2.200000000000003,1,COMFORT
24.8,68.9,0.10000000000000142,0.10000000000000853,3,HOT
23.2,65.2,-0.40000000000000213,5.0,1,COMFORT
23.1,42.7,1.5,-5.0,0,COLD
28.9,36.4,0.29999999999999716,-3.700000000000003,0,COLD
22.2,44.9,-0.3000000000000007,0.29999999999999716,0,COLD
29.1,56.4,-0.3999999999999986,5.0,1,COMFORT
29.3,88.5,-0.3999999999999986,5.0,2,WARM_HUMID
29.0,27.5,-1.5,-0.6000000000000014,1,COMFORT
27.3,67.6,0.5,-2.5,1,COMFORT
29.4,19.3,-0.10000000000000142,0.3000000000000007,1,COMFORT
23.8,27.1,0.8000000000000007,-1.5,2,WARM_HUMID
29.4,63.0,0.0,0.0,3,HOT
28.9,31.3,1.3999999999999986,0.0,2,WARM_HUMID
25.5,45.6,0.0,0.0,1,COMFORT
22.2,24.7,0.8000000000000007,-1.6999999999999993,1,COMFORT
31.0,27.7,0.3000000000000007,-0.5,2,WARM_HUMID
27.2,40.0,0.0,0.0,1,COMFORT
24.9,33.6,-0.40000000000000213,0.10000000000000142,1,COMFORT
22.8,41.7,0.3000000000000007,3.1000000000000014,0,COLD
22.4,31.8,-0.20000000000000284,4.400000000000002,1,COMFORT
21.2,33.0,-0.40000000000000213,-2.3999999999999986,1,COMFORT
23.7,62.4,0.0,0.0,2,WARM_HUMID
30.3,31.2,0.10000000000000142,-0.1999999999999993,2,WARM_HUMID
21.9,59.2,1.5,5.0,0,COLD
39.4,32.0,0.8999999999999986,1.0,3,HOT
22.9,39.9,-0.10000000000000142,-0.30000000000000426,0,COLD
26.8,53.0,0.10000000000000142,0.0,3,HOT
23.1,78.0,-0.3999999999999986,1.0,0,COLD
23.4,27.2,0.6999999999999993,3.5,3,HOT
22.2,39.5,-0.9000000000000021,-5.0,1,COMFORT
18.7,56.0,0.0,0.0,1,COMFORT
25.2,38.3,-0.6999999999999993,5.0,3,HOT
22.3,31.5,1.0,0.5,0,COLD
23.0,49.4,0.6000000000000014,-0.5,1,COMFORT
23.0,42.9,0.0,0.0,1,COMFORT
24.2,55.8,0.1999999999999993,-3.200000000000003,2,WARM_HUMID
28.3,87.5,0.6000000000000014,1.5,2,WARM_HUMID
30.7,27.9,0.3999999999999986,-3.3000000000000007,2,WARM_HUMID
19.8,46.3,1.0,0.0,0,COLD
32.0,63.0,0.0,0.0,3,HOT
22.0,42.0,-0.5,3.700000000000003,1,COMFORT
21.0,42.9,-1.1999999999999993,5.0,0,COLD
25.1,65.6,-1.5,5.0,1,COMFORT
24.7,13.9,0.8000000000000007,1.4000000000000004,2,WARM_HUMID
30.8,31.1,0.8000000000000007,-0.29999999999999716,1,COMFORT
23.3,55.6,-0.8000000000000007,0.0,1,COMFORT
30.2,70.7,-0.9000000000000021,2.700000000000003,3,HOT
23.3,27.6,0.10000000000000142,-0.09999999999999787,1,COMFORT
24.9,41.5,0.0,-4.399999999999999,2,WARM_HUMID
21.3,31.2,0.10000000000000142,-3.400000000000002,1,COMFORT
25.6,12.6,0.0,-0.09999999999999964,1,COMFORT
26.5,22.4,0.3999999999999986,0.0,2,WARM_HUMID
25.4,54.1,-1.5,5.0,0,COLD
32.3,36.0,1.5,5.0,1,COMFORT
23.7,27.8,0.0,1.8000000000000007,1,COMFORT
25.4,52.0,-0.3000000000000007,0.0,3,HOT
30.4,69.5,0.6999999999999993,-5.0,3,HOT
24.1,55.2,1.4000000000000021,-2.5999999999999943,3,HOT
25.6,27.0,0.0,0.0,0,COLD
26.6,32.3,0.0,0.0,2,WARM_HUMID
21.1,36.7,0.10000000000000142,2.6000000000000014,1,COMFORT
21.8,59.0,-0.6999999999999993,5.0,1,COMFORT
29.6,81.8,0.40000000000000213,5.0,3,HOT
23.8,29.3,-0.09999999999999787,-0.5,1,COMFORT
17.4,34.6,-0.8000000000000007,-0.19999999999999574,1,COMFORT
23.7,16.6,-0.5,0.0,0,COLD
36.6,41.9,0.10000000000000142,0.10000000000000142,3,HOT
23.7,26.5,0.1999999999999993,-2.1999999999999993,1,COMFORT
24.8,50.0,0.0,0.0,0,COLD
26.3,41.0,0.0,0.0,3,HOT
21.5,31.6,-1.5,5.0,3,HOT
24.2,28.7,-0.10000000000000142,0.0,1,COMFORT
19.9,35.6,-0.9000000000000021,-2.799999999999997,0,COLD
26.2,42.2,-0.1999999999999993,5.0,3,HOT
28.1,32.8,1.4000000000000021,0.5,1,COMFORT
22.6,64.3,0.0,0.0,2,WARM_HUMID
23.0,81.7,0.0,0.0,3,HOT
22.4,54.0,0.0,0.0,0,COLD
20.8,22.4,-0.6999999999999993,0.0,2,WARM_HUMID
33.5,62.2,0.0,0.0,2,WARM_HUMID
21.5,36.7,1.5,-3.1999999999999957,2,WARM_HUMID
28.4,48.0,0.0,0.0,0,COLD
29.8,67.0,0.0,0.0,3,HOT
13.5,51.5,-1.5,-1.2999999999999972,0,COLD
17.8,60.8,-1.5,5.0,0,COLD
19.7,37.2,-1.5,-5.0,0,COLD
23.7,26.6,0.09999999999999787,1.5,0,COLD
21.1,55.1,-1.5,1.5,2,WARM_HUMID
27.1,35.9,-0.6999999999999993,-1.2000000000000028,1,COMFORT
27.9,63.4,-0.40000000000000213,-0.5,3,HOT
25.8,19.3,0.0,0.0,1,COMFORT
25.9,56.7,0.0,-2.1999999999999957,2,WARM_HUMID
30.3,68.7,-1.5,0.29999999999999716,3,HOT
23.2,25.7,0.8000000000000007,-0.9000000000000021,3,HOT
22.3,17.4,0.0,0.0,1,COMFORT
21.5,27.6,-1.5,-5.0,1,COMFORT
22.5,55.7,-1.0,3.9000000000000057,1,COMFORT
24.9,25.3,1.5,-0.1999999999999993,2,WARM_HUMID
24.4,36.5,0.3999999999999986,1.2000000000000028,0,COLD
23.7,58.1,0.3999999999999986,4.100000000000001,2,WARM_HUMID
29.5,71.7,0.10000000000000142,2.4000000000000057,3,HOT
30.0,85.0,1.0,5.0,3,HOT
26.9,56.0,0.0,0.0,0,COLD
24.8,23.0,0.9000000000000021,-3.1000000000000014,2,WARM_HUMID
20.7,31.3,-1.5,5.0,1,COMFORT
30.2,58.0,-1.1999999999999993,-5.0,2,WARM_HUMID
22.1,19.8,-0.5999999999999979,-5.0,0,COLD
22.9,38.3,-0.3000000000000007,3.799999999999997,2,WARM_HUMID
26.4,48.0,0.0,0.0,0,COLD
21.3,27.3,0.10000000000000142,-4.0,0,COLD
20.4,57.6,0.0,0.0,3,HOT
19.1,57.3,0.10000000000000142,0.5,1,COMFORT
23.6,40.5,1.1000000000000014,-2.6000000000000014,0,COLD
21.8,36.9,1.0,-2.3000000000000043,2,WARM_HUMID
22.7,54.4,0.0,0.0,1,COMFORT
22.5,51.7,-0.3999999999999986,-5.0,2,WARM_HUMID
27.5,52.0,0.0,0.0,0,COLD
23.9,61.6,0.1999999999999993,-0.19999999999999574,1,COMFORT
26.7,47.2,0.09999999999999787,0.7000000000000028,2,WARM_HUMID
23.4,49.3,0.3999999999999986,0.29999999999999716,1,COMFORT
19.9,52.8,-1.0,3.0,1,COMFORT
21.8,47.2,0.0,-1.3999999999999986,3,HOT
22.9,59.1,0.09999999999999787,0.20000000000000284,1,COMFORT
24.7,70.8,0.0,0.0,0,COLD
22.8,67.2,-1.5,5.0,1,COMFORT
32.6,55.6,0.8000000000000007,-3.5,1,COMFORT
28.7,65.0,0.09999999999999787,5.0,2,WARM_HUMID
23.4,37.5,-0.9000000000000021,-3.5,0,COLD
23.9,25.3,1.5,0.6000000000000014,1,COMFORT
31.7,68.0,0.3000000000000007,1.0,3,HOT
21.9,42.2,0.6999999999999993,0.30000000000000426,1,COMFORT
23.3,29.3,0.0,5.0,0,COLD
23.8,41.1,0.40000000000000213,-2.1000000000000014,0,COLD
22.5,26.5,0.1999999999999993,4.0,2,WARM_HUMID
30.8,74.0,-0.3999999999999986,1.0,0,COLD
22.2,35.7,0.5999999999999979,0.0,1,COMFORT
22.2,40.5,1.5,-0.29999999999999716,1,COMFORT
30.1,49.3,1.5,1.6999999999999957,1,COMFORT
20.5,36.3,-0.6999999999999993,3.0,0,COLD
27.0,68.6,1.5,-5.0,0,COLD
25.0,38.1,-1.5,5.0,2,WARM_HUMID
20.8,59.0,0.0,0.0,0,COLD
23.9,44.7,0.6999999999999993,-2.3999999999999986,3,HOT
28.2,52.0,0.0,0.0,0,COLD
23.2,41.8,0.3999999999999986,3.5,3,HOT
24.2,32.2,0.6999999999999993,-5.0,0,COLD
19.1,69.3,0.8000000000000007,2.5999999999999943,0,COLD
25.8,66.2,0.0,0.0,0,COLD
23.9,66.1,-1.5,-3.3000000000000114,1,COMFORT
27.2,41.9,0.5,-0.8000000000000043,1,COMFORT
21.5,79.3,0.1999999999999993,-0.4000000000000057,2,WARM_HUMID
21.0,32.2,-0.6000000000000014,-5.0,0,COLD
27.0,70.0,-1.0,5.0,1,COMFORT
22.0,20.9,-1.0,-0.20000000000000284,2,WARM_HUMID
22.6,37.2,-0.5999999999999979,-1.0,1,COMFORT
35.5,25.1,-0.7999999999999972,0.40000000000000213,3,HOT
23.3,55.0,0.10000000000000142,2.0,0,COLD
20.6,29.1,-0.1999999999999993,-5.0,1,COMFORT
12.2,67.3,-0.6000000000000014,-1.6000000000000085,0,COLD
22.8,23.9,0.40000000000000213,-0.7000000000000028,2,WARM_HUMID
22.7,27.3,-1.5,1.1999999999999993,3,HOT
23.2,50.6,0.0,5.0,0,COLD
28.4,81.4,-1.2000000000000028,4.6000000000000085,0,COLD
29.6,55.0,0.0,0.0,3,HOT
22.8,41.3,-1.0,1.5999999999999943,0,COLD
23.1,36.2,-0.1999999999999993,0.7000000000000028,0,COLD
21.3,29.9,-0.8000000000000007,1.2999999999999972,3,HOT
27.9,53.6,0.1999999999999993,-0.8999999999999986,1,COMFORT
24.1,46.7,-0.29999999999999716,0.5,1,COMFORT
23.5,48.0,0.0,0.0,0,COLD
23.5,39.3,0.10000000000000142,5.0,2,WARM_HUMID
14.6,58.8,-0.5,5.0,0,COLD
27.3,39.5,0.10000000000000142,-0.6000000000000014,2,WARM_HUMID
26.0,57.7,0.0,0.0,0,COLD
24.7,38.3,-1.1999999999999993,2.299999999999997,1,COMFORT
25.1,43.1,0.20000000000000284,-0.7999999999999972,2,WARM_HUMID
19.0,65.0,0.10000000000000142,-5.0,0,COLD
21.6,31.1,0.0,0.10000000000000142,1,COMFORT
23.0,18.9,-0.8999999999999986,-2.5,1,COMFORT
30.3,29.1,-1.5,-1.0,1,COMFORT
28.2,52.0,-0.10000000000000142,5.0,0,COLD
20.3,36.0,0.6999999999999993,0.29999999999999716,0,COLD
23.3,54.0,0.10000000000000142,2.0,2,WARM_HUMID
25.5,44.0,0.0,0.0,0,COLD
14.6,30.0,-0.5,-1.1000000000000014,0,COLD
25.9,29.3,0.5,-4.099999999999998,1,COMFORT
21.3,50.5,-1.5,5.0,0,COLD
23.9,58.4,0.29999999999999716,0.7999999999999972,1,COMFORT
24.7,45.0,0.3000000000000007,-1.2999999999999972,1,COMFORT
20.4,67.5,-0.40000000000000213,3.5,0,COLD
27.9,38.0,0.0,0.0,0,COLD
28.3,87.5,0.6000000000000014,1.5,3,HOT
29.8,63.0,0.40000000000000213,3.0,1,COMFORT
23.8,33.7,0.10000000000000142,1.9000000000000021,1,COMFORT
31.2,39.3,0.0,0.0,2,WARM_HUMID
29.4,26.8,1.5,-5.0,1,COMFORT
22.1,33.0,-1.1999999999999993,5.0,3,HOT
24.9,53.1,0.0,0.0,2,WARM_HUMID
19.5,44.1,-0.3000000000000007,1.7000000000000028,2,WARM_HUMID
25.8,65.9,-0.3000000000000007,0.9000000000000057,0,COLD
25.6,28.7,1.5,-5.0,2,WARM_HUMID
20.4,58.8,-1.5,5.0,1,COMFORT
23.2,55.6,0.3999999999999986,0.0,1,COMFORT
35.2,55.3,0.10000000000000142,-0.5,1,COMFORT
20.2,49.3,0.3000000000000007,1.0,2,WARM_HUMID
23.9,68.4,0.1999999999999993,-0.5,2,WARM_HUMID
23.1,25.7,1.3000000000000007,-0.10000000000000142,1,COMFORT
25.2,43.0,0.0,0.0,1,COMFORT
24.1,46.7,0.0,0.0,1,COMFORT
21.9,26.2,-0.20000000000000284,-2.6000000000000014,3,HOT
21.2,79.9,-0.10000000000000142,0.4000000000000057,1,COMFORT
27.7,52.0,0.0,0.0,2,WARM_HUMID
16.0,22.0,-0.5,-5.0,0,COLD
23.9,63.1,0.0,0.0,1,COMFORT
26.7,30.8,0.6999999999999993,-5.0,2,WARM_HUMID
24.7,65.4,-0.40000000000000213,0.7000000000000028,2,WARM_HUMID
20.3,41.9,-0.1999999999999993,-1.3000000000000043,1,COMFORT
20.4,40.2,0.6999999999999993,0.0,0,COLD
19.3,35.4,0.0,-1.1000000000000014,1,COMFORT
22.0,46.9,0.0,-0.3999999999999986,2,WARM_HUMID
26.0,46.1,0.5,1.2000000000000028,2,WARM_HUMID
23.2,28.6,0.1999999999999993,3.200000000000003,0,COLD
36.2,43.4,1.2000000000000028,-4.600000000000001,3,HOT
22.4,71.8,0.1999999999999993,2.5999999999999943,1,COMFORT
24.9,40.7,-0.20000000000000284,2.0,3,HOT
23.3,69.5,1.5,-5.0,1,COMFORT
23.2,59.7,0.0,0.0,1,COMFORT
35.6,40.2,-1.5,5.0,2,WARM_HUMID
26.2,63.2,0.0,0.0,1,COMFORT
23.2,62.2,0.0,0.0,2,WARM_HUMID
21.6,60.5,0.0,0.0,0,COLD
22.6,75.9,0.0,-0.19999999999998863,1,COMFORT
23.4,55.6,0.5,0.0,0,COLD
23.5,47.3,1.1000000000000014,-2.0,2,WARM_HUMID
22.8,35.4,-0.3000000000000007,1.2999999999999972,2,WARM_HUMID
27.2,38.3,0.3999999999999986,-0.10000000000000142,1,COMFORT
31.9,62.8,1.2999999999999972,-5.0,3,HOT
21.7,37.3,0.09999999999999787,-0.10000000000000142,1,COMFORT
21.0,33.5,0.0,3.3999999999999986,0,COLD
22.2,51.9,0.09999999999999787,4.100000000000001,1,COMFORT
22.9,74.5,1.0,5.0,1,COMFORT
21.6,53.9,-1.5,-2.0,2,WARM_HUMID
32.7,29.0,-1.1999999999999957,1.0,3,HOT
23.0,49.0,0.3000000000000007,5.0,1,COMFORT
22.9,76.2,-0.10000000000000142,0.29999999999999716,1,COMFORT
31.3,32.0,0.3000000000000007,-1.0,2,WARM_HUMID
24.7,58.4,0.0,0.0,3,HOT
18.1,51.3,0.40000000000000213,-1.5,1,COMFORT
23.9,36.4,1.1999999999999993,-1.3000000000000043,1,COMFORT
18.8,45.4,-1.3999999999999986,2.3999999999999986,1,COMFORT
23.6,52.7,0.0,0.0,2,WARM_HUMID
30.8,49.9,-0.1999999999999993,2.8999999999999986,1,COMFORT
19.3,65.2,0.5,0.0,1,COMFORT
21.6,21.8,-0.09999999999999787,-0.3999999999999986,2,WARM_HUMID
21.0,36.3,1.1999999999999993,-2.6000000000000014,0,COLD
24.2,53.0,1.5,-5.0,0,COLD
31.2,33.0,-0.1999999999999993,2.5,3,HOT
25.5,61.6,-0.10000000000000142,-1.1999999999999957,1,COMFORT
27.4,51.3,0.29999999999999716,-1.0,1,COMFORT
19.3,24.6,-0.09999999999999787,-0.3999999999999986,1,COMFORT
26.2,65.0,0.0,0.0,1,COMFORT
25.7,24.7,1.3999999999999986,-3.8000000000000007,2,WARM_HUMID
22.7,29.7,0.0,0.0,1,COMFORT
22.1,57.2,0.3000000000000007,-1.7999999999999972,1,COMFORT
22.5,38.6,-0.6000000000000014,2.8999999999999986,0,COLD
22.5,44.2,1.3999999999999986,-0.7999999999999972,0,COLD
21.8,45.2,-0.5,4.600000000000001,2,WARM_HUMID
18.9,41.9,-0.9000000000000021,-5.0,0,COLD
25.0,66.0,0.0,0.0,1,COMFORT
20.2,50.0,1.3999999999999986,-1.5,1,COMFORT
21.6,71.6,0.0,0.0,1,COMFORT
22.3,45.2,-1.5,5.0,2,WARM_HUMID
24.5,41.7,0.6999999999999993,-0.6999999999999957,2,WARM_HUMID
25.0,68.8,-0.10000000000000142,1.2999999999999972,1,COMFORT
28.6,47.0,1.5,5.0,1,COMFORT
23.7,29.6,0.09999999999999787,-2.0,1,COMFORT
24.6,72.6,0.0,0.0,0,COLD
18.4,22.5,-1.1000000000000014,-1.3000000000000007,0,COLD
22.8,20.1,0.5,5.0,1,COMFORT
26.1,64.7,-0.1999999999999993,0.4000000000000057,1,COMFORT
25.4,74.8,-0.20000000000000284,-1.6000000000000085,1,COMFORT
24.7,52.0,0.1999999999999993,-1.7999999999999972,0,COLD
22.3,36.3,-0.5,0.5999999999999943,1,COMFORT
22.0,38.6,1.3999999999999986,-5.0,0,COLD
21.1,81.1,0.6000000000000014,-1.2000000000000028,1,COMFORT
22.6,67.2,-0.1999999999999993,4.5,0,COLD
29.0,27.8,0.8999999999999986,0.10000000000000142,1,COMFORT
22.5,66.8,-1.5,-0.7000000000000028,3,HOT
20.3,62.0,-1.5,5.0,0,COLD
30.3,68.7,1.5,5.0,3,HOT
27.3,73.3,0.0,0.0,2,WARM_HUMID
22.1,48.1,-0.1999999999999993,5.0,1,COMFORT
19.8,26.6,0.1999999999999993,3.8000000000000007,0,COLD
19.9,67.0,1.3999999999999986,-3.0,2,WARM_HUMID
21.8,45.0,1.3000000000000007,-4.799999999999997,0,COLD
21.3,26.3,-0.1999999999999993,0.5,1,COMFORT
23.1,34.4,0.8000000000000007,-2.700000000000003,1,COMFORT
24.5,46.6,0.0,-0.3999999999999986,3,HOT
19.9,22.8,-0.6000000000000014,0.1999999999999993,0,COLD
21.7,80.4,-0.10000000000000142,0.8000000000000114,1,COMFORT
27.7,54.5,0.3000000000000007,-0.5,1,COMFORT
20.1,41.3,0.5,-4.100000000000001,1,COMFORT
27.1,47.0,0.0,0.0,1,COMFORT
28.9,63.0,0.0,0.0,0,COLD
20.6,37.3,1.4000000000000021,-5.0,1,COMFORT
21.8,63.2,-1.5,5.0,3,HOT
23.0,79.4,0.0,0.0,2,WARM_HUMID
31.1,25.2,0.20000000000000284,-0.8000000000000007,0,COLD
19.7,50.1,0.0,0.0,1,COMFORT
16.6,53.5,-1.5,0.5,0,COLD
21.5,33.7,0.8000000000000007,5.0,0,COLD
21.1,51.2,0.0,0.0,0,COLD
22.5,27.5,0.0,1.0,1,COMFORT
23.7,35.4,0.5999999999999979,0.10000000000000142,2,WARM_HUMID
21.9,27.8,-1.5,1.4000000000000021,1,COMFORT
24.1,35.6,0.9000000000000021,-1.7999999999999972,3,HOT
24.4,32.1,1.5,-5.0,3,HOT
18.9,53.0,0.09999999999999787,-5.0,1,COMFORT
23.6,58.7,0.0,0.0,1,COMFORT
22.0,27.2,0.3000000000000007,-3.1999999999999993,1,COMFORT
25.8,56.5,0.6000000000000014,-2.5,1,COMFORT
22.7,30.4,-1.5,5.0,1,COMFORT
23.2,66.3,-0.3000000000000007,-1.4000000000000057,0,COLD
23.3,42.5,-0.1999999999999993,0.29999999999999716,1,COMFORT
22.7,42.6,0.0,0.10000000000000142,1,COMFORT
25.9,51.8,-0.20000000000000284,0.3999999999999986,1,COMFORT
22.0,34.7,0.3999999999999986,0.5,1,COMFORT
28.8,55.8,1.0,-5.0,3,HOT
25.9,61.0,0.0,0.0,2,WARM_HUMID
25.3,45.8,-0.3000000000000007,0.5999999999999943,0,COLD
24.3,56.0,0.0,0.0,2,WARM_HUMID
24.2,74.9,0.1999999999999993,-1.0,2,WARM_HUMID
24.5,53.0,-1.5,-5.0,3,HOT
23.4,55.8,-1.5,5.0,1,COMFORT
25.1,47.4,0.0,0.0,1,COMFORT
29.0,72.0,0.0,3.0,3,HOT
22.2,27.2,-1.5,1.8999999999999986,3,HOT
32.0,23.0,0.0,0.0,3,HOT
24.1,54.5,0.20000000000000284,-0.29999999999999716,1,COMFORT
20.4,38.5,-0.6000000000000014,1.2999999999999972,1,COMFORT
28.5,53.0,-0.8000000000000007,-5.0,1,COMFORT
25.0,70.0,0.0,1.0,1,COMFORT
24.6,59.0,0.0,0.0,0,COLD
22.5,61.0,0.3000000000000007,-2.0,3,HOT
19.7,62.1,0.0,0.0,1,COMFORT
22.3,19.4,0.0,0.0,2,WARM_HUMID
25.0,64.0,0.0,0.0,0,COLD
27.7,38.8,1.5,2.1999999999999957,1,COMFORT
19.6,49.1,-0.6999999999999993,-5.0,1,COMFORT
17.0,46.5,0.0,-3.0,0,COLD
30.7,74.9,-0.40000000000000213,0.9000000000000057,1,COMFORT
23.9,50.0,0.0,0.0,2,WARM_HUMID
22.3,55.6,-0.3999999999999986,0.0,0,COLD
28.0,33.6,1.5,-0.7999999999999972,2,WARM_HUMID
15.2,52.7,1.5,5.0,0,COLD
28.4,71.0,-0.3000000000000007,0.0,3,HOT
24.9,60.3,0.5999999999999979,0.29999999999999716,2,WARM_HUMID
34.7,37.2,-0.19999999999999574,0.9000000000000057,3,HOT
23.3,54.0,1.5,-2.3999999999999986,2,WARM_HUMID
20.3,38.7,0.0,0.0,1,COMFORT
25.3,26.0,0.9000000000000021,-1.6999999999999993,2,WARM_HUMID
32.5,30.0,-0.29999999999999716,-2.0,1,COMFORT
23.4,26.2,1.5,0.8999999999999986,1,COMFORT
22.5,42.1,0.3999999999999986,-0.7999999999999972,1,COMFORT
22.4,54.0,-0.3000000000000007,4.0,1,COMFORT
26.9,19.8,-0.7000000000000028,3.6000000000000014,1,COMFORT
32.1,59.9,0.10000000000000142,-1.1000000000000014,3,HOT
22.2,49.6,-0.40000000000000213,-4.299999999999997,2,WARM_HUMID
22.8,45.1,-1.5,-5.0,2,WARM_HUMID
29.6,60.0,0.0,0.0,0,COLD
25.2,49.0,-0.40000000000000213,3.8999999999999986,0,COLD
23.0,53.7,0.0,0.20000000000000284,1,COMFORT
25.3,54.0,0.0,0.0,0,COLD
21.0,25.7,0.0,2.8999999999999986,1,COMFORT
21.7,38.9,-0.5,-5.0,0,COLD
27.0,52.0,0.0,0.0,0,COLD
29.3,64.0,0.0,0.0,1,COMFORT
31.3,69.0,0.0,0.0,2,WARM_HUMID
27.3,40.0,0.10000000000000142,0.6000000000000014,1,COMFORT
23.8,48.3,0.3000000000000007,-2.1000000000000014,1,COMFORT
23.4,58.5,-0.5,2.6000000000000014,0,COLD
24.4,36.4,1.0999999999999979,-4.399999999999999,1,COMFORT
24.1,65.3,1.1000000000000014,5.0,1,COMFORT
31.3,53.0,0.0,0.0,2,WARM_HUMID
31.7,20.8,-0.5000000000000036,3.1999999999999993,2,WARM_HUMID
22.8,66.0,0.0,0.0,1,COMFORT
27.7,36.0,0.0,0.0,1,COMFORT
25.4,45.0,0.8999999999999986,-1.0,3,HOT
22.9,15.4,-0.7000000000000028,0.09999999999999964,0,COLD
21.3,28.8,-1.5,3.900000000000002,1,COMFORT
22.6,38.3,-0.7999999999999972,0.19999999999999574,1,COMFORT
25.0,31.3,-0.5,-4.300000000000001,1,COMFORT
19.8,45.7,-1.5,2.4000000000000057,2,WARM_HUMID
24.3,50.5,-0.6999999999999993,-5.0,2,WARM_HUMID
24.0,64.0,0.0,0.0,0,COLD
24.1,26.6,-0.09999999999999787,-0.7999999999999972,2,WARM_HUMID
30.2,72.0,0.1999999999999993,0.09999999999999432,2,WARM_HUMID
25.1,47.0,0.0,0.0,0,COLD
22.2,48.5,-0.6999999999999993,-5.0,1,COMFORT
12.8,47.3,0.6000000000000014,-0.5,0,COLD
21.9,53.2,-1.0,0.7000000000000028,0,COLD
24.5,72.8,1.1000000000000014,-2.799999999999997,2,WARM_HUMID
26.0,44.0,0.0,0.0,0,COLD
21.3,29.6,0.10000000000000142,1.6000000000000014,3,HOT
27.0,74.3,1.5,5.0,1,COMFORT
30.8,73.7,-0.5999999999999979,5.0,2,WARM_HUMID
25.8,80.2,0.6000000000000014,5.0,2,WARM_HUMID
24.9,22.4,-0.20000000000000284,0.0,1,COMFORT
31.9,58.7,0.5999999999999979,0.9000000000000057,1,COMFORT
21.8,38.7,0.1999999999999993,1.8000000000000043,0,COLD
20.8,25.0,-0.3000000000000007,-1.1000000000000014,1,COMFORT
32.0,23.0,0.0,0.0,3,HOT
20.0,52.4,0.10000000000000142,-0.8999999999999986,2,WARM_HUMID
22.3,33.8,0.40000000000000213,2.599999999999998,2,WARM_HUMID
27.4,44.0,0.0,2.0,2,WARM_HUMID
17.7,56.8,-1.0,3.5,0,COLD
22.5,18.8,-0.6999999999999993,-3.0,0,COLD
21.5,57.5,-0.3000000000000007,0.7999999999999972,0,COLD
24.0,50.8,-1.0,2.1999999999999957,0,COLD
24.7,46.3,-0.10000000000000142,1.0999999999999943,1,COMFORT
27.6,57.6,-0.09999999999999787,0.8999999999999986,1,COMFORT
21.3,31.7,-0.6999999999999993,5.0,0,COLD
16.0,22.0,0.0,0.0,0,COLD
24.0,69.5,-0.3000000000000007,1.5,0,COLD
33.8,65.2,0.09999999999999432,-0.29999999999999716,3,HOT
29.8,40.2,-0.3000000000000007,5.0,1,COMFORT
23.0,26.9,0.3000000000000007,0.09999999999999787,1,COMFORT
29.9,12.0,-0.5,-5.0,1,COMFORT
25.9,45.6,-0.10000000000000142,0.3999999999999986,2,WARM_HUMID
22.0,34.8,1.5,1.2999999999999972,1,COMFORT
22.3,35.4,-1.5,-3.1000000000000014,1,COMFORT
28.9,39.1,0.0,0.0,3,HOT
23.1,47.5,1.3000000000000007,1.0,1,COMFORT
22.6,59.0,1.5,-4.0,0,COLD
20.7,60.4,-0.6000000000000014,3.8999999999999986,0,COLD
21.1,45.1,-1.5,5.0,2,WARM_HUMID
29.9,66.1,0.0,0.0,1,COMFORT
24.7,73.4,0.3999999999999986,-0.5,2,WARM_HUMID
23.0,46.0,0.6000000000000014,-2.0,0,COLD
28.4,27.7,-1.5,-0.5,1,COMFORT
32.0,64.5,0.0,2.6000000000000014,3,HOT
23.0,41.0,0.10000000000000142,-5.0,1,COMFORT
10.4,51.3,0.0,2.0,0,COLD
26.0,42.8,-0.8999999999999986,2.6999999999999957,0,COLD
31.5,37.0,0.6999999999999993,0.0,1,COMFORT
21.8,33.3,-1.3000000000000007,5.0,0,COLD
25.7,68.0,0.1999999999999993,0.09999999999999432,1,COMFORT
16.6,58.0,0.0,0.0,0,COLD
18.9,57.0,1.0,-5.0,1,COMFORT
27.4,32.5,1.5,-1.3999999999999986,1,COMFORT
22.7,69.0,-1.5,5.0,1,COMFORT
26.0,66.0,0.0,0.0,1,COMFORT
30.1,40.9,-1.5,-2.3999999999999986,0,COLD
24.2,44.2,-0.1999999999999993,0.30000000000000426,1,COMFORT
31.2,63.1,0.09999999999999787,-5.0,1,COMFORT
25.7,57.2,0.0,0.0,1,COMFORT
23.3,24.2,-0.1999999999999993,2.8000000000000007,0,COLD
29.8,61.9,0.0,0.0,3,HOT
24.7,48.8,0.3999999999999986,1.0999999999999943,1,COMFORT
26.7,45.9,0.3999999999999986,0.5,3,HOT
25.6,60.5,1.4000000000000021,-4.400000000000006,3,HOT
20.5,49.1,0.0,0.0,1,COMFORT
26.6,57.0,0.0,0.0,2,WARM_HUMID
22.4,61.0,0.0,0.0,1,COMFORT
22.1,31.2,1.5,2.099999999999998,1,COMFORT
24.0,54.8,-0.3000000000000007,2.1999999999999957,1,COMFORT
21.8,33.4,0.3000000000000007,-0.7000000000000028,1,COMFORT
23.4,43.2,-1.3000000000000007,4.5,2,WARM_HUMID
16.1,41.6,-0.5999999999999979,4.200000000000003,0,COLD
36.0,34.0,1.0,-3.0,3,HOT
22.1,45.5,-0.29999999999999716,-0.8999999999999986,3,HOT
22.2,68.6,-0.9000000000000021,2.0,1,COMFORT
22.0,56.0,-1.3999999999999986,5.0,1,COMFORT
21.2,31.4,0.3000000000000007,1.0,0,COLD
22.4,56.3,-0.6000000000000014,-0.5,1,COMFORT
29.7,57.0,0.3000000000000007,0.0,1,COMFORT
23.2,53.5,-0.8000000000000007,-5.0,1,COMFORT
23.0,56.8,0.0,0.0,0,COLD
23.7,63.0,0.1999999999999993,0.0,0,COLD
22.0,24.5,-0.3000000000000007,-2.6000000000000014,0,COLD
27.0,46.0,0.10000000000000142,-3.0,1,COMFORT
23.8,28.9,0.8000000000000007,5.0,3,HOT
28.6,61.7,-0.1999999999999993,-0.5,2,WARM_HUMID
19.7,44.8,0.5999999999999979,2.299999999999997,0,COLD
25.7,45.4,1.5,5.0,3,HOT
24.4,57.3,-1.5,-5.0,1,COMFORT
23.7,44.0,0.3000000000000007,-1.1000000000000014,1,COMFORT
21.4,52.7,-1.3000000000000007,4.900000000000006,2,WARM_HUMID
26.8,32.3,0.0,-1.5,1,COMFORT
22.6,37.6,0.40000000000000213,-2.799999999999997,1,COMFORT
33.3,54.6,1.5,-5.0,1,COMFORT
16.1,25.3,0.3000000000000007,3.0,1,COMFORT
20.4,40.2,1.0,-4.599999999999994,2,WARM_HUMID
21.7,60.3,0.0,0.0,3,HOT
22.5,26.3,0.10000000000000142,0.6999999999999993,0,COLD
28.6,70.0,1.5,-2.0,1,COMFORT
18.6,49.8,0.0,0.0,0,COLD
27.9,19.3,-1.2000000000000028,5.0,1,COMFORT
30.8,31.0,0.0,0.0,1,COMFORT
18.6,69.0,0.0,0.0,1,COMFORT
26.2,77.2,1.5,0.7999999999999972,2,WARM_HUMID
23.5,33.2,-0.1999999999999993,0.9000000000000057,1,COMFORT
22.0,35.2,-0.5,5.0,1,COMFORT
22.3,58.4,0.0,0.0,1,COMFORT
26.0,55.8,1.3000000000000007,-2.4000000000000057,3,HOT
20.4,41.9,0.09999999999999787,-0.5,1,COMFORT
29.4,29.0,0.0,0.0,0,COLD
24.1,23.7,1.5,0.0,3,HOT
31.3,55.0,1.0,-3.0,2,WARM_HUMID
22.4,63.1,-0.20000000000000284,-1.1999999999999957,0,COLD
24.7,43.6,-1.0,-3.299999999999997,2,WARM_HUMID
24.1,23.8,-0.09999999999999787,-2.3000000000000007,2,WARM_HUMID
22.1,72.4,0.0,0.0,0,COLD
29.3,71.0,-1.0,1.7000000000000028,1,COMFORT
24.3,56.0,0.0,0.0,1,COMFORT
21.8,41.3,-1.5,5.0,0,COLD
24.0,34.6,1.1000000000000014,-1.2999999999999972,1,COMFORT
23.1,29.9,-1.1999999999999993,1.0,1,COMFORT
29.4,77.3,0.0,0.5,3,HOT
22.9,45.4,1.3999999999999986,0.3999999999999986,1,COMFORT
12.8,48.8,0.0,0.0,0,COLD
25.4,59.0,0.09999999999999787,-0.3999999999999986,1,COMFORT
22.4,55.7,0.3999999999999986,5.0,1,COMFORT
28.3,64.0,0.0,0.0,0,COLD
28.4,39.0,0.09999999999999787,0.0,0,COLD
19.9,56.1,0.0,0.0,1,COMFORT
26.2,33.5,-0.40000000000000213,-1.2999999999999972,3,HOT
17.8,40.3,0.10000000000000142,1.6999999999999957,0,COLD
20.4,66.5,0.0,0.0,2,WARM_HUMID
25.0,66.0,0.0,0.0,3,HOT
21.6,39.1,0.6000000000000014,2.3000000000000043,0,COLD
25.1,37.0,0.0,0.0,0,COLD
29.3,28.0,0.6000000000000014,-1.0,1,COMFORT
39.0,37.0,1.5,-5.0,3,HOT
27.6,76.2,0.40000000000000213,-0.20000000000000284,2,WARM_HUMID
30.1,66.0,0.0,0.0,1,COMFORT
25.4,58.0,-0.10000000000000142,0.5,0,COLD
24.2,68.8,0.0,0.0,1,COMFORT
23.3,34.5,1.0,-2.1000000000000014,1,COMFORT
24.3,56.0,0.0,0.0,1,COMFORT
22.3,51.0,-0.6999999999999993,2.0,1,COMFORT
26.5,61.2,-0.8999999999999986,-5.0,2,WARM_HUMID
25.6,46.8,1.4000000000000021,-5.0,2,WARM_HUMID
17.2,60.2,0.0,0.0,0,COLD
19.2,59.2,-1.5,5.0,1,COMFORT
18.5,43.4,-1.1999999999999993,5.0,0,COLD
25.4,71.0,0.5,-0.9000000000000057,0,COLD
23.3,51.6,-0.5,-1.1000000000000014,0,COLD
22.4,54.0,0.0,0.0,1,COMFORT
25.1,42.3,-0.8999999999999986,-0.5,1,COMFORT
25.2,47.4,-0.3000000000000007,-1.3000000000000043,2,WARM_HUMID
12.2,63.1,0.0,-4.199999999999996,0,COLD
23.4,36.5,-1.5,-5.0,3,HOT
22.2,41.9,0.0,-0.7000000000000028,1,COMFORT
21.6,50.3,0.0,0.0,2,WARM_HUMID
23.9,42.7,0.5,-2.1999999999999957,0,COLD
22.3,46.8,-0.3999999999999986,0.3999999999999986,1,COMFORT
22.6,40.3,-0.7999999999999972,0.3999999999999986,0,COLD
21.8,35.0,1.5,-4.0,2,WARM_HUMID
22.7,20.8,-1.5,-5.0,1,COMFORT
23.2,47.0,-0.8000000000000007,2.1000000000000014,1,COMFORT
21.6,55.0,0.10000000000000142,-1.0,1,COMFORT
19.5,27.8,-1.5,-0.1999999999999993,1,COMFORT
20.2,41.9,-0.8000000000000007,1.6000000000000014,2,WARM_HUMID
32.6,14.8,-0.6999999999999957,-1.8999999999999986,3,HOT
33.0,27.0,0.0,3.0,3,HOT
19.6,22.8,0.6000000000000014,-1.5,1,COMFORT
20.5,38.6,1.1999999999999993,-1.6999999999999957,0,COLD
26.4,24.8,1.0,4.0,0,COLD
27.4,85.4,-1.0,5.0,0,COLD
22.9,68.5,0.3999999999999986,-3.9000000000000057,1,COMFORT
26.5,43.3,1.5,0.09999999999999432,1,COMFORT
18.1,59.2,-1.5,5.0,1,COMFORT
25.6,50.5,-0.3999999999999986,1.3999999999999986,1,COMFORT
29.2,10.3,-0.40000000000000213,-4.899999999999999,1,COMFORT
23.4,23.3,0.3999999999999986,-1.8000000000000007,3,HOT
23.7,41.3,0.3999999999999986,-2.1000000000000014,1,COMFORT
22.6,51.5,0.0,-0.7000000000000028,1,COMFORT
24.4,40.2,0.0,0.30000000000000426,2,WARM_HUMID
22.3,12.7,0.0,0.0,0,COLD
28.5,56.6,-1.0,5.0,0,COLD
30.4,19.0,-0.3000000000000007,-1.0,2,WARM_HUMID
24.2,23.1,-0.1999999999999993,0.7000000000000028,0,COLD
20.7,30.6,-0.5,1.0,2,WARM_HUMID
26.0,44.0,0.0,0.0,1,COMFORT
22.0,41.0,-1.5,0.5,1,COMFORT
23.6,38.3,-0.1999999999999993,0.09999999999999432,0,COLD
23.3,63.5,0.10000000000000142,-0.5,3,HOT
21.4,45.8,-0.7000000000000028,-0.30000000000000426,0,COLD
23.9,26.7,0.8999999999999986,-0.6000000000000014,1,COMFORT
32.0,66.5,-1.1000000000000014,4.0,3,HOT
22.4,30.0,-0.3000000000000007,-5.0,1,COMFORT
26.4,51.5,0.0,0.0,1,COMFORT
33.2,42.9,0.0,-2.5,3,HOT
19.3,19.4,1.5,2.0,1,COMFORT
24.1,61.7,0.20000000000000284,-0.3999999999999986,0,COLD
23.2,32.8,-0.5,3.099999999999998,1,COMFORT
26.3,30.8,1.5,-2.9999999999999964,3,HOT
25.8,66.7,0.0,0.0,2,WARM_HUMID
25.2,61.8,-0.1999999999999993,-0.20000000000000284,1,COMFORT
23.5,25.0,0.5,-4.600000000000001,0,COLD
19.3,50.0,-1.5,5.0,2,WARM_HUMID
26.8,61.0,0.3000000000000007,0.0,3,HOT
22.5,44.5,0.1999999999999993,1.6000000000000014,3,HOT
26.9,84.5,-1.5,5.0,2,WARM_HUMID
26.6,30.9,-1.3999999999999986,5.0,3,HOT
23.5,24.9,0.1999999999999993,-0.8000000000000007,1,COMFORT
25.7,52.6,1.5,1.7000000000000028,3,HOT
30.3,30.4,0.5,-1.7000000000000028,1,COMFORT
23.9,33.4,1.0999999999999979,-5.0,2,WARM_HUMID
22.8,21.5,0.0,-5.0,0,COLD
29.1,45.2,1.5,-3.5999999999999943,1,COMFORT
26.6,57.3,1.3000000000000007,-0.7000000000000028,2,WARM_HUMID
27.9,53.6,-0.3000000000000007,-0.7999999999999972,2,WARM_HUMID
23.5,66.4,0.10000000000000142,0.7000000000000028,1,COMFORT
36.1,45.0,0.20000000000000284,-5.0,3,HOT
22.1,35.8,-1.5,4.899999999999999,2,WARM_HUMID
30.3,71.7,-0.3000000000000007,-1.2999999999999972,1,COMFORT
25.7,57.2,0.0,0.0,1,COMFORT
28.5,51.4,-0.1999999999999993,0.19999999999999574,2,WARM_HUMID
28.5,51.1,0.0,-0.29999999999999716,3,HOT
22.2,65.8,-0.1999999999999993,0.7999999999999972,0,COLD
30.3,30.0,-1.0999999999999979,1.0,2,WARM_HUMID
22.6,45.6,-0.5,-1.2999999999999972,1,COMFORT
30.0,70.1,1.1999999999999993,-5.0,1,COMFORT
24.5,59.1,0.0,0.0,0,COLD
23.6,44.0,-0.09999999999999787,0.0,3,HOT
28.9,57.0,-0.3000000000000007,-3.0,1,COMFORT
27.2,60.8,-0.1999999999999993,1.5999999999999943,3,HOT
26.3,25.5,-1.1999999999999993,-2.3999999999999986,1,COMFORT
28.9,66.7,0.0,0.0,1,COMFORT
24.9,43.0,0.0,0.0,2,WARM_HUMID
26.2,33.6,0.09999999999999787,-0.19999999999999574,3,HOT
22.7,37.1,-1.4000000000000021,5.0,1,COMFORT
23.6,26.0,-0.1999999999999993,-1.1000000000000014,2,WARM_HUMID
22.3,27.6,0.1999999999999993,-0.1999999999999993,1,COMFORT
25.3,55.2,0.0,0.0,3,HOT
27.3,67.6,-1.5,5.0,1,COMFORT
29.8,74.5,0.5,0.0,0,COLD
23.2,58.0,0.1999999999999993,-0.29999999999999716,1,COMFORT
23.5,68.4,0.3000000000000007,0.30000000000001137,1,COMFORT
30.9,56.9,0.5,0.6999999999999957,1,COMFORT
24.2,33.5,-0.3000000000000007,1.6000000000000014,0,COLD
26.2,39.9,0.0,0.0,2,WARM_HUMID
27.7,47.9,-1.5,-5.0,0,COLD
21.7,73.0,-1.5,5.0,0,COLD
23.5,72.2,-0.3000000000000007,-1.7000000000000028,1,COMFORT
21.0,31.5,-0.10000000000000142,4.100000000000001,1,COMFORT
23.7,75.4,0.8000000000000007,0.9000000000000057,1,COMFORT
31.8,69.6,0.0,0.5999999999999943,2,WARM_HUMID
20.4,57.6,0.0,0.0,0,COLD
20.7,31.7,0.0,0.0,1,COMFORT
23.0,65.0,0.0,0.0,1,COMFORT
23.0,67.6,0.8000000000000007,-5.0,1,COMFORT
22.9,44.9,-0.10000000000000142,0.6999999999999957,1,COMFORT
19.9,28.8,-0.3000000000000007,-5.0,0,COLD
23.7,46.0,1.5,-5.0,2,WARM_HUMID
35.3,56.2,0.0,0.0,3,HOT
20.5,41.0,-1.5,5.0,0,COLD
22.7,54.0,-0.1999999999999993,-2.5,1,COMFORT
21.4,27.1,-1.1000000000000014,1.0,1,COMFORT
20.6,42.4,-0.1999999999999993,0.0,1,COMFORT
22.9,48.6,-1.5,2.8999999999999986,0,COLD
21.2,56.0,0.1999999999999993,-2.0,0,COLD
24.1,61.8,0.10000000000000142,-0.8000000000000043,0,COLD
23.5,27.1,0.1999999999999993,-1.1999999999999993,1,COMFORT
25.9,46.4,-0.8000000000000007,4.0,1,COMFORT
21.2,40.5,-0.10000000000000142,0.10000000000000142,2,WARM_HUMID
31.4,68.0,-0.20000000000000284,2.0,3,HOT
23.2,47.0,0.1999999999999993,-1.0,1,COMFORT
20.4,30.5,-1.5,0.0,2,WARM_HUMID
25.9,67.4,0.29999999999999716,0.0,2,WARM_HUMID
28.8,65.0,0.0,0.0,3,HOT
18.3,56.9,1.5,-4.100000000000001,1,COMFORT
23.0,37.5,-1.0,5.0,0,COLD
25.2,37.0,0.1999999999999993,0.7999999999999972,1,COMFORT
20.0,48.2,-1.5,0.5,1,COMFORT
20.8,29.0,0.6999999999999993,-2.0,2,WARM_HUMID
23.7,49.1,-0.10000000000000142,0.6000000000000014,0,COLD
28.4,56.9,0.0,0.0,0,COLD
22.4,31.1,-0.6000000000000014,-0.5999999999999979,0,COLD
30.7,67.0,0.3000000000000007,-1.4000000000000057,1,COMFORT
22.5,26.6,0.0,0.0,1,COMFORT
25.1,40.0,1.5,-5.0,1,COMFORT
25.1,42.5,0.0,0.0,1,COMFORT
25.8,66.7,0.0,0.0,2,WARM_HUMID
22.5,44.8,0.10000000000000142,1.6999999999999957,1,COMFORT
29.2,39.7,0.0,0.7000000000000028,3,HOT
22.8,23.5,-0.1999999999999993,2.5,0,COLD
22.6,42.9,-0.29999999999999716,1.3999999999999986,0,COLD
30.6,29.2,0.3000000000000007,0.09999999999999787,1,COMFORT
23.8,39.7,1.0,-0.09999999999999432,0,COLD
22.1,32.9,-0.09999999999999787,-0.20000000000000284,0,COLD
22.5,20.0,0.10000000000000142,0.1999999999999993,1,COMFORT
23.4,62.0,0.0,0.0,3,HOT
17.7,41.1,0.3000000000000007,0.0,0,COLD
18.4,53.0,-0.9000000000000021,-5.0,1,COMFORT
23.2,15.6,0.0,0.0,1,COMFORT
20.1,36.8,-0.3999999999999986,5.0,1,COMFORT
23.3,25.0,0.6999999999999993,1.0,0,COLD
25.1,43.9,0.0,0.7999999999999972,1,COMFORT
24.0,44.9,0.0,0.0,2,WARM_HUMID
24.9,48.8,0.8999999999999986,5.0,1,COMFORT
20.8,12.9,0.5,-5.0,1,COMFORT
28.8,79.8,-0.3999999999999986,5.0,3,HOT
26.9,61.4,-0.10000000000000142,-0.20000000000000284,1,COMFORT
22.7,39.3,-0.5,0.3999999999999986,0,COLD
30.4,56.9,0.0,0.0,1,COMFORT
24.0,62.0,0.0,0.0,1,COMFORT
25.2,69.7,-0.5,0.7000000000000028,1,COMFORT
21.3,34.6,-0.8000000000000007,5.0,1,COMFORT
23.4,54.3,0.0,1.1999999999999957,1,COMFORT
27.4,24.2,0.5,-3.3000000000000007,3,HOT
20.0,62.0,0.0,0.0,1,COMFORT
23.2,56.2,-0.5,0.7000000000000028,1,COMFORT
27.8,69.4,-0.8999999999999986,-0.8999999999999915,1,COMFORT
23.0,10.9,-0.1999999999999993,0.5999999999999996,1,COMFORT
21.6,42.8,0.8000000000000007,-1.6000000000000014,0,COLD
22.3,53.7,-1.5,5.0,0,COLD
22.3,47.0,0.5,0.10000000000000142,0,COLD
21.2,70.8,0.0,0.0,2,WARM_HUMID
36.4,43.7,-0.10000000000000142,0.20000000000000284,3,HOT
22.6,51.0,-1.2999999999999972,2.0,1,COMFORT
23.6,20.8,1.1000000000000014,-2.1999999999999993,0,COLD
22.6,64.0,-0.3999999999999986,2.0,0,COLD
31.7,72.9,-0.5999999999999979,5.0,0,COLD
21.6,21.7,0.0,0.0,2,WARM_HUMID
28.5,26.0,0.10000000000000142,0.6000000000000014,1,COMFORT
26.6,75.7,0.8000000000000007,0.7999999999999972,3,HOT
26.0,64.5,-0.3999999999999986,0.7999999999999972,1,COMFORT
24.0,55.6,0.5,0.0,0,COLD
21.0,65.0,0.0,0.0,2,WARM_HUMID
25.1,41.1,-1.5,4.899999999999999,2,WARM_HUMID
21.7,50.6,-0.8000000000000007,2.3000000000000043,1,COMFORT
24.1,39.8,0.3000000000000007,-1.8000000000000043,0,COLD
29.9,34.4,-0.9000000000000021,-1.6000000000000014,2,WARM_HUMID
28.3,67.7,-0.1999999999999993,-0.3999999999999915,0,COLD
29.7,61.0,0.0,0.0,3,HOT
22.9,27.1,-0.9000000000000021,-0.6999999999999993,1,COMFORT
22.0,54.7,0.0,0.0,1,COMFORT
25.8,51.0,1.5,-1.0,2,WARM_HUMID
31.0,47.0,1.5,-5.0,0,COLD
22.0,28.2,0.0,0.0,2,WARM_HUMID
20.0,29.8,-1.5,-4.9999999999999964,1,COMFORT
22.4,54.0,0.0,0.0,0,COLD
26.0,57.7,0.0,0.0,2,WARM_HUMID
31.3,67.4,-0.1999999999999993,1.6000000000000085,0,COLD
27.5,43.0,0.10000000000000142,0.0,3,HOT
26.5,52.0,0.0,0.0,0,COLD
29.2,41.9,1.5,-5.0,3,HOT
26.5,51.8,0.0,0.29999999999999716,0,COLD
29.7,75.7,-1.5,5.0,3,HOT
22.6,66.9,0.0,0.0,0,COLD
23.9,48.3,-0.5,-2.0,0,COLD
21.3,33.2,0.1999999999999993,-1.6999999999999957,2,WARM_HUMID
23.1,51.2,0.20000000000000284,1.5,0,COLD
22.6,50.9,-0.3999999999999986,-2.3000000000000043,1,COMFORT
23.0,46.6,0.1999999999999993,3.700000000000003,0,COLD
21.2,49.3,1.5,-3.5,3,HOT
23.3,32.9,0.9000000000000021,-1.3999999999999986,1,COMFORT
29.8,37.0,-0.1999999999999993,0.8999999999999986,0,COLD
29.2,75.1,0.0,0.0,2,WARM_HUMID
21.7,30.2,0.6999999999999993,-4.400000000000002,1,COMFORT
34.0,27.6,0.5,-0.7999999999999972,2,WARM_HUMID
25.2,67.3,0.3000000000000007,-0.7000000000000028,1,COMFORT
29.0,53.8,0.8000000000000007,5.0,2,WARM_HUMID
27.9,35.0,0.0,0.0,1,COMFORT
21.4,39.0,1.5,-5.0,1,COMFORT
24.4,42.9,-0.5,0.3999999999999986,2,WARM_HUMID
22.7,53.0,0.1999999999999993,-1.6000000000000014,1,COMFORT
29.3,41.0,0.0,0.0,1,COMFORT
19.5,35.8,0.6000000000000014,1.5,0,COLD
22.7,50.6,-0.3000000000000007,1.0,1,COMFORT
22.7,52.5,-1.5,5.0,0,COLD
24.2,37.9,-0.6999999999999993,-2.1000000000000014,1,COMFORT
19.6,43.0,0.20000000000000284,-5.0,1,COMFORT
20.8,73.5,0.8000000000000007,5.0,0,COLD
22.7,14.1,1.5,-5.0,2,WARM_HUMID
29.0,43.0,0.6000000000000014,-1.0,1,COMFORT
24.6,65.0,0.40000000000000213,-1.0,1,COMFORT
24.1,63.7,0.8000000000000007,-3.0,2,WARM_HUMID
21.7,45.7,0.3999999999999986,1.6000000000000014,0,COLD
24.5,65.6,0.6000000000000014,-2.4000000000000057,2,WARM_HUMID
21.5,21.4,1.1999999999999993,4.099999999999998,0,COLD
22.4,48.1,0.5999999999999979,2.5,2,WARM_HUMID
21.6,30.5,-1.5,0.0,0,COLD
21.8,37.1,-1.5,5.0,1,COMFORT
23.9,26.9,1.5,-5.0,1,COMFORT
23.7,52.1,0.09999999999999787,0.8999999999999986,1,COMFORT
25.9,24.5,1.5,-4.399999999999999,1,COMFORT
26.4,66.5,0.0,-0.7000000000000028,1,COMFORT
19.2,54.8,0.0,0.0,0,COLD
24.4,60.1,0.0,0.0,2,WARM_HUMID
24.1,30.9,1.5,-5.0,2,WARM_HUMID
29.1,28.0,1.1000000000000014,0.0,0,COLD
22.8,27.3,0.10000000000000142,-0.09999999999999787,1,COMFORT
22.9,69.1,0.0,0.0,1,COMFORT
20.5,47.2,0.6999999999999993,1.9000000000000057,0,COLD
25.3,61.0,0.0,0.0,1,COMFORT
26.6,37.0,-0.5,1.7999999999999972,2,WARM_HUMID
21.6,80.7,0.10000000000000142,-0.20000000000000284,1,COMFORT
23.0,37.9,-1.5,1.8999999999999986,0,COLD
22.1,36.6,0.0,0.0,0,COLD
25.7,57.2,0.0,0.0,1,COMFORT
19.7,46.4,0.3000000000000007,-0.6000000000000014,0,COLD
24.3,42.0,-0.3000000000000007,0.6000000000000014,3,HOT
22.0,11.3,-0.3000000000000007,-5.0,3,HOT
28.2,45.7,-1.5,5.0,0,COLD
22.1,53.0,0.0,0.20000000000000284,1,COMFORT
27.0,70.0,0.0,0.0,1,COMFORT
31.0,69.3,0.0,0.29999999999999716,3,HOT
24.3,48.1,0.1999999999999993,-1.0,1,COMFORT
27.6,40.9,-1.5,-4.100000000000001,3,HOT
33.0,45.0,-1.5,1.0,3,HOT
21.2,26.2,0.3999999999999986,-1.0,0,COLD
24.4,56.8,0.09999999999999787,-2.200000000000003,1,COMFORT
23.8,64.8,0.0,0.0,1,COMFORT
22.9,17.5,0.7999999999999972,0.3000000000000007,1,COMFORT
29.9,51.0,0.0,0.0,2,WARM_HUMID
16.8,48.3,-1.5,-4.400000000000006,1,COMFORT
29.0,48.7,0.3000000000000007,1.9000000000000057,2,WARM_HUMID
27.0,39.0,0.0,0.0,2,WARM_HUMID
22.4,39.0,-1.2000000000000028,2.299999999999997,1,COMFORT
19.7,40.5,-0.5,2.0,1,COMFORT
25.1,45.0,0.6000000000000014,-5.0,2,WARM_HUMID
24.2,71.6,0.0,0.0,0,COLD
23.6,35.0,0.9000000000000021,-1.0,2,WARM_HUMID
22.3,39.8,0.0,-0.6000000000000014,1,COMFORT
19.8,48.8,-0.3999999999999986,5.0,0,COLD
25.7,57.2,0.0,0.0,1,COMFORT
25.6,54.3,1.5,-0.7000000000000028,1,COMFORT
26.0,38.0,0.0,0.0,2,WARM_HUMID
21.3,66.6,0.1999999999999993,-1.1000000000000085,1,COMFORT
31.9,38.9,0.0,2.1999999999999957,3,HOT
24.4,40.5,1.5,-5.0,2,WARM_HUMID
30.2,36.0,0.0,0.0,3,HOT
24.7,39.0,1.5,-1.0,0,COLD
25.3,24.4,-1.5,1.1999999999999993,1,COMFORT
23.1,52.2,0.3000000000000007,2.4000000000000057,1,COMFORT
22.6,41.9,-0.1999999999999993,1.3999999999999986,0,COLD
29.1,33.0,1.5,0.0,2,WARM_HUMID
21.5,48.3,-0.8000000000000007,5.0,2,WARM_HUMID
20.9,46.0,0.29999999999999716,-2.3999999999999986,2,WARM_HUMID
22.2,46.8,1.5,-5.0,1,COMFORT
21.5,36.0,0.10000000000000142,5.0,0,COLD
27.1,59.0,0.40000000000000213,-1.0,1,COMFORT
23.7,12.4,1.5,0.20000000000000107,1,COMFORT
25.8,44.1,0.40000000000000213,0.3999999999999986,2,WARM_HUMID
26.4,65.0,-0.10000000000000142,4.0,1,COMFORT
19.2,43.5,0.0,1.3999999999999986,0,COLD
20.2,62.0,0.0,0.0,1,COMFORT
21.4,44.9,0.0,-0.7000000000000028,0,COLD
30.9,60.9,0.0,2.1000000000000014,3,HOT
19.7,47.6,-1.5,5.0,3,HOT
28.1,46.3,1.5,-0.4000000000000057,1,COMFORT
24.5,55.2,0.10000000000000142,3.700000000000003,0,COLD
27.5,31.8,0.3999999999999986,2.6999999999999993,3,HOT
28.5,50.4,1.5,-4.100000000000001,2,WARM_HUMID
23.5,38.8,0.1999999999999993,-1.9000000000000057,0,COLD
22.2,38.5,1.5,-3.799999999999997,1,COMFORT
30.3,74.0,-0.3000000000000007,1.9000000000000057,2,WARM_HUMID
23.0,52.4,-0.5,5.0,0,COLD
22.0,49.0,1.5,-5.0,1,COMFORT
27.4,36.3,0.8999999999999986,0.6999999999999957,2,WARM_HUMID
25.4,24.8,1.2999999999999972,-1.6999999999999993,2,WARM_HUMID
23.0,45.9,0.10000000000000142,5.0,1,COMFORT
21.7,45.7,-0.8000000000000007,0.20000000000000284,1,COMFORT
22.2,21.2,-0.3000000000000007,-0.6999999999999993,2,WARM_HUMID
22.7,47.7,0.0,0.0,2,WARM_HUMID
27.0,59.0,0.8999999999999986,-5.0,2,WARM_HUMID
20.2,36.3,0.1999999999999993,0.3999999999999986,1,COMFORT
28.7,41.8,1.5,-3.0,3,HOT
22.3,55.4,0.0,0.0,2,WARM_HUMID
31.2,14.2,-0.6999999999999993,-3.6000000000000014,2,WARM_HUMID
22.1,21.0,0.20000000000000284,1.8999999999999986,0,COLD
34.7,50.0,0.9000000000000057,-1.0,3,HOT
22.5,25.7,-0.3999999999999986,0.0,3,HOT
23.8,50.0,0.3000000000000007,4.100000000000001,0,COLD
29.9,61.0,1.5,5.0,2,WARM_HUMID
25.3,50.0,0.0,0.0,1,COMFORT
27.0,63.9,0.1999999999999993,1.3999999999999986,2,WARM_HUMID
27.5,33.0,-0.5,-1.0,2,WARM_HUMID
26.7,40.0,0.0,0.0,0,COLD
30.3,10.3,-1.0999999999999979,0.0,1,COMFORT
20.3,43.1,0.3000000000000007,0.10000000000000142,1,COMFORT
34.3,58.5,0.0,0.0,3,HOT
34.8,52.5,1.5,5.0,3,HOT
15.2,52.0,-1.5,-2.0,1,COMFORT
23.3,48.8,-1.0999999999999979,-5.0,0,COLD
15.1,47.3,0.0,-1.0,0,COLD
25.0,68.8,1.5,5.0,0,COLD
27.7,46.8,0.0,0.0,1,COMFORT
22.8,40.4,1.1999999999999993,-3.8999999999999986,2,WARM_HUMID
23.7,33.8,-0.5,1.5,1,COMFORT
23.4,38.4,0.7999999999999972,-5.0,2,WARM_HUMID
30.6,67.9,0.40000000000000213,-5.0,3,HOT
20.8,48.3,-0.8999999999999986,-5.0,1,COMFORT
27.8,52.0,0.0,0.0,0,COLD
23.7,55.0,0.0,0.0,0,COLD
24.9,24.1,-0.8000000000000007,3.200000000000003,1,COMFORT
22.5,54.8,1.5,-4.600000000000001,1,COMFORT
21.2,44.6,0.8000000000000007,0.0,0,COLD
30.2,70.0,0.0,0.0,2,WARM_HUMID
23.8,28.9,0.40000000000000213,-0.20000000000000284,3,HOT
25.1,50.0,0.0,0.0,0,COLD
22.0,24.6,-1.0,-5.0,3,HOT
23.8,37.0,0.1999999999999993,-2.1000000000000014,0,COLD
23.9,36.9,1.5,5.0,3,HOT
23.6,37.5,0.0,0.0,3,HOT
24.6,76.4,-1.5,-4.8999999999999915,1,COMFORT
21.4,59.0,1.5,-3.0,1,COMFORT
22.7,55.6,-0.1999999999999993,0.0,1,COMFORT
32.7,63.9,-1.0,3.1000000000000014,2,WARM_HUMID
25.5,47.1,0.0,0.0,2,WARM_HUMID
24.8,29.6,1.5,-5.0,3,HOT
21.2,32.3,-0.5,-5.0,3,HOT
23.0,65.3,-0.1999999999999993,-5.0,1,COMFORT
26.4,36.0,0.0,0.0,3,HOT
19.0,65.0,1.5,-5.0,3,HOT
23.2,31.0,0.09999999999999787,-0.3000000000000007,1,COMFORT
22.1,40.8,-1.1999999999999993,5.0,2,WARM_HUMID
27.8,40.6,1.5,-0.10000000000000142,3,HOT
20.9,28.0,-1.5,4.600000000000001,0,COLD
24.0,43.2,-1.5,5.0,1,COMFORT
25.5,41.8,1.3000000000000007,5.0,2,WARM_HUMID
23.8,66.5,0.0,0.20000000000000284,1,COMFORT
23.1,32.8,-1.3999999999999986,-5.0,3,HOT
22.0,49.6,0.3000000000000007,1.3999999999999986,1,COMFORT
22.3,18.2,-0.1999999999999993,-1.8000000000000007,0,COLD
26.7,45.0,0.0,0.0,0,COLD
23.3,33.2,0.0,-2.8999999999999986,0,COLD
23.2,46.4,-0.3000000000000007,0.6999999999999957,2,WARM_HUMID
23.4,28.0,1.5,-2.6000000000000014,2,WARM_HUMID
22.5,25.5,0.3999999999999986,-5.0,0,COLD
23.3,27.4,1.1000000000000014,-1.1000000000000014,1,COMFORT
24.8,34.5,-0.1999999999999993,0.8999999999999986,0,COLD
23.2,25.3,1.3999999999999986,3.0,1,COMFORT
29.2,19.5,1.5,5.0,3,HOT
30.5,62.5,0.10000000000000142,0.10000000000000142,2,WARM_HUMID
16.7,66.9,-0.10000000000000142,-0.3999999999999915,1,COMFORT
22.3,10.5,0.6999999999999993,-5.0,0,COLD
26.8,49.9,1.5,-5.0,0,COLD
30.8,65.7,0.0,-0.09999999999999432,2,WARM_HUMID
17.3,58.1,-0.5,3.1000000000000014,0,COLD
23.2,25.7,0.8000000000000007,-0.3000000000000007,3,HOT
25.6,76.4,0.5,2.6000000000000085,0,COLD
22.7,27.5,0.0,0.0,2,WARM_HUMID
24.5,44.9,0.5,-5.0,1,COMFORT
23.4,20.8,0.1999999999999993,-1.3999999999999986,1,COMFORT
14.0,51.8,1.5,-0.9000000000000057,0,COLD
25.4,45.4,0.0,0.6000000000000014,1,COMFORT
24.1,51.0,0.0,0.0,0,COLD
22.3,22.1,0.3000000000000007,-0.8999999999999986,1,COMFORT
20.9,44.3,-1.3000000000000007,3.8999999999999986,1,COMFORT
24.4,48.5,0.0,0.0,2,WARM_HUMID
24.1,33.3,-0.1999999999999993,3.299999999999997,3,HOT
26.0,57.7,0.0,0.0,1,COMFORT
24.4,33.9,-1.5,-5.0,3,HOT
23.8,43.5,-0.3000000000000007,0.6000000000000014,1,COMFORT
26.9,50.2,0.09999999999999787,0.6000000000000014,2,WARM_HUMID
21.5,45.1,0.8999999999999986,-1.1000000000000014,0,COLD
22.3,70.6,-0.09999999999999787,-1.5,1,COMFORT
21.9,53.7,-0.20000000000000284,4.900000000000006,2,WARM_HUMID
23.2,19.1,-0.9000000000000021,-3.3999999999999986,2,WARM_HUMID
22.7,30.3,0.3999999999999986,2.3000000000000007,2,WARM_HUMID
24.6,46.8,0.10000000000000142,-1.8000000000000043,1,COMFORT
23.3,50.6,-1.0,3.5,1,COMFORT
24.9,65.1,0.29999999999999716,-0.8000000000000114,2,WARM_HUMID
27.7,46.0,0.0,0.0,1,COMFORT
26.6,65.4,-0.3999999999999986,-0.5,0,COLD
20.0,22.3,-1.5,-5.0,0,COLD
24.1,48.3,-0.7999999999999972,0.3999999999999986,0,COLD
24.7,47.5,-0.6000000000000014,2.5,1,COMFORT
23.8,51.6,0.5,3.8000000000000043,1,COMFORT
23.0,54.0,0.1999999999999993,5.0,1,COMFORT
20.0,27.2,0.1999999999999993,1.5,0,COLD
23.6,72.4,1.0,5.0,0,COLD
26.2,47.2,0.3999999999999986,3.200000000000003,1,COMFORT
24.9,59.5,0.0,0.0,3,HOT
23.2,50.0,0.3000000000000007,-1.0,0,COLD
26.8,35.3,-0.3000000000000007,-1.2000000000000028,3,HOT
21.2,60.7,0.1999999999999993,-1.0999999999999943,0,COLD
20.9,44.3,0.6999999999999993,0.6999999999999957,2,WARM_HUMID
25.4,60.0,0.0,2.0,0,COLD
23.1,25.6,1.0,1.2000000000000028,3,HOT
26.0,59.0,-1.1000000000000014,-1.0,2,WARM_HUMID
24.0,36.9,0.8999999999999986,-5.0,2,WARM_HUMID
22.2,44.2,-1.5,5.0,3,HOT
22.5,41.4,0.1999999999999993,-1.6000000000000014,1,COMFORT
26.8,71.3,-1.5,5.0,2,WARM_HUMID
24.2,43.7,-0.40000000000000213,0.4000000000000057,0,COLD
21.4,53.2,0.0,0.0,0,COLD
22.8,42.4,0.0,-2.8999999999999986,1,COMFORT
25.9,61.2,1.5,0.7000000000000028,2,WARM_HUMID
29.3,58.8,0.6999999999999993,-3.3000000000000043,2,WARM_HUMID
23.4,42.6,-0.3000000000000007,0.8000000000000043,3,HOT
21.2,34.6,-0.9000000000000021,5.0,0,COLD
20.5,47.4,-0.3000000000000007,1.8999999999999986,2,WARM_HUMID
27.6,45.0,0.0,0.0,1,COMFORT
22.2,41.7,0.1999999999999993,3.5,2,WARM_HUMID
29.8,48.0,0.0,0.0,2,WARM_HUMID
31.6,52.5,0.20000000000000284,2.700000000000003,1,COMFORT
21.1,44.3,-0.6999999999999993,3.8999999999999986,1,COMFORT
29.0,78.1,-1.5,5.0,1,COMFORT
24.1,24.7,1.5,-1.5,1,COMFORT
23.8,41.9,0.3000000000000007,-0.6000000000000014,2,WARM_HUMID
36.0,69.0,0.0,0.0,3,HOT
23.2,50.0,0.09999999999999787,-0.20000000000000284,1,COMFORT
25.6,43.0,0.0,0.0,0,COLD
28.7,55.4,0.0,0.0,1,COMFORT
26.2,31.5,1.5,-1.2999999999999972,1,COMFORT
23.8,23.0,1.1000000000000014,2.1000000000000014,1,COMFORT
25.1,50.0,0.0,0.0,1,COMFORT
25.8,35.0,0.0,0.0,1,COMFORT
28.9,78.4,-0.3000000000000007,0.9000000000000057,3,HOT
23.7,62.9,-1.1999999999999993,-5.0,0,COLD
21.9,62.8,0.1999999999999993,0.09999999999999432,1,COMFORT
19.7,56.2,0.0,0.0,2,WARM_HUMID
24.1,68.8,0.0,-0.20000000000000284,3,HOT
21.5,37.4,0.1999999999999993,0.3999999999999986,0,COLD
26.3,31.1,0.6000000000000014,-0.09999999999999787,1,COMFORT
22.1,29.6,0.40000000000000213,0.0,2,WARM_HUMID
28.3,74.2,1.0,-0.09999999999999432,3,HOT
28.0,64.0,0.0,-3.0,1,COMFORT
23.6,31.8,0.0,-0.49999999999999645,1,COMFORT
28.3,31.0,0.0,0.0,0,COLD
22.0,58.5,0.0,0.0,0,COLD
22.6,30.9,-1.5,0.6999999999999993,0,COLD
26.1,14.2,1.1000000000000014,0.0,0,COLD
32.6,35.0,1.3000000000000007,5.0,0,COLD
23.8,50.6,-0.3000000000000007,4.0,0,COLD
20.7,27.8,-0.6000000000000014,1.6000000000000014,2,WARM_HUMID
25.3,50.1,0.0,0.0,2,WARM_HUMID
29.2,62.1,1.5,5.0,1,COMFORT
30.2,74.2,-0.3000000000000007,0.7000000000000028,1,COMFORT
23.6,59.3,-0.09999999999999787,-1.6000000000000014,1,COMFORT
24.6,45.8,1.5,5.0,1,COMFORT
22.5,43.6,0.1999999999999993,1.8000000000000043,3,HOT
23.9,67.8,0.7999999999999972,5.0,1,COMFORT
21.1,44.4,-0.5,3.6999999999999957,1,COMFORT
23.8,68.0,0.0,0.0,2,WARM_HUMID
26.9,59.0,0.0,-4.0,0,COLD
32.0,43.4,0.0,0.0,0,COLD
39.5,42.4,1.5,-0.10000000000000142,1,COMFORT
19.4,52.7,-0.20000000000000284,-3.0,0,COLD
19.4,43.1,-0.40000000000000213,0.7000000000000028,2,WARM_HUMID
26.2,74.4,-0.3000000000000007,0.0,0,COLD
30.7,67.0,-0.6000000000000014,5.0,1,COMFORT
22.3,59.7,-0.3000000000000007,-5.0,0,COLD
28.7,67.1,0.0,0.0,0,COLD
27.2,57.5,0.0,0.0,1,COMFORT
26.4,66.4,0.0,0.0,1,COMFORT
24.8,27.5,1.5,0.1999999999999993,3,HOT
28.1,77.9,-0.1999999999999993,-0.09999999999999432,1,COMFORT
21.0,31.2,-0.6999999999999993,1.5999999999999979,0,COLD
24.3,25.7,1.5,-3.400000000000002,3,HOT
24.8,58.2,0.8000000000000007,-3.3999999999999986,1,COMFORT
28.9,38.0,0.0,0.0,2,WARM_HUMID
23.2,29.6,0.0,0.0,3,HOT
18.8,53.2,-1.5,5.0,0,COLD
28.1,40.0,0.8000000000000007,-5.0,3,HOT
25.6,63.1,-0.29999999999999716,1.7000000000000028,1,COMFORT
24.2,62.5,0.8999999999999986,3.0,2,WARM_HUMID
24.6,26.8,0.7000000000000028,-1.3000000000000007,2,WARM_HUMID
25.6,53.1,1.1000000000000014,-2.5,3,HOT
25.1,37.4,-1.5,-0.30000000000000426,1,COMFORT
20.7,40.2,0.6999999999999993,0.4000000000000057,0,COLD
17.2,62.8,-1.4000000000000021,5.0,0,COLD
27.9,55.7,1.5,-4.0,3,HOT
22.8,67.4,0.3000000000000007,4.700000000000003,1,COMFORT
20.3,41.9,0.0,1.2999999999999972,1,COMFORT
22.4,64.0,-0.40000000000000213,-0.7999999999999972,1,COMFORT
12.8,44.2,-0.5999999999999996,-1.5999999999999943,0,COLD
25.2,38.4,1.5,2.299999999999997,3,HOT
23.0,23.1,0.3999999999999986,-5.0,2,WARM_HUMID
24.0,25.1,-1.3000000000000007,-0.8999999999999986,1,COMFORT
21.9,30.8,0.29999999999999716,1.6000000000000014,0,COLD
23.0,31.3,0.3999999999999986,5.0,3,HOT
24.5,53.0,-0.8000000000000007,5.0,1,COMFORT
22.5,31.4,1.1000000000000014,3.299999999999997,1,COMFORT
19.3,72.5,0.40000000000000213,5.0,0,COLD
29.9,22.2,-0.20000000000000284,-2.1999999999999993,1,COMFORT
23.7,54.3,0.3999999999999986,5.0,2,WARM_HUMID
23.9,83.2,0.6999999999999993,2.5,1,COMFORT
22.7,32.1,-0.1999999999999993,1.1000000000000014,1,COMFORT
23.9,37.8,-0.10000000000000142,0.0,1,COMFORT
24.0,25.2,1.0,-4.699999999999999,3,HOT
24.6,76.4,-1.1999999999999993,5.0,1,COMFORT
23.8,29.3,0.10000000000000142,5.0,0,COLD
26.1,66.8,0.10000000000000142,-0.5,1,COMFORT
24.5,45.1,-0.6000000000000014,-3.299999999999997,2,WARM_HUMID
19.6,43.0,-0.1999999999999993,-5.0,0,COLD
21.6,18.8,-1.5,1.8000000000000007,0,COLD
25.1,19.3,0.0,0.0,1,COMFORT
13.4,50.3,-0.5999999999999996,-1.0,0,COLD
27.3,40.9,0.5,0.29999999999999716,1,COMFORT
23.1,32.7,0.5,5.0,1,COMFORT
20.9,46.1,-0.20000000000000284,0.5,1,COMFORT
25.3,48.9,-0.1999999999999993,-3.200000000000003,2,WARM_HUMID
25.2,40.3,1.5,-5.0,1,COMFORT
23.5,31.4,0.0,0.0,3,HOT
20.4,57.6,0.0,0.0,2,WARM_HUMID
10.2,25.8,-0.7000000000000011,-0.8000000000000007,0,COLD
22.5,49.6,0.0,0.0,3,HOT
18.9,52.0,0.5999999999999979,2.6000000000000014,0,COLD
17.2,36.7,-0.3000000000000007,-0.5,0,COLD
26.0,62.0,1.5,0.0,1,COMFORT
24.5,65.8,-0.3000000000000007,0.8999999999999915,1,COMFORT
20.4,25.7,-0.6000000000000014,-0.9000000000000021,1,COMFORT
22.6,29.0,1.5,-1.1000000000000014,3,HOT
26.1,71.5,0.20000000000000284,-0.4000000000000057,0,COLD
24.4,34.9,0.5,-2.200000000000003,1,COMFORT
22.3,28.7,-1.0999999999999979,1.5999999999999979,0,COLD
24.6,47.2,-0.7999999999999972,1.1000000000000014,2,WARM_HUMID
29.2,29.3,-0.8000000000000007,-0.8000000000000007,2,WARM_HUMID
21.3,33.2,0.5,3.8000000000000043,2,WARM_HUMID
19.7,30.8,-1.5,-5.0,1,COMFORT
24.5,57.2,0.5,-1.1999999999999957,2,WARM_HUMID
19.8,39.9,-0.5,2.1999999999999957,0,COLD
27.4,59.2,0.0,0.0,3,HOT
24.7,62.4,1.1999999999999993,5.0,1,COMFORT
23.4,39.5,-0.10000000000000142,0.20000000000000284,2,WARM_HUMID
21.1,45.4,0.20000000000000284,-0.7000000000000028,1,COMFORT
28.2,52.2,0.09999999999999787,-0.5999999999999943,1,COMFORT
23.6,33.7,-0.8999999999999986,1.8000000000000043,1,COMFORT
29.6,34.4,1.5,5.0,2,WARM_HUMID
23.2,36.2,-0.40000000000000213,5.0,0,COLD
25.6,39.2,-1.5,5.0,1,COMFORT
21.4,53.2,0.0,0.0,3,HOT
27.4,56.0,1.5,3.299999999999997,2,WARM_HUMID
25.7,52.1,-1.5,5.0,2,WARM_HUMID
24.8,62.0,-1.0999999999999979,3.0,3,HOT
22.0,30.8,0.6999999999999993,4.600000000000001,2,WARM_HUMID
18.8,58.0,0.10000000000000142,5.0,1,COMFORT
25.2,43.9,1.3999999999999986,2.0,1,COMFORT
22.8,49.8,-1.5,0.29999999999999716,1,COMFORT
26.6,47.3,0.0,-0.6000000000000014,1,COMFORT
24.0,28.9,0.3999999999999986,2.6999999999999993,3,HOT
24.1,44.3,-0.09999999999999787,2.0,2,WARM_HUMID
25.8,68.7,-0.3999999999999986,2.700000000000003,2,WARM_HUMID
23.6,38.5,0.5,-4.700000000000003,1,COMFORT
36.0,36.8,1.5,1.0,1,COMFORT
25.6,76.8,-0.3999999999999986,-4.0,0,COLD
25.1,51.0,0.0,0.0,3,HOT
25.8,65.7,-0.09999999999999787,0.5,1,COMFORT
27.7,47.0,0.0,0.0,3,HOT
23.6,25.4,-0.5,0.6999999999999993,1,COMFORT
21.7,54.2,-1.5,5.0,2,WARM_HUMID
25.1,46.7,-0.8999999999999986,5.0,0,COLD
31.9,66.5,1.5,-5.0,3,HOT
23.2,20.7,1.1999999999999993,5.0,1,COMFORT
22.2,79.7,-0.10000000000000142,0.7999999999999972,1,COMFORT
29.3,64.0,0.3000000000000007,0.0,2,WARM_HUMID
19.5,58.8,0.5,-1.8000000000000043,0,COLD
21.5,33.4,0.3999999999999986,-5.0,1,COMFORT
26.4,43.0,-1.5,5.0,0,COLD
23.2,10.7,1.1999999999999993,-4.800000000000001,1,COMFORT
26.4,60.0,0.0,0.0,1,COMFORT
24.7,43.0,-0.10000000000000142,1.2000000000000028,2,WARM_HUMID
22.3,76.0,0.1999999999999993,5.0,0,COLD
26.3,66.6,-0.09999999999999787,-0.7000000000000028,1,COMFORT
22.5,44.7,0.3999999999999986,-1.0999999999999943,0,COLD
31.3,65.6,1.4000000000000021,-4.400000000000006,3,HOT
25.1,59.4,0.0,-2.8999999999999986,1,COMFORT
20.5,40.7,1.3000000000000007,-0.5,0,COLD
23.2,10.7,0.0,0.0,1,COMFORT
25.3,51.0,0.9000000000000021,-2.0,1,COMFORT
24.7,59.7,0.0,0.0,0,COLD
15.1,22.3,-1.0999999999999996,-5.0,1,COMFORT
21.1,59.4,0.0,0.0,0,COLD
25.0,48.6,0.5,-4.299999999999997,1,COMFORT
27.0,36.0,0.0,0.0,2,WARM_HUMID
19.6,43.0,-0.1999999999999993,-5.0,1,COMFORT
23.9,67.0,-0.20000000000000284,1.0,0,COLD
28.7,51.3,0.0,-5.0,3,HOT
23.0,46.3,0.6000000000000014,-0.9000000000000057,1,COMFORT
31.2,58.2,0.0,-1.0,2,WARM_HUMID
22.7,28.0,0.1999999999999993,-1.1000000000000014,0,COLD
23.3,70.2,1.0,-1.2999999999999972,0,COLD
24.7,47.0,0.5999999999999979,-1.0,2,WARM_HUMID
24.3,46.5,0.1999999999999993,-0.10000000000000142,1,COMFORT
28.0,23.6,-0.5,3.400000000000002,0,COLD
24.8,73.2,0.0,0.0,1,COMFORT
23.2,66.3,-0.3000000000000007,0.09999999999999432,1,COMFORT
23.9,68.4,1.5,5.0,1,COMFORT
26.6,32.0,0.0,0.0,3,HOT
23.6,40.2,1.5,-2.6999999999999957,1,COMFORT
22.3,27.4,1.0,-1.5,1,COMFORT
23.8,27.1,0.3000000000000007,0.10000000000000142,1,COMFORT
24.6,59.6,-0.5999999999999979,3.700000000000003,1,COMFORT
31.1,50.4,0.5,-3.700000000000003,2,WARM_HUMID
15.2,24.3,-1.5,-4.0,2,WARM_HUMID
22.0,54.7,0.0,0.0,3,HOT
23.8,37.4,-0.1999999999999993,5.0,1,COMFORT
22.9,42.6,-1.0,-0.8999999999999986,0,COLD
24.3,58.7,0.0,0.0,1,COMFORT
19.2,24.3,-0.8000000000000007,1.5,1,COMFORT
20.8,28.0,1.4000000000000021,0.1999999999999993,0,COLD
18.0,56.0,0.0,0.0,1,COMFORT
25.2,40.0,0.0,0.0,0,COLD
30.1,71.0,1.5,-5.0,1,COMFORT
32.5,66.9,0.0,-0.09999999999999432,2,WARM_HUMID
21.6,66.5,0.20000000000000284,-2.9000000000000057,1,COMFORT
28.5,51.1,0.0,-0.29999999999999716,3,HOT
27.6,61.6,0.40000000000000213,0.30000000000000426,2,WARM_HUMID
26.1,46.0,0.0,0.0,0,COLD
23.8,60.8,-0.09999999999999787,-1.9000000000000057,0,COLD
23.8,29.1,1.5,-4.100000000000001,3,HOT
28.9,76.8,-0.20000000000000284,1.7999999999999972,1,COMFORT
27.3,47.5,0.0,1.1000000000000014,1,COMFORT
23.6,54.2,1.5,-5.0,1,COMFORT
23.8,54.9,-1.5,-5.0,1,COMFORT
27.9,80.0,-1.5,5.0,3,HOT
31.2,26.5,0.0,0.0,3,HOT
23.5,37.5,0.6000000000000014,-0.7999999999999972,0,COLD
24.0,59.0,-0.10000000000000142,5.0,3,HOT
25.2,47.5,1.1999999999999993,-2.700000000000003,2,WARM_HUMID
22.9,29.1,-0.7000000000000028,2.700000000000003,2,WARM_HUMID
22.0,25.9,0.0,1.1999999999999993,1,COMFORT
25.8,66.2,0.0,0.0,3,HOT
22.3,48.1,0.1999999999999993,0.10000000000000142,2,WARM_HUMID
25.0,61.0,0.0,0.0,0,COLD
22.6,31.1,0.20000000000000284,1.6000000000000014,1,COMFORT
25.0,39.0,0.0,0.0,2,WARM_HUMID
30.1,60.9,0.10000000000000142,0.6999999999999957,2,WARM_HUMID
22.7,20.6,0.5,-2.3999999999999986,1,COMFORT
28.5,51.4,-0.1999999999999993,0.19999999999999574,3,HOT
23.5,30.4,-0.5,-0.9000000000000021,1,COMFORT
32.1,66.1,1.5,-5.0,3,HOT
22.3,41.0,0.8000000000000007,-1.0,0,COLD
22.0,39.4,0.3000000000000007,-1.3999999999999986,1,COMFORT
26.6,40.1,0.0,0.0,2,WARM_HUMID
24.2,62.0,-0.5,-0.7999999999999972,1,COMFORT
23.2,50.0,1.0,-2.799999999999997,1,COMFORT
25.1,65.6,0.0,0.0,0,COLD
22.0,44.5,1.0,-5.0,1,COMFORT
30.0,30.1,-0.5,-0.5999999999999979,3,HOT
27.5,69.5,0.10000000000000142,3.0,1,COMFORT
28.0,10.9,0.5,-5.0,2,WARM_HUMID
24.7,56.2,0.0,0.0,1,COMFORT
21.5,59.8,0.0,0.0,3,HOT
27.0,64.0,0.0,0.0,0,COLD
20.4,51.1,0.0,0.0,0,COLD
21.0,56.3,0.3000000000000007,-0.6000000000000014,1,COMFORT
25.0,53.0,0.0,0.0,0,COLD
25.3,31.7,0.10000000000000142,-0.1999999999999993,2,WARM_HUMID
21.7,26.9,0.8999999999999986,-5.0,0,COLD
24.7,65.6,-0.10000000000000142,0.29999999999999716,1,COMFORT
23.4,27.6,0.1999999999999993,0.20000000000000284,1,COMFORT
24.8,58.5,-0.3000000000000007,1.1000000000000014,2,WARM_HUMID
24.3,71.6,0.1999999999999993,0.29999999999999716,1,COMFORT
24.5,51.7,0.6999999999999993,-1.2999999999999972,3,HOT
23.2,34.0,0.0,0.0,1,COMFORT
28.3,42.3,1.5,-5.0,0,COLD
23.6,32.5,0.10000000000000142,0.8000000000000007,1,COMFORT
34.6,38.6,-0.19999999999999574,2.8999999999999986,2,WARM_HUMID
29.8,38.0,0.0,0.0,1,COMFORT
22.8,20.5,-0.1999999999999993,1.1000000000000014,2,WARM_HUMID
23.6,48.0,1.5,5.0,1,COMFORT
23.2,58.7,-0.40000000000000213,3.4000000000000057,1,COMFORT
19.8,54.6,0.0,-1.8999999999999986,1,COMFORT
26.1,50.0,-1.0999999999999979,1.5,1,COMFORT
24.9,41.2,-1.5,1.8000000000000043,2,WARM_HUMID
23.9,51.9,0.0,-0.6000000000000014,1,COMFORT
22.8,35.0,-1.5,-5.0,3,HOT
24.6,58.0,0.0,0.0,2,WARM_HUMID
22.9,59.4,0.1999999999999993,-2.6000000000000014,1,COMFORT
25.8,64.0,0.0,0.0,1,COMFORT
22.0,38.6,1.5,-3.6999999999999957,1,COMFORT
23.0,24.2,1.0,1.8000000000000007,3,HOT
19.7,43.8,-1.5,-1.2000000000000028,0,COLD
24.8,54.2,0.1999999999999993,-1.5999999999999943,1,COMFORT
21.3,41.8,0.0,0.0,0,COLD
31.2,36.0,-0.9000000000000021,0.0,1,COMFORT
25.5,35.3,-1.5,5.0,1,COMFORT
21.8,24.0,0.0,-1.3000000000000007,1,COMFORT
24.4,54.4,-0.20000000000000284,3.3999999999999986,3,HOT
21.1,37.4,0.8000000000000007,5.0,0,COLD
28.8,41.0,0.0,0.0,0,COLD
21.7,45.4,0.3999999999999986,0.10000000000000142,1,COMFORT
24.6,58.0,0.0,0.0,1,COMFORT
21.7,32.0,-0.9000000000000021,-2.799999999999997,2,WARM_HUMID
28.1,38.0,1.5,-5.0,3,HOT
28.6,66.0,0.0,0.0,0,COLD
23.0,29.0,-0.8000000000000007,3.1999999999999993,0,COLD
21.6,46.7,-0.6999999999999993,-0.5,1,COMFORT
26.1,37.8,-0.09999999999999787,0.09999999999999432,1,COMFORT
20.6,37.5,-1.5,5.0,1,COMFORT
23.5,47.7,-0.1999999999999993,0.9000000000000057,0,COLD
33.6,48.0,0.30000000000000426,5.0,3,HOT
30.1,80.0,-0.1999999999999993,0.0,3,HOT
25.9,66.7,0.0,0.0,1,COMFORT
28.7,51.3,0.0,-5.0,3,HOT
23.3,26.6,-0.1999999999999993,1.5,2,WARM_HUMID
39.0,87.0,1.5,5.0,3,HOT
23.6,45.3,1.5,1.3999999999999986,3,HOT
28.7,63.0,0.8000000000000007,-5.0,3,HOT
22.4,50.3,0.29999999999999716,-1.1000000000000014,2,WARM_HUMID
26.8,50.0,0.0,0.0,1,COMFORT
24.2,28.0,1.5,-5.0,3,HOT
22.0,34.5,-0.3999999999999986,4.699999999999999,0,COLD
26.7,53.0,-0.40000000000000213,1.0,2,WARM_HUMID
20.1,47.4,1.5,4.0,1,COMFORT
23.0,32.4,0.3999999999999986,0.0,0,COLD
24.3,55.7,0.6000000000000014,2.200000000000003,2,WARM_HUMID
27.1,30.0,1.5,-5.0,3,HOT
12.2,68.5,-0.6000000000000014,1.2000000000000028,0,COLD
25.4,25.8,-0.6000000000000014,2.1000000000000014,3,HOT
26.3,57.0,-0.09999999999999787,0.0,2,WARM_HUMID
22.9,32.9,0.1999999999999993,0.0,1,COMFORT
23.2,62.2,0.0,0.0,3,HOT
29.5,42.0,1.5,-5.0,1,COMFORT
23.7,38.6,-0.10000000000000142,0.8000000000000043,1,COMFORT
22.1,29.4,-1.5,5.0,1,COMFORT
24.9,53.1,0.0,0.0,1,COMFORT
31.2,68.1,0.0,0.0,2,WARM_HUMID
21.0,35.0,-0.6999999999999993,5.0,1,COMFORT
22.9,32.7,0.09999999999999787,1.9000000000000021,3,HOT
27.2,44.0,0.0,0.0,3,HOT
23.2,36.6,0.8999999999999986,-5.0,2,WARM_HUMID
27.0,43.4,1.5,1.7999999999999972,3,HOT
22.9,21.8,0.1999999999999993,-2.8000000000000007,1,COMFORT
19.6,43.0,-0.1999999999999993,-5.0,3,HOT
26.7,40.0,1.5,-3.0,1,COMFORT
31.8,34.5,0.5,4.5,1,COMFORT
16.6,68.0,-1.5,5.0,0,COLD
20.9,39.0,0.6999999999999993,-2.1000000000000014,1,COMFORT
29.1,76.5,-0.5999999999999979,0.7000000000000028,0,COLD
26.6,45.0,0.0,0.0,1,COMFORT
25.4,54.0,0.0,0.0,0,COLD
20.3,48.3,-1.5,-0.5,0,COLD
30.0,78.0,0.0,5.0,2,WARM_HUMID
26.0,44.2,0.1999999999999993,-0.3999999999999986,1,COMFORT
27.9,36.2,0.6999999999999993,0.0,1,COMFORT
28.1,39.0,0.0,0.0,2,WARM_HUMID
21.1,50.0,0.0,0.0,1,COMFORT
23.1,49.9,0.0,0.0,3,HOT
31.0,47.0,0.0,0.0,0,COLD
25.0,67.1,0.0,0.0,1,COMFORT
23.1,55.3,1.0,-3.4000000000000057,1,COMFORT
23.3,32.0,0.10000000000000142,0.0,1,COMFORT
24.8,45.7,-0.5,-0.19999999999999574,1,COMFORT
26.7,57.1,0.8999999999999986,-2.1999999999999957,0,COLD
22.8,49.0,0.0,0.0,1,COMFORT
23.8,25.1,0.40000000000000213,-2.099999999999998,0,COLD
24.7,64.6,0.8999999999999986,5.0,1,COMFORT
24.0,64.2,0.0,-0.5999999999999943,1,COMFORT
28.8,83.6,-0.09999999999999787,-1.0,1,COMFORT
24.3,23.5,-1.3000000000000007,-1.1999999999999993,2,WARM_HUMID
22.0,67.0,-1.5,5.0,0,COLD
22.2,34.9,-0.1999999999999993,3.799999999999997,1,COMFORT
28.3,82.9,-1.5,5.0,1,COMFORT
24.9,38.9,1.5,-5.0,1,COMFORT
30.5,30.6,1.5,-5.0,3,HOT
25.3,39.4,0.6000000000000014,1.2999999999999972,2,WARM_HUMID
22.5,35.4,-0.3000000000000007,2.3999999999999986,2,WARM_HUMID
29.9,70.0,-1.5,5.0,1,COMFORT
24.4,45.6,1.0,4.800000000000004,2,WARM_HUMID
29.5,26.2,0.1999999999999993,-5.0,2,WARM_HUMID
21.5,32.7,-1.0,4.900000000000002,2,WARM_HUMID
36.0,69.0,0.0,0.0,3,HOT
21.5,20.9,-1.5,-2.900000000000002,2,WARM_HUMID
31.7,67.5,0.09999999999999787,-1.0999999999999943,1,COMFORT
26.8,41.0,0.0,0.0,0,COLD
29.7,49.0,1.5,-5.0,3,HOT
24.4,15.8,0.0,0.0,2,WARM_HUMID
22.9,32.4,0.8999999999999986,-3.0,2,WARM_HUMID
28.9,48.7,1.5,-5.0,2,WARM_HUMID
31.6,27.9,0.0,0.5999999999999979,0,COLD
31.7,54.0,0.0,-5.0,1,COMFORT
27.2,58.1,-0.10000000000000142,-0.10000000000000142,1,COMFORT
19.6,34.5,0.0,1.2999999999999972,3,HOT
22.9,42.1,0.29999999999999716,0.8999999999999986,1,COMFORT
25.1,57.1,0.0,4.0,2,WARM_HUMID
25.4,24.4,0.0,0.0,3,HOT
23.0,35.6,-0.6999999999999993,5.0,1,COMFORT
18.8,53.7,0.9000000000000021,-5.0,2,WARM_HUMID
31.9,67.5,0.5999999999999979,5.0,1,COMFORT
26.4,40.7,0.0,0.0,1,COMFORT
21.3,41.1,0.0,5.0,0,COLD
24.1,27.1,1.5,2.1000000000000014,1,COMFORT
23.1,28.2,-1.5,2.8999999999999986,0,COLD
28.7,80.0,0.0,-0.9000000000000057,0,COLD
23.1,46.9,1.1000000000000014,-1.8999999999999986,1,COMFORT
22.0,52.3,-0.8999999999999986,2.1999999999999957,1,COMFORT
30.5,73.6,1.5,5.0,3,HOT
21.4,41.3,-0.8000000000000007,4.0,2,WARM_HUMID
21.0,26.6,1.1000000000000014,2.3000000000000007,3,HOT
26.5,70.6,-1.1000000000000014,-5.0,1,COMFORT
21.8,51.0,0.0,0.0,1,COMFORT
31.1,67.7,-0.09999999999999787,-0.3999999999999915,1,COMFORT
16.2,51.8,0.0,2.5,0,COLD
34.0,74.0,1.0,-5.0,3,HOT
20.0,50.0,0.0,0.0,0,COLD
23.1,31.6,1.4000000000000021,4.0,2,WARM_HUMID
25.2,57.5,0.3999999999999986,-0.6000000000000014,1,COMFORT
23.5,30.7,0.0,0.0,1,COMFORT
22.7,42.0,-0.3000000000000007,-1.8999999999999986,0,COLD
24.9,59.7,-1.5,5.0,0,COLD
21.7,36.4,0.09999999999999787,-4.300000000000004,1,COMFORT
21.3,49.3,-0.5,1.5999999999999943,2,WARM_HUMID
29.5,61.1,0.10000000000000142,0.6000000000000014,1,COMFORT
25.5,75.1,0.8999999999999986,5.0,1,COMFORT
24.1,59.0,0.0,0.0,0,COLD
25.0,30.1,0.3999999999999986,0.40000000000000213,0,COLD
22.6,41.8,0.5,-2.6000000000000014,3,HOT
22.9,43.0,0.0,0.10000000000000142,2,WARM_HUMID
24.9,44.9,0.5,-1.5,2,WARM_HUMID
26.0,64.6,-0.10000000000000142,0.0,2,WARM_HUMID
25.3,70.0,1.4000000000000021,-5.0,3,HOT
23.8,44.9,1.5,-5.0,0,COLD
26.6,55.0,0.9000000000000021,-1.7999999999999972,0,COLD
29.1,35.0,-0.5,2.0,3,HOT
26.1,45.4,0.10000000000000142,-2.1000000000000014,1,COMFORT
24.5,53.9,0.10000000000000142,-1.0,3,HOT
29.0,41.0,1.5,-4.299999999999997,3,HOT
22.7,35.9,-1.5,3.1999999999999957,2,WARM_HUMID
23.6,27.3,-0.09999999999999787,4.0,0,COLD
24.8,22.3,0.10000000000000142,-2.6999999999999993,3,HOT
22.2,66.7,-0.10000000000000142,0.6000000000000085,1,COMFORT
23.4,44.9,0.1999999999999993,-5.0,1,COMFORT
24.9,48.2,0.5,-2.0,1,COMFORT
21.8,49.3,1.1999999999999993,-5.0,3,HOT
30.4,25.4,0.8999999999999986,-3.0,1,COMFORT
23.2,80.7,-0.6999999999999993,-2.5,2,WARM_HUMID
20.7,29.9,-0.3000000000000007,-4.0,0,COLD
11.0,69.0,1.0,0.0,1,COMFORT
28.5,40.2,1.5,-2.3999999999999986,3,HOT
19.6,60.0,-0.8999999999999986,-5.0,1,COMFORT
33.1,64.4,1.5,-4.599999999999994,3,HOT
23.0,37.9,0.6999999999999993,-0.6000000000000014,0,COLD
24.4,36.7,0.0,0.0,1,COMFORT
30.5,76.6,1.5,-5.0,3,HOT
20.9,31.8,0.5999999999999979,-1.4999999999999964,1,COMFORT
23.0,74.7,-0.3000000000000007,-2.799999999999997,1,COMFORT
31.0,66.9,0.8000000000000007,-5.0,0,COLD
20.0,69.6,0.0,0.0,2,WARM_HUMID
31.7,76.6,-0.5000000000000036,2.3999999999999915,1,COMFORT
29.6,71.5,-0.29999999999999716,4.799999999999997,0,COLD
27.0,57.6,0.0,-1.1000000000000014,2,WARM_HUMID
22.9,57.3,0.0,0.0,1,COMFORT
24.0,39.4,0.0,0.0,1,COMFORT
21.4,39.1,0.3999999999999986,1.7000000000000028,1,COMFORT
25.8,66.2,0.0,0.0,1,COMFORT
23.2,56.3,-0.10000000000000142,-1.5,1,COMFORT
23.4,67.2,-0.10000000000000142,1.7999999999999972,1,COMFORT
23.0,24.2,-1.1000000000000014,-2.6000000000000014,2,WARM_HUMID
26.5,48.4,1.5,-5.0,0,COLD
23.5,29.8,1.3000000000000007,5.0,1,COMFORT
17.8,67.7,1.0,5.0,1,COMFORT
30.4,25.4,0.8999999999999986,-3.0,1,COMFORT
24.3,48.8,1.1000000000000014,0.7999999999999972,1,COMFORT
24.6,42.5,-0.3999999999999986,-2.3999999999999986,0,COLD
24.2,41.2,0.09999999999999787,-0.8999999999999986,2,WARM_HUMID
24.2,45.0,0.5,1.0,1,COMFORT
22.7,20.9,0.0,0.0,1,COMFORT
27.4,19.1,0.1999999999999993,-4.199999999999999,3,HOT
12.2,59.2,-0.6000000000000014,0.0,0,COLD
26.0,54.0,0.0,0.0,3,HOT
22.5,43.0,0.1999999999999993,0.10000000000000142,2,WARM_HUMID
20.4,51.1,0.0,0.0,0,COLD
21.4,46.2,-1.5,4.800000000000004,2,WARM_HUMID
28.1,31.0,0.0,0.0,0,COLD
27.0,54.1,0.3000000000000007,-0.3999999999999986,1,COMFORT
23.5,48.6,0.3999999999999986,0.20000000000000284,1,COMFORT
28.3,14.6,-1.5,-5.0,0,COLD
25.3,50.5,0.1999999999999993,-1.3999999999999986,1,COMFORT
23.9,27.0,1.5,-5.0,1,COMFORT
25.0,53.0,1.5,5.0,2,WARM_HUMID
25.9,55.0,-1.0,5.0,2,WARM_HUMID
27.3,70.2,0.0,-0.7999999999999972,1,COMFORT
23.5,58.9,-0.1999999999999993,-2.0,0,COLD
26.0,39.4,0.10000000000000142,1.5,1,COMFORT
29.6,81.8,0.0,0.0,3,HOT
21.2,36.6,-1.1000000000000014,2.0,3,HOT
24.1,62.7,0.0,0.0,1,COMFORT
21.0,40.5,1.3999999999999986,-0.10000000000000142,0,COLD
29.6,33.4,-0.1999999999999993,1.3999999999999986,0,COLD
24.6,27.6,0.6000000000000014,1.9000000000000021,1,COMFORT
24.2,24.4,0.0,-1.0,1,COMFORT
23.2,54.2,0.6999999999999993,-3.3999999999999986,0,COLD
26.0,70.0,-0.10000000000000142,-0.09999999999999432,1,COMFORT
27.5,63.1,1.5,-5.0,1,COMFORT
23.2,37.4,0.09999999999999787,0.7999999999999972,0,COLD
22.0,32.0,0.6999999999999993,-4.299999999999997,0,COLD
35.0,20.9,0.10000000000000142,0.3999999999999986,3,HOT
24.6,59.2,-1.0,5.0,1,COMFORT
24.9,74.0,-0.6000000000000014,-1.0999999999999943,1,COMFORT
22.6,28.5,0.10000000000000142,5.0,2,WARM_HUMID
20.3,68.9,0.6999999999999993,-3.5999999999999943,1,COMFORT
22.7,26.8,0.3999999999999986,-1.5,1,COMFORT
12.1,55.3,-1.5,2.5999999999999943,1,COMFORT
22.1,39.3,1.0,0.0,1,COMFORT
25.1,51.1,0.40000000000000213,-0.7999999999999972,1,COMFORT
24.8,27.0,1.5,2.8000000000000007,2,WARM_HUMID
24.9,11.6,-0.9000000000000021,0.0,1,COMFORT
24.1,55.8,-1.1999999999999993,-5.0,0,COLD
29.3,30.7,1.5,2.5,3,HOT
29.6,38.0,0.0,0.0,1,COMFORT
15.7,40.3,-1.5,-5.0,0,COLD
25.3,16.8,0.0,0.0,1,COMFORT
28.9,54.7,0.0,0.0,1,COMFORT
23.4,31.3,0.0,0.0,2,WARM_HUMID
26.3,28.6,-0.1999999999999993,1.5,2,WARM_HUMID
24.2,71.6,0.0,0.0,0,COLD
26.9,69.3,-0.3000000000000007,2.0,2,WARM_HUMID
27.5,23.8,0.1999999999999993,-5.0,1,COMFORT
24.4,70.2,-0.6000000000000014,5.0,2,WARM_HUMID
27.7,59.3,0.1999999999999993,4.0,3,HOT
23.2,28.5,-0.3000000000000007,1.3999999999999986,1,COMFORT
22.9,33.2,0.1999999999999993,1.3000000000000043,3,HOT
25.1,44.7,0.0,0.0,0,COLD
23.9,53.2,0.0,0.0,1,COMFORT
23.5,32.2,0.5,-5.0,0,COLD
17.5,68.3,0.10000000000000142,0.20000000000000284,0,COLD
28.2,16.7,1.5,-5.0,1,COMFORT
23.1,59.2,-0.5,0.9000000000000057,2,WARM_HUMID
21.9,32.3,1.5,-5.0,1,COMFORT
21.5,38.3,0.1999999999999993,-1.4000000000000057,1,COMFORT
26.2,31.2,1.5,2.1999999999999993,3,HOT
22.3,36.5,-0.8000000000000007,0.3999999999999986,0,COLD
29.4,77.5,-0.40000000000000213,1.0999999999999943,0,COLD
25.4,41.5,0.0,-0.8999999999999986,2,WARM_HUMID
21.0,39.7,-0.6999999999999993,-1.2999999999999972,1,COMFORT
33.1,40.0,-0.19999999999999574,-1.0,2,WARM_HUMID
23.1,49.7,-0.7999999999999972,5.0,1,COMFORT
21.4,27.3,0.1999999999999993,-5.0,0,COLD
24.9,44.5,1.3999999999999986,-3.1000000000000014,1,COMFORT
23.9,50.1,1.5,-5.0,1,COMFORT
34.8,43.9,-0.30000000000000426,2.1000000000000014,3,HOT
30.3,71.0,0.0,0.0,1,COMFORT
22.6,36.4,-1.3999999999999986,2.1000000000000014,0,COLD
24.1,59.0,-0.6999999999999993,0.0,1,COMFORT
31.0,40.0,1.5,-2.0,2,WARM_HUMID
25.4,32.6,-0.10000000000000142,-2.299999999999997,2,WARM_HUMID
23.1,46.5,0.0,0.0,1,COMFORT
23.1,60.6,1.5,-3.6999999999999957,1,COMFORT
26.5,48.4,1.5,-5.0,0,COLD
29.6,81.8,1.1000000000000014,2.5999999999999943,3,HOT
23.3,44.7,-0.3000000000000007,-2.8999999999999986,1,COMFORT
26.7,65.0,-0.6000000000000014,2.0,1,COMFORT
27.1,53.0,1.5,5.0,0,COLD
12.6,68.0,0.9000000000000004,-2.0,0,COLD
27.2,50.0,0.09999999999999787,-2.1000000000000014,0,COLD
21.7,35.9,0.1999999999999993,-1.3999999999999986,2,WARM_HUMID
27.4,46.3,0.0,0.0,1,COMFORT
23.2,40.0,0.5,-5.0,1,COMFORT
28.8,63.5,0.10000000000000142,-5.0,1,COMFORT
27.6,47.0,0.0,0.0,3,HOT
18.6,69.0,0.0,0.0,1,COMFORT
23.9,43.1,0.09999999999999787,-0.29999999999999716,3,HOT
17.7,37.0,1.5,-5.0,0,COLD
26.8,63.8,0.0,0.0,1,COMFORT
24.0,60.5,0.8999999999999986,-4.900000000000006,3,HOT
20.8,74.2,0.0,0.0,1,COMFORT
23.6,63.4,0.9000000000000021,-3.6000000000000014,2,WARM_HUMID
22.5,22.6,0.0,4.100000000000001,1,COMFORT
24.6,42.2,-0.5999999999999979,0.10000000000000142,1,COMFORT
29.8,73.7,1.1999999999999993,-2.5,3,HOT
27.1,43.5,1.5,2.0,3,HOT
23.0,30.2,-0.3000000000000007,5.0,3,HOT
23.2,24.0,1.3999999999999986,-0.1999999999999993,0,COLD
26.0,57.7,0.0,0.0,2,WARM_HUMID
21.3,41.3,-0.6999999999999993,0.7999999999999972,0,COLD
25.5,17.1,0.0,0.0,1,COMFORT
28.2,51.0,0.0,0.0,1,COMFORT
26.1,53.4,0.0,0.0,1,COMFORT
25.8,46.5,1.1000000000000014,0.6000000000000014,3,HOT
22.5,35.9,-0.3000000000000007,-0.10000000000000142,2,WARM_HUMID
22.3,79.5,0.0,-0.09999999999999432,1,COMFORT
22.5,78.9,-1.0,3.700000000000003,1,COMFORT
22.5,44.8,-0.5,0.19999999999999574,0,COLD
23.8,48.0,0.9000000000000021,-2.1000000000000014,1,COMFORT
24.3,62.5,0.10000000000000142,-1.1000000000000014,0,COLD
28.9,44.0,0.29999999999999716,0.0,0,COLD
32.2,70.4,0.0,0.30000000000001137,3,HOT
25.4,31.3,-0.10000000000000142,-0.5,1,COMFORT
24.2,23.2,0.3000000000000007,2.099999999999998,2,WARM_HUMID
23.4,34.1,-0.6000000000000014,-1.8999999999999986,3,HOT
22.0,27.9,-1.5,5.0,1,COMFORT
25.3,58.8,0.40000000000000213,0.5,2,WARM_HUMID
27.8,72.2,0.5,-1.5999999999999943,1,COMFORT
23.3,37.0,0.40000000000000213,3.799999999999997,1,COMFORT
30.6,75.5,0.0,0.0,1,COMFORT
25.5,17.2,-0.1999999999999993,-5.0,0,COLD
26.1,68.3,0.0,-1.6000000000000085,1,COMFORT
25.9,33.5,-1.5,1.5,3,HOT
28.3,54.0,0.0,0.0,0,COLD
23.7,29.6,0.09999999999999787,-2.0,0,COLD
18.6,68.8,0.0,0.0,1,COMFORT
26.4,66.4,0.0,0.0,1,COMFORT
24.1,24.3,0.40000000000000213,0.6999999999999993,0,COLD
24.0,76.3,-1.5,0.7999999999999972,0,COLD
21.5,55.2,-0.5,-0.09999999999999432,1,COMFORT
24.9,17.8,0.29999999999999716,-5.0,1,COMFORT
22.7,53.4,1.3999999999999986,-4.100000000000001,3,HOT
22.9,58.7,-0.10000000000000142,-1.1999999999999957,1,COMFORT
22.7,20.9,0.6999999999999993,-3.400000000000002,0,COLD
27.4,56.0,0.0,0.0,1,COMFORT
23.0,17.4,0.6999999999999993,-5.0,2,WARM_HUMID
24.4,35.8,-0.40000000000000213,-5.0,1,COMFORT
30.9,63.9,0.1999999999999993,0.10000000000000142,2,WARM_HUMID
31.4,58.8,0.6999999999999993,-3.9000000000000057,2,WARM_HUMID
28.7,62.3,0.0,0.0,3,HOT
15.3,53.0,-1.0999999999999979,4.0,0,COLD
22.5,42.4,-0.3000000000000007,-2.8999999999999986,2,WARM_HUMID
17.6,59.8,-1.5,-5.0,0,COLD
22.9,39.5,-0.3000000000000007,-0.3999999999999986,1,COMFORT
22.6,54.2,0.9000000000000021,-2.799999999999997,3,HOT
21.0,38.7,1.1000000000000014,0.10000000000000142,1,COMFORT
28.6,46.1,0.20000000000000284,-1.5,1,COMFORT
25.2,48.2,-0.10000000000000142,-0.6999999999999957,1,COMFORT
31.4,70.1,0.0,0.5999999999999943,2,WARM_HUMID
27.2,54.0,-0.3000000000000007,2.8999999999999986,2,WARM_HUMID
29.0,55.0,0.0,0.0,1,COMFORT
21.4,41.3,-0.8000000000000007,-0.5,1,COMFORT
21.2,40.2,1.5,-5.0,0,COLD
22.7,27.4,-0.10000000000000142,2.799999999999997,3,HOT
29.4,29.0,0.0,0.0,3,HOT
17.8,33.1,-1.5,-2.799999999999997,0,COLD
30.8,55.0,0.0,2.0,1,COMFORT
21.6,47.5,0.0,0.0,3,HOT
21.2,37.8,0.0,0.8999999999999986,1,COMFORT
23.1,41.8,-1.3999999999999986,5.0,2,WARM_HUMID
24.1,48.7,-1.5,5.0,1,COMFORT
20.4,65.2,1.0,0.6000000000000085,1,COMFORT
21.5,46.1,-0.8999999999999986,1.3999999999999986,1,COMFORT
24.5,41.7,-0.3000000000000007,3.4000000000000057,2,WARM_HUMID
31.1,73.4,-0.1999999999999993,1.8000000000000114,3,HOT
36.4,40.0,0.7999999999999972,-2.6000000000000014,3,HOT
24.3,45.0,-1.5,-1.0,0,COLD
23.0,27.9,0.3999999999999986,0.5999999999999979,0,COLD
22.5,36.9,-1.5,5.0,2,WARM_HUMID
31.2,73.0,-0.1999999999999993,-1.4000000000000057,0,COLD
22.3,40.1,0.6000000000000014,-1.6000000000000014,1,COMFORT
29.0,72.5,-0.5,-0.5,3,HOT
17.5,51.4,0.10000000000000142,-1.0,0,COLD
22.1,44.9,-0.5,1.8999999999999986,0,COLD
26.4,47.3,1.2999999999999972,-4.5,1,COMFORT
16.5,61.0,0.0,0.0,1,COMFORT
26.2,24.1,-0.6999999999999993,2.0,1,COMFORT
30.2,10.3,1.5,-1.8999999999999986,2,WARM_HUMID
23.3,16.9,1.0,-1.6000000000000014,0,COLD
21.1,30.9,-0.6999999999999993,2.8999999999999986,0,COLD
22.2,64.7,0.09999999999999787,-0.5999999999999943,1,COMFORT
21.8,32.2,-0.6999999999999993,0.0,2,WARM_HUMID
22.9,55.2,0.8999999999999986,-1.5,1,COMFORT
22.4,40.9,0.3999999999999986,-0.8999999999999986,3,HOT
22.8,20.5,0.6999999999999993,-5.0,2,WARM_HUMID
22.9,26.3,-0.6000000000000014,2.6000000000000014,3,HOT
27.6,23.3,1.5,-5.0,3,HOT
23.0,55.0,0.0,0.0,2,WARM_HUMID
23.9,32.7,1.0999999999999979,-5.0,1,COMFORT
23.4,30.5,-0.3000000000000007,0.0,1,COMFORT
22.4,29.5,-0.10000000000000142,-0.10000000000000142,3,HOT
26.3,53.4,-1.5,5.0,1,COMFORT
23.7,54.9,0.0,3.6000000000000014,1,COMFORT
21.6,44.7,-1.3999999999999986,2.200000000000003,1,COMFORT
21.2,39.6,-1.5,5.0,0,COLD
18.8,40.6,-1.0,0.6000000000000014,1,COMFORT
18.8,65.7,-1.5,5.0,0,COLD
31.1,28.9,0.10000000000000142,1.1999999999999993,2,WARM_HUMID
22.0,39.3,0.8999999999999986,-5.0,2,WARM_HUMID
23.8,56.6,0.0,0.0,1,COMFORT
22.7,26.8,-0.5,-1.8000000000000007,1,COMFORT
21.4,29.2,-0.20000000000000284,-5.0,0,COLD
25.2,43.0,0.0,0.0,1,COMFORT
23.4,52.2,-1.5,5.0,2,WARM_HUMID
27.2,33.8,0.3999999999999986,-5.0,3,HOT
23.6,34.5,0.9000000000000021,-5.0,1,COMFORT
23.4,27.3,0.7999999999999972,5.0,1,COMFORT
21.9,25.0,0.3999999999999986,-4.600000000000001,0,COLD
24.9,47.0,0.0,0.0,0,COLD
27.0,54.0,0.3000000000000007,5.0,0,COLD
24.6,45.3,0.20000000000000284,3.5999999999999943,1,COMFORT
13.0,66.0,-1.5,-4.0,0,COLD
22.9,28.3,0.5999999999999979,-4.300000000000001,3,HOT
24.9,58.2,-0.40000000000000213,0.30000000000000426,3,HOT
22.8,19.5,-0.3000000000000007,2.0,1,COMFORT
23.3,42.1,-0.8000000000000007,1.8000000000000043,0,COLD
22.3,10.5,0.0,-5.0,0,COLD
23.5,51.3,0.0,-0.4000000000000057,1,COMFORT
21.4,51.7,-1.5,5.0,1,COMFORT
22.5,32.3,-0.1999999999999993,3.1999999999999957,1,COMFORT
26.6,46.4,0.10000000000000142,-4.0,1,COMFORT
30.5,58.0,0.3000000000000007,0.0,2,WARM_HUMID
23.2,54.2,-0.3000000000000007,5.0,1,COMFORT
24.0,20.6,1.3000000000000007,-0.5999999999999979,2,WARM_HUMID
31.1,38.7,0.0,0.0,2,WARM_HUMID
26.4,89.3,0.0,0.0,0,COLD
35.8,38.4,-0.10000000000000142,-0.3999999999999986,0,COLD
22.8,45.3,0.3000000000000007,-5.0,2,WARM_HUMID
28.3,63.2,-1.3000000000000007,-4.700000000000003,3,HOT
22.7,40.6,1.3000000000000007,-0.6999999999999957,1,COMFORT
26.5,43.0,0.5,-1.0,1,COMFORT
23.2,37.9,-0.40000000000000213,-0.7000000000000028,1,COMFORT
24.6,47.4,-0.09999999999999787,-4.700000000000003,0,COLD
24.5,39.3,-1.5,3.3999999999999986,2,WARM_HUMID
22.8,63.6,0.5,-1.999999999999993,1,COMFORT
22.5,50.9,-0.5,-0.7000000000000028,1,COMFORT
27.1,46.5,-1.0999999999999979,0.7999999999999972,0,COLD
21.0,30.1,0.0,-1.7999999999999972,1,COMFORT
22.4,58.3,-0.10000000000000142,0.0,0,COLD
29.3,68.9,0.5,-5.0,3,HOT
22.7,41.5,0.09999999999999787,-0.7999999999999972,2,WARM_HUMID
22.8,49.0,0.0,0.10000000000000142,1,COMFORT
22.9,34.0,-0.40000000000000213,5.0,0,COLD
31.1,69.2,0.0,0.0,3,HOT
22.1,52.3,-1.5,5.0,0,COLD
31.0,41.3,1.5,1.1999999999999957,3,HOT
22.3,47.0,0.0,0.0,1,COMFORT
22.1,42.3,1.0,-4.600000000000001,1,COMFORT
23.2,34.0,0.0,0.7999999999999972,0,COLD
24.2,48.6,1.3999999999999986,-5.0,3,HOT
21.9,74.8,0.0,0.0,2,WARM_HUMID
22.7,39.4,-0.8000000000000007,2.5,0,COLD
21.9,21.9,0.0,-0.10000000000000142,1,COMFORT
23.9,26.9,0.6999999999999993,3.0,1,COMFORT
24.6,27.0,1.0,1.6000000000000014,1,COMFORT
21.7,29.9,0.0,0.1999999999999993,0,COLD
23.3,67.0,0.0,1.7000000000000028,0,COLD
22.5,29.9,0.0,5.0,1,COMFORT
23.1,22.4,0.6000000000000014,0.0,0,COLD
22.9,30.0,0.7999999999999972,0.8999999999999986,0,COLD
31.0,73.0,0.1999999999999993,0.20000000000000284,3,HOT
22.6,42.2,0.10000000000000142,0.0,1,COMFORT
26.2,41.0,0.0,0.0,0,COLD
25.4,51.9,0.3999999999999986,-1.1000000000000014,1,COMFORT
22.5,47.0,0.6999999999999993,-1.0,1,COMFORT
29.7,75.8,0.3999999999999986,-2.799999999999997,2,WARM_HUMID
19.9,53.3,-0.40000000000000213,2.1999999999999957,1,COMFORT
29.0,59.0,0.0,-0.20000000000000284,0,COLD
29.7,45.4,-1.3000000000000007,-1.6000000000000014,2,WARM_HUMID
23.0,51.0,0.0,0.0,1,COMFORT
24.9,46.0,0.0,0.0,2,WARM_HUMID
29.0,54.0,-1.5,1.0,2,WARM_HUMID
17.4,58.8,0.09999999999999787,0.0,1,COMFORT
24.1,43.2,0.20000000000000284,-3.299999999999997,1,COMFORT
23.5,62.0,0.3999999999999986,5.0,2,WARM_HUMID
19.2,47.0,-1.3000000000000007,2.0,1,COMFORT
23.0,35.5,0.3999999999999986,0.20000000000000284,0,COLD
25.4,56.3,0.6999999999999993,-3.6000000000000014,2,WARM_HUMID
25.9,46.7,0.3999999999999986,0.4000000000000057,3,HOT
24.5,71.4,0.5,-2.0,1,COMFORT
23.1,43.9,0.9000000000000021,1.7999999999999972,0,COLD
30.5,38.9,-1.5,-0.3999999999999986,2,WARM_HUMID
32.4,27.0,1.5,4.699999999999999,2,WARM_HUMID
24.6,45.0,0.10000000000000142,-4.0,1,COMFORT
26.8,81.2,1.0,1.0,1,COMFORT
26.5,66.2,0.3000000000000007,-1.2000000000000028,1,COMFORT
23.6,50.4,0.0,3.799999999999997,3,HOT
11.0,40.0,-1.5,0.0,0,COLD
20.9,39.6,-0.40000000000000213,3.200000000000003,1,COMFORT
22.7,33.3,0.3999999999999986,1.8999999999999986,2,WARM_HUMID
27.3,33.0,1.3000000000000007,-0.8999999999999986,0,COLD
28.1,46.0,-0.09999999999999787,2.0,1,COMFORT
22.6,61.0,-1.0999999999999979,0.0,1,COMFORT
21.7,46.1,1.0999999999999979,-4.600000000000001,0,COLD
23.2,37.7,-0.40000000000000213,1.1000000000000014,1,COMFORT
29.0,51.3,1.5,-5.0,3,HOT
22.7,33.2,-0.6000000000000014,-5.0,1,COMFORT
21.9,61.1,0.0,0.0,0,COLD
18.7,44.0,-0.9000000000000021,1.0,1,COMFORT
22.8,17.6,-1.5,-5.0,0,COLD
24.2,69.1,0.09999999999999787,-0.6000000000000085,0,COLD
25.1,37.6,0.9000000000000021,-1.6999999999999957,3,HOT
22.9,23.0,-0.3000000000000007,-4.300000000000001,0,COLD
21.6,55.8,0.0,0.0,3,HOT
25.9,37.0,0.0,0.0,0,COLD
28.2,35.0,0.0,0.0,1,COMFORT
20.8,49.3,-1.5,5.0,1,COMFORT
27.0,69.0,0.0,0.0,1,COMFORT
30.4,32.0,0.0,0.0,2,WARM_HUMID
26.0,49.1,0.8999999999999986,-0.29999999999999716,0,COLD
22.2,23.1,0.3000000000000007,1.5,0,COLD
28.9,55.0,0.0,0.0,3,HOT
22.3,32.8,0.3000000000000007,-3.6000000000000014,0,COLD
22.8,66.0,0.0,0.0,1,COMFORT
26.0,35.4,0.8999999999999986,-2.8999999999999986,1,COMFORT
23.3,52.4,-0.1999999999999993,5.0,0,COLD
22.7,27.3,0.3000000000000007,-1.1999999999999993,3,HOT
20.7,48.7,-1.5,-3.299999999999997,0,COLD
23.1,57.0,-0.29999999999999716,1.0,1,COMFORT
24.3,47.0,0.5,0.0,0,COLD
23.9,55.6,1.1999999999999993,0.0,2,WARM_HUMID
19.1,42.4,0.10000000000000142,-5.0,1,COMFORT
26.2,34.5,-1.1999999999999993,1.2999999999999972,3,HOT
28.7,71.3,-1.5,-5.0,3,HOT
24.9,32.3,1.5,-5.0,2,WARM_HUMID
24.0,22.4,1.5,0.0,1,COMFORT
20.3,48.3,-1.5,-5.0,0,COLD
26.7,59.0,0.0,0.0,3,HOT
20.5,30.6,-1.5,5.0,1,COMFORT
27.7,86.0,0.8999999999999986,2.5,2,WARM_HUMID
28.7,59.7,-1.5,5.0,2,WARM_HUMID
21.7,45.3,0.0,0.0,1,COMFORT
25.9,36.4,0.7999999999999972,-2.0,2,WARM_HUMID
30.8,65.7,0.0,0.0,2,WARM_HUMID
29.0,55.0,0.0,0.0,2,WARM_HUMID
26.4,36.4,1.5,5.0,3,HOT
22.9,29.3,0.1999999999999993,-1.0,1,COMFORT
12.8,64.8,0.0,0.7999999999999972,0,COLD
24.2,39.7,-0.6999999999999993,-2.799999999999997,1,COMFORT
24.0,24.0,0.1999999999999993,0.6999999999999993,1,COMFORT
24.0,12.9,-1.5,0.7000000000000011,1,COMFORT
20.7,25.5,-1.5,-5.0,1,COMFORT
26.6,65.0,-0.6999999999999993,-3.0,2,WARM_HUMID
27.9,79.3,-1.2000000000000028,3.0,1,COMFORT
26.2,56.0,0.0,0.0,1,COMFORT
31.2,69.3,0.09999999999999787,-1.7000000000000028,3,HOT
24.5,43.2,1.5,-5.0,0,COLD
24.1,22.6,0.6000000000000014,0.9000000000000021,2,WARM_HUMID
24.0,28.0,1.5,-5.0,3,HOT
21.1,49.0,-1.5,4.700000000000003,0,COLD
20.6,30.5,0.40000000000000213,0.0,1,COMFORT
27.7,47.0,0.0,0.0,0,COLD
25.4,52.0,0.0,0.0,1,COMFORT
28.4,75.3,0.0,0.0,2,WARM_HUMID
24.4,56.3,0.1999999999999993,-0.6000000000000014,1,COMFORT
26.0,34.0,1.5,-3.799999999999997,3,HOT
25.4,51.8,0.3999999999999986,0.19999999999999574,1,COMFORT
18.8,38.1,1.5,0.20000000000000284,0,COLD
24.3,59.6,0.6000000000000014,-3.299999999999997,0,COLD
16.5,33.0,0.0,0.0,0,COLD
23.9,29.6,0.7999999999999972,1.5,1,COMFORT
20.3,49.3,-1.5,5.0,1,COMFORT
19.1,38.8,0.0,0.09999999999999432,0,COLD
22.8,58.0,0.0,0.0,3,HOT
27.1,52.1,0.10000000000000142,-2.0,2,WARM_HUMID
22.3,13.5,1.5,-5.0,1,COMFORT
24.2,53.8,-0.1999999999999993,-3.3000000000000043,1,COMFORT
16.7,69.0,-1.5,5.0,0,COLD
28.0,39.8,1.5,-1.4000000000000057,3,HOT
25.7,38.1,-0.6000000000000014,4.399999999999999,3,HOT
37.6,18.8,1.5,3.1000000000000014,1,COMFORT
22.0,42.0,-1.5,-0.7000000000000028,1,COMFORT
32.5,67.6,0.3999999999999986,-3.3000000000000114,2,WARM_HUMID
27.4,71.2,0.5,1.9000000000000057,1,COMFORT
27.2,43.0,0.0,0.0,0,COLD
23.1,58.8,1.3000000000000007,5.0,1,COMFORT
28.6,58.1,-0.7999999999999972,5.0,0,COLD
31.5,37.8,0.5,-2.200000000000003,2,WARM_HUMID
32.3,74.3,1.5,-1.0,3,HOT
22.3,32.6,0.0,1.5,1,COMFORT
26.3,38.0,-1.5,5.0,0,COLD
23.8,51.6,1.3000000000000007,-0.6000000000000014,2,WARM_HUMID
21.5,80.0,1.3999999999999986,4.0,1,COMFORT
16.7,22.2,0.0,0.3000000000000007,0,COLD
18.5,21.3,1.5,-2.0,0,COLD
22.2,74.7,-0.1999999999999993,-0.7999999999999972,1,COMFORT
24.7,40.8,-0.3000000000000007,-0.10000000000000142,1,COMFORT
19.6,43.3,-1.5,5.0,0,COLD
29.8,67.6,-1.5,4.3999999999999915,0,COLD
23.2,27.4,0.09999999999999787,2.6999999999999993,0,COLD
24.1,38.0,-1.5,-5.0,0,COLD
26.1,39.0,0.0,0.0,3,HOT
25.7,59.5,0.0,0.0,1,COMFORT
24.3,45.0,0.10000000000000142,0.0,1,COMFORT
11.6,61.8,0.0,-0.5,0,COLD
25.5,59.2,0.0,0.0,2,WARM_HUMID
26.4,65.9,-0.8000000000000007,2.1000000000000085,2,WARM_HUMID
24.1,21.5,0.6000000000000014,-5.0,1,COMFORT
25.9,58.0,-0.6000000000000014,2.0,0,COLD
28.7,55.0,0.0,0.0,1,COMFORT
23.0,20.0,1.0,-5.0,1,COMFORT
27.0,41.3,-0.1999999999999993,-0.9000000000000057,1,COMFORT
29.8,32.5,0.5,0.20000000000000284,1,COMFORT
24.2,64.3,-0.3000000000000007,1.3999999999999986,2,WARM_HUMID
29.0,77.1,0.1999999999999993,-0.6000000000000085,1,COMFORT
21.0,50.2,-0.3999999999999986,-3.6999999999999957,1,COMFORT
20.7,71.6,0.0,0.0,0,COLD
22.6,11.5,-1.0999999999999979,-0.9000000000000004,1,COMFORT
24.0,27.0,-1.1999999999999993,2.0,1,COMFORT
31.7,43.0,0.0,0.0,3,HOT
23.0,50.3,1.5,-5.0,2,WARM_HUMID
24.5,55.6,1.1000000000000014,5.0,0,COLD
22.8,56.8,-0.8000000000000007,2.1999999999999957,0,COLD
14.0,47.3,0.0,-1.0,0,COLD
24.3,65.2,-0.3999999999999986,5.0,0,COLD
22.5,38.2,0.3999999999999986,-0.8999999999999986,1,COMFORT
23.7,49.6,0.5,5.0,1,COMFORT
29.8,61.9,0.0,-5.0,1,COMFORT
22.8,54.3,0.10000000000000142,0.7999999999999972,0,COLD
23.1,29.4,0.20000000000000284,3.599999999999998,1,COMFORT
14.6,45.3,0.0,-0.5,0,COLD
20.5,56.9,-0.1999999999999993,1.8999999999999986,1,COMFORT
22.1,29.1,-0.5,-2.3999999999999986,1,COMFORT
23.4,27.0,1.3999999999999986,-5.0,1,COMFORT
23.6,39.6,-1.5,0.0,1,COMFORT
23.9,53.4,1.0,-4.0,1,COMFORT
22.1,57.0,0.20000000000000284,0.3999999999999986,1,COMFORT
16.2,74.5,0.0,0.0,0,COLD
28.3,29.2,1.1000000000000014,-1.6000000000000014,2,WARM_HUMID
24.4,27.0,1.5,-5.0,1,COMFORT
24.6,44.0,0.0,0.0,0,COLD
24.4,38.7,0.3999999999999986,-1.1999999999999957,3,HOT
31.7,41.0,1.5,0.7999999999999972,1,COMFORT
29.2,76.4,0.0,4.400000000000006,0,COLD
24.4,56.0,-1.1000000000000014,-1.6000000000000014,1,COMFORT
31.1,25.4,-0.8999999999999986,-1.2000000000000028,1,COMFORT
27.6,48.0,0.0,0.0,3,HOT
30.6,20.8,-1.1999999999999993,0.10000000000000142,2,WARM_HUMID
22.3,48.1,0.40000000000000213,-1.0,1,COMFORT
21.9,48.3,0.5999999999999979,-2.3000000000000043,1,COMFORT
31.4,76.6,-0.8000000000000043,0.5999999999999943,0,COLD
33.5,41.0,-0.3999999999999986,-5.0,3,HOT
21.6,43.9,-1.5,5.0,0,COLD
28.0,54.4,0.3000000000000007,0.5,3,HOT
24.8,34.5,1.0,-1.6000000000000014,1,COMFORT
31.5,31.7,0.10000000000000142,-5.0,1,COMFORT
24.3,41.0,0.40000000000000213,-1.0,1,COMFORT
25.6,27.3,1.5,-2.3999999999999986,3,HOT
30.5,68.1,-1.5,2.5999999999999943,3,HOT
21.3,31.7,-0.3999999999999986,-5.0,2,WARM_HUMID
22.7,40.6,-1.0,-5.0,0,COLD
25.2,48.3,0.8999999999999986,-5.0,3,HOT
22.7,24.6,-0.3000000000000007,2.6000000000000014,3,HOT
24.3,41.0,1.4000000000000021,4.700000000000003,3,HOT
26.1,57.7,0.10000000000000142,-0.09999999999999432,2,WARM_HUMID
21.6,27.2,-1.5,5.0,0,COLD
20.3,40.6,0.9000000000000021,-4.199999999999996,1,COMFORT
22.7,38.2,1.5,-5.0,0,COLD
18.6,68.5,0.3000000000000007,-0.7000000000000028,1,COMFORT
22.4,41.8,0.1999999999999993,0.5,3,HOT
24.4,48.5,-1.5,4.399999999999999,0,COLD
26.0,54.5,1.3000000000000007,-3.8999999999999986,3,HOT
23.7,57.4,-0.5,0.6000000000000014,0,COLD
23.8,58.0,-1.5,-3.3999999999999986,0,COLD
22.8,49.0,0.0,0.0,2,WARM_HUMID
29.6,21.5,0.10000000000000142,2.3000000000000007,1,COMFORT
24.1,50.7,-0.7999999999999972,5.0,3,HOT
26.7,75.9,0.0,0.0,2,WARM_HUMID
22.6,44.1,1.4000000000000021,-3.1000000000000014,1,COMFORT
21.4,20.2,-0.3000000000000007,-5.0,0,COLD
25.4,53.9,-0.3000000000000007,0.29999999999999716,1,COMFORT
23.1,67.6,0.10000000000000142,-0.10000000000000853,0,COLD
23.6,19.0,0.0,0.0,1,COMFORT
13.5,37.8,-1.5,5.0,0,COLD
25.2,46.0,0.0,0.0,1,COMFORT
27.4,45.0,0.0,0.0,3,HOT
20.6,43.3,-0.6999999999999993,5.0,1,COMFORT
21.7,47.0,0.0,0.0,0,COLD
22.6,35.9,-0.3999999999999986,3.1999999999999957,2,WARM_HUMID
21.7,59.9,-0.5,1.3999999999999986,2,WARM_HUMID
21.3,34.3,0.0,1.0,0,COLD
24.3,59.6,0.6000000000000014,-3.299999999999997,0,COLD
22.3,48.8,-0.5999999999999979,0.29999999999999716,0,COLD
19.0,42.3,0.0,0.0,0,COLD
19.8,56.0,0.0,0.0,0,COLD
23.8,43.5,0.0,0.0,0,COLD
20.2,27.5,1.0999999999999979,-1.1999999999999993,2,WARM_HUMID
21.4,55.7,-1.5,-5.0,1,COMFORT
24.7,43.3,0.0,-0.5,0,COLD
27.2,52.0,0.0,0.0,2,WARM_HUMID
24.8,50.8,-1.5,0.19999999999999574,1,COMFORT
23.8,27.0,0.40000000000000213,0.10000000000000142,1,COMFORT
26.1,61.0,0.40000000000000213,2.0,2,WARM_HUMID
31.2,67.0,0.1999999999999993,0.0,3,HOT
25.7,59.5,0.0,0.0,1,COMFORT
22.5,29.1,0.10000000000000142,0.5,1,COMFORT
35.9,11.8,1.5,-5.0,3,HOT
32.4,69.1,0.0,0.0,1,COMFORT
21.3,55.6,-0.8999999999999986,5.0,1,COMFORT
25.0,42.5,0.0,1.2000000000000028,2,WARM_HUMID
21.1,29.7,-1.2999999999999972,-1.3000000000000007,0,COLD
23.9,38.1,0.0,0.20000000000000284,1,COMFORT
23.0,58.9,-0.8000000000000007,0.5,1,COMFORT
21.1,56.4,0.0,0.0,2,WARM_HUMID
25.1,65.6,0.0,0.0,2,WARM_HUMID
27.1,64.1,0.10000000000000142,0.19999999999999574,0,COLD
26.9,38.3,1.0,5.0,2,WARM_HUMID
23.1,35.3,-0.09999999999999787,5.0,2,WARM_HUMID
23.9,53.2,0.0,0.0,1,COMFORT
22.5,29.7,-0.3999999999999986,2.3999999999999986,0,COLD
25.2,61.8,-0.1999999999999993,-0.20000000000000284,0,COLD
26.1,41.8,0.7000000000000028,-1.8000000000000043,1,COMFORT
21.3,44.8,-0.5,1.8999999999999986,1,COMFORT
23.6,38.6,0.20000000000000284,-0.6999999999999957,1,COMFORT
25.5,38.3,-0.5,-0.6000000000000014,3,HOT
27.3,46.0,0.9000000000000021,-5.0,1,COMFORT
32.6,36.0,-1.5,-3.0,1,COMFORT
25.3,40.9,-1.5,-5.0,3,HOT
27.6,55.0,-1.5,5.0,1,COMFORT
26.5,54.5,1.5,-3.1000000000000014,1,COMFORT
21.0,49.0,0.6999999999999993,-2.0,0,COLD
23.0,21.8,0.6999999999999993,-1.0999999999999979,0,COLD
30.4,46.0,-0.20000000000000284,-1.7000000000000028,1,COMFORT
24.1,57.3,0.0,0.5999999999999943,1,COMFORT
26.0,54.0,0.0,0.0,1,COMFORT
27.8,58.3,-0.3999999999999986,1.3999999999999986,1,COMFORT
19.5,57.7,0.0,0.0,3,HOT
17.0,38.5,-0.10000000000000142,-0.20000000000000284,1,COMFORT
22.7,71.0,-0.5,-3.200000000000003,0,COLD
25.2,53.0,0.0,0.0,0,COLD
20.3,39.8,-1.5,5.0,1,COMFORT
27.2,67.3,0.09999999999999787,2.5,1,COMFORT
25.4,34.0,0.0,0.0,1,COMFORT
24.4,50.3,0.29999999999999716,-3.1000000000000014,2,WARM_HUMID
27.9,37.0,0.6999999999999993,0.0,3,HOT
22.5,28.1,-0.10000000000000142,-5.0,1,COMFORT
18.5,63.0,0.0,0.0,0,COLD
23.3,59.5,-0.1999999999999993,0.6000000000000014,2,WARM_HUMID
21.2,70.8,0.0,0.0,0,COLD
29.5,74.9,0.10000000000000142,1.2000000000000028,2,WARM_HUMID
29.6,32.5,0.3000000000000007,5.0,2,WARM_HUMID
28.5,58.3,0.10000000000000142,0.3999999999999986,1,COMFORT
22.0,49.5,-0.1999999999999993,1.1000000000000014,2,WARM_HUMID
24.2,68.0,0.09999999999999787,-0.7999999999999972,3,HOT
18.5,63.0,0.0,0.0,1,COMFORT
27.1,36.2,0.5,0.0,3,HOT
29.5,56.0,0.0,0.0,1,COMFORT
25.0,55.0,0.0,0.0,0,COLD
22.2,48.4,0.0,5.0,2,WARM_HUMID
25.9,48.2,-1.5,5.0,1,COMFORT
30.2,66.9,0.0,0.0,2,WARM_HUMID
26.5,45.7,0.0,0.0,3,HOT
26.8,59.2,-1.5,-4.299999999999997,2,WARM_HUMID
24.9,25.7,1.2999999999999972,-2.8000000000000007,3,HOT
20.1,40.9,0.40000000000000213,-3.0,1,COMFORT
26.4,49.0,-0.20000000000000284,-0.29999999999999716,1,COMFORT
24.1,22.0,0.0,-3.0,1,COMFORT
26.6,37.0,0.0,0.0,1,COMFORT
24.7,60.3,0.3999999999999986,-0.4000000000000057,1,COMFORT
25.1,62.3,0.7000000000000028,-3.299999999999997,0,COLD
23.8,41.8,-0.6999999999999993,-1.3000000000000043,1,COMFORT
34.0,42.0,-0.10000000000000142,-1.0,2,WARM_HUMID
22.1,45.2,-1.2999999999999972,2.3000000000000043,1,COMFORT
27.2,50.0,0.09999999999999787,-2.1000000000000014,1,COMFORT
18.3,29.4,-1.5,5.0,0,COLD
24.3,57.0,-1.5,5.0,2,WARM_HUMID
22.9,71.9,0.5,0.9000000000000057,0,COLD
31.7,23.0,0.3999999999999986,-1.1999999999999993,2,WARM_HUMID
22.2,73.1,-0.40000000000000213,3.8999999999999915,1,COMFORT
22.7,42.1,-0.10000000000000142,0.30000000000000426,3,HOT
20.8,43.2,1.5,-3.5999999999999943,1,COMFORT
23.6,27.9,0.10000000000000142,1.2999999999999972,2,WARM_HUMID
26.8,44.6,0.10000000000000142,0.6000000000000014,1,COMFORT
29.2,67.2,-0.8000000000000007,-1.5,1,COMFORT
26.1,71.2,0.0,-0.29999999999999716,1,COMFORT
20.8,74.4,-1.5,5.0,1,COMFORT
27.9,49.5,0.0,0.0,1,COMFORT
30.2,36.0,0.0,0.0,0,COLD
22.5,34.0,1.3000000000000007,-0.20000000000000284,2,WARM_HUMID
22.9,34.0,1.2999999999999972,3.3000000000000007,2,WARM_HUMID
23.0,29.2,0.8999999999999986,-1.6000000000000014,1,COMFORT
20.3,43.8,1.5,-4.100000000000001,1,COMFORT
27.5,57.0,0.0,0.0,1,COMFORT
23.8,52.0,0.5,-1.6000000000000014,1,COMFORT
22.2,37.1,-0.1999999999999993,-0.29999999999999716,3,HOT
23.5,39.3,-0.1999999999999993,-5.0,0,COLD
14.9,38.4,0.9000000000000004,4.600000000000001,0,COLD
18.6,32.1,-1.2999999999999972,3.700000000000003,1,COMFORT
20.5,43.6,0.1999999999999993,0.6000000000000014,3,HOT
29.6,63.6,0.10000000000000142,0.0,1,COMFORT
18.8,36.0,0.0,0.0,1,COMFORT
30.7,73.0,0.09999999999999787,2.5,2,WARM_HUMID
22.1,48.2,0.8000000000000007,-2.1999999999999957,3,HOT
33.1,65.4,-0.6000000000000014,-2.799999999999997,2,WARM_HUMID
30.3,31.2,0.10000000000000142,-0.1999999999999993,2,WARM_HUMID
27.3,46.0,0.0,0.0,1,COMFORT
21.6,35.5,0.3000000000000007,-1.2999999999999972,2,WARM_HUMID
22.3,38.0,0.0,3.1000000000000014,0,COLD
25.7,40.4,-0.1999999999999993,0.3999999999999986,2,WARM_HUMID
25.4,72.1,0.5,-2.3000000000000114,1,COMFORT
27.8,66.0,-0.5,-5.0,1,COMFORT
23.7,66.2,-0.1999999999999993,0.10000000000000853,1,COMFORT
21.6,45.0,-0.5999999999999979,1.7000000000000028,0,COLD
19.7,43.6,-0.40000000000000213,0.6000000000000014,2,WARM_HUMID
25.6,65.7,0.0,0.0,1,COMFORT
18.2,51.3,0.0,0.0,1,COMFORT
35.6,44.3,-0.19999999999999574,1.3999999999999986,3,HOT
24.8,51.0,-1.5,-1.0,0,COLD
23.2,30.5,-0.3000000000000007,0.0,0,COLD
22.5,27.9,0.3999999999999986,-2.3000000000000007,3,HOT
23.9,50.0,0.0,0.0,0,COLD
24.9,38.0,-0.6000000000000014,1.0,1,COMFORT
24.1,22.5,0.0,0.0,3,HOT
21.9,53.2,0.0,0.0,3,HOT
21.6,50.3,0.0,0.0,3,HOT
22.1,35.1,0.10000000000000142,-2.299999999999997,0,COLD
30.0,36.1,1.3999999999999986,-1.0,2,WARM_HUMID
24.2,50.1,0.3999999999999986,2.200000000000003,1,COMFORT
22.0,28.5,-0.3999999999999986,-2.5,3,HOT
23.6,32.2,-0.1999999999999993,-0.19999999999999574,1,COMFORT
26.6,37.6,0.8000000000000007,2.6000000000000014,3,HOT
21.6,32.0,-1.5,4.0,2,WARM_HUMID
23.6,28.7,1.2000000000000028,-4.300000000000001,0,COLD
22.6,30.5,-0.5999999999999979,0.0,0,COLD
25.4,74.8,-0.20000000000000284,-1.6000000000000085,0,COLD
20.6,34.5,-0.3999999999999986,4.699999999999999,1,COMFORT
25.1,45.5,-0.1999999999999993,-0.20000000000000284,1,COMFORT
26.9,49.6,-1.1000000000000014,3.700000000000003,1,COMFORT
23.1,53.3,1.5,5.0,2,WARM_HUMID
31.4,19.3,0.09999999999999787,-5.0,2,WARM_HUMID
12.8,70.4,0.0,-2.6999999999999886,0,COLD
26.5,53.3,1.5,5.0,3,HOT
23.8,48.0,0.0,0.0,1,COMFORT
30.0,41.2,-1.5,3.0,2,WARM_HUMID
26.8,83.5,-0.5,4.299999999999997,2,WARM_HUMID
22.9,62.2,0.0,0.0,1,COMFORT
21.8,57.4,0.0,0.0,0,COLD
23.1,38.7,0.10000000000000142,0.7000000000000028,2,WARM_HUMID
28.0,62.0,-1.5,-5.0,1,COMFORT
21.1,54.5,-1.5,5.0,0,COLD
21.1,39.0,0.3000000000000007,1.8999999999999986,1,COMFORT
26.5,16.8,0.10000000000000142,-3.599999999999998,1,COMFORT
22.5,69.7,-1.5,-5.0,0,COLD
18.5,61.1,0.1999999999999993,0.0,0,COLD
22.3,58.7,-0.09999999999999787,-0.5,1,COMFORT
22.0,23.0,0.0,0.3999999999999986,1,COMFORT
22.8,62.0,0.0,0.0,1,COMFORT
29.6,53.7,0.0,0.0,1,COMFORT
26.6,67.2,-1.0,-5.0,2,WARM_HUMID
26.2,62.3,-1.5,-2.0,3,HOT
22.4,49.8,1.3999999999999986,-3.5,3,HOT
22.7,36.2,-1.5,-4.099999999999994,1,COMFORT
24.5,27.0,0.3999999999999986,-0.6999999999999993,1,COMFORT
21.8,30.0,0.1999999999999993,0.8000000000000007,2,WARM_HUMID
23.3,66.5,0.40000000000000213,-0.20000000000000284,1,COMFORT
22.0,44.0,1.5,-5.0,0,COLD
22.5,34.7,-0.8999999999999986,2.200000000000003,1,COMFORT
23.6,60.4,0.0,0.0,2,WARM_HUMID
23.3,55.3,0.6999999999999993,-5.0,2,WARM_HUMID
25.3,16.8,0.0,0.0,0,COLD
27.6,21.2,-1.0999999999999979,-3.1999999999999993,1,COMFORT
20.6,24.3,-0.6999999999999993,1.5,1,COMFORT
25.6,52.6,0.9000000000000021,-0.8999999999999986,0,COLD
22.2,33.3,0.5,0.09999999999999432,2,WARM_HUMID
27.0,54.0,0.0,0.0,1,COMFORT
26.3,51.0,0.0,0.0,1,COMFORT
24.1,59.8,0.3000000000000007,0.29999999999999716,1,COMFORT
22.9,50.2,0.3999999999999986,-0.19999999999999574,1,COMFORT
27.9,41.9,1.5,-5.0,3,HOT
25.1,47.0,0.0,0.0,1,COMFORT
22.1,29.8,0.20000000000000284,1.0,1,COMFORT
31.0,41.2,1.5,3.0,2,WARM_HUMID
22.1,48.0,0.3000000000000007,0.3999999999999986,1,COMFORT
22.9,59.0,-1.5,5.0,2,WARM_HUMID
26.1,46.0,0.0,0.0,0,COLD
22.7,19.5,-1.5,-1.1000000000000014,1,COMFORT
24.3,64.0,1.3000000000000007,-5.0,1,COMFORT
35.8,42.9,0.3999999999999986,-0.3999999999999986,3,HOT
21.6,60.5,0.0,0.0,1,COMFORT
23.1,37.0,-0.09999999999999787,0.0,1,COMFORT
27.5,44.2,0.3000000000000007,-5.0,2,WARM_HUMID
28.8,56.4,-0.5,0.6999999999999957,3,HOT
22.5,23.9,0.1999999999999993,-1.1000000000000014,1,COMFORT
25.7,57.2,0.0,0.0,0,COLD
20.3,23.3,1.5,-5.0,0,COLD
27.6,51.0,-1.5,-5.0,0,COLD
33.7,22.6,1.2000000000000028,-0.7999999999999972,2,WARM_HUMID
22.6,45.6,0.0,0.0,1,COMFORT
21.3,39.3,-0.8000000000000007,0.0,1,COMFORT
28.2,52.0,0.0,0.0,0,COLD
29.4,71.9,0.1999999999999993,-2.299999999999997,1,COMFORT
24.2,38.0,1.5,-5.0,2,WARM_HUMID
21.5,28.6,0.0,-2.799999999999997,1,COMFORT
27.9,64.2,0.1999999999999993,-0.29999999999999716,3,HOT
25.0,45.3,-1.5,5.0,1,COMFORT
12.8,55.1,-0.5999999999999996,-0.8999999999999986,0,COLD
20.3,67.1,-0.8000000000000007,2.0999999999999943,1,COMFORT
33.0,18.4,-0.8999999999999986,1.8999999999999986,2,WARM_HUMID
31.2,56.0,1.5,-5.0,2,WARM_HUMID
35.5,44.0,1.5,-4.0,1,COMFORT
26.3,44.5,-0.1999999999999993,-0.29999999999999716,2,WARM_HUMID
20.1,60.0,1.5,-5.0,1,COMFORT
24.8,64.8,-0.1999999999999993,3.3999999999999986,2,WARM_HUMID
23.4,32.8,1.5,-2.3000000000000043,1,COMFORT
21.9,30.1,-0.40000000000000213,-4.100000000000001,1,COMFORT
17.2,29.4,-0.40000000000000213,-3.3999999999999986,1,COMFORT
26.7,51.6,1.5,-5.0,0,COLD
23.0,41.8,1.5,-3.8000000000000043,0,COLD
23.1,41.5,0.0,0.0,1,COMFORT
33.3,26.0,0.7999999999999972,5.0,2,WARM_HUMID
23.4,60.1,0.09999999999999787,0.20000000000000284,0,COLD
23.4,49.1,-0.40000000000000213,3.6000000000000014,3,HOT
30.8,12.3,-0.09999999999999787,0.0,1,COMFORT
30.0,70.4,-0.10000000000000142,4.800000000000011,1,COMFORT
23.1,61.5,-0.8999999999999986,0.20000000000000284,2,WARM_HUMID
25.5,52.4,1.5,-2.1000000000000014,1,COMFORT
23.7,46.2,0.3000000000000007,0.6000000000000014,1,COMFORT
28.2,53.7,-0.40000000000000213,2.8000000000000043,3,HOT
22.3,25.7,-0.5999999999999979,-1.1000000000000014,1,COMFORT
19.0,11.9,0.3000000000000007,0.0,0,COLD
23.8,50.3,0.9000000000000021,-2.6000000000000014,1,COMFORT
21.9,74.8,0.0,0.0,1,COMFORT
23.5,28.3,0.6000000000000014,0.0,1,COMFORT
16.6,13.0,-1.0999999999999979,-1.3000000000000007,1,COMFORT
23.9,32.7,1.5,-5.0,2,WARM_HUMID
27.7,65.0,-1.5,5.0,1,COMFORT
29.7,29.8,-0.1999999999999993,-0.3000000000000007,3,HOT
27.0,63.5,0.0,-0.5999999999999943,2,WARM_HUMID
22.9,73.9,-0.7000000000000028,4.400000000000006,3,HOT
23.5,58.9,0.6000000000000014,1.7999999999999972,3,HOT
33.7,32.0,-0.5999999999999943,5.0,2,WARM_HUMID
22.7,36.0,0.0,0.0,1,COMFORT
20.5,34.1,0.0,0.0,3,HOT
22.9,64.4,1.5,5.0,0,COLD
24.4,31.9,-1.5,-5.0,1,COMFORT
24.1,62.7,0.0,0.0,1,COMFORT
25.8,66.2,0.0,0.0,1,COMFORT
26.7,49.0,0.09999999999999787,-3.799999999999997,2,WARM_HUMID
25.0,66.1,0.1999999999999993,0.5,1,COMFORT
29.5,51.9,0.3000000000000007,2.1000000000000014,1,COMFORT
24.6,48.1,0.0,0.0,1,COMFORT
30.2,31.4,0.1999999999999993,5.0,2,WARM_HUMID
23.8,40.1,0.10000000000000142,-5.0,2,WARM_HUMID
24.3,20.8,-0.1999999999999993,-0.09999999999999787,1,COMFORT
22.2,44.0,1.0999999999999979,-3.200000000000003,0,COLD
27.9,57.2,0.1999999999999993,0.30000000000000426,1,COMFORT
22.0,45.2,0.0,0.0,1,COMFORT
36.2,43.8,0.7000000000000028,-1.8000000000000043,3,HOT
20.8,32.9,0.1999999999999993,3.299999999999997,0,COLD
28.3,47.2,0.1999999999999993,-0.19999999999999574,1,COMFORT
24.9,60.9,-0.10000000000000142,-0.10000000000000142,2,WARM_HUMID
22.8,31.7,0.1999999999999993,5.0,3,HOT
23.6,55.6,0.0,0.0,0,COLD
11.5,79.0,0.5,-3.0,0,COLD
22.5,18.8,0.0,-2.0,1,COMFORT
25.9,37.4,1.5,-5.0,2,WARM_HUMID
27.6,45.9,0.0,5.0,0,COLD
29.8,61.0,0.0,0.0,1,COMFORT
24.5,57.1,0.0,-0.29999999999999716,1,COMFORT
21.0,53.4,0.0,0.0,0,COLD
21.3,45.0,0.0,1.5,0,COLD
20.6,54.1,0.10000000000000142,-0.5,1,COMFORT
23.8,37.3,0.1999999999999993,-0.10000000000000142,1,COMFORT
22.8,36.7,0.3000000000000007,1.0,1,COMFORT
25.5,40.3,-0.1999999999999993,2.1999999999999957,1,COMFORT
23.4,46.0,-0.10000000000000142,0.0,0,COLD
28.1,29.9,1.2000000000000028,-3.1000000000000014,3,HOT
18.3,23.0,-1.5,4.600000000000001,1,COMFORT
26.6,29.8,0.0,-0.5,2,WARM_HUMID
26.2,40.9,0.0,1.7999999999999972,2,WARM_HUMID
23.4,37.3,-1.5,5.0,0,COLD
26.2,58.5,0.0,0.0,0,COLD
20.2,54.2,-1.4000000000000021,5.0,1,COMFORT
23.9,26.2,0.1999999999999993,-5.0,1,COMFORT
26.1,24.2,1.5,-5.0,1,COMFORT
21.0,48.6,-0.1999999999999993,0.8000000000000043,2,WARM_HUMID
22.8,48.1,-0.3999999999999986,5.0,1,COMFORT
30.9,70.3,-0.8000000000000007,0.8999999999999915,2,WARM_HUMID
25.6,31.8,1.2000000000000028,0.0,2,WARM_HUMID
23.4,35.4,-1.0,3.1999999999999957,2,WARM_HUMID
28.1,27.7,-0.6999999999999993,0.3000000000000007,1,COMFORT
22.9,57.1,-0.6000000000000014,5.0,1,COMFORT
22.5,69.7,-1.5,-5.0,1,COMFORT
28.7,47.0,0.0,0.0,3,HOT
23.3,38.1,0.3000000000000007,-0.3999999999999986,1,COMFORT
24.3,55.5,0.0,0.0,1,COMFORT
25.8,18.7,1.5,5.0,1,COMFORT
21.6,62.0,0.0,0.0,1,COMFORT
27.9,53.6,0.1999999999999993,-0.8999999999999986,2,WARM_HUMID
33.3,54.5,0.09999999999999432,-0.29999999999999716,3,HOT
25.5,56.9,0.0,0.19999999999999574,1,COMFORT
23.7,46.2,0.3000000000000007,-3.3999999999999986,2,WARM_HUMID
24.0,29.4,0.6000000000000014,1.3999999999999986,3,HOT
25.4,41.8,-0.10000000000000142,-5.0,0,COLD
33.0,10.3,-0.29999999999999716,0.0,2,WARM_HUMID
21.4,57.8,-1.1000000000000014,5.0,1,COMFORT
22.4,54.0,0.0,0.0,2,WARM_HUMID
20.4,85.0,0.0,0.20000000000000284,1,COMFORT
19.3,37.2,-0.3000000000000007,-4.0,1,COMFORT
25.2,48.3,0.0,0.5999999999999943,1,COMFORT
31.8,56.8,0.10000000000000142,0.0,2,WARM_HUMID
26.9,46.0,-1.2000000000000028,0.0,1,COMFORT
26.0,79.8,0.3999999999999986,3.0,1,COMFORT
26.4,46.5,1.5,-0.5,1,COMFORT
21.3,26.3,-0.1999999999999993,0.5,1,COMFORT
21.3,36.4,0.3000000000000007,0.0,2,WARM_HUMID
24.0,47.8,1.5,-0.5,1,COMFORT
18.8,49.8,0.10000000000000142,0.19999999999999574,0,COLD
21.4,44.5,0.3999999999999986,-2.5,0,COLD
23.3,51.6,0.3000000000000007,-0.29999999999999716,1,COMFORT
24.1,46.7,0.0,0.0,1,COMFORT
26.3,49.3,1.5,1.5,1,COMFORT
24.9,53.1,0.0,0.0,3,HOT
24.8,41.9,-0.8000000000000007,3.8999999999999986,3,HOT
25.5,72.9,0.3000000000000007,-0.3999999999999915,2,WARM_HUMID
23.5,55.6,-0.6000000000000014,5.0,2,WARM_HUMID
24.0,76.4,-0.6000000000000014,1.6000000000000085,0,COLD
25.1,43.7,0.20000000000000284,0.20000000000000284,1,COMFORT
27.1,37.2,0.8000000000000007,-2.0999999999999943,3,HOT
25.3,40.3,1.5,-4.900000000000006,2,WARM_HUMID
23.5,30.8,0.5,2.3000000000000007,1,COMFORT
22.9,41.8,-0.40000000000000213,2.5999999999999943,1,COMFORT
23.7,56.1,0.5,-4.299999999999997,2,WARM_HUMID
26.0,49.0,1.0,5.0,1,COMFORT
30.4,42.7,0.09999999999999787,-5.0,2,WARM_HUMID
23.9,52.4,-1.4000000000000021,3.5,1,COMFORT
27.0,63.1,1.5,-5.0,0,COLD
23.5,21.3,0.0,0.0,1,COMFORT
19.1,52.7,0.20000000000000284,0.5,1,COMFORT
23.5,31.0,1.5,2.8000000000000007,1,COMFORT
23.4,54.0,0.1999999999999993,0.0,1,COMFORT
31.7,21.0,0.0,1.0,3,HOT
22.3,27.3,0.0,0.1999999999999993,1,COMFORT
21.3,21.9,0.0,0.0,1,COMFORT
26.8,34.0,0.6999999999999993,0.5,2,WARM_HUMID
18.2,36.8,0.0,0.0,1,COMFORT
24.2,27.8,-0.10000000000000142,-0.8000000000000007,1,COMFORT
23.7,32.0,1.1999999999999993,1.5,2,WARM_HUMID
20.8,63.8,-0.3999999999999986,3.6999999999999957,1,COMFORT
24.5,25.5,1.0,1.8999999999999986,2,WARM_HUMID
27.6,81.2,0.5,0.5,1,COMFORT
29.3,40.0,-1.5,4.200000000000003,3,HOT
22.0,44.0,-0.8000000000000007,1.8999999999999986,0,COLD
20.7,37.5,-0.40000000000000213,2.1000000000000014,0,COLD
22.3,32.4,-0.8000000000000007,2.5,1,COMFORT
27.5,43.8,0.0,-0.30000000000000426,1,COMFORT
22.7,39.4,-0.3000000000000007,-0.7000000000000028,1,COMFORT
24.1,45.8,-0.5,-1.6000000000000014,0,COLD
12.0,54.0,1.0,-2.0,1,COMFORT
20.7,30.1,-1.5,-1.1999999999999993,3,HOT
24.7,31.8,1.5,-5.0,3,HOT
20.7,58.9,-0.8000000000000007,3.3999999999999986,1,COMFORT
23.0,22.8,-0.3999999999999986,0.0,2,WARM_HUMID
26.8,35.7,-1.0999999999999979,-1.1999999999999957,3,HOT
23.1,36.3,-0.29999999999999716,-0.10000000000000142,3,HOT
25.3,52.0,0.0,0.0,1,COMFORT
24.3,46.4,-1.5,4.299999999999997,0,COLD
27.1,42.3,0.0,0.0,1,COMFORT
34.5,46.6,0.0,2.200000000000003,3,HOT
24.5,44.9,0.0,0.0,2,WARM_HUMID
23.1,44.2,-0.3999999999999986,1.4000000000000057,0,COLD
22.2,42.1,-0.5,-0.19999999999999574,1,COMFORT
22.8,53.2,0.6000000000000014,-1.0,1,COMFORT
29.7,47.0,0.09999999999999787,1.0,3,HOT
29.7,63.1,0.09999999999999787,-0.3999999999999986,1,COMFORT
22.7,46.4,0.3000000000000007,-1.8999999999999986,3,HOT
21.9,56.3,-1.1000000000000014,3.0,0,COLD
27.8,56.8,-0.8000000000000007,2.5999999999999943,1,COMFORT
22.7,39.6,0.09999999999999787,0.0,1,COMFORT
22.1,52.4,0.0,0.0,1,COMFORT
22.0,27.9,-0.5,-2.200000000000003,2,WARM_HUMID
31.1,55.7,0.7000000000000028,-5.0,1,COMFORT
22.9,67.2,-0.10000000000000142,-0.5,0,COLD
22.7,21.0,1.3999999999999986,1.6999999999999993,1,COMFORT
23.2,59.0,0.3000000000000007,-1.1000000000000014,0,COLD
23.1,49.9,0.0,0.0,2,WARM_HUMID
23.6,19.0,1.5,-5.0,0,COLD
22.3,42.9,-0.1999999999999993,5.0,3,HOT
24.1,66.3,0.8000000000000007,5.0,0,COLD
20.9,32.0,-0.9000000000000021,-2.0,1,COMFORT
32.2,22.0,0.10000000000000142,-4.0,1,COMFORT
24.1,69.7,0.0,0.0,1,COMFORT
31.4,71.0,0.0,0.09999999999999432,3,HOT
20.2,66.0,0.0,0.0,1,COMFORT
24.8,22.3,0.1999999999999993,1.1999999999999993,2,WARM_HUMID
20.4,40.2,1.0,-4.599999999999994,0,COLD
25.8,49.2,0.9000000000000021,5.0,3,HOT
23.5,45.5,0.8000000000000007,-1.5,1,COMFORT
26.1,46.0,0.0,0.0,1,COMFORT
23.1,56.3,1.5,-5.0,1,COMFORT
29.0,49.0,0.0,0.0,0,COLD
23.4,41.3,0.1999999999999993,0.0,2,WARM_HUMID
33.3,25.4,-0.4000000000000057,5.0,1,COMFORT
23.5,47.9,0.0,-1.6000000000000014,2,WARM_HUMID
17.6,82.4,-1.5,5.0,1,COMFORT
27.7,40.3,0.3999999999999986,-5.0,2,WARM_HUMID
28.9,75.6,0.0,0.0,2,WARM_HUMID
26.6,30.9,1.5,0.7999999999999972,3,HOT
25.0,42.6,0.0,-0.10000000000000142,1,COMFORT
11.0,84.0,0.0,0.0,0,COLD
23.6,29.9,1.3000000000000007,5.0,1,COMFORT
26.5,57.0,-0.3999999999999986,5.0,1,COMFORT
27.1,57.0,0.0,0.0,3,HOT
33.8,38.8,-0.6000000000000014,-2.8000000000000043,2,WARM_HUMID
23.9,13.4,-0.9000000000000021,-0.1999999999999993,0,COLD
22.2,40.3,-1.5,5.0,0,COLD
27.1,64.1,0.10000000000000142,0.19999999999999574,2,WARM_HUMID
21.4,72.3,0.0,0.0,0,COLD
26.1,58.6,0.3000000000000007,-0.3999999999999986,1,COMFORT
23.2,62.2,0.0,0.0,3,HOT
21.7,54.6,-0.40000000000000213,1.2000000000000028,0,COLD
24.1,71.2,0.20000000000000284,5.0,2,WARM_HUMID
22.5,62.9,-0.6999999999999993,-5.0,1,COMFORT
27.9,66.0,1.5,2.799999999999997,2,WARM_HUMID
25.6,46.0,0.0,-1.0,0,COLD
24.7,70.8,0.0,0.0,1,COMFORT
24.3,42.6,0.6000000000000014,-1.2999999999999972,1,COMFORT
25.3,53.2,0.6000000000000014,-1.8999999999999986,2,WARM_HUMID
22.5,35.9,0.1999999999999993,2.799999999999997,2,WARM_HUMID
25.0,36.8,-1.5,5.0,1,COMFORT
23.5,32.2,0.8999999999999986,-0.3999999999999986,0,COLD
25.7,68.2,-1.5,5.0,0,COLD
20.8,37.5,0.1999999999999993,2.0,0,COLD
23.4,36.3,1.0999999999999979,-5.0,0,COLD
22.0,54.7,0.3999999999999986,4.400000000000006,0,COLD
22.1,27.3,1.5,-1.0999999999999979,0,COLD
21.7,22.2,-0.1999999999999993,-1.0,1,COMFORT
25.8,50.8,-0.1999999999999993,-3.3000000000000043,3,HOT
22.3,60.2,-1.5,3.3000000000000043,2,WARM_HUMID
27.0,53.0,0.1999999999999993,-1.0,1,COMFORT
22.7,22.9,0.0,0.0,2,WARM_HUMID
22.8,76.6,-0.09999999999999787,0.8999999999999915,1,COMFORT
23.4,56.4,1.1999999999999993,5.0,1,COMFORT
22.7,35.2,-0.10000000000000142,1.7000000000000028,1,COMFORT
24.1,62.7,0.0,0.0,1,COMFORT
17.8,67.0,-1.5,1.0,1,COMFORT
27.2,60.8,0.0,0.0,3,HOT
21.6,29.7,1.5,-5.0,1,COMFORT
22.2,72.6,-0.6999999999999993,4.099999999999994,1,COMFORT
30.4,71.4,0.0,0.0,2,WARM_HUMID
27.6,84.2,-1.5,5.0,2,WARM_HUMID
27.1,87.5,0.5,0.7000000000000028,2,WARM_HUMID
25.2,27.9,1.5,-5.0,1,COMFORT
22.1,40.9,0.0,0.0,2,WARM_HUMID
23.6,54.8,-0.09999999999999787,0.6999999999999957,0,COLD
21.3,31.7,-0.5,1.6999999999999993,1,COMFORT
21.4,23.4,1.0,-5.0,0,COLD
28.0,17.6,1.1999999999999993,-5.0,1,COMFORT
24.5,46.6,0.0,0.0,3,HOT
20.9,42.0,0.09999999999999787,2.0,0,COLD
23.3,42.0,-0.1999999999999993,-4.0,1,COMFORT
24.3,68.4,0.1999999999999993,-0.6999999999999886,2,WARM_HUMID
23.4,26.7,0.6999999999999993,-2.1999999999999993,2,WARM_HUMID
27.8,50.9,-0.3999999999999986,1.8999999999999986,1,COMFORT
22.8,53.9,-0.09999999999999787,0.29999999999999716,2,WARM_HUMID
20.9,55.5,-1.5,5.0,1,COMFORT
16.8,54.8,-0.09999999999999787,0.7999999999999972,0,COLD
22.0,59.2,0.0,0.0,0,COLD
23.2,29.6,-0.3000000000000007,1.3000000000000007,0,COLD
22.6,57.7,-0.6999999999999993,-5.0,2,WARM_HUMID
25.5,49.0,0.6000000000000014,0.8999999999999986,1,COMFORT
25.0,32.2,1.5,-5.0,2,WARM_HUMID
24.0,40.0,1.0,-3.1000000000000014,2,WARM_HUMID
22.3,19.7,-1.3000000000000007,2.5,0,COLD
24.0,27.9,-0.1999999999999993,-1.6000000000000014,1,COMFORT
16.0,62.0,-1.0,0.0,3,HOT
27.2,76.4,0.5999999999999979,0.7000000000000028,2,WARM_HUMID
21.2,31.7,-0.40000000000000213,0.09999999999999787,0,COLD
22.9,69.1,0.0,0.0,2,WARM_HUMID
23.2,49.0,0.0,0.0,1,COMFORT
21.7,25.9,-1.5,5.0,1,COMFORT
32.2,70.5,0.0,0.20000000000000284,3,HOT
22.9,27.4,-0.20000000000000284,-4.0,1,COMFORT
26.8,54.0,0.0,0.0,0,COLD
22.2,41.0,0.0,0.0,1,COMFORT
21.8,49.8,0.3000000000000007,5.0,0,COLD
26.0,44.0,-0.10000000000000142,0.0,0,COLD
23.4,64.0,-0.3000000000000007,1.0,1,COMFORT
21.6,25.7,-0.1999999999999993,-4.5,0,COLD
22.3,21.4,-0.3999999999999986,0.5,1,COMFORT
36.1,44.1,-0.10000000000000142,0.7000000000000028,3,HOT
28.0,48.8,0.0,0.0,1,COMFORT
22.5,39.6,1.0,-0.19999999999999574,1,COMFORT
35.8,46.1,0.09999999999999432,-0.29999999999999716,2,WARM_HUMID
27.3,38.7,-0.1999999999999993,-1.0999999999999943,1,COMFORT
25.9,61.8,0.0,0.0,3,HOT
28.1,57.3,0.3000000000000007,-2.6000000000000014,2,WARM_HUMID
28.2,36.0,0.0,0.0,3,HOT
26.5,38.6,1.5,-5.0,2,WARM_HUMID
29.4,46.1,0.0,-0.7999999999999972,1,COMFORT
26.4,62.4,0.0,3.1999999999999957,2,WARM_HUMID
23.0,37.8,-0.1999999999999993,0.3999999999999986,1,COMFORT
21.8,27.6,-0.1999999999999993,0.10000000000000142,1,COMFORT
24.3,47.9,-0.3999999999999986,1.1999999999999957,0,COLD
23.3,23.4,-0.3000000000000007,-1.1000000000000014,0,COLD
25.3,50.5,1.0,-2.700000000000003,3,HOT
35.6,38.0,0.0,0.0,3,HOT
21.0,28.2,-0.6999999999999993,-5.0,0,COLD
23.8,18.5,0.6000000000000014,0.3000000000000007,0,COLD
25.5,56.7,0.10000000000000142,-3.5999999999999943,0,COLD
21.0,80.0,0.10000000000000142,-0.7000000000000028,2,WARM_HUMID
24.0,64.0,0.0,0.0,1,COMFORT
30.8,65.7,0.0,0.0,2,WARM_HUMID
27.9,38.0,0.0,0.0,0,COLD
30.5,70.9,-0.10000000000000142,-2.299999999999997,0,COLD
28.7,75.4,0.0,0.0,2,WARM_HUMID
24.6,34.0,0.40000000000000213,1.1000000000000014,1,COMFORT
33.9,34.0,0.0,0.0,2,WARM_HUMID
26.4,31.7,1.5,-5.0,1,COMFORT
32.0,80.0,0.0,1.0,3,HOT
23.8,50.6,-1.1999999999999993,5.0,0,COLD
22.5,58.3,0.6999999999999993,-2.700000000000003,2,WARM_HUMID
21.7,60.3,0.0,0.0,0,COLD
23.8,42.1,-0.3999999999999986,-4.600000000000001,1,COMFORT
33.5,54.7,0.10000000000000142,-1.0999999999999943,3,HOT
25.7,58.3,-0.40000000000000213,-4.400000000000006,2,WARM_HUMID
27.3,63.7,-0.1999999999999993,0.30000000000000426,1,COMFORT
22.6,48.6,-0.29999999999999716,5.0,0,COLD
22.8,24.4,0.0,-5.0,0,COLD
21.9,42.7,-0.7000000000000028,3.200000000000003,0,COLD
22.1,28.7,-0.29999999999999716,-5.0,2,WARM_HUMID
23.6,25.6,0.0,-2.3999999999999986,1,COMFORT
23.1,42.9,0.7000000000000028,-1.2000000000000028,0,COLD
23.7,25.0,0.1999999999999993,-1.3000000000000007,0,COLD
24.4,43.9,-0.10000000000000142,0.0,1,COMFORT
25.8,45.0,0.0,0.0,0,COLD
21.7,27.6,0.1999999999999993,1.8000000000000007,1,COMFORT
22.7,40.0,0.0,0.0,1,COMFORT
26.7,27.0,-1.0,-2.0,1,COMFORT
22.8,11.7,-0.3999999999999986,1.0,0,COLD
24.3,48.3,1.5,-5.0,1,COMFORT
23.5,47.4,0.0,0.0,0,COLD
27.7,86.0,0.8999999999999986,2.5,1,COMFORT
22.4,54.0,0.0,0.0,3,HOT
24.3,37.7,0.9000000000000021,-3.0999999999999943,1,COMFORT
28.5,54.0,-1.0,1.0,1,COMFORT
23.6,19.0,0.0,0.0,1,COMFORT
27.3,48.0,0.0,0.0,0,COLD
22.1,79.5,0.0,-0.29999999999999716,1,COMFORT
29.1,63.8,-0.1999999999999993,-1.1000000000000085,1,COMFORT
18.3,68.5,0.0,2.4000000000000057,1,COMFORT
18.9,62.0,0.0,0.0,1,COMFORT
21.6,30.8,-1.5,5.0,2,WARM_HUMID
22.2,27.9,-0.6999999999999993,-5.0,3,HOT
27.5,36.0,1.5,-5.0,3,HOT
26.9,60.0,1.5,1.0,0,COLD
29.7,74.0,0.0,0.0,2,WARM_HUMID
19.8,34.8,0.10000000000000142,-1.9000000000000057,0,COLD
25.2,73.8,-0.10000000000000142,-0.5,0,COLD
23.0,31.7,-0.6000000000000014,0.0,2,WARM_HUMID
20.1,50.9,-1.5,-5.0,0,COLD
23.7,48.1,0.3000000000000007,-0.6000000000000014,2,WARM_HUMID
27.9,69.0,0.0,0.0,1,COMFORT
25.5,44.0,0.0,0.0,2,WARM_HUMID
19.3,28.0,0.0,0.0,1,COMFORT
22.9,44.5,0.0,0.0,0,COLD
24.9,65.6,0.09999999999999787,-1.1000000000000085,1,COMFORT
22.7,49.5,-0.1999999999999993,0.7999999999999972,1,COMFORT
26.6,41.0,0.0,0.0,3,HOT
20.8,25.1,-0.1999999999999993,-2.099999999999998,0,COLD
22.0,55.0,0.10000000000000142,-0.10000000000000142,2,WARM_HUMID
26.5,42.6,0.1999999999999993,-0.6999999999999957,1,COMFORT
22.0,27.7,-0.1999999999999993,0.09999999999999787,0,COLD
20.0,28.8,-1.5,0.1999999999999993,1,COMFORT
21.5,17.3,-0.6000000000000014,-1.1999999999999993,0,COLD
18.1,42.1,0.0,0.0,0,COLD
23.0,37.8,0.10000000000000142,-0.5,3,HOT
25.0,45.5,-0.10000000000000142,-0.10000000000000142,2,WARM_HUMID
23.7,19.6,0.5999999999999979,-3.0,0,COLD
25.6,36.8,0.6000000000000014,-5.0,1,COMFORT
29.8,74.8,0.1999999999999993,-1.4000000000000057,3,HOT
22.0,59.2,0.10000000000000142,-1.8999999999999986,2,WARM_HUMID
22.5,56.9,-0.5,5.0,1,COMFORT
23.7,35.1,-0.1999999999999993,-3.6000000000000014,1,COMFORT
37.1,45.0,1.5,-5.0,3,HOT
33.8,46.3,0.0,0.19999999999999574,1,COMFORT
22.2,39.5,0.5,4.399999999999999,0,COLD
27.6,33.0,0.6000000000000014,-3.0,1,COMFORT
25.3,42.0,0.5,0.3999999999999986,2,WARM_HUMID
24.7,63.3,0.0,0.0,0,COLD
28.9,83.4,0.1999999999999993,-0.09999999999999432,2,WARM_HUMID
30.9,25.0,0.0,0.0,2,WARM_HUMID
22.7,39.1,-1.5,0.8000000000000043,1,COMFORT
22.5,34.0,1.3000000000000007,-0.20000000000000284,2,WARM_HUMID
25.9,37.7,0.0,-0.19999999999999574,2,WARM_HUMID
24.0,32.7,-0.1999999999999993,1.6000000000000014,0,COLD
23.4,45.5,-1.5,5.0,1,COMFORT
23.4,49.6,0.09999999999999787,0.20000000000000284,1,COMFORT
22.9,23.6,1.0,-2.6999999999999993,2,WARM_HUMID
19.2,47.2,-0.6000000000000014,4.800000000000004,2,WARM_HUMID
25.2,46.8,0.0,0.09999999999999432,2,WARM_HUMID
25.3,42.6,0.10000000000000142,-2.0,2,WARM_HUMID
30.4,38.2,0.1999999999999993,2.200000000000003,1,COMFORT
21.7,42.4,-0.3000000000000007,0.19999999999999574,2,WARM_HUMID
23.6,65.7,0.0,1.5,2,WARM_HUMID
21.5,64.3,-1.5,5.0,1,COMFORT
18.8,36.8,0.0,0.0,1,COMFORT
22.3,55.8,0.5,-2.200000000000003,0,COLD
24.0,24.0,-0.1999999999999993,-0.1999999999999993,0,COLD
25.8,31.1,-1.5,4.700000000000003,3,HOT
25.4,36.7,0.1999999999999993,2.0,1,COMFORT
23.9,38.7,1.3999999999999986,5.0,1,COMFORT
19.0,44.3,-0.5,5.0,0,COLD
23.0,79.4,0.0,0.0,3,HOT
23.9,50.0,0.0,0.0,3,HOT
19.9,46.0,-0.10000000000000142,5.0,0,COLD
23.0,56.8,0.0,0.0,0,COLD
23.0,57.5,0.0,-2.5,0,COLD
25.4,40.0,1.5,-4.600000000000001,2,WARM_HUMID
32.0,47.0,0.3999999999999986,-2.0,3,HOT
23.6,69.0,0.20000000000000284,0.0,0,COLD
22.6,37.4,-0.7999999999999972,0.10000000000000142,0,COLD
21.8,31.0,0.8000000000000007,-1.2999999999999972,3,HOT
26.7,29.5,-1.5,0.5,2,WARM_HUMID
23.4,22.5,0.3999999999999986,0.0,2,WARM_HUMID
23.0,17.5,1.3000000000000007,0.3999999999999986,1,COMFORT
21.4,37.2,-0.10000000000000142,-0.7999999999999972,3,HOT
22.0,64.2,-0.3999999999999986,0.8000000000000043,0,COLD
22.5,24.8,0.5,-3.599999999999998,1,COMFORT
25.3,53.0,-0.5,3.3999999999999986,1,COMFORT
23.1,55.5,0.0,0.0,0,COLD
26.1,58.5,0.0,0.0,1,COMFORT
22.6,65.1,1.5,5.0,1,COMFORT
27.5,67.6,0.0,0.0,1,COMFORT
29.4,52.0,0.0,0.0,1,COMFORT
26.1,39.1,-0.09999999999999787,0.8999999999999986,3,HOT
22.6,30.9,-0.3999999999999986,-2.6000000000000014,1,COMFORT
22.6,25.8,0.20000000000000284,0.3000000000000007,3,HOT
29.9,63.8,0.1999999999999993,0.19999999999999574,1,COMFORT
22.5,44.6,-1.5,-3.0,0,COLD
22.9,54.1,0.1999999999999993,5.0,1,COMFORT
19.6,64.0,1.5,5.0,1,COMFORT
23.8,45.8,0.40000000000000213,-1.9000000000000057,2,WARM_HUMID
22.2,48.7,-0.40000000000000213,1.3000000000000043,2,WARM_HUMID
21.4,21.5,0.0,0.0,1,COMFORT
33.0,78.0,1.0,5.0,3,HOT
25.1,41.2,0.10000000000000142,4.5,1,COMFORT
24.0,42.7,-0.5,-2.3999999999999986,3,HOT
20.7,30.7,-0.3000000000000007,1.1999999999999993,0,COLD
25.5,57.5,-0.10000000000000142,1.7000000000000028,1,COMFORT
23.6,35.5,0.0,0.0,1,COMFORT
24.7,46.2,1.0999999999999979,5.0,2,WARM_HUMID
30.1,40.0,0.40000000000000213,1.0,2,WARM_HUMID
30.1,32.0,0.0,0.0,1,COMFORT
24.0,49.3,-0.10000000000000142,-1.7000000000000028,1,COMFORT
24.3,25.1,1.1000000000000014,-5.0,1,COMFORT
28.7,27.0,-0.40000000000000213,1.0,1,COMFORT
27.0,52.0,0.0,0.0,2,WARM_HUMID
37.3,53.9,1.5,-5.0,3,HOT
29.4,71.4,0.0,-5.0,2,WARM_HUMID
24.3,43.9,-1.5,1.0,1,COMFORT
24.4,50.1,-0.9000000000000021,0.5,1,COMFORT
31.3,59.7,0.0,1.4000000000000057,3,HOT
32.0,67.0,-1.0,-5.0,2,WARM_HUMID
23.5,50.9,0.5,5.0,1,COMFORT
26.1,53.8,-0.3999999999999986,-1.3000000000000043,2,WARM_HUMID
25.0,39.0,0.0,0.0,0,COLD
19.2,48.1,-1.5,-2.6000000000000014,0,COLD
25.8,63.9,0.0,-0.5000000000000071,2,WARM_HUMID
24.4,72.0,0.6999999999999993,5.0,3,HOT
22.0,80.8,1.0,0.0,1,COMFORT
20.2,49.5,0.0,0.0,2,WARM_HUMID
16.3,37.0,-1.5,-5.0,0,COLD
20.0,61.0,0.0,0.0,1,COMFORT
23.6,55.8,0.0,0.09999999999999432,1,COMFORT
24.2,43.1,-0.1999999999999993,5.0,3,HOT
25.8,51.6,1.1999999999999993,0.20000000000000284,1,COMFORT
19.6,73.0,0.0,0.0,1,COMFORT
22.2,59.6,0.0,0.0,1,COMFORT
22.6,49.1,-0.5,-0.6000000000000014,0,COLD
18.7,66.5,0.0,0.0,1,COMFORT
22.7,19.5,-1.0,-0.8000000000000007,0,COLD
21.9,50.0,0.5,2.1000000000000014,1,COMFORT
27.1,66.3,1.0,-2.9000000000000057,1,COMFORT
31.8,69.0,-0.3000000000000007,2.200000000000003,2,WARM_HUMID
24.7,51.3,1.5,-5.0,1,COMFORT
23.1,25.9,0.5,4.5,2,WARM_HUMID
22.7,44.0,0.3000000000000007,-1.2999999999999972,0,COLD
26.5,50.0,0.0,0.0,3,HOT
24.1,41.4,0.40000000000000213,-4.100000000000001,1,COMFORT
23.9,32.1,1.5,-5.0,1,COMFORT
23.1,33.1,-0.7999999999999972,5.0,2,WARM_HUMID
22.0,55.3,-0.10000000000000142,0.5999999999999943,1,COMFORT
25.1,43.7,-1.5,5.0,2,WARM_HUMID
28.0,70.0,-1.0,5.0,1,COMFORT
22.4,19.4,-0.8000000000000007,-3.3000000000000007,1,COMFORT
21.8,59.0,0.5,-0.7000000000000028,1,COMFORT
21.9,48.6,0.0,1.0,0,COLD
25.2,49.2,0.0,-0.29999999999999716,1,COMFORT
26.9,42.0,0.0,0.0,3,HOT
21.8,51.0,0.0,0.0,1,COMFORT
22.6,57.1,-0.1999999999999993,0.20000000000000284,1,COMFORT
32.0,58.7,1.5,-5.0,1,COMFORT
24.1,69.1,0.0,-3.5,2,WARM_HUMID
10.9,81.7,0.5999999999999996,-1.5999999999999943,0,COLD
20.9,56.8,0.0,0.0,1,COMFORT
20.7,57.7,1.0999999999999979,-2.1999999999999957,1,COMFORT
25.1,73.8,0.8000000000000007,2.0999999999999943,2,WARM_HUMID
25.1,50.3,-0.09999999999999787,-1.0,1,COMFORT
22.2,42.4,-0.40000000000000213,1.8999999999999986,1,COMFORT
29.6,61.5,0.20000000000000284,0.20000000000000284,2,WARM_HUMID
23.6,40.0,-1.5,5.0,1,COMFORT
31.6,71.0,0.0,0.0,2,WARM_HUMID
20.8,61.4,0.0,0.0,1,COMFORT
22.2,38.3,0.3999999999999986,-2.1000000000000014,1,COMFORT
16.5,23.1,-0.1999999999999993,0.9000000000000021,0,COLD
27.5,31.0,1.0,0.0,1,COMFORT
22.2,47.7,-1.1999999999999993,5.0,1,COMFORT
22.5,40.6,0.8999999999999986,-3.1000000000000014,1,COMFORT
23.8,56.6,-1.0,5.0,1,COMFORT
23.2,21.6,0.1999999999999993,-0.8999999999999986,1,COMFORT
22.2,25.0,-0.10000000000000142,-1.1000000000000014,1,COMFORT
27.2,54.0,-0.3000000000000007,2.8999999999999986,1,COMFORT
20.4,35.7,0.0,-0.5,0,COLD
25.7,57.2,0.0,0.0,1,COMFORT
22.6,36.0,1.3000000000000007,-0.20000000000000284,1,COMFORT
26.8,81.2,1.0,1.0,2,WARM_HUMID
29.9,31.0,-0.9000000000000021,1.0,3,HOT
21.0,34.7,-0.3000000000000007,5.0,0,COLD
20.5,40.5,-0.3999999999999986,0.8999999999999986,0,COLD
21.0,42.5,-0.3999999999999986,3.3999999999999986,1,COMFORT
24.0,39.7,0.0,0.0,0,COLD
22.1,39.3,-1.5,-1.4000000000000057,1,COMFORT
20.9,68.5,0.09999999999999787,-0.4000000000000057,0,COLD
22.3,43.2,-0.09999999999999787,0.8000000000000043,2,WARM_HUMID
33.3,48.8,1.1999999999999957,2.5,1,COMFORT
25.8,39.7,1.1000000000000014,1.1000000000000014,1,COMFORT
20.6,48.7,-0.5999999999999979,2.200000000000003,1,COMFORT
27.0,50.3,0.0,0.0,1,COMFORT
23.5,69.5,-1.5,3.5,1,COMFORT
21.8,44.4,-0.8000000000000007,-5.0,0,COLD
22.4,30.2,-1.2000000000000028,4.5,3,HOT
26.3,20.8,1.5,-3.8999999999999986,3,HOT
27.2,37.0,0.0,0.0,1,COMFORT
22.9,71.9,0.0,-1.6999999999999886,2,WARM_HUMID
23.9,83.2,0.6999999999999993,2.5,0,COLD
19.4,39.0,0.1999999999999993,3.3999999999999986,0,COLD
29.8,60.8,0.0,0.5999999999999943,1,COMFORT
20.3,59.7,-1.5,4.600000000000001,1,COMFORT
27.8,81.2,0.0,0.0,0,COLD
22.4,31.3,0.1999999999999993,0.0,0,COLD
22.6,53.7,-0.5999999999999979,1.7000000000000028,0,COLD
31.7,40.0,0.0,0.0,2,WARM_HUMID
23.5,37.4,-0.3000000000000007,3.1000000000000014,0,COLD
24.2,29.6,0.8000000000000007,1.5,0,COLD
20.7,81.6,0.1999999999999993,0.09999999999999432,2,WARM_HUMID
24.3,51.5,0.3000000000000007,-0.3999999999999986,1,COMFORT
24.9,45.2,0.1999999999999993,-0.29999999999999716,1,COMFORT
28.0,66.0,1.5,-3.0,0,COLD
25.5,12.1,0.3999999999999986,0.1999999999999993,1,COMFORT
21.6,63.4,-1.5,0.19999999999999574,0,COLD
25.1,47.0,-0.29999999999999716,4.0,0,COLD
23.1,71.9,0.0,0.0,3,HOT
21.4,30.2,-0.40000000000000213,-5.0,1,COMFORT
22.9,33.2,-0.7000000000000028,2.8000000000000043,2,WARM_HUMID
21.1,56.5,-0.7999999999999972,0.0,0,COLD
28.5,51.4,-0.1999999999999993,0.19999999999999574,3,HOT
20.1,68.6,0.20000000000000284,5.0,0,COLD
24.2,36.6,1.3000000000000007,-3.0,2,WARM_HUMID
23.6,40.8,0.5,-1.0,2,WARM_HUMID
33.0,24.0,0.0,0.0,3,HOT
27.0,33.2,1.5,-5.0,2,WARM_HUMID
20.9,37.2,0.09999999999999787,-0.7999999999999972,0,COLD
26.1,42.8,0.20000000000000284,4.099999999999994,1,COMFORT
23.3,32.9,0.40000000000000213,-5.0,2,WARM_HUMID
20.8,29.4,0.6999999999999993,-1.1000000000000014,0,COLD
18.9,25.0,-1.2000000000000028,-5.0,1,COMFORT
21.7,48.7,0.1999999999999993,5.0,0,COLD
21.5,40.1,0.0,-1.7999999999999972,0,COLD
25.0,38.5,1.1000000000000014,-0.7000000000000028,3,HOT
24.0,52.5,0.0,2.3999999999999986,1,COMFORT
25.1,34.5,0.0,0.0,1,COMFORT
19.7,47.9,-0.6999999999999993,3.799999999999997,1,COMFORT
21.3,40.1,0.3000000000000007,0.3999999999999986,0,COLD
23.8,47.0,-0.3000000000000007,-1.3999999999999986,0,COLD
24.5,38.0,0.0,0.0,0,COLD
22.0,26.0,-1.3999999999999986,-1.1999999999999993,2,WARM_HUMID
24.8,30.0,-0.09999999999999787,-2.8999999999999986,1,COMFORT
30.8,36.2,0.8000000000000007,5.0,1,COMFORT
25.1,32.4,0.0,0.0,2,WARM_HUMID
22.3,36.9,-0.6999999999999993,-0.20000000000000284,1,COMFORT
31.5,57.5,-0.10000000000000142,1.2000000000000028,2,WARM_HUMID
17.5,67.0,0.3999999999999986,0.0,1,COMFORT
29.9,64.0,0.0,3.0,2,WARM_HUMID
31.4,74.1,0.09999999999999787,2.0,2,WARM_HUMID
30.9,72.3,0.8999999999999986,-5.0,2,WARM_HUMID
20.3,41.9,0.9000000000000021,-2.8999999999999986,3,HOT
30.8,70.6,0.40000000000000213,-0.30000000000001137,3,HOT
25.7,45.0,-0.6000000000000014,-0.5,1,COMFORT
29.0,23.5,0.10000000000000142,2.6000000000000014,2,WARM_HUMID
30.4,73.5,0.1999999999999993,-0.09999999999999432,3,HOT
24.5,54.3,1.0,-3.6000000000000014,1,COMFORT
22.7,29.7,0.0,0.0,2,WARM_HUMID
24.8,25.3,1.5,5.0,2,WARM_HUMID
20.4,56.7,-0.8000000000000007,2.4000000000000057,1,COMFORT
21.0,32.3,-1.5,0.0,1,COMFORT
25.2,40.5,1.1999999999999993,-3.200000000000003,2,WARM_HUMID
25.9,50.0,0.0,0.0,1,COMFORT
24.4,24.9,-0.10000000000000142,-0.10000000000000142,2,WARM_HUMID
23.9,46.3,0.29999999999999716,-3.3000000000000043,2,WARM_HUMID
22.7,70.8,0.5999999999999979,1.0999999999999943,2,WARM_HUMID
23.2,49.7,-0.1999999999999993,0.10000000000000142,0,COLD
32.2,73.7,-0.6999999999999957,1.7999999999999972,1,COMFORT
22.5,29.8,-0.8999999999999986,2.5,1,COMFORT
22.3,58.4,0.0,0.0,0,COLD
21.7,60.0,-1.5,5.0,1,COMFORT
19.8,42.4,0.1999999999999993,-0.6000000000000014,2,WARM_HUMID
27.8,50.0,-1.5,5.0,1,COMFORT
21.8,30.4,1.4000000000000021,-0.9000000000000021,2,WARM_HUMID
29.0,27.8,0.8999999999999986,0.10000000000000142,1,COMFORT
24.7,84.9,0.3999999999999986,0.5,1,COMFORT
19.5,20.1,1.5,-5.0,1,COMFORT
23.0,38.9,0.3000000000000007,-0.10000000000000142,1,COMFORT
23.4,64.4,0.5,-0.29999999999999716,1,COMFORT
24.2,52.4,0.6999999999999993,-2.3999999999999986,1,COMFORT
23.5,43.6,1.0,0.7000000000000028,0,COLD
26.5,52.0,0.0,0.0,1,COMFORT
20.7,27.5,-1.5,-4.399999999999999,1,COMFORT
21.4,37.0,0.1999999999999993,-2.0,1,COMFORT
28.8,83.8,-0.1999999999999993,-0.5,2,WARM_HUMID
24.7,44.7,0.3999999999999986,-3.0999999999999943,0,COLD
26.2,42.0,0.0,0.0,1,COMFORT
25.2,64.6,-0.1999999999999993,0.09999999999999432,1,COMFORT
21.6,22.4,0.0,0.0,1,COMFORT
22.2,55.2,0.3000000000000007,-1.0999999999999943,1,COMFORT
23.5,39.9,-0.10000000000000142,1.6000000000000014,0,COLD
26.0,36.4,-0.10000000000000142,-2.1000000000000014,1,COMFORT
22.5,34.5,0.3999999999999986,-1.5,3,HOT
20.7,42.6,-1.5,5.0,2,WARM_HUMID
22.7,30.7,-0.10000000000000142,0.8999999999999986,3,HOT
24.1,39.0,-1.5,1.0,1,COMFORT
21.2,29.4,-1.5,-5.0,0,COLD
20.1,65.6,0.10000000000000142,0.0,2,WARM_HUMID
24.5,40.4,-1.1000000000000014,2.299999999999997,0,COLD
24.5,22.9,1.5,-5.0,1,COMFORT
25.5,73.8,1.5,5.0,1,COMFORT
21.6,60.5,0.0,0.0,3,HOT
24.5,47.0,0.10000000000000142,0.0,3,HOT
23.9,47.7,-0.3000000000000007,5.0,1,COMFORT
29.6,63.5,0.20000000000000284,0.0,1,COMFORT
24.5,44.3,0.3000000000000007,4.599999999999994,2,WARM_HUMID
22.2,34.0,-1.5,5.0,3,HOT
21.3,31.5,0.5,-5.0,2,WARM_HUMID
21.5,42.4,0.8999999999999986,-1.1000000000000014,2,WARM_HUMID
30.2,69.5,0.0,0.0,0,COLD
32.1,56.0,1.3000000000000007,-5.0,2,WARM_HUMID
22.4,20.6,-1.0,1.3000000000000007,0,COLD
22.7,35.8,-0.3000000000000007,5.0,0,COLD
25.8,62.5,0.0,-1.3999999999999986,0,COLD
21.9,28.0,0.5999999999999979,-1.6000000000000014,3,HOT
24.0,23.4,-0.8000000000000007,-1.2000000000000028,2,WARM_HUMID
24.6,73.9,0.0,0.7000000000000028,1,COMFORT
23.8,57.2,-0.09999999999999787,3.200000000000003,1,COMFORT
29.3,17.0,-1.5,0.0,2,WARM_HUMID
22.8,64.9,0.40000000000000213,1.8000000000000043,1,COMFORT
25.3,53.0,-0.5,3.3999999999999986,1,COMFORT
24.3,45.0,0.0,0.0,0,COLD
22.8,55.7,1.1000000000000014,-5.0,1,COMFORT
26.0,57.7,0.0,0.0,2,WARM_HUMID
23.9,55.9,0.7999999999999972,-5.0,1,COMFORT
22.1,31.8,-0.1999999999999993,-5.0,1,COMFORT
20.9,43.0,0.0,0.0,3,HOT
28.8,59.0,0.0,0.0,1,COMFORT
23.0,48.2,-0.8999999999999986,5.0,2,WARM_HUMID
20.9,34.6,0.09999999999999787,5.0,0,COLD
21.1,46.0,-0.8999999999999986,-5.0,1,COMFORT
24.7,43.0,0.3999999999999986,-1.0,0,COLD
25.2,48.0,0.6999999999999993,5.0,3,HOT
26.3,41.0,0.0,0.0,0,COLD
26.6,78.7,0.40000000000000213,1.5,2,WARM_HUMID
33.0,49.2,-1.5,1.9000000000000057,3,HOT
22.2,43.2,-1.5,5.0,1,COMFORT
30.8,20.0,0.0,0.0,2,WARM_HUMID
25.6,49.0,0.6000000000000014,-1.0,1,COMFORT
22.7,23.7,-0.3000000000000007,-1.9000000000000021,1,COMFORT
25.1,75.8,-0.3999999999999986,-3.6000000000000085,0,COLD
25.2,24.9,0.8000000000000007,-5.0,0,COLD
19.1,46.6,-0.5,4.700000000000003,1,COMFORT
11.2,70.0,-1.0,5.0,1,COMFORT
22.9,27.8,0.0,1.0,1,COMFORT
29.9,74.5,0.5,-3.9000000000000057,1,COMFORT
25.9,86.0,-0.6000000000000014,-1.0,1,COMFORT
26.7,49.7,0.8999999999999986,5.0,2,WARM_HUMID
23.6,51.7,0.0,0.0,3,HOT
23.9,34.4,-1.2000000000000028,-5.0,0,COLD
22.3,38.5,-1.0999999999999979,5.0,2,WARM_HUMID
26.9,49.0,0.0,0.0,1,COMFORT
13.0,22.0,1.5,-5.0,1,COMFORT
22.9,62.5,1.1999999999999993,-2.700000000000003,3,HOT
18.7,66.0,0.5999999999999979,5.0,1,COMFORT
31.2,20.0,0.0,-0.8999999999999986,3,HOT
21.8,49.2,0.5,-0.6999999999999957,1,COMFORT
18.6,68.8,0.0,0.0,1,COMFORT
20.6,55.8,0.0,0.0,0,COLD
23.2,24.0,-0.1999999999999993,0.0,1,COMFORT
24.1,46.7,0.0,0.0,0,COLD
27.3,49.0,0.0,0.0,1,COMFORT
20.2,13.3,-0.10000000000000142,-0.09999999999999964,1,COMFORT
23.8,33.9,0.0,-2.3000000000000043,2,WARM_HUMID
27.5,28.4,-1.5,-0.3000000000000007,2,WARM_HUMID
23.7,22.7,-0.6999999999999993,-3.8000000000000007,1,COMFORT
24.2,23.2,0.09999999999999787,-3.400000000000002,3,HOT
23.0,35.3,0.10000000000000142,-0.30000000000000426,1,COMFORT
19.8,33.8,1.5,-3.9000000000000057,1,COMFORT
38.9,31.0,0.7999999999999972,-1.0,2,WARM_HUMID
27.1,87.5,0.5,0.7000000000000028,1,COMFORT
29.9,28.0,0.0,0.0,1,COMFORT
23.8,48.0,0.1999999999999993,0.0,1,COMFORT
31.4,51.3,-1.1000000000000014,5.0,1,COMFORT
25.1,35.5,1.5,0.5,0,COLD
28.4,43.8,1.5,-5.0,3,HOT
24.0,34.0,1.1000000000000014,-0.7999999999999972,1,COMFORT
21.1,42.2,-1.5,5.0,1,COMFORT
29.7,62.4,-0.6000000000000014,-0.7000000000000028,1,COMFORT
23.6,51.4,0.6000000000000014,4.0,2,WARM_HUMID
28.3,49.0,0.0,0.0,0,COLD
19.5,56.0,0.8999999999999986,3.0,0,COLD
23.0,30.7,0.0,-2.8000000000000007,2,WARM_HUMID
24.0,53.8,1.5,-5.0,0,COLD
21.5,35.3,-1.5,-5.0,3,HOT
22.8,68.4,1.1999999999999993,-3.5999999999999943,3,HOT
21.2,64.7,-1.4000000000000021,2.4000000000000057,0,COLD
22.3,39.3,-0.09999999999999787,-1.3000000000000043,1,COMFORT
22.8,46.1,0.0,0.0,0,COLD
32.5,21.8,-1.5,-0.3000000000000007,1,COMFORT
30.0,89.0,-1.5,5.0,3,HOT
23.3,28.1,-1.0,3.0,1,COMFORT
20.4,49.8,-0.9000000000000021,4.5,2,WARM_HUMID
23.4,27.0,-0.10000000000000142,0.8000000000000007,2,WARM_HUMID
22.1,51.0,-0.3999999999999986,-0.3999999999999986,0,COLD
25.5,25.2,0.5,-1.3000000000000007,3,HOT
34.7,50.0,1.5,-5.0,3,HOT
22.8,52.1,-0.6999999999999993,0.0,3,HOT
26.8,30.2,-0.1999999999999993,-0.40000000000000213,2,WARM_HUMID
21.7,43.3,-0.5,2.299999999999997,1,COMFORT
29.9,29.0,0.3999999999999986,-1.8999999999999986,1,COMFORT
22.4,39.0,0.0,0.0,1,COMFORT
19.7,45.8,-0.6000000000000014,-1.7000000000000028,0,COLD
29.4,77.8,0.0,0.0,1,COMFORT
27.3,53.0,0.0,0.0,3,HOT
29.6,47.0,0.0,0.0,1,COMFORT
31.8,66.9,-0.3000000000000007,-0.09999999999999432,0,COLD
22.8,42.4,0.8000000000000007,-5.0,0,COLD
29.1,54.2,1.5,5.0,0,COLD
25.1,38.4,1.2000000000000028,-2.3000000000000043,1,COMFORT
20.2,37.4,-0.5,-2.3999999999999986,0,COLD
21.1,40.3,0.9000000000000021,5.0,2,WARM_HUMID
23.4,42.4,0.5999999999999979,0.0,1,COMFORT
21.6,18.8,0.0,0.0,0,COLD
19.9,56.1,0.0,0.0,0,COLD
24.6,73.9,0.10000000000000142,0.9000000000000057,2,WARM_HUMID
25.9,58.9,0.09999999999999787,-2.0,1,COMFORT
28.1,52.8,0.20000000000000284,-0.8000000000000043,2,WARM_HUMID
22.1,49.5,-1.5,5.0,1,COMFORT
25.1,43.0,0.0,0.0,1,COMFORT
20.8,32.9,0.0,3.299999999999997,0,COLD
22.3,55.4,0.0,0.0,2,WARM_HUMID
28.1,32.0,0.0,0.0,1,COMFORT
25.7,59.5,0.0,0.0,1,COMFORT
22.2,29.5,0.5,-1.8000000000000007,0,COLD
15.1,67.7,0.0,-0.7999999999999972,0,COLD
24.1,63.1,0.0,0.0,3,HOT
17.3,69.0,-1.5,0.29999999999999716,3,HOT
23.1,59.1,0.0,0.5,1,COMFORT
28.5,30.9,1.5,-1.2000000000000028,2,WARM_HUMID
30.1,46.1,1.5,-5.0,3,HOT
28.3,56.7,0.10000000000000142,2.6000000000000014,3,HOT
27.4,28.7,0.3999999999999986,5.0,1,COMFORT
22.3,42.1,-0.3000000000000007,0.20000000000000284,1,COMFORT
21.0,36.4,-0.1999999999999993,4.799999999999997,0,COLD
21.7,64.8,0.3000000000000007,-0.29999999999999716,1,COMFORT
17.9,55.3,0.29999999999999716,0.5,1,COMFORT
23.8,26.3,0.5,0.3000000000000007,3,HOT
23.7,36.2,0.1999999999999993,2.0,3,HOT
27.0,64.0,0.0,0.0,1,COMFORT
22.0,47.6,-0.5,3.6000000000000014,1,COMFORT
24.3,28.0,0.1999999999999993,-4.100000000000001,0,COLD
25.0,44.5,0.6999999999999993,1.0,3,HOT
23.1,46.5,-0.5,5.0,1,COMFORT
31.3,71.4,0.3000000000000007,-0.7999999999999972,2,WARM_HUMID
22.0,37.6,-0.3000000000000007,-0.29999999999999716,0,COLD
24.8,51.5,-1.0,-0.10000000000000142,1,COMFORT
24.2,43.6,-1.0,-5.0,2,WARM_HUMID
25.1,55.6,1.5,0.0,1,COMFORT
26.0,68.4,0.1999999999999993,-0.19999999999998863,1,COMFORT
18.5,33.8,-1.5,2.3999999999999986,1,COMFORT
24.8,39.0,0.10000000000000142,2.0,2,WARM_HUMID
28.1,28.5,-0.09999999999999787,2.6999999999999993,3,HOT
22.3,27.0,-0.5999999999999979,1.3999999999999986,1,COMFORT
23.4,58.8,-0.10000000000000142,-0.20000000000000284,1,COMFORT
27.8,29.0,1.4000000000000021,-3.3999999999999986,3,HOT
25.1,40.8,0.0,0.0,2,WARM_HUMID
26.9,28.2,0.09999999999999787,-5.0,1,COMFORT
24.5,52.5,0.3000000000000007,-2.1000000000000014,2,WARM_HUMID
23.0,33.4,-0.5,1.1999999999999957,1,COMFORT
26.8,63.9,1.5,4.899999999999999,2,WARM_HUMID
11.0,49.3,0.0,-0.5,0,COLD
21.8,38.7,1.3000000000000007,-1.6999999999999957,2,WARM_HUMID
23.1,27.6,-1.1999999999999993,2.5,0,COLD
19.8,44.2,1.5,-5.0,1,COMFORT
23.5,53.2,1.5,1.7000000000000028,1,COMFORT
19.4,37.5,-0.7000000000000028,5.0,0,COLD
25.1,27.3,0.0,0.0,0,COLD
23.3,31.1,0.6999999999999993,0.20000000000000284,2,WARM_HUMID
32.6,29.5,-1.5,-1.6000000000000014,3,HOT
24.1,38.4,1.0,-5.0,2,WARM_HUMID
24.8,77.7,0.40000000000000213,-1.0,1,COMFORT
22.7,45.6,0.0,0.20000000000000284,1,COMFORT
23.6,22.4,1.5,-5.0,3,HOT
22.3,36.2,0.8000000000000007,-2.0,2,WARM_HUMID
22.4,27.6,0.09999999999999787,-5.0,1,COMFORT
21.8,55.3,-0.3000000000000007,5.0,0,COLD
23.6,22.4,1.5,-5.0,1,COMFORT
29.3,48.0,0.10000000000000142,-1.0,1,COMFORT
23.5,31.4,-1.5,4.0,1,COMFORT
23.0,67.7,-0.1999999999999993,-1.0999999999999943,0,COLD
22.1,29.6,0.7000000000000028,-0.29999999999999716,1,COMFORT
32.1,69.5,0.0,0.20000000000000284,0,COLD
26.5,41.7,1.5,0.0,1,COMFORT
22.0,42.4,0.6999999999999993,-2.0,2,WARM_HUMID
26.4,57.0,0.3999999999999986,-2.0,3,HOT
22.3,63.3,-0.09999999999999787,1.5999999999999943,1,COMFORT
22.8,26.0,0.3000000000000007,0.3000000000000007,1,COMFORT
22.1,40.9,0.0,0.0,1,COMFORT
21.6,45.1,-1.5,5.0,3,HOT
29.8,59.7,-0.1999999999999993,-0.09999999999999432,1,COMFORT
23.4,40.1,0.0,0.0,0,COLD
31.2,68.1,-0.1999999999999993,0.3999999999999915,1,COMFORT
27.4,35.7,-0.7000000000000028,2.8000000000000043,2,WARM_HUMID
31.3,22.5,1.5,-5.0,1,COMFORT
21.0,26.6,-0.3000000000000007,0.9000000000000021,1,COMFORT
22.5,32.3,-0.1999999999999993,-0.30000000000000426,1,COMFORT
31.0,26.5,-1.2000000000000028,-5.0,3,HOT
27.2,70.5,0.0,-0.9000000000000057,1,COMFORT
28.4,32.5,1.0,0.6000000000000014,3,HOT
25.7,38.8,-0.9000000000000021,2.8999999999999986,3,HOT
25.2,58.8,0.8999999999999986,-4.600000000000001,1,COMFORT
25.8,19.3,0.0,0.0,1,COMFORT
17.9,67.4,0.09999999999999787,0.0,1,COMFORT
24.4,54.1,1.5,-5.0,3,HOT
22.8,40.7,1.4000000000000021,-4.199999999999996,0,COLD
24.2,55.2,0.3999999999999986,-0.19999999999999574,1,COMFORT
21.1,48.5,-1.0999999999999979,5.0,0,COLD
27.0,48.8,0.0,0.0,1,COMFORT
23.2,36.3,0.5999999999999979,-3.5,1,COMFORT
16.4,56.0,1.299999999999999,-5.0,0,COLD
26.4,66.4,0.0,0.0,1,COMFORT
23.0,32.7,-1.0,-5.0,3,HOT
23.7,39.6,0.5999999999999979,-1.3999999999999986,3,HOT
27.1,31.0,1.5,-2.8999999999999986,3,HOT
16.8,40.7,0.0,0.0,0,COLD
24.2,28.9,0.0,-5.0,1,COMFORT
28.1,60.0,0.0,4.200000000000003,2,WARM_HUMID
29.2,41.9,1.5,-5.0,1,COMFORT
22.5,32.2,-0.6000000000000014,-5.0,1,COMFORT
26.2,49.9,0.09999999999999787,-0.20000000000000284,2,WARM_HUMID
23.6,45.3,1.5,0.7999999999999972,2,WARM_HUMID
26.4,26.4,0.8999999999999986,-5.0,3,HOT
28.5,16.8,0.5,-0.8000000000000007,1,COMFORT
24.2,48.4,1.3999999999999986,-5.0,1,COMFORT
24.1,37.3,1.3000000000000007,-4.100000000000001,1,COMFORT
24.8,51.6,0.10000000000000142,-0.10000000000000142,1,COMFORT
31.4,64.5,0.09999999999999787,-2.9000000000000057,2,WARM_HUMID
27.1,80.0,-1.3999999999999986,-3.0,2,WARM_HUMID
35.0,74.0,1.5,5.0,2,WARM_HUMID
24.1,48.0,1.5,-0.10000000000000142,3,HOT
21.4,53.2,0.0,0.0,3,HOT
23.2,60.7,1.1999999999999993,3.3000000000000043,1,COMFORT
30.2,54.0,0.1999999999999993,1.0,2,WARM_HUMID
26.3,58.4,0.40000000000000213,-0.10000000000000142,1,COMFORT
28.1,27.6,1.5,-5.0,3,HOT
24.2,71.6,0.0,0.0,1,COMFORT
30.2,64.5,0.0,0.0,2,WARM_HUMID
26.9,47.0,0.0,0.0,0,COLD
25.0,32.3,1.3999999999999986,-2.5,3,HOT
25.2,44.8,-0.5,2.299999999999997,1,COMFORT
22.0,35.8,0.8999999999999986,-0.9000000000000057,1,COMFORT
25.9,71.3,0.29999999999999716,-0.9000000000000057,1,COMFORT
24.4,50.0,0.0,0.0,0,COLD
24.4,70.2,-0.3000000000000007,-0.7999999999999972,1,COMFORT
21.3,45.7,-1.5,3.200000000000003,0,COLD
24.4,25.4,1.1999999999999993,-3.3000000000000007,1,COMFORT
25.4,55.0,0.5999999999999979,-2.8999999999999986,2,WARM_HUMID
24.5,50.8,-0.3000000000000007,4.299999999999997,0,COLD
22.5,38.6,0.1999999999999993,-5.0,3,HOT
24.9,74.0,-0.6000000000000014,-1.0999999999999943,0,COLD
17.0,29.8,-1.5,-4.699999999999999,1,COMFORT
22.9,41.7,0.5999999999999979,-1.5999999999999943,2,WARM_HUMID
23.4,43.4,0.29999999999999716,-0.3999999999999986,1,COMFORT
23.1,28.5,0.5,0.8000000000000007,0,COLD
29.2,75.5,0.09999999999999787,1.7000000000000028,1,COMFORT
22.5,27.5,-0.5,-5.0,1,COMFORT
24.1,51.3,0.0,0.0,1,COMFORT
22.8,19.7,0.9000000000000021,-5.0,1,COMFORT
24.3,60.5,1.5,5.0,0,COLD
25.2,74.4,-1.1000000000000014,-5.0,3,HOT
23.8,22.4,0.40000000000000213,-1.4000000000000021,1,COMFORT
28.5,86.4,-0.1999999999999993,4.200000000000003,1,COMFORT
23.0,45.1,0.1999999999999993,-3.6999999999999957,1,COMFORT
24.8,37.4,0.10000000000000142,-2.8000000000000043,1,COMFORT
25.7,45.0,0.3000000000000007,5.0,3,HOT
21.8,37.9,0.0,3.1000000000000014,0,COLD
29.5,56.0,0.1999999999999993,-5.0,2,WARM_HUMID
27.1,36.0,1.2000000000000028,3.799999999999997,3,HOT
22.9,36.9,0.09999999999999787,5.0,2,WARM_HUMID
18.9,57.9,-1.5,-5.0,0,COLD
30.2,27.1,0.3999999999999986,1.6000000000000014,1,COMFORT
22.7,27.8,-1.1000000000000014,-5.0,1,COMFORT
32.4,56.0,-0.20000000000000284,-5.0,2,WARM_HUMID
24.4,36.6,0.7999999999999972,-0.8999999999999986,2,WARM_HUMID
27.7,32.0,0.0,0.0,0,COLD
26.5,53.2,0.0,0.0,1,COMFORT
22.9,55.9,1.0,-4.899999999999999,1,COMFORT
23.0,36.7,-0.3999999999999986,1.4000000000000057,0,COLD
23.9,58.8,0.29999999999999716,1.5,1,COMFORT
27.0,45.0,-0.6999999999999993,0.0,2,WARM_HUMID
27.2,60.8,0.0,0.0,3,HOT
18.6,46.0,0.8000000000000007,5.0,1,COMFORT
24.3,55.0,-0.5,1.0,2,WARM_HUMID
33.8,62.3,-0.5,5.0,2,WARM_HUMID
18.7,67.0,0.0,0.0,1,COMFORT
24.6,55.7,0.5,-4.099999999999994,3,HOT
21.5,40.3,0.3999999999999986,2.299999999999997,0,COLD
20.4,40.9,-0.40000000000000213,3.6999999999999957,1,COMFORT
26.0,57.7,0.0,0.0,1,COMFORT
23.3,34.4,0.3000000000000007,-3.8999999999999986,3,HOT
24.1,48.3,-0.09999999999999787,0.3999999999999986,1,COMFORT
38.5,44.0,0.3999999999999986,0.0,3,HOT
22.7,31.2,0.8999999999999986,3.099999999999998,0,COLD
26.6,65.6,0.9000000000000021,-3.200000000000003,1,COMFORT
26.7,39.8,-0.6999999999999993,3.1999999999999957,1,COMFORT
30.0,73.0,0.0,0.0,3,HOT
27.1,74.1,1.5,5.0,1,COMFORT
20.6,83.6,0.20000000000000284,-0.8000000000000114,1,COMFORT
25.5,36.9,1.0,-2.5,3,HOT
22.3,28.4,0.9000000000000021,-5.0,0,COLD
21.0,32.1,-0.8999999999999986,-0.8999999999999986,0,COLD
32.0,34.9,-0.5,1.6000000000000014,1,COMFORT
27.1,46.3,1.0,-1.1000000000000014,1,COMFORT
24.0,67.0,0.0,-5.0,0,COLD
16.0,55.0,-1.5,3.0,1,COMFORT
30.3,58.0,1.5,-5.0,3,HOT
22.8,43.9,-0.1999999999999993,4.600000000000001,0,COLD
22.8,22.4,0.8000000000000007,0.0,2,WARM_HUMID
25.0,51.6,1.1000000000000014,-5.0,1,COMFORT
21.8,29.1,-0.8000000000000007,4.900000000000002,1,COMFORT
23.8,46.9,-0.5999999999999979,1.3999999999999986,0,COLD
23.6,55.6,-0.29999999999999716,0.0,1,COMFORT
21.4,49.7,-0.3000000000000007,0.8000000000000043,1,COMFORT
27.6,48.5,-0.5,-5.0,1,COMFORT
22.3,39.8,0.0,0.0,1,COMFORT
20.6,30.0,1.3000000000000007,2.0,2,WARM_HUMID
24.0,43.2,0.10000000000000142,-5.0,0,COLD
24.9,53.3,-0.10000000000000142,-0.6000000000000014,1,COMFORT
23.7,43.7,-0.1999999999999993,-1.0,2,WARM_HUMID
23.0,58.7,-0.3999999999999986,0.4000000000000057,2,WARM_HUMID
31.1,56.3,0.6000000000000014,-5.0,1,COMFORT
23.1,31.2,1.3000000000000007,3.1999999999999993,1,COMFORT
22.4,48.9,-1.5,3.0,0,COLD
18.9,43.8,0.29999999999999716,-0.7000000000000028,1,COMFORT
27.7,69.7,0.09999999999999787,-1.8999999999999915,1,COMFORT
27.0,41.2,0.1999999999999993,1.8000000000000043,1,COMFORT
25.2,32.3,0.0,0.0,0,COLD
26.0,56.2,0.10000000000000142,-0.5,1,COMFORT
31.8,79.5,1.5,-2.299999999999997,3,HOT
29.2,60.4,-1.1000000000000014,-0.5,3,HOT
18.9,19.0,0.3999999999999986,0.3999999999999986,1,COMFORT
21.6,58.8,0.0,0.09999999999999432,1,COMFORT
23.4,27.2,0.7999999999999972,1.5,3,HOT
27.3,73.0,1.5,5.0,1,COMFORT
19.8,56.0,0.0,0.0,1,COMFORT
23.0,36.7,1.5,-5.0,1,COMFORT
30.9,19.2,0.0,4.299999999999999,1,COMFORT
21.0,37.4,-1.5,0.0,2,WARM_HUMID
28.9,85.0,0.0,0.0,1,COMFORT
22.5,48.7,0.0,-1.0999999999999943,1,COMFORT
24.1,62.6,-0.1999999999999993,0.8000000000000043,1,COMFORT
31.5,36.0,-0.7000000000000028,0.0,3,HOT
26.8,34.3,0.10000000000000142,1.1999999999999957,1,COMFORT
22.1,31.8,-0.09999999999999787,-5.0,1,COMFORT
23.9,47.0,0.0,0.0,2,WARM_HUMID
23.4,43.8,0.0,1.3999999999999986,1,COMFORT
23.6,39.3,0.0,0.0,1,COMFORT
22.6,39.8,0.20000000000000284,0.0,0,COLD
33.5,51.7,-0.10000000000000142,1.2000000000000028,2,WARM_HUMID
19.9,88.3,0.3999999999999986,-0.5,0,COLD
25.0,38.4,0.6000000000000014,-2.1000000000000014,2,WARM_HUMID
21.8,45.0,-0.5999999999999979,-3.5,0,COLD
20.9,29.6,-0.6000000000000014,-0.6999999999999993,0,COLD
24.5,46.9,1.5,-5.0,3,HOT
25.3,40.9,1.1000000000000014,-1.2000000000000028,0,COLD
20.8,39.8,-0.6999999999999993,2.8999999999999986,1,COMFORT
21.7,34.5,0.09999999999999787,0.20000000000000284,3,HOT
30.1,17.0,-0.09999999999999787,1.0,1,COMFORT
22.7,68.6,-0.1999999999999993,0.5,0,COLD
26.5,33.5,1.5,-2.6000000000000014,2,WARM_HUMID
22.8,46.6,1.5,-5.0,0,COLD
24.0,40.9,1.5,1.3999999999999986,2,WARM_HUMID
24.1,33.5,0.0,0.0,3,HOT
22.5,43.0,0.0,1.7000000000000028,1,COMFORT
26.3,29.3,1.5,-1.5,3,HOT
24.8,64.0,-0.1999999999999993,0.0,1,COMFORT
21.7,35.8,0.1999999999999993,-1.5,1,COMFORT
19.3,45.3,1.0,5.0,0,COLD
24.9,40.6,1.5,0.0,3,HOT
23.8,26.8,0.6000000000000014,3.5,3,HOT
24.1,38.9,-1.0,1.0,1,COMFORT
23.1,28.6,0.40000000000000213,5.0,2,WARM_HUMID
27.9,36.9,1.5,-1.8999999999999986,3,HOT
29.3,76.9,0.5,-0.8999999999999915,0,COLD
22.5,26.3,0.0,-2.0,0,COLD
22.9,44.3,-1.1000000000000014,2.0999999999999943,2,WARM_HUMID
25.1,40.0,0.6000000000000014,-2.0,3,HOT
23.5,45.7,-0.3000000000000007,-0.09999999999999432,2,WARM_HUMID
29.6,12.1,1.0,-5.0,3,HOT
25.3,64.4,-1.5,5.0,1,COMFORT
26.6,42.6,1.5,-0.6999999999999957,2,WARM_HUMID
30.5,30.5,-0.1999999999999993,0.5,1,COMFORT
26.3,52.5,0.0,0.0,2,WARM_HUMID
21.9,45.4,0.09999999999999787,-0.5,0,COLD
23.0,29.6,-0.6000000000000014,0.3000000000000007,0,COLD
24.2,25.5,0.3000000000000007,-1.6999999999999993,2,WARM_HUMID
24.3,38.9,0.6000000000000014,5.0,0,COLD
21.8,57.9,1.5,-5.0,0,COLD
23.5,39.1,1.3000000000000007,5.0,2,WARM_HUMID
25.2,26.2,0.09999999999999787,1.5,2,WARM_HUMID
22.9,24.4,0.0,0.0,2,WARM_HUMID
33.0,62.8,0.0,-2.200000000000003,1,COMFORT
30.0,67.9,0.3000000000000007,-1.1999999999999886,1,COMFORT
23.0,73.1,0.10000000000000142,1.1999999999999886,1,COMFORT
16.0,23.5,-0.6000000000000014,1.0,0,COLD
25.6,47.0,-0.09999999999999787,1.0,1,COMFORT
23.9,51.3,-1.5,4.399999999999999,2,WARM_HUMID
25.0,60.0,-0.1999999999999993,-5.0,2,WARM_HUMID
18.9,40.2,-1.5,0.0,0,COLD
27.5,58.8,-1.1999999999999993,-2.200000000000003,0,COLD
30.6,65.9,0.40000000000000213,-1.1999999999999886,2,WARM_HUMID
24.1,51.6,1.1000000000000014,-4.0,0,COLD
14.0,64.0,-1.0,2.0,3,HOT
21.6,46.3,0.20000000000000284,0.09999999999999432,0,COLD
21.3,48.4,0.0,0.0,1,COMFORT
21.7,60.3,0.0,0.0,2,WARM_HUMID
25.6,40.5,-0.3999999999999986,0.3999999999999986,1,COMFORT
28.9,69.1,0.5,5.0,1,COMFORT
33.2,62.0,-0.6999999999999957,0.0,3,HOT
23.4,30.4,1.5,1.0999999999999979,1,COMFORT
24.9,16.7,-0.3000000000000007,0.8999999999999986,0,COLD
23.2,50.9,-0.1999999999999993,1.1000000000000014,0,COLD
22.1,37.3,0.0,-1.4000000000000057,1,COMFORT
23.1,50.8,-0.3999999999999986,0.6999999999999957,1,COMFORT
30.0,77.4,0.5,-0.6999999999999886,2,WARM_HUMID
26.5,44.9,-1.3000000000000007,-0.7000000000000028,3,HOT
16.8,59.2,-1.5,0.4000000000000057,1,COMFORT
22.9,29.1,1.5,-2.099999999999998,0,COLD
24.5,46.7,-0.3999999999999986,1.2000000000000028,1,COMFORT
24.3,22.4,0.0,2.599999999999998,1,COMFORT
23.1,46.5,0.0,0.0,0,COLD
27.2,40.0,0.0,0.0,1,COMFORT
25.9,43.9,-0.6000000000000014,-1.3999999999999986,2,WARM_HUMID
27.1,63.0,0.0,0.0,3,HOT
19.8,65.2,-1.0,-5.0,0,COLD
24.8,16.2,0.0,0.0,2,WARM_HUMID
16.8,64.0,-1.5,4.0,0,COLD
33.4,72.8,-0.8999999999999986,5.0,2,WARM_HUMID
22.9,66.7,-0.3000000000000007,1.2000000000000028,0,COLD
20.9,63.1,0.0,0.0,0,COLD
21.6,44.7,-1.3999999999999986,2.6000000000000014,0,COLD
27.1,64.8,0.6000000000000014,3.5999999999999943,2,WARM_HUMID
25.0,69.6,1.0,5.0,2,WARM_HUMID
21.4,39.8,0.09999999999999787,-0.7000000000000028,0,COLD
24.1,50.5,0.0,0.0,1,COMFORT
27.0,37.7,0.10000000000000142,-0.19999999999999574,1,COMFORT
20.4,52.0,-0.9000000000000021,5.0,0,COLD
21.4,25.3,-0.8000000000000007,-0.5,1,COMFORT
24.6,41.6,0.20000000000000284,0.3999999999999986,1,COMFORT
21.1,59.4,0.0,0.0,2,WARM_HUMID
22.9,67.7,0.0,0.0,2,WARM_HUMID
23.8,28.2,1.5,-1.5,0,COLD
26.8,56.5,0.0,0.0,1,COMFORT
24.3,22.8,0.9000000000000021,0.0,2,WARM_HUMID
21.6,34.4,0.9000000000000021,5.0,0,COLD
22.2,41.0,-1.5,-5.0,1,COMFORT
22.1,44.4,1.2000000000000028,0.0,1,COMFORT
27.2,50.0,0.09999999999999787,-2.1000000000000014,1,COMFORT
22.5,36.2,-1.5,2.8000000000000043,0,COLD
28.3,62.1,-1.0999999999999979,4.700000000000003,1,COMFORT
22.4,44.8,0.1999999999999993,-1.0,0,COLD
26.0,38.0,0.0,0.0,0,COLD
32.0,68.0,-1.0,5.0,3,HOT
23.2,46.6,-0.40000000000000213,4.600000000000001,0,COLD
23.5,43.8,-1.5,3.8999999999999986,2,WARM_HUMID
24.8,38.3,0.40000000000000213,-5.0,2,WARM_HUMID
24.2,30.8,0.3000000000000007,0.6000000000000014,2,WARM_HUMID
18.0,50.1,0.0,0.0,0,COLD
19.8,34.6,0.10000000000000142,5.0,2,WARM_HUMID
25.0,63.0,0.0,0.0,1,COMFORT
25.4,60.3,-1.0,-5.0,2,WARM_HUMID
21.0,58.0,0.0,0.0,1,COMFORT
26.0,23.8,1.5,-4.5,2,WARM_HUMID
22.7,51.3,-0.6000000000000014,5.0,2,WARM_HUMID
20.9,65.0,0.0,0.0,1,COMFORT
23.5,30.6,0.0,0.3000000000000007,3,HOT
26.0,79.8,0.3999999999999986,3.0,1,COMFORT
25.9,40.9,0.0,0.0,1,COMFORT
24.2,80.9,-0.9000000000000021,5.0,1,COMFORT
25.4,43.6,0.7999999999999972,-1.6999999999999957,1,COMFORT
22.7,28.4,-0.3000000000000007,-0.3000000000000007,1,COMFORT
18.7,49.6,0.09999999999999787,-0.29999999999999716,1,COMFORT
29.8,62.4,0.10000000000000142,0.10000000000000142,2,WARM_HUMID
25.5,37.6,0.3000000000000007,-0.10000000000000142,2,WARM_HUMID
22.6,32.2,1.4000000000000021,-0.29999999999999716,1,COMFORT
20.6,43.7,-1.5,-5.0,3,HOT
29.2,40.0,0.0,0.0,2,WARM_HUMID
21.8,36.0,0.3000000000000007,-1.3999999999999986,1,COMFORT
28.7,54.1,0.8999999999999986,2.5,3,HOT
25.5,46.7,1.1999999999999993,-1.0,2,WARM_HUMID
27.2,52.0,0.0,0.0,1,COMFORT
23.6,30.0,0.0,-0.3000000000000007,1,COMFORT
22.7,28.6,1.0999999999999979,5.0,0,COLD
18.7,54.8,-0.6999999999999993,1.0999999999999943,2,WARM_HUMID
22.4,41.4,-0.20000000000000284,1.1999999999999957,1,COMFORT
30.3,75.0,-0.1999999999999993,0.0,3,HOT
21.5,60.2,0.0,0.0,1,COMFORT
23.1,33.1,0.3000000000000007,5.0,2,WARM_HUMID
24.8,45.0,0.1999999999999993,4.700000000000003,1,COMFORT
25.0,64.0,0.0,0.0,0,COLD
19.4,27.8,1.5,1.1999999999999993,0,COLD
25.5,70.0,0.0,0.0,0,COLD
22.8,44.4,0.10000000000000142,-0.3999999999999986,3,HOT
23.4,30.3,-0.10000000000000142,-0.09999999999999787,0,COLD
20.3,48.9,0.0,1.1999999999999957,0,COLD
27.3,46.0,0.0,0.0,2,WARM_HUMID
19.8,65.7,-1.5,5.0,1,COMFORT
26.1,58.7,-0.09999999999999787,0.20000000000000284,1,COMFORT
24.2,34.2,0.1999999999999993,-0.5,1,COMFORT
22.8,61.4,0.1999999999999993,5.0,1,COMFORT
24.8,44.5,1.5,-5.0,3,HOT
32.6,69.5,-0.29999999999999716,-0.09999999999999432,3,HOT
23.7,61.8,-1.5,5.0,1,COMFORT
29.9,59.7,0.0,0.7000000000000028,1,COMFORT
19.0,37.0,-1.0,-4.600000000000001,0,COLD
29.8,62.0,1.1000000000000014,2.0,1,COMFORT
23.3,67.0,-0.5,-1.2999999999999972,1,COMFORT
23.8,47.4,0.10000000000000142,5.0,3,HOT
28.7,51.1,0.3000000000000007,0.30000000000000426,2,WARM_HUMID
28.6,33.5,-0.09999999999999787,2.8000000000000007,2,WARM_HUMID
22.2,64.4,-0.6999999999999993,1.500000000000007,0,COLD
22.6,37.3,0.20000000000000284,-4.900000000000006,2,WARM_HUMID
21.4,53.2,0.0,0.0,3,HOT
26.0,51.0,0.0,0.0,0,COLD
18.3,69.3,-1.5,5.0,0,COLD
21.1,59.7,1.5,-2.5999999999999943,1,COMFORT
22.4,71.7,0.0,0.7000000000000028,1,COMFORT
23.0,42.6,0.0,-1.7999999999999972,1,COMFORT
21.3,63.7,-0.3999999999999986,-0.29999999999999716,0,COLD
18.0,60.0,0.0,0.0,1,COMFORT
30.0,70.0,0.0,0.0,3,HOT
21.1,43.7,-0.1999999999999993,-0.7999999999999972,1,COMFORT
36.2,43.7,0.0,0.30000000000000426,3,HOT
28.8,65.7,0.3000000000000007,0.10000000000000853,3,HOT
23.6,60.4,0.0,0.0,3,HOT
24.0,18.9,0.1999999999999993,-5.0,1,COMFORT
17.2,62.9,-1.5,5.0,0,COLD
24.5,37.5,1.3999999999999986,-3.5,0,COLD
20.3,45.3,-0.1999999999999993,-0.20000000000000284,2,WARM_HUMID
22.2,45.7,0.5,0.9000000000000057,1,COMFORT
23.9,39.0,0.0,0.0,0,COLD
23.0,56.8,0.0,0.0,0,COLD
22.4,46.4,1.0,-0.7000000000000028,1,COMFORT
24.1,52.7,-0.09999999999999787,-0.19999999999999574,1,COMFORT
22.8,26.6,1.5,-3.099999999999998,3,HOT
25.4,52.6,0.09999999999999787,2.1000000000000014,1,COMFORT
23.2,72.3,0.8999999999999986,-3.700000000000003,1,COMFORT
24.1,51.9,-1.5,5.0,0,COLD
25.2,74.4,-1.1000000000000014,-5.0,0,COLD
25.0,61.0,0.0,-2.0,0,COLD
33.4,52.2,0.19999999999999574,-0.29999999999999716,3,HOT
25.1,45.6,0.0,0.0,2,WARM_HUMID
25.1,50.0,-0.09999999999999787,1.0,2,WARM_HUMID
23.8,40.6,0.0,0.0,0,COLD
27.3,46.1,0.9000000000000021,-0.6000000000000014,1,COMFORT
22.6,49.5,0.10000000000000142,-0.3999999999999986,2,WARM_HUMID
24.5,46.3,0.3999999999999986,-2.0,1,COMFORT
23.2,26.2,-0.1999999999999993,-0.9000000000000021,1,COMFORT
23.1,49.1,-0.5999999999999979,3.0,1,COMFORT
29.2,27.0,0.0,0.0,1,COMFORT
24.3,52.2,-0.3000000000000007,-5.0,2,WARM_HUMID
22.5,43.0,1.5,-4.299999999999997,0,COLD
23.5,42.4,0.6000000000000014,-0.20000000000000284,1,COMFORT
24.0,30.8,1.3999999999999986,-2.8000000000000007,0,COLD
27.7,32.4,-0.6999999999999993,-5.0,3,HOT
23.6,18.0,0.0,-1.0,1,COMFORT
26.3,34.3,-1.1999999999999993,1.1999999999999957,3,HOT
25.7,59.5,0.0,0.0,1,COMFORT
32.9,33.2,1.5,-5.0,3,HOT
24.0,26.6,0.5,0.3000000000000007,0,COLD
24.8,63.2,-0.3999999999999986,1.0,1,COMFORT
25.2,57.3,1.5,-5.0,1,COMFORT
22.5,55.6,0.5,5.0,1,COMFORT
22.9,48.4,-0.20000000000000284,0.5,0,COLD
22.7,37.8,0.1999999999999993,-4.900000000000006,3,HOT
17.7,38.5,-1.5,3.200000000000003,1,COMFORT
24.4,53.5,-0.10000000000000142,-0.20000000000000284,2,WARM_HUMID
22.5,62.1,-0.3000000000000007,-3.1000000000000014,1,COMFORT
21.7,29.6,0.5,1.6000000000000014,2,WARM_HUMID
27.2,32.8,-1.5,2.9999999999999964,0,COLD
26.6,78.7,0.40000000000000213,1.5,1,COMFORT
25.0,40.8,0.1999999999999993,-0.7000000000000028,3,HOT
21.0,35.7,0.3999999999999986,1.2000000000000028,2,WARM_HUMID
23.3,25.5,-0.1999999999999993,2.0,0,COLD
26.0,46.4,0.0,-0.20000000000000284,1,COMFORT
29.5,20.0,0.0,-4.0,3,HOT
23.7,63.5,-0.10000000000000142,2.1000000000000014,1,COMFORT
28.8,74.9,0.0,0.0,1,COMFORT
33.6,54.9,0.10000000000000142,0.29999999999999716,3,HOT
26.8,64.0,-0.5,5.0,1,COMFORT
21.2,32.7,-0.3000000000000007,4.100000000000001,0,COLD
21.3,49.3,1.1999999999999993,0.09999999999999432,0,COLD
20.8,47.8,-0.5,2.5,1,COMFORT
21.9,61.5,1.5,5.0,2,WARM_HUMID
21.6,43.9,-1.5,5.0,1,COMFORT
22.9,53.9,-1.3000000000000007,4.399999999999999,2,WARM_HUMID
24.4,43.2,0.0,-3.0999999999999943,3,HOT
25.1,35.2,-0.3999999999999986,-1.8999999999999986,3,HOT
28.5,38.0,0.0,0.0,3,HOT
23.7,43.2,0.3000000000000007,-2.5,2,WARM_HUMID
20.9,63.6,0.0,0.0,1,COMFORT
23.5,59.0,0.10000000000000142,-3.0,1,COMFORT
26.8,44.0,0.9000000000000021,-5.0,2,WARM_HUMID
22.1,34.5,-1.0999999999999979,5.0,2,WARM_HUMID
23.4,42.5,-0.5,5.0,2,WARM_HUMID
21.4,36.8,0.0,0.5999999999999943,0,COLD
20.5,73.4,0.0,0.0,0,COLD
26.5,38.8,0.3999999999999986,2.5999999999999943,1,COMFORT
22.7,57.1,-0.8000000000000007,-0.7999999999999972,1,COMFORT
21.2,70.9,0.0,0.0,1,COMFORT
25.6,42.6,-1.5,5.0,0,COLD
24.7,37.5,-0.6000000000000014,4.100000000000001,1,COMFORT
21.2,44.0,-1.5,5.0,1,COMFORT
23.0,29.0,0.10000000000000142,5.0,2,WARM_HUMID
19.8,58.3,-0.5,5.0,1,COMFORT
27.2,37.0,0.0,5.0,2,WARM_HUMID
31.1,45.0,-0.3999999999999986,-0.7999999999999972,1,COMFORT
30.6,36.0,1.5,-5.0,1,COMFORT
23.2,36.6,0.5,-5.0,0,COLD
23.0,23.6,-0.10000000000000142,-0.7999999999999972,1,COMFORT
27.6,42.0,0.20000000000000284,-0.29999999999999716,1,COMFORT
38.0,75.0,0.0,5.0,3,HOT
34.6,47.9,0.30000000000000426,-5.0,3,HOT
18.6,49.7,0.20000000000000284,-1.1999999999999957,0,COLD
22.1,41.4,-0.09999999999999787,-2.200000000000003,0,COLD
20.8,48.3,1.1000000000000014,-2.700000000000003,2,WARM_HUMID
27.3,66.2,1.5,2.9000000000000057,3,HOT
22.8,49.0,0.0,0.0,1,COMFORT
28.1,14.8,-0.1999999999999993,0.20000000000000107,1,COMFORT
24.1,21.9,1.5,-5.0,2,WARM_HUMID
23.1,71.2,0.6000000000000014,1.2000000000000028,1,COMFORT
28.7,62.9,0.0,0.0,2,WARM_HUMID
23.8,39.9,0.0,0.0,1,COMFORT
25.9,56.7,0.0,-2.1999999999999957,0,COLD
23.8,36.7,1.5,-5.0,0,COLD
20.8,72.0,-1.5,5.0,0,COLD
18.9,59.5,-1.5,-5.0,0,COLD
25.3,44.7,1.5,-5.0,2,WARM_HUMID
23.3,29.6,-0.3000000000000007,-1.6999999999999993,1,COMFORT
27.8,31.0,0.0,0.0,3,HOT
22.9,57.1,-1.5,5.0,3,HOT
28.4,58.3,0.0,0.0,0,COLD
21.3,33.4,0.5,-1.3999999999999986,0,COLD
23.5,36.1,-0.1999999999999993,5.0,0,COLD
24.6,72.6,0.0,0.0,1,COMFORT
25.3,34.0,0.0,0.0,0,COLD
26.8,25.4,-0.3000000000000007,-1.7000000000000028,3,HOT
22.9,55.6,-0.9000000000000021,0.0,2,WARM_HUMID
22.8,22.5,-0.3999999999999986,-5.0,3,HOT
21.3,46.8,1.1999999999999993,-4.100000000000001,0,COLD
29.5,63.0,0.0,0.0,2,WARM_HUMID
28.7,47.0,1.5,5.0,3,HOT
27.8,32.8,1.3000000000000007,-3.6000000000000014,1,COMFORT
30.4,61.7,0.0,0.0,3,HOT
23.4,62.0,0.0,0.0,1,COMFORT
24.1,65.0,1.1000000000000014,0.0,3,HOT
24.0,41.0,-0.3000000000000007,0.0,1,COMFORT
21.7,20.6,1.5,-5.0,0,COLD
24.9,57.9,0.0,-0.30000000000000426,1,COMFORT
30.2,34.0,0.0,0.0,0,COLD
30.0,69.2,0.0,0.0,2,WARM_HUMID
24.8,63.9,0.0,0.0,1,COMFORT
24.9,58.0,0.1999999999999993,3.0,2,WARM_HUMID
24.2,39.4,0.0,0.0,0,COLD
27.0,55.0,-1.0,0.0,2,WARM_HUMID
22.5,49.3,-1.5,0.8999999999999986,1,COMFORT
21.0,37.3,-1.1999999999999993,3.8999999999999986,1,COMFORT
32.9,64.3,0.0,0.0,3,HOT
28.6,41.8,-0.1999999999999993,-0.30000000000000426,1,COMFORT
27.9,55.4,-0.40000000000000213,5.0,2,WARM_HUMID
28.6,53.4,0.3000000000000007,0.29999999999999716,2,WARM_HUMID
29.8,48.0,0.0,0.0,2,WARM_HUMID
29.6,72.0,0.0,0.0,3,HOT
21.8,38.0,-0.5,3.299999999999997,1,COMFORT
22.5,69.7,-1.5,-5.0,1,COMFORT
26.8,54.0,-0.8999999999999986,4.0,1,COMFORT
30.9,62.0,0.7999999999999972,1.0,2,WARM_HUMID
25.2,52.0,0.0,0.0,1,COMFORT
24.8,74.1,-0.5,0.09999999999999432,2,WARM_HUMID
22.6,42.3,-0.6999999999999993,0.6999999999999957,1,COMFORT
25.4,52.0,0.6999999999999993,5.0,2,WARM_HUMID
21.3,27.3,0.3000000000000007,-5.0,0,COLD
28.7,62.9,0.1999999999999993,0.10000000000000142,1,COMFORT
27.3,46.0,0.0,0.0,1,COMFORT
28.0,35.7,1.5,-2.3999999999999986,3,HOT
22.3,25.5,-0.09999999999999787,-0.3000000000000007,1,COMFORT
29.7,46.0,-1.5,5.0,3,HOT
32.0,55.0,0.0,-5.0,3,HOT
22.2,53.6,0.3999999999999986,1.8000000000000043,2,WARM_HUMID
24.8,61.8,0.1999999999999993,-2.200000000000003,2,WARM_HUMID
34.5,45.1,-0.10000000000000142,0.30000000000000426,3,HOT
23.6,21.0,1.5,-5.0,1,COMFORT
24.0,45.5,1.5,-3.1000000000000014,1,COMFORT
28.9,38.0,0.0,0.0,2,WARM_HUMID
27.2,37.0,0.0,0.0,0,COLD
21.5,38.9,-1.5,5.0,0,COLD
28.8,59.1,1.3000000000000007,-2.299999999999997,3,HOT
29.8,40.2,0.0,0.0,2,WARM_HUMID
24.9,69.2,-1.4000000000000021,-0.5999999999999943,1,COMFORT
24.8,35.6,-0.3999999999999986,3.3000000000000043,1,COMFORT
24.2,56.9,-0.3000000000000007,3.6000000000000014,1,COMFORT
23.3,23.2,-0.8999999999999986,-0.6999999999999993,0,COLD
32.7,58.3,0.0,1.7999999999999972,3,HOT
26.5,60.1,0.0,1.0,1,COMFORT
21.9,27.0,-0.8000000000000007,-1.5,2,WARM_HUMID
16.0,46.0,1.0,-5.0,1,COMFORT
21.6,39.7,-0.3999999999999986,5.0,1,COMFORT
23.7,63.5,0.0,0.0,1,COMFORT
19.2,22.8,-1.5,-5.0,0,COLD
25.6,41.0,0.0,0.0,2,WARM_HUMID
25.7,67.6,0.6999999999999993,-1.4000000000000057,2,WARM_HUMID
26.1,49.0,0.40000000000000213,1.8999999999999986,0,COLD
22.6,43.0,-0.29999999999999716,0.0,1,COMFORT
24.8,59.0,-1.0999999999999979,5.0,0,COLD
20.8,54.5,0.0,0.0,0,COLD
21.7,60.3,-0.9000000000000021,5.0,0,COLD
23.2,23.6,0.5,-1.2999999999999972,1,COMFORT
25.9,49.7,0.29999999999999716,-5.0,3,HOT
29.1,29.0,0.0,0.0,2,WARM_HUMID
24.2,66.1,-0.3000000000000007,5.0,0,COLD
19.0,39.0,-0.3999999999999986,-0.20000000000000284,3,HOT
21.7,28.6,0.09999999999999787,-4.699999999999996,2,WARM_HUMID
21.6,57.2,-0.1999999999999993,5.0,1,COMFORT
29.0,79.0,0.3999999999999986,3.0,1,COMFORT
22.5,27.8,0.0,-5.0,1,COMFORT
22.3,41.5,0.0,-0.20000000000000284,2,WARM_HUMID
21.1,42.0,-0.09999999999999787,-0.20000000000000284,1,COMFORT
23.6,50.0,0.0,0.0,0,COLD
23.3,23.7,-0.5,-0.9000000000000021,3,HOT
24.0,52.0,0.6000000000000014,3.0,1,COMFORT
21.4,29.5,-0.40000000000000213,-1.5,0,COLD
14.6,55.6,-0.5,5.0,0,COLD
31.8,12.2,-1.4999999999999964,0.0,1,COMFORT
31.0,59.1,0.0,0.0,2,WARM_HUMID
23.0,65.0,-0.1999999999999993,1.0,2,WARM_HUMID
26.7,41.0,0.0,0.0,3,HOT
29.1,66.0,0.0,0.0,2,WARM_HUMID
29.3,58.3,0.5,-0.8000000000000043,3,HOT
22.7,48.7,-0.1999999999999993,-1.5,1,COMFORT
27.3,24.3,0.0,-0.3000000000000007,2,WARM_HUMID
20.6,30.0,0.0,0.0,2,WARM_HUMID
24.3,49.9,0.0,-1.8000000000000043,1,COMFORT
23.1,47.1,-0.5,-4.299999999999997,3,HOT
23.9,61.6,0.29999999999999716,-2.299999999999997,1,COMFORT
23.9,24.1,0.0,0.0,2,WARM_HUMID
22.0,48.6,0.3999999999999986,5.0,1,COMFORT
22.1,26.9,1.2000000000000028,-1.4000000000000021,1,COMFORT
28.1,46.1,0.0,0.0,2,WARM_HUMID
29.8,53.5,0.1999999999999993,-0.5,1,COMFORT
24.6,35.2,1.5,-5.0,1,COMFORT
13.6,38.3,-1.5,5.0,1,COMFORT
20.9,49.3,0.0,0.0,0,COLD
26.2,64.0,-0.5,5.0,1,COMFORT
22.6,32.2,0.3000000000000007,-5.0,1,COMFORT
29.1,10.4,1.5,0.09999999999999964,2,WARM_HUMID
22.2,48.7,-1.1999999999999993,0.30000000000000426,3,HOT
29.9,53.4,0.3999999999999986,0.6999999999999957,3,HOT
29.5,27.5,0.0,1.3000000000000007,2,WARM_HUMID
18.6,68.8,0.0,0.0,1,COMFORT
22.4,42.7,-0.9000000000000021,5.0,1,COMFORT
22.4,66.0,0.09999999999999787,-1.2999999999999972,2,WARM_HUMID
17.9,63.0,-0.9000000000000021,5.0,0,COLD
23.9,65.1,-0.7000000000000028,5.0,0,COLD
23.8,23.2,-0.3999999999999986,-4.800000000000001,0,COLD
25.1,48.4,0.10000000000000142,1.6000000000000014,2,WARM_HUMID
28.6,76.3,0.0,1.7999999999999972,1,COMFORT
26.6,44.7,0.0,0.0,1,COMFORT
22.7,34.8,-0.5,5.0,2,WARM_HUMID
22.7,25.8,0.0,0.0,1,COMFORT
28.0,42.0,0.0,0.0,2,WARM_HUMID
22.9,59.6,0.7999999999999972,-2.6000000000000014,1,COMFORT
27.7,30.0,0.0,0.0,2,WARM_HUMID
23.2,55.6,-0.1999999999999993,0.0,1,COMFORT
32.2,72.6,0.6000000000000014,3.5,1,COMFORT
25.7,50.0,0.0,0.0,0,COLD
23.9,52.5,0.0,0.0,1,COMFORT
30.3,69.3,-0.3999999999999986,-2.5,1,COMFORT
25.4,19.8,0.8999999999999986,0.1999999999999993,1,COMFORT
28.1,75.9,-0.5999999999999979,3.700000000000003,2,WARM_HUMID
21.3,37.8,-0.5,0.5999999999999943,1,COMFORT
25.9,50.1,1.5,3.1000000000000014,1,COMFORT
25.2,64.3,0.6999999999999993,-5.0,0,COLD
21.5,22.4,0.3999999999999986,0.0,1,COMFORT
23.4,64.0,-0.7000000000000028,-2.0,1,COMFORT
31.4,19.3,0.09999999999999787,-5.0,2,WARM_HUMID
24.2,25.7,0.5999999999999979,0.0,3,HOT
25.4,52.6,1.0999999999999979,-3.3999999999999986,1,COMFORT
27.0,60.0,-1.5,5.0,1,COMFORT
29.5,64.0,0.0,0.0,1,COMFORT
27.3,19.9,1.5,-5.0,3,HOT
22.5,42.4,0.3000000000000007,5.0,0,COLD
25.1,33.0,0.0,-0.7000000000000028,1,COMFORT
23.6,45.1,0.6000000000000014,3.700000000000003,1,COMFORT
26.9,63.0,0.0,0.0,2,WARM_HUMID
22.0,53.4,0.10000000000000142,-0.6000000000000014,1,COMFORT
25.2,54.3,-1.1999999999999993,5.0,1,COMFORT
29.1,66.0,0.0,0.0,1,COMFORT
26.6,86.8,0.5,2.200000000000003,1,COMFORT
26.1,23.7,1.5,-5.0,3,HOT
23.1,36.8,-1.5,5.0,2,WARM_HUMID
25.5,63.3,0.0,0.09999999999999432,1,COMFORT
23.8,45.8,-1.5,2.0999999999999943,1,COMFORT
21.2,44.7,0.3999999999999986,5.0,1,COMFORT
23.0,58.4,-0.1999999999999993,0.3999999999999986,2,WARM_HUMID
22.7,46.0,0.0,0.7000000000000028,1,COMFORT
23.0,56.8,0.0,0.0,1,COMFORT
13.4,62.3,1.200000000000001,-0.8000000000000043,0,COLD
22.8,15.5,-0.8999999999999986,0.8000000000000007,1,COMFORT
22.9,26.8,1.1999999999999993,-5.0,1,COMFORT
21.9,58.8,0.0,0.0,1,COMFORT
31.5,33.4,1.5,1.3999999999999986,1,COMFORT
28.2,33.0,0.0,0.0,0,COLD
22.4,35.8,0.0,0.09999999999999432,2,WARM_HUMID
21.8,52.5,0.0,0.0,3,HOT
21.2,23.2,-1.5,3.8000000000000007,1,COMFORT
23.7,50.8,1.0999999999999979,-0.7000000000000028,1,COMFORT
22.0,55.8,0.10000000000000142,3.8999999999999986,0,COLD
22.3,47.0,0.0,0.0,1,COMFORT
22.9,50.5,-0.10000000000000142,-1.7000000000000028,1,COMFORT
26.3,44.4,1.1000000000000014,-1.0,3,HOT
23.2,62.2,0.0,0.0,0,COLD
25.8,65.9,-0.5,-1.5,2,WARM_HUMID
27.4,49.6,0.1999999999999993,0.5,3,HOT
22.6,45.3,-0.5999999999999979,0.5999999999999943,0,COLD
24.2,51.7,0.1999999999999993,-0.29999999999999716,1,COMFORT
22.8,46.5,0.10000000000000142,-0.5,1,COMFORT
22.8,20.0,0.8000000000000007,-3.0,2,WARM_HUMID
20.7,25.1,-0.3000000000000007,-2.099999999999998,2,WARM_HUMID
25.5,54.8,-0.3000000000000007,0.09999999999999432,1,COMFORT
24.8,33.1,0.5,-0.5,3,HOT
23.1,55.5,0.0,0.0,3,HOT
29.2,27.0,0.0,0.0,2,WARM_HUMID
25.4,44.8,0.0,0.0,2,WARM_HUMID
25.8,63.9,0.0,-0.5000000000000071,1,COMFORT
23.3,32.2,1.5,-0.5,1,COMFORT
23.2,10.7,1.5,-2.9000000000000004,1,COMFORT
23.7,41.6,0.1999999999999993,0.0,0,COLD
28.7,39.5,1.5,-5.0,3,HOT
20.7,49.0,-0.40000000000000213,3.0,0,COLD
25.4,34.1,-0.8000000000000007,-5.0,2,WARM_HUMID
21.7,26.6,-1.5,-0.1999999999999993,1,COMFORT
24.3,31.0,1.5,4.800000000000001,3,HOT
24.5,60.9,0.8000000000000007,5.0,2,WARM_HUMID
26.0,53.0,0.0,0.0,0,COLD
24.5,63.0,-0.8999999999999986,5.0,2,WARM_HUMID
17.6,44.8,0.9000000000000021,0.5999999999999943,1,COMFORT
23.9,31.1,0.3999999999999986,5.0,1,COMFORT
27.1,52.0,0.0,0.0,0,COLD
29.7,58.0,-0.6999999999999993,5.0,2,WARM_HUMID
24.8,44.0,0.0,-1.1000000000000014,0,COLD
23.8,20.7,0.5,-3.6000000000000014,3,HOT
25.6,38.1,0.20000000000000284,-1.0,2,WARM_HUMID
16.5,55.0,-1.5,-3.0,1,COMFORT
18.3,66.1,-1.5,0.3999999999999915,0,COLD
21.9,53.2,0.0,0.0,3,HOT
11.6,57.9,0.0,1.8999999999999986,0,COLD
22.6,65.6,1.5,5.0,1,COMFORT
23.2,38.8,-1.5,3.6999999999999957,1,COMFORT
23.5,27.2,-0.3000000000000007,-5.0,1,COMFORT
20.7,56.0,0.1999999999999993,0.3999999999999986,0,COLD
31.3,54.0,-0.09999999999999787,-5.0,2,WARM_HUMID
23.9,38.9,-0.10000000000000142,0.10000000000000142,2,WARM_HUMID
18.0,35.2,0.3000000000000007,-1.0,0,COLD
20.6,36.5,0.0,0.29999999999999716,1,COMFORT
21.9,69.9,-1.2000000000000028,1.2000000000000028,1,COMFORT
30.7,39.9,0.0,0.0,3,HOT
22.6,66.9,0.0,0.0,0,COLD
25.9,47.2,0.0,0.5,2,WARM_HUMID
30.7,31.6,0.3999999999999986,1.2000000000000028,1,COMFORT
18.3,66.0,-0.1999999999999993,1.0,1,COMFORT
22.3,19.6,-0.1999999999999993,-0.5999999999999979,1,COMFORT
23.4,36.8,0.3999999999999986,1.2999999999999972,1,COMFORT
21.3,28.5,0.3000000000000007,-3.1999999999999993,1,COMFORT
24.6,48.3,0.10000000000000142,4.0,1,COMFORT
22.3,33.4,-0.3999999999999986,2.5,1,COMFORT
23.0,42.7,0.10000000000000142,-5.0,1,COMFORT
22.4,54.0,0.0,0.0,2,WARM_HUMID
22.5,19.3,0.0,-0.1999999999999993,1,COMFORT
23.6,28.8,0.0,-2.8000000000000007,1,COMFORT
19.4,40.7,0.09999999999999787,2.700000000000003,0,COLD
24.3,67.4,0.8000000000000007,5.0,1,COMFORT
26.0,57.7,0.0,0.0,1,COMFORT
17.4,22.0,1.5,-5.0,1,COMFORT
24.7,53.1,-1.3000000000000007,-0.29999999999999716,1,COMFORT
21.4,23.4,0.3999999999999986,-5.0,1,COMFORT
24.2,71.6,0.0,0.0,1,COMFORT
20.8,74.2,0.0,0.0,1,COMFORT
30.1,70.6,0.5,-0.9000000000000057,0,COLD
20.6,35.4,-0.5,2.6999999999999957,0,COLD
27.9,62.3,1.5,-5.0,1,COMFORT
29.1,76.0,-0.1999999999999993,-1.0,1,COMFORT
23.7,55.6,0.09999999999999787,0.0,2,WARM_HUMID
21.2,81.3,0.0,-0.10000000000000853,1,COMFORT
27.8,45.8,0.8000000000000007,-5.0,0,COLD
25.4,36.8,0.5999999999999979,-1.5,1,COMFORT
22.7,37.9,0.0,-2.8999999999999986,1,COMFORT
23.7,50.2,-0.8000000000000007,-0.29999999999999716,0,COLD
23.0,44.0,-1.5,2.6000000000000014,3,HOT
26.0,54.1,0.3000000000000007,-0.6000000000000014,2,WARM_HUMID
30.8,65.8,0.0,0.0,2,WARM_HUMID
21.0,23.7,0.6999999999999993,-2.3000000000000007,0,COLD
24.9,47.0,0.6999999999999993,-5.0,2,WARM_HUMID
25.5,51.7,0.1999999999999993,-0.6999999999999957,0,COLD
23.3,24.2,0.5,2.5,1,COMFORT
23.0,43.3,0.1999999999999993,0.5,1,COMFORT
28.9,44.0,0.0,0.0,2,WARM_HUMID
23.7,54.6,0.8000000000000007,-2.0,0,COLD
22.1,54.2,-0.09999999999999787,-0.09999999999999432,1,COMFORT
24.7,50.8,1.0999999999999979,-3.0,1,COMFORT
21.6,33.3,0.3000000000000007,2.4999999999999964,3,HOT
29.2,77.1,-0.40000000000000213,0.0,0,COLD
11.0,71.9,-0.1999999999999993,-0.19999999999998863,1,COMFORT
24.8,31.7,-0.5999999999999979,3.0,1,COMFORT
27.0,28.5,1.5,-5.0,1,COMFORT
24.1,74.2,-0.6999999999999993,3.1000000000000085,3,HOT
20.3,52.2,-0.5,1.4000000000000057,1,COMFORT
25.5,38.6,-1.1000000000000014,5.0,2,WARM_HUMID
23.8,21.6,1.5,-5.0,2,WARM_HUMID
22.8,35.6,-0.1999999999999993,1.6000000000000014,1,COMFORT
26.0,57.8,0.3999999999999986,3.3999999999999986,2,WARM_HUMID
22.2,43.3,1.5,-5.0,1,COMFORT
23.1,31.2,0.6000000000000014,0.8999999999999986,2,WARM_HUMID
23.1,24.0,0.20000000000000284,-1.6000000000000014,2,WARM_HUMID
28.2,46.0,0.0,0.0,2,WARM_HUMID
28.7,60.0,-1.5,0.0,1,COMFORT
19.2,54.8,0.0,0.0,0,COLD
24.2,23.8,-0.10000000000000142,2.1999999999999993,1,COMFORT
23.7,61.0,1.0999999999999979,-5.0,0,COLD
35.0,52.0,1.5,3.0,2,WARM_HUMID
23.3,37.1,-0.3000000000000007,0.20000000000000284,0,COLD
20.7,55.5,1.5,-5.0,1,COMFORT
25.8,57.7,0.0,0.0,0,COLD
23.2,10.7,0.0,0.0,1,COMFORT
24.8,56.1,0.10000000000000142,0.5,2,WARM_HUMID
24.8,49.0,0.0,0.0,0,COLD
22.0,63.7,-0.10000000000000142,-0.3999999999999915,1,COMFORT
23.8,33.2,-0.5,5.0,1,COMFORT
24.7,42.2,-0.3000000000000007,5.0,0,COLD
23.0,42.9,-0.3999999999999986,1.2999999999999972,1,COMFORT
23.7,37.0,0.0,0.0,3,HOT
23.9,50.1,1.5,-1.5,0,COLD
22.3,38.6,-1.5,5.0,1,COMFORT
27.5,59.6,0.0,0.0,3,HOT
31.9,53.0,-0.7000000000000028,0.0,3,HOT
23.9,47.5,0.0,-0.7999999999999972,1,COMFORT
22.3,32.6,-1.5,5.0,2,WARM_HUMID
29.7,75.7,-1.5,5.0,1,COMFORT
25.8,39.5,0.8000000000000007,0.8999999999999986,1,COMFORT
21.8,40.6,-1.5,5.0,1,COMFORT
24.6,48.1,0.3000000000000007,2.200000000000003,2,WARM_HUMID
20.8,61.4,0.0,0.0,0,COLD
28.5,51.4,-0.1999999999999993,0.19999999999999574,3,HOT
23.7,45.7,0.0,0.0,2,WARM_HUMID
22.6,39.5,0.40000000000000213,-0.3999999999999986,0,COLD
23.6,28.1,1.4000000000000021,2.0,0,COLD
30.5,35.0,1.5,0.6000000000000014,2,WARM_HUMID
31.2,64.0,0.0,1.0,3,HOT
24.9,33.0,0.1999999999999993,3.1999999999999993,1,COMFORT
23.4,27.2,0.3999999999999986,4.399999999999999,3,HOT
25.0,38.8,-0.6000000000000014,0.29999999999999716,1,COMFORT
22.6,47.1,-0.09999999999999787,0.8000000000000043,1,COMFORT
24.9,25.2,0.1999999999999993,0.5,1,COMFORT
24.4,50.5,-0.9000000000000021,0.29999999999999716,0,COLD
32.0,62.4,-0.5,1.0,3,HOT
22.3,46.2,-0.09999999999999787,2.0,0,COLD
25.4,53.3,-0.10000000000000142,1.2999999999999972,2,WARM_HUMID
23.4,60.9,0.0,0.0,1,COMFORT
23.3,56.5,0.40000000000000213,1.2999999999999972,1,COMFORT
21.0,58.0,0.0,0.0,1,COMFORT
28.0,53.0,0.6999999999999993,-2.0,2,WARM_HUMID
28.5,51.4,0.0,0.0,3,HOT
26.0,60.0,0.0,0.0,2,WARM_HUMID
27.4,26.2,0.29999999999999716,0.3999999999999986,0,COLD
21.7,61.9,-0.8000000000000007,4.0,1,COMFORT
23.8,59.1,0.1999999999999993,5.0,0,COLD
25.0,52.3,1.5,0.5,2,WARM_HUMID
26.9,44.2,0.0,0.0,1,COMFORT
25.4,24.2,1.1999999999999993,1.3999999999999986,2,WARM_HUMID
24.2,45.4,0.3000000000000007,3.299999999999997,1,COMFORT
25.0,30.7,0.3000000000000007,-0.5,2,WARM_HUMID
25.3,50.0,0.0,0.0,3,HOT
23.1,62.0,-0.7999999999999972,2.0,0,COLD
24.6,72.6,0.0,0.0,0,COLD
20.9,49.3,0.0,0.0,3,HOT
29.9,25.3,0.0,5.0,1,COMFORT
27.2,47.4,-0.1999999999999993,0.8999999999999986,2,WARM_HUMID
25.8,40.0,-0.5,-5.0,1,COMFORT
26.0,57.7,0.0,0.0,0,COLD
26.5,40.7,1.3000000000000007,-4.199999999999996,1,COMFORT
23.9,27.3,-0.10000000000000142,0.6999999999999993,2,WARM_HUMID
30.8,67.6,0.0,0.0,2,WARM_HUMID
22.5,49.3,-1.3999999999999986,4.199999999999996,2,WARM_HUMID
25.0,51.0,1.1000000000000014,-2.799999999999997,1,COMFORT
22.0,35.3,1.3999999999999986,3.8999999999999986,0,COLD
21.3,53.0,0.10000000000000142,3.8999999999999986,1,COMFORT
22.8,44.0,1.4000000000000021,-2.1000000000000014,2,WARM_HUMID
30.9,57.1,-0.5,5.0,1,COMFORT
23.1,34.1,0.6000000000000014,5.0,2,WARM_HUMID
25.3,40.2,0.1999999999999993,-0.19999999999999574,1,COMFORT
28.9,44.0,0.0,0.0,3,HOT
27.2,48.2,0.8000000000000007,2.0,3,HOT
20.1,30.0,-0.3999999999999986,0.0,1,COMFORT
26.0,39.7,0.3999999999999986,3.1000000000000014,1,COMFORT
22.4,26.6,-0.5,0.6000000000000014,2,WARM_HUMID
24.4,19.9,-0.10000000000000142,-3.6000000000000014,3,HOT
26.0,80.8,0.0,1.0,2,WARM_HUMID
22.2,10.3,-1.4000000000000021,0.0,1,COMFORT
22.3,25.4,-0.1999999999999993,-2.8000000000000007,1,COMFORT
23.4,49.1,0.5,-5.0,2,WARM_HUMID
25.9,21.8,0.0,0.0,3,HOT
26.3,34.8,0.6999999999999993,-1.5,2,WARM_HUMID
22.5,35.1,-0.3000000000000007,2.700000000000003,2,WARM_HUMID
22.2,53.7,0.6999999999999993,5.0,1,COMFORT
24.0,61.6,-0.3999999999999986,-0.8999999999999986,1,COMFORT
31.0,59.1,0.0,0.0,2,WARM_HUMID
23.2,41.9,0.0,2.3999999999999986,1,COMFORT
26.0,57.7,0.0,0.0,2,WARM_HUMID
24.1,59.8,-0.29999999999999716,-1.6000000000000014,3,HOT
23.0,23.4,1.0,-5.0,1,COMFORT
23.7,40.0,0.0,0.0,0,COLD
21.6,22.0,1.5,-5.0,0,COLD
29.7,57.7,1.5,1.4000000000000057,1,COMFORT
25.9,63.9,-0.20000000000000284,-1.3999999999999986,1,COMFORT
22.1,40.9,0.0,0.0,2,WARM_HUMID
17.0,42.0,1.5,-5.0,3,HOT
20.1,42.4,0.40000000000000213,-0.3999999999999986,0,COLD
22.7,47.3,-1.0,0.5,1,COMFORT
26.0,25.2,1.5,-3.3000000000000007,0,COLD
22.0,31.4,-0.6999999999999993,2.0,0,COLD
24.8,43.1,0.0,0.10000000000000142,1,COMFORT
29.0,46.6,0.6000000000000014,-1.0,2,WARM_HUMID
22.5,24.5,-0.10000000000000142,-5.0,1,COMFORT
22.3,27.1,-0.09999999999999787,0.3000000000000007,1,COMFORT
32.0,73.0,0.0,-5.0,3,HOT
26.9,56.3,0.09999999999999787,-4.200000000000003,3,HOT
21.9,71.7,-1.2000000000000028,0.9000000000000057,1,COMFORT
27.7,52.0,0.0,0.0,3,HOT
29.0,79.0,0.0,0.0,3,HOT
22.6,44.2,1.2000000000000028,-5.0,2,WARM_HUMID
27.7,34.1,-1.5,3.0,1,COMFORT
21.0,49.0,0.1999999999999993,0.8999999999999986,2,WARM_HUMID
25.4,74.8,-0.20000000000000284,-1.6000000000000085,1,COMFORT
23.3,25.7,0.6999999999999993,0.0,3,HOT
22.8,55.5,0.10000000000000142,-2.5,2,WARM_HUMID
23.9,43.5,-0.10000000000000142,1.7999999999999972,1,COMFORT
22.5,46.2,0.0,1.2000000000000028,1,COMFORT
24.0,25.7,0.3999999999999986,0.0,2,WARM_HUMID
21.0,26.0,-0.8000000000000007,-2.3999999999999986,1,COMFORT
20.5,43.8,-1.5,5.0,1,COMFORT
29.9,61.0,0.09999999999999787,0.10000000000000142,1,COMFORT
22.7,68.6,0.1999999999999993,-1.6000000000000085,1,COMFORT
21.6,60.5,0.0,0.0,2,WARM_HUMID
22.8,48.2,-1.5,3.4000000000000057,2,WARM_HUMID
24.6,35.9,-1.5,5.0,2,WARM_HUMID
29.1,45.0,0.0,0.0,1,COMFORT
23.3,48.9,0.0,0.0,1,COMFORT
23.0,44.0,-1.1000000000000014,2.0,0,COLD
21.6,81.3,0.0,0.0,1,COMFORT
23.8,30.8,0.3000000000000007,-2.8000000000000007,0,COLD
17.4,52.6,0.09999999999999787,-0.10000000000000142,0,COLD
20.2,19.5,-1.5,-0.3000000000000007,1,COMFORT
27.7,86.0,0.8999999999999986,2.5,0,COLD
24.2,47.9,-0.1999999999999993,1.0,1,COMFORT
25.8,57.7,0.0,0.0,0,COLD
23.6,38.8,0.5,-5.0,1,COMFORT
21.5,67.0,0.0,0.0,1,COMFORT
26.3,64.8,0.5,-4.5,2,WARM_HUMID
22.1,34.9,1.2000000000000028,-2.3000000000000043,1,COMFORT
28.7,47.0,-0.8000000000000007,-0.7999999999999972,2,WARM_HUMID
26.9,45.2,0.7999999999999972,-3.6999999999999957,0,COLD
28.6,76.0,-0.1999999999999993,-0.09999999999999432,1,COMFORT
22.0,49.8,0.3000000000000007,-0.10000000000000142,3,HOT
19.3,45.3,1.5,-3.0,0,COLD
23.0,50.7,-1.3000000000000007,2.3000000000000043,0,COLD
22.5,54.7,-0.8999999999999986,2.200000000000003,1,COMFORT
24.4,46.3,1.3999999999999986,5.0,0,COLD
21.3,57.9,0.5,-4.399999999999999,2,WARM_HUMID
20.6,35.4,0.7000000000000028,-1.8000000000000043,1,COMFORT
22.5,28.7,-1.1999999999999993,-5.0,0,COLD
31.0,78.0,1.5,5.0,2,WARM_HUMID
24.0,32.6,-1.5,2.6000000000000014,1,COMFORT
24.8,45.7,1.5,-2.3999999999999986,1,COMFORT
20.2,64.6,0.5999999999999979,-1.7000000000000028,1,COMFORT
31.2,72.7,0.09999999999999787,-0.7000000000000028,2,WARM_HUMID
27.7,44.0,-0.40000000000000213,-2.0,0,COLD
28.8,74.5,1.5,5.0,1,COMFORT
22.2,48.5,-0.6999999999999993,-5.0,1,COMFORT
22.8,32.0,-0.1999999999999993,2.3000000000000007,0,COLD
23.7,53.9,0.5,-3.200000000000003,1,COMFORT
23.4,22.8,0.09999999999999787,-0.5999999999999979,3,HOT
23.0,57.1,-0.10000000000000142,-0.29999999999999716,1,COMFORT
22.1,79.2,0.40000000000000213,-1.3999999999999915,1,COMFORT
21.6,29.2,0.0,0.0,1,COMFORT
23.6,45.8,-0.3999999999999986,-0.30000000000000426,1,COMFORT
25.6,76.4,0.5,2.6000000000000085,2,WARM_HUMID
33.5,33.1,0.0,1.8000000000000007,3,HOT
23.2,20.0,0.0,0.0,1,COMFORT
23.2,48.3,0.5999999999999979,-0.6000000000000014,1,COMFORT
22.9,68.8,-0.6000000000000014,1.0999999999999943,0,COLD
25.7,43.0,0.09999999999999787,-5.0,1,COMFORT
24.5,91.0,0.3999999999999986,2.0,1,COMFORT
33.0,87.0,1.0,5.0,3,HOT
28.1,40.0,0.0,0.0,0,COLD
22.8,39.4,0.10000000000000142,-0.8999999999999986,1,COMFORT
31.9,68.4,1.5,-5.0,0,COLD
30.3,61.5,-0.3000000000000007,2.200000000000003,1,COMFORT
38.0,70.0,0.0,0.0,3,HOT
26.0,57.7,0.0,0.0,1,COMFORT
26.2,40.8,1.5,-1.7000000000000028,3,HOT
23.9,40.5,-0.10000000000000142,-1.3999999999999986,2,WARM_HUMID
23.6,38.8,0.5,-5.0,0,COLD
21.6,23.8,0.0,0.0,2,WARM_HUMID
23.2,66.0,0.3999999999999986,-2.200000000000003,1,COMFORT
23.8,51.7,-1.5,5.0,1,COMFORT
23.2,43.4,-0.3000000000000007,1.2999999999999972,1,COMFORT
22.8,46.1,-1.5,-0.7999999999999972,0,COLD
23.7,48.4,1.0,1.2999999999999972,3,HOT
29.5,43.0,0.3000000000000007,-2.0,3,HOT
18.8,36.0,-1.5,-5.0,1,COMFORT
20.8,74.2,0.0,0.0,0,COLD
23.1,42.1,-1.5,5.0,1,COMFORT
26.7,59.0,-0.3000000000000007,5.0,0,COLD
26.4,45.5,-1.5,4.5,2,WARM_HUMID
20.6,64.4,-1.5,5.0,0,COLD
23.3,29.2,0.0,-5.0,0,COLD
27.1,56.4,0.6000000000000014,-1.1000000000000014,0,COLD
21.4,42.5,0.3999999999999986,-0.5,0,COLD
25.5,39.0,0.0,0.0,0,COLD
28.8,49.0,0.0,0.0,3,HOT
24.2,29.0,1.5,-5.0,3,HOT
31.5,36.2,0.0,-0.29999999999999716,2,WARM_HUMID
24.6,60.5,1.5,4.5,1,COMFORT
26.4,42.0,0.0,0.0,2,WARM_HUMID
24.2,58.6,1.5,3.1000000000000014,1,COMFORT
29.0,75.0,0.8999999999999986,-1.0,2,WARM_HUMID
27.3,46.0,0.0,0.0,0,COLD
26.7,56.0,0.3999999999999986,-4.0,0,COLD
25.4,47.9,0.09999999999999787,-0.6000000000000014,2,WARM_HUMID
26.5,41.5,0.1999999999999993,0.8999999999999986,3,HOT
19.3,68.5,-1.5,5.0,1,COMFORT
22.8,61.9,-0.3999999999999986,-5.0,1,COMFORT
25.5,75.1,0.8999999999999986,5.0,1,COMFORT
28.2,68.7,0.0,0.0,1,COMFORT
21.7,33.0,0.8999999999999986,0.0,1,COMFORT
24.2,63.2,0.0,0.7000000000000028,2,WARM_HUMID
25.7,52.1,0.0,0.0,3,HOT
37.0,59.0,1.5,-5.0,3,HOT
25.0,25.8,-0.10000000000000142,0.10000000000000142,3,HOT
22.0,55.0,-1.5,1.3999999999999986,3,HOT
30.0,52.0,0.0,0.0,3,HOT
23.0,22.4,0.8000000000000007,0.0,0,COLD
20.3,49.9,0.10000000000000142,0.6000000000000014,3,HOT
21.0,42.1,-1.5,5.0,2,WARM_HUMID
25.4,74.8,-0.20000000000000284,-1.6000000000000085,1,COMFORT
23.2,10.7,0.0,0.0,0,COLD
29.5,76.0,1.5,5.0,1,COMFORT
29.9,75.9,0.0,0.0,2,WARM_HUMID
21.3,73.8,0.0,-0.20000000000000284,0,COLD
32.6,69.9,1.1000000000000014,-1.8999999999999915,2,WARM_HUMID
26.0,80.8,0.0,1.0,2,WARM_HUMID
26.4,36.2,-0.8000000000000007,0.10000000000000142,1,COMFORT
23.4,28.2,1.5,-2.6999999999999993,0,COLD
23.1,64.6,0.8000000000000007,3.299999999999997,1,COMFORT
22.2,28.3,-1.1999999999999993,0.10000000000000142,1,COMFORT
26.9,66.2,-0.40000000000000213,1.4000000000000057,1,COMFORT
24.1,62.4,0.10000000000000142,0.19999999999999574,1,COMFORT
25.9,38.2,-0.5,-5.0,2,WARM_HUMID
20.6,34.5,-0.3999999999999986,4.699999999999999,0,COLD
31.2,38.1,0.09999999999999787,-0.29999999999999716,2,WARM_HUMID
30.9,72.0,0.0,0.0,1,COMFORT
24.2,43.2,1.5,-5.0,0,COLD
24.6,11.8,1.5,-3.5999999999999996,1,COMFORT
21.1,53.1,0.40000000000000213,0.5,1,COMFORT
23.7,48.1,1.5,5.0,1,COMFORT
28.7,62.9,0.0,0.0,2,WARM_HUMID
24.7,39.5,1.0,-1.3999999999999986,1,COMFORT
21.8,47.6,0.0,0.0,1,COMFORT
28.1,30.0,0.0,0.0,3,HOT
23.5,66.7,0.0,0.0,1,COMFORT
23.8,58.0,1.1000000000000014,2.0,1,COMFORT
26.2,66.1,0.09999999999999787,-0.4000000000000057,1,COMFORT
23.3,51.4,0.10000000000000142,-0.3999999999999986,1,COMFORT
25.9,56.0,0.0,0.0,0,COLD
25.0,43.4,0.10000000000000142,0.10000000000000142,2,WARM_HUMID
25.3,46.8,0.0,0.5,2,WARM_HUMID
26.9,49.0,0.0,0.0,2,WARM_HUMID
24.8,46.0,0.0,0.0,1,COMFORT
29.3,63.7,0.10000000000000142,-0.19999999999999574,1,COMFORT
22.8,31.4,-1.5,5.0,1,COMFORT
20.6,25.7,-0.3999999999999986,-1.5,2,WARM_HUMID
22.9,55.3,-0.7000000000000028,5.0,0,COLD
25.1,76.1,-1.3999999999999986,5.0,0,COLD
24.6,52.4,-0.3999999999999986,2.799999999999997,2,WARM_HUMID
23.7,62.9,0.0,0.0,2,WARM_HUMID
24.4,69.7,0.7999999999999972,-2.799999999999997,2,WARM_HUMID
24.8,67.3,-1.3000000000000007,4.399999999999999,1,COMFORT
19.7,42.8,0.09999999999999787,-0.20000000000000284,2,WARM_HUMID
18.5,62.0,-0.5,-5.0,0,COLD
18.6,68.8,0.0,0.0,1,COMFORT
22.0,24.7,0.6999999999999993,-5.0,1,COMFORT
26.0,40.5,0.6999999999999993,0.7000000000000028,0,COLD
31.0,64.0,0.10000000000000142,0.10000000000000142,3,HOT
21.9,25.3,-0.7000000000000028,0.8000000000000007,0,COLD
24.1,39.5,0.10000000000000142,1.1000000000000014,0,COLD
25.6,30.5,1.5,0.0,2,WARM_HUMID
23.5,29.0,-0.10000000000000142,-2.3999999999999986,2,WARM_HUMID
23.9,27.5,-1.5,2.6999999999999993,1,COMFORT
22.1,49.9,0.10000000000000142,-2.6000000000000014,1,COMFORT
27.3,45.6,1.5,0.7000000000000028,2,WARM_HUMID
24.3,44.2,0.6000000000000014,0.5,1,COMFORT
35.8,32.8,1.5,-0.5,3,HOT
27.3,46.0,0.5,-5.0,2,WARM_HUMID
21.7,35.8,0.1999999999999993,-1.5,1,COMFORT
22.2,36.7,0.0,0.0,1,COMFORT
22.9,61.1,0.0,0.0,1,COMFORT
35.4,52.5,0.5,5.0,2,WARM_HUMID
25.5,20.5,0.0,0.0,3,HOT
23.4,43.6,0.09999999999999787,0.6000000000000014,0,COLD
30.5,73.3,0.0,0.0,1,COMFORT
17.8,38.4,1.5,-1.6000000000000014,0,COLD
20.8,58.8,-0.5999999999999979,5.0,1,COMFORT
24.5,48.2,-1.5,-1.2999999999999972,1,COMFORT
11.6,50.3,0.0,0.0,0,COLD
21.9,53.2,-0.40000000000000213,3.1000000000000014,0,COLD
25.3,31.8,-0.6999999999999993,4.699999999999999,2,WARM_HUMID
23.7,50.2,1.1999999999999993,1.6000000000000014,0,COLD
22.1,19.5,0.10000000000000142,-0.10000000000000142,1,COMFORT
24.1,31.0,-0.09999999999999787,0.0,1,COMFORT
22.2,20.0,-1.1999999999999993,2.1999999999999993,0,COLD
16.2,67.7,0.5,3.299999999999997,0,COLD
23.6,79.0,-0.5,3.0,0,COLD
29.8,48.0,-1.3999999999999986,0.0,2,WARM_HUMID
20.4,73.0,-1.1000000000000014,1.0,1,COMFORT
26.1,38.0,0.0,0.0,2,WARM_HUMID
23.5,45.0,-0.6999999999999993,1.0,1,COMFORT
16.2,62.3,0.0,-1.7000000000000028,0,COLD
21.1,67.7,0.10000000000000142,-0.29999999999999716,1,COMFORT
25.6,39.4,1.5,-1.5,3,HOT
23.6,54.7,-0.6999999999999993,5.0,0,COLD
21.3,63.7,0.0,0.0,0,COLD
25.1,59.4,0.0,-2.8999999999999986,0,COLD
27.0,64.0,0.0,0.0,1,COMFORT
28.5,52.0,1.1999999999999993,1.0,3,HOT
27.6,70.3,1.0,5.0,2,WARM_HUMID
27.7,26.8,1.5,-3.5,1,COMFORT
31.3,33.0,-0.9999999999999964,5.0,1,COMFORT
21.1,46.0,1.1000000000000014,-5.0,1,COMFORT
22.1,60.7,0.20000000000000284,2.5,1,COMFORT
23.9,49.2,-1.5,5.0,2,WARM_HUMID
29.6,45.0,0.0,0.0,3,HOT
23.6,19.0,1.3000000000000007,-2.3999999999999986,1,COMFORT
24.6,72.1,-1.5,3.5999999999999943,1,COMFORT
22.5,28.2,-0.1999999999999993,-5.0,1,COMFORT
27.0,54.1,0.3000000000000007,-0.3999999999999986,2,WARM_HUMID
23.2,17.0,0.0,0.0,1,COMFORT
23.8,26.6,0.0,0.0,2,WARM_HUMID
22.3,31.2,0.8000000000000007,1.1999999999999993,1,COMFORT
28.0,58.8,-1.3000000000000007,5.0,1,COMFORT
22.3,48.1,0.1999999999999993,-1.7999999999999972,3,HOT
29.4,66.1,0.0,-0.7000000000000028,0,COLD
27.9,29.5,0.0,-0.3999999999999986,0,COLD
21.3,80.2,0.0,0.7999999999999972,1,COMFORT
26.6,39.3,1.1000000000000014,-0.5,3,HOT
25.7,57.2,0.0,0.0,2,WARM_HUMID
22.4,41.9,-1.1000000000000014,5.0,1,COMFORT
29.0,49.0,0.0,0.0,1,COMFORT
24.7,56.3,0.0,0.0,2,WARM_HUMID
28.3,10.3,-1.0999999999999979,-2.6999999999999993,1,COMFORT
26.0,57.7,0.0,0.0,1,COMFORT
25.2,45.8,-1.0,3.0999999999999943,1,COMFORT
27.2,52.4,-0.10000000000000142,1.1000000000000014,1,COMFORT
21.9,48.9,-0.20000000000000284,3.8999999999999986,3,HOT
24.3,23.5,1.5,-5.0,3,HOT
26.4,34.7,-0.9000000000000021,1.8000000000000043,1,COMFORT
23.6,54.2,-1.0999999999999979,1.8000000000000043,1,COMFORT
26.7,75.9,0.0,0.0,0,COLD
22.5,44.0,0.0,0.0,1,COMFORT
24.0,43.9,0.6999999999999993,3.1999999999999957,1,COMFORT
25.8,47.0,-1.5,4.0,0,COLD
24.1,43.6,0.9000000000000021,-1.1000000000000014,1,COMFORT
24.1,65.3,-0.1999999999999993,5.0,1,COMFORT
24.1,34.3,-0.29999999999999716,1.8999999999999986,2,WARM_HUMID
18.9,68.0,1.0999999999999979,-1.0,1,COMFORT
24.8,41.1,1.1999999999999993,1.8000000000000043,1,COMFORT
22.8,63.4,-1.5,0.0,1,COMFORT
24.0,64.2,1.1999999999999993,5.0,0,COLD
25.6,47.7,1.5,-4.299999999999997,2,WARM_HUMID
23.4,58.3,0.0,0.0,0,COLD
30.2,30.4,-0.10000000000000142,-5.0,1,COMFORT
27.6,26.0,1.5,-5.0,0,COLD
33.5,42.0,0.5,-0.7999999999999972,2,WARM_HUMID
23.2,27.4,0.1999999999999993,-3.900000000000002,2,WARM_HUMID
21.4,41.4,-1.1000000000000014,1.1999999999999957,0,COLD
24.4,47.2,0.3999999999999986,-0.09999999999999432,1,COMFORT
26.8,48.6,0.6999999999999993,-3.6000000000000014,1,COMFORT
21.6,42.3,-1.5,5.0,0,COLD
27.6,67.8,0.0,1.0,1,COMFORT
30.1,59.0,-0.7999999999999972,-3.0,1,COMFORT
22.8,37.0,-0.3000000000000007,1.7000000000000028,3,HOT
23.4,60.9,-0.20000000000000284,0.10000000000000142,0,COLD
30.1,41.0,0.0,0.0,0,COLD
22.6,69.8,0.10000000000000142,4.200000000000003,1,COMFORT
21.1,41.0,-0.09999999999999787,-0.10000000000000142,1,COMFORT
21.1,28.4,-0.5,0.7999999999999972,1,COMFORT
12.8,73.1,0.0,3.3999999999999915,0,COLD
22.4,42.0,-0.5,4.299999999999997,1,COMFORT
24.4,22.6,-1.2000000000000028,-1.1999999999999993,1,COMFORT
24.9,43.8,0.0,-1.1000000000000014,1,COMFORT
22.7,38.8,-1.5,5.0,3,HOT
24.4,54.9,0.0,0.0,1,COMFORT
32.2,10.3,1.4000000000000021,-0.1999999999999993,2,WARM_HUMID
29.0,40.1,1.5,-5.0,3,HOT
24.3,49.3,-1.3000000000000007,1.5999999999999943,1,COMFORT
32.0,20.6,1.3999999999999986,-0.1999999999999993,2,WARM_HUMID
23.0,33.7,0.0,0.0,1,COMFORT
21.9,52.0,0.0,-1.0,0,COLD
23.8,35.9,-1.5,5.0,0,COLD
21.6,43.7,-0.3999999999999986,2.1000000000000014,1,COMFORT
23.1,33.5,0.0,0.0,0,COLD
22.3,19.9,0.0,0.0,0,COLD
21.0,22.5,0.0,-2.1000000000000014,3,HOT
22.5,44.0,0.0,0.0,0,COLD
26.1,48.9,1.3000000000000007,3.0,0,COLD
23.0,67.4,-0.3999999999999986,0.0,0,COLD
20.9,63.2,1.5,0.10000000000000142,3,HOT
23.1,43.7,0.40000000000000213,-2.0,0,COLD
23.8,52.1,1.1999999999999993,-4.199999999999996,2,WARM_HUMID
19.6,29.3,0.8000000000000007,-3.1999999999999993,0,COLD
20.3,57.9,-0.8000000000000007,5.0,0,COLD
33.4,55.8,0.29999999999999716,2.3999999999999986,3,HOT
29.6,57.0,-0.3999999999999986,0.0,3,HOT
22.4,57.0,0.5999999999999979,-2.0,0,COLD
26.5,12.9,0.0,-3.9000000000000004,1,COMFORT
23.2,30.5,0.09999999999999787,0.0,1,COMFORT
18.9,41.9,-0.10000000000000142,-1.5,1,COMFORT
26.2,61.0,0.0,0.0,0,COLD
20.2,66.3,0.0,0.0,1,COMFORT
32.7,37.9,0.20000000000000284,-0.5,2,WARM_HUMID
29.8,62.0,0.5,-1.0,1,COMFORT
25.0,64.0,0.0,0.0,1,COMFORT
35.1,36.1,-0.10000000000000142,-2.0,3,HOT
32.0,28.0,1.5,0.0,1,COMFORT
24.4,45.9,1.5,-2.700000000000003,2,WARM_HUMID
25.0,26.1,0.3000000000000007,2.0,1,COMFORT
24.2,51.4,-1.0,2.0,2,WARM_HUMID
22.2,40.1,0.0,-1.1000000000000014,2,WARM_HUMID
23.1,45.3,1.5,-5.0,3,HOT
21.0,40.3,0.10000000000000142,-4.0,0,COLD
14.6,46.3,0.0,1.0,0,COLD
27.6,25.7,0.40000000000000213,-2.1999999999999993,3,HOT
22.8,63.6,-0.5,3.0,1,COMFORT
25.3,41.9,0.0,-0.20000000000000284,1,COMFORT
21.6,71.6,0.0,0.0,3,HOT
18.4,33.2,-0.40000000000000213,-1.0999999999999943,0,COLD
16.8,43.7,0.6000000000000014,0.0,0,COLD
24.5,27.0,1.1000000000000014,-0.10000000000000142,1,COMFORT
24.7,57.0,0.0,0.0,0,COLD
23.0,44.0,-0.3000000000000007,5.0,1,COMFORT
31.9,17.8,-0.20000000000000284,2.200000000000001,2,WARM_HUMID
20.3,28.6,0.10000000000000142,1.1000000000000014,0,COLD
26.9,69.3,-0.3000000000000007,2.0,1,COMFORT
21.3,80.6,0.0,-0.20000000000000284,0,COLD
21.8,52.5,0.0,0.0,1,COMFORT
23.6,52.9,-0.8999999999999986,3.799999999999997,1,COMFORT
26.3,71.0,0.0,0.0,1,COMFORT
31.8,67.0,0.40000000000000213,-1.0,1,COMFORT
21.9,36.2,0.09999999999999787,2.0,1,COMFORT
20.7,25.5,-1.5,-5.0,1,COMFORT
19.9,49.8,0.09999999999999787,-1.0,1,COMFORT
21.4,26.3,-0.20000000000000284,-2.0,0,COLD
22.8,42.4,0.0,-2.8999999999999986,1,COMFORT
20.5,28.2,-1.1000000000000014,-2.0,3,HOT
22.2,57.3,0.0,0.0,1,COMFORT
24.1,69.7,0.0,0.0,1,COMFORT
25.3,41.4,-0.3000000000000007,0.10000000000000142,1,COMFORT
24.9,25.1,1.1999999999999993,-1.3999999999999986,3,HOT
22.9,36.3,-0.10000000000000142,-1.0,2,WARM_HUMID
22.9,31.6,0.1999999999999993,-1.0,0,COLD
26.6,44.4,-0.1999999999999993,-3.0,1,COMFORT
20.8,26.3,-0.1999999999999993,3.1999999999999993,1,COMFORT
23.0,33.5,1.1999999999999993,-5.0,2,WARM_HUMID
29.3,64.6,0.10000000000000142,-0.20000000000000284,2,WARM_HUMID
25.4,74.8,-0.20000000000000284,-1.6000000000000085,1,COMFORT
23.2,59.7,0.09999999999999787,0.4000000000000057,1,COMFORT
27.7,28.2,-1.5,0.1999999999999993,3,HOT
23.4,65.6,0.5999999999999979,-1.3000000000000114,2,WARM_HUMID
23.5,53.1,-0.10000000000000142,-0.29999999999999716,1,COMFORT
24.8,28.3,1.5,-2.599999999999998,1,COMFORT
23.1,53.7,0.10000000000000142,0.0,1,COMFORT
23.1,78.3,0.40000000000000213,-1.5,1,COMFORT
17.1,66.6,0.20000000000000284,-0.20000000000000284,3,HOT
22.3,65.0,-1.5,5.0,3,HOT
22.7,51.6,0.0,0.0,3,HOT
23.3,35.6,-0.3999999999999986,1.7000000000000028,3,HOT
33.8,58.4,0.19999999999999574,5.0,2,WARM_HUMID
15.7,66.1,-1.1000000000000014,1.6999999999999886,0,COLD
21.3,46.1,-0.8000000000000007,-2.0,1,COMFORT
23.5,23.2,0.10000000000000142,-5.0,1,COMFORT
24.9,59.0,0.0,0.0,1,COMFORT
20.5,27.9,-1.3000000000000007,-1.9000000000000021,1,COMFORT
23.9,27.1,0.29999999999999716,-1.1999999999999993,3,HOT
28.9,55.0,0.0,0.0,0,COLD
20.0,40.1,-1.3000000000000007,5.0,1,COMFORT
25.2,35.1,1.5,-1.5,3,HOT
25.8,48.8,0.40000000000000213,-5.0,0,COLD
23.1,38.2,0.8000000000000007,-3.0,1,COMFORT
30.3,75.4,-1.3999999999999986,-1.5999999999999943,2,WARM_HUMID
22.4,53.4,0.5,1.2999999999999972,1,COMFORT
28.0,60.0,0.0,0.0,2,WARM_HUMID
20.7,56.7,1.5,-3.0999999999999943,1,COMFORT
31.5,42.7,0.6000000000000014,5.0,2,WARM_HUMID
23.4,59.7,0.0,5.0,1,COMFORT
25.8,39.9,1.5,-5.0,2,WARM_HUMID
26.5,59.8,-0.8000000000000007,2.8999999999999986,2,WARM_HUMID
21.8,77.5,-0.09999999999999787,0.0,1,COMFORT
23.7,55.6,0.1999999999999993,0.0,1,COMFORT
23.0,36.0,0.6999999999999993,-0.29999999999999716,3,HOT
23.5,60.8,-0.1999999999999993,5.0,0,COLD
29.4,76.7,0.09999999999999787,-4.700000000000003,2,WARM_HUMID
24.2,66.1,-1.5,5.0,0,COLD
22.2,59.6,0.0,0.0,1,COMFORT
24.2,40.0,1.5,-0.29999999999999716,1,COMFORT
30.4,61.7,0.0,0.0,3,HOT
24.8,53.4,-1.0,2.6000000000000014,2,WARM_HUMID
31.3,66.6,0.3000000000000007,-5.0,1,COMFORT
21.4,34.8,-0.20000000000000284,-0.30000000000000426,0,COLD
29.3,30.5,1.5,3.8000000000000007,3,HOT
23.6,66.0,-0.29999999999999716,4.0,0,COLD
26.2,71.3,-1.5,5.0,1,COMFORT
22.3,34.1,0.0,5.0,1,COMFORT
23.3,25.0,0.0,0.0,1,COMFORT
24.0,53.1,-1.0,5.0,2,WARM_HUMID
25.8,74.9,-1.5,-0.5,2,WARM_HUMID
32.2,56.0,0.10000000000000142,-5.0,2,WARM_HUMID
22.8,22.4,0.6999999999999993,0.0,1,COMFORT
24.8,53.1,0.6999999999999993,-5.0,1,COMFORT
24.6,55.0,0.0,0.0,1,COMFORT
23.4,69.3,0.29999999999999716,0.7000000000000028,0,COLD
22.1,81.3,0.0,0.0,0,COLD
23.4,49.6,-0.20000000000000284,5.0,2,WARM_HUMID
23.2,28.7,-0.6000000000000014,2.099999999999998,0,COLD
25.7,62.0,1.3000000000000007,0.0,2,WARM_HUMID
21.5,56.4,1.1999999999999993,-1.3000000000000043,3,HOT
23.2,55.6,-0.10000000000000142,0.0,0,COLD
24.3,48.1,0.0,0.0,1,COMFORT
23.3,59.6,0.3000000000000007,-0.19999999999999574,1,COMFORT
21.5,61.6,-0.3000000000000007,1.3000000000000043,1,COMFORT
24.0,51.9,1.5,-3.8999999999999986,1,COMFORT
20.8,25.7,-0.5,2.8999999999999986,1,COMFORT
23.0,59.0,0.0,-1.5,3,HOT
22.6,62.2,0.20000000000000284,-3.0999999999999943,0,COLD
20.7,52.7,-0.10000000000000142,-5.0,3,HOT
26.4,64.0,-0.40000000000000213,1.0,1,COMFORT
23.1,21.2,0.40000000000000213,-1.3000000000000007,2,WARM_HUMID
27.8,67.9,0.0,0.0,0,COLD
24.1,69.7,0.0,0.0,1,COMFORT
31.2,52.2,0.09999999999999787,0.30000000000000426,1,COMFORT
24.5,58.4,0.10000000000000142,0.3999999999999986,1,COMFORT
24.5,47.4,-0.8999999999999986,1.1999999999999957,2,WARM_HUMID
25.5,35.0,-1.5,2.0,1,COMFORT
23.8,50.6,0.1999999999999993,-0.3999999999999986,1,COMFORT
26.6,46.5,1.5,-1.5,3,HOT
29.0,80.0,0.0,0.0,1,COMFORT
23.2,69.5,0.3000000000000007,1.4000000000000057,1,COMFORT
25.0,66.0,-1.0,3.0,1,COMFORT
24.5,25.3,0.10000000000000142,3.6999999999999993,1,COMFORT
25.2,51.3,0.1999999999999993,0.29999999999999716,1,COMFORT
18.5,53.5,0.8000000000000007,3.0,2,WARM_HUMID
22.1,24.3,0.20000000000000284,-2.1999999999999993,1,COMFORT
27.4,49.4,-0.8000000000000007,5.0,1,COMFORT
25.4,60.3,-1.0,-5.0,1,COMFORT
19.0,60.0,0.0,-5.0,0,COLD
22.8,54.5,-0.1999999999999993,1.2000000000000028,1,COMFORT
29.6,63.0,0.0,0.0,1,COMFORT
26.9,42.2,1.5,2.700000000000003,1,COMFORT
24.9,41.6,1.5,-5.0,1,COMFORT
19.4,25.7,-0.20000000000000284,2.8999999999999986,2,WARM_HUMID
23.1,40.0,-0.5,-5.0,0,COLD
22.0,80.6,0.1999999999999993,-2.6000000000000085,1,COMFORT
20.3,54.6,0.5,1.2000000000000028,1,COMFORT
23.4,29.9,0.0,2.3999999999999986,3,HOT
23.0,23.3,0.5,-0.8000000000000007,1,COMFORT
23.7,77.4,-0.3000000000000007,1.1000000000000085,0,COLD
19.6,33.0,0.0,0.0,3,HOT
22.5,65.9,1.1000000000000014,-4.8999999999999915,1,COMFORT
25.8,54.7,-0.09999999999999787,0.8000000000000043,1,COMFORT
23.6,46.4,-0.09999999999999787,2.5,2,WARM_HUMID
28.6,61.6,0.10000000000000142,1.8999999999999986,2,WARM_HUMID
28.4,60.0,0.09999999999999787,1.0,2,WARM_HUMID
27.0,45.6,0.3000000000000007,0.30000000000000426,2,WARM_HUMID
27.1,21.8,0.10000000000000142,0.10000000000000142,1,COMFORT
20.8,39.8,-0.09999999999999787,-4.5,1,COMFORT
33.7,47.7,0.20000000000000284,-4.0,3,HOT
22.5,40.0,0.5,-3.0,0,COLD
19.7,31.5,0.0,0.0,0,COLD
26.6,34.8,-0.09999999999999787,-0.5,1,COMFORT
21.7,20.1,-0.1999999999999993,1.9000000000000021,1,COMFORT
26.5,61.2,-0.8999999999999986,-5.0,2,WARM_HUMID
23.0,40.4,1.3000000000000007,-5.0,1,COMFORT
25.0,15.4,1.3999999999999986,0.09999999999999964,3,HOT
25.7,53.1,0.8999999999999986,-1.8999999999999986,1,COMFORT
17.4,66.8,-0.6000000000000014,5.0,0,COLD
25.7,38.6,0.0,4.700000000000003,2,WARM_HUMID
21.0,33.4,-0.6000000000000014,3.1999999999999993,1,COMFORT
29.9,66.1,0.0,0.0,1,COMFORT
28.2,46.6,-1.0,0.30000000000000426,1,COMFORT
25.9,66.7,0.0,0.0,0,COLD
27.4,63.0,0.5,0.0,1,COMFORT
22.3,47.2,1.5,-2.8999999999999986,0,COLD
23.3,28.0,0.10000000000000142,1.0,1,COMFORT
24.1,46.1,-0.09999999999999787,-2.5,1,COMFORT
21.2,34.2,-0.6999999999999993,0.8000000000000043,0,COLD
26.4,36.0,0.0,0.0,1,COMFORT
28.3,31.0,1.1999999999999993,-2.0,0,COLD
25.3,55.0,0.0,0.0,0,COLD
19.4,34.1,0.0,-5.0,0,COLD
19.4,52.6,-1.5,2.5,2,WARM_HUMID
30.6,66.0,0.40000000000000213,5.0,1,COMFORT
32.4,62.1,-1.3999999999999986,5.0,2,WARM_HUMID
22.4,44.0,0.09999999999999787,-0.20000000000000284,1,COMFORT
24.6,40.1,0.7000000000000028,-2.299999999999997,0,COLD
21.0,52.9,-1.1000000000000014,5.0,1,COMFORT
21.1,35.6,0.5,-3.1000000000000014,3,HOT
32.0,69.0,0.0,0.0,2,WARM_HUMID
27.7,40.3,-0.40000000000000213,0.6999999999999957,1,COMFORT
25.8,39.0,0.0,0.0,2,WARM_HUMID
37.1,41.6,0.20000000000000284,0.10000000000000142,3,HOT
23.5,43.1,0.1999999999999993,-1.6000000000000014,3,HOT
19.1,68.0,0.0,3.0,1,COMFORT
22.3,44.6,0.6999999999999993,-1.3999999999999986,2,WARM_HUMID
25.8,54.0,0.0,0.0,0,COLD
22.1,64.0,-1.5,5.0,0,COLD
28.2,44.5,0.6999999999999993,-0.7000000000000028,0,COLD
25.1,52.7,1.5,5.0,1,COMFORT
34.8,10.4,-1.1000000000000014,-1.4000000000000004,3,HOT
24.5,56.9,-0.1999999999999993,2.6999999999999957,1,COMFORT
21.3,28.4,-1.5,4.799999999999997,0,COLD
24.3,24.1,0.1999999999999993,-1.0999999999999979,2,WARM_HUMID
22.4,39.0,0.29999999999999716,0.0,1,COMFORT
29.0,78.6,-0.3999999999999986,4.599999999999994,1,COMFORT
27.6,45.0,0.0,0.0,2,WARM_HUMID
23.6,50.8,0.0,-1.9000000000000057,1,COMFORT
23.0,67.2,-0.3999999999999986,2.0,1,COMFORT
21.0,44.5,-1.5,0.10000000000000142,0,COLD
22.4,21.1,0.09999999999999787,-3.0,1,COMFORT
27.0,33.7,-0.10000000000000142,0.10000000000000142,1,COMFORT
21.4,28.0,-0.10000000000000142,0.5,2,WARM_HUMID
21.9,46.0,-1.5,0.29999999999999716,0,COLD
26.0,48.4,1.1999999999999993,5.0,2,WARM_HUMID
28.3,78.3,-0.3000000000000007,2.0,1,COMFORT
20.9,43.0,0.0,-3.0,1,COMFORT
11.0,51.3,0.0,-5.0,0,COLD
22.1,40.1,0.3000000000000007,2.3000000000000043,1,COMFORT
21.5,66.9,1.3000000000000007,0.6000000000000085,1,COMFORT
25.0,42.8,0.3000000000000007,-0.20000000000000284,1,COMFORT
27.6,39.3,1.5,1.5999999999999943,2,WARM_HUMID
23.2,43.6,0.0,0.8000000000000043,1,COMFORT
31.7,71.7,0.0,0.0,2,WARM_HUMID
24.5,30.4,-1.5,-5.0,0,COLD
26.1,41.7,0.0,0.0,1,COMFORT
23.0,27.3,-0.1999999999999993,0.0,1,COMFORT
19.1,55.4,0.40000000000000213,-1.7000000000000028,1,COMFORT
24.1,25.1,0.6000000000000014,0.7000000000000028,1,COMFORT
22.6,48.3,0.0,0.0,2,WARM_HUMID
20.5,48.8,1.1999999999999993,-5.0,2,WARM_HUMID
23.4,47.3,0.5,-5.0,3,HOT
26.8,81.2,1.0,1.0,1,COMFORT
27.7,81.1,0.0,0.0,0,COLD
27.4,31.6,-0.5,0.8000000000000007,2,WARM_HUMID
23.1,35.7,0.5,-1.5,0,COLD
29.8,63.6,0.3000000000000007,0.10000000000000142,2,WARM_HUMID
23.3,56.0,-0.8000000000000007,-1.0,2,WARM_HUMID
29.2,63.6,0.09999999999999787,0.0,1,COMFORT
28.5,34.0,-1.5,-1.0,2,WARM_HUMID
31.6,59.0,0.0,0.0,3,HOT
25.1,58.3,-0.3999999999999986,-1.9000000000000057,1,COMFORT
18.9,44.2,-1.0,2.200000000000003,0,COLD
22.5,24.4,-0.3000000000000007,-0.7000000000000028,3,HOT
30.5,65.3,0.0,-1.2000000000000028,1,COMFORT
24.8,63.9,-0.1999999999999993,0.8999999999999986,1,COMFORT
29.5,63.5,1.5,5.0,1,COMFORT
25.8,64.4,0.6000000000000014,2.6000000000000085,2,WARM_HUMID
28.4,22.6,0.0,4.600000000000001,2,WARM_HUMID
28.1,28.5,-0.09999999999999787,2.6999999999999993,3,HOT
22.0,55.6,0.3000000000000007,-0.19999999999999574,2,WARM_HUMID
22.8,33.1,-0.1999999999999993,-1.3999999999999986,2,WARM_HUMID
30.8,14.8,1.4000000000000021,4.5,2,WARM_HUMID
21.8,38.2,-1.0999999999999979,4.400000000000006,0,COLD
30.3,46.0,0.5,-2.0,2,WARM_HUMID
22.9,40.3,0.3999999999999986,-0.8000000000000043,1,COMFORT
21.9,33.0,0.1999999999999993,1.0,3,HOT
24.4,48.0,0.29999999999999716,-0.29999999999999716,2,WARM_HUMID
24.0,40.7,0.0,-5.0,2,WARM_HUMID
31.1,72.1,1.0,-2.6000000000000085,2,WARM_HUMID
26.7,59.4,1.5,-5.0,2,WARM_HUMID
30.7,62.6,0.0,1.8000000000000043,1,COMFORT
27.3,52.4,0.9000000000000021,-4.100000000000001,3,HOT
24.1,28.4,1.1000000000000014,-0.9000000000000021,1,COMFORT
23.1,37.8,0.6000000000000014,0.0,1,COMFORT
25.4,55.0,0.0,0.0,1,COMFORT
19.8,56.0,0.0,0.0,2,WARM_HUMID
24.4,31.0,0.6999999999999993,0.0,1,COMFORT
24.7,70.8,0.0,0.0,1,COMFORT
21.4,72.3,0.0,0.0,2,WARM_HUMID
30.9,36.5,-1.5,4.5,1,COMFORT
19.9,56.0,-1.5,5.0,1,COMFORT
30.8,19.1,1.5,-5.0,3,HOT
31.6,52.9,1.5,5.0,1,COMFORT
19.3,39.8,-1.5,-0.30000000000000426,0,COLD
23.6,61.8,0.0,-0.10000000000000142,1,COMFORT
32.2,70.0,1.4000000000000021,-4.5,2,WARM_HUMID
23.4,45.9,-0.10000000000000142,0.29999999999999716,1,COMFORT
36.0,58.0,1.0,1.0,3,HOT
22.7,46.8,0.09999999999999787,-1.3000000000000043,3,HOT
22.6,48.7,-0.5,3.5,1,COMFORT
27.1,52.3,0.40000000000000213,0.09999999999999432,1,COMFORT
27.5,67.6,0.0,0.0,1,COMFORT
23.6,40.3,0.0,0.0,3,HOT
23.0,44.0,0.10000000000000142,0.0,1,COMFORT
21.7,60.3,0.0,0.0,3,HOT
23.8,39.0,0.0,0.0,0,COLD
27.7,84.6,-0.10000000000000142,2.799999999999997,2,WARM_HUMID
25.7,43.2,0.0,0.0,1,COMFORT
28.3,52.5,0.1999999999999993,-2.700000000000003,0,COLD
21.6,43.7,-0.3999999999999986,2.1000000000000014,1,COMFORT
31.1,70.0,0.0,0.0,1,COMFORT
22.2,69.2,1.5,5.0,1,COMFORT
26.5,70.6,-1.1000000000000014,-5.0,2,WARM_HUMID
22.8,23.5,0.0,-3.8000000000000007,3,HOT
32.6,30.0,1.5,-5.0,2,WARM_HUMID
20.9,48.1,0.0,0.0,1,COMFORT
25.7,57.2,0.0,0.0,2,WARM_HUMID
27.3,32.6,-0.09999999999999787,0.10000000000000142,0,COLD
26.3,82.2,-0.8999999999999986,-1.3999999999999915,0,COLD
34.9,36.3,0.10000000000000142,0.19999999999999574,2,WARM_HUMID
22.2,44.6,0.09999999999999787,-1.2999999999999972,1,COMFORT
26.0,39.2,0.8000000000000007,0.8000000000000043,3,HOT
24.2,29.4,0.0,0.0,1,COMFORT
23.2,80.7,-1.5,-4.200000000000003,1,COMFORT
21.4,33.9,0.1999999999999993,0.10000000000000142,0,COLD
23.0,37.0,0.10000000000000142,1.6000000000000014,0,COLD
22.0,24.6,-1.0,-5.0,0,COLD
23.2,36.0,0.1999999999999993,-2.3999999999999986,1,COMFORT
25.8,60.9,0.5,-0.30000000000000426,1,COMFORT
24.7,43.2,-0.6000000000000014,3.5,1,COMFORT
26.0,27.0,0.0,-0.1999999999999993,2,WARM_HUMID
21.4,55.7,-1.5,5.0,2,WARM_HUMID
23.9,46.0,0.0,0.0,3,HOT
20.1,30.5,-1.5,-3.5,0,COLD
23.2,49.5,0.09999999999999787,-1.7000000000000028,1,COMFORT
16.0,74.0,-1.5,-5.0,0,COLD
27.3,48.9,-1.0,1.1999999999999957,1,COMFORT
21.7,60.3,0.0,0.0,0,COLD
23.4,22.6,1.5,-1.7999999999999972,2,WARM_HUMID
24.5,40.2,-0.1999999999999993,1.2000000000000028,1,COMFORT
30.6,66.0,-1.0999999999999979,1.0,1,COMFORT
29.5,38.3,0.0,0.0,3,HOT
21.1,56.4,0.0,0.0,2,WARM_HUMID
28.7,63.6,0.0,-0.10000000000000142,2,WARM_HUMID
23.7,62.9,-1.1999999999999993,-5.0,0,COLD
25.9,34.4,1.5,0.0,2,WARM_HUMID
22.3,39.3,0.5,-5.0,2,WARM_HUMID
23.4,27.1,1.0,3.3000000000000007,3,HOT
29.0,32.0,0.0,-3.3999999999999986,1,COMFORT
24.1,44.3,1.5,-5.0,1,COMFORT
27.5,45.0,0.0,0.0,1,COMFORT
29.0,56.0,0.0,0.0,2,WARM_HUMID
17.5,64.0,-1.5,-5.0,1,COMFORT
27.2,68.0,-1.5,5.0,0,COLD
23.3,51.8,-0.8000000000000007,1.8999999999999986,3,HOT
35.1,38.9,0.30000000000000426,0.5,1,COMFORT
31.5,58.4,0.0,0.8999999999999986,2,WARM_HUMID
21.8,30.5,-0.3000000000000007,0.0,2,WARM_HUMID
20.9,44.3,0.6999999999999993,1.6999999999999957,2,WARM_HUMID
20.8,31.1,1.0,1.7000000000000028,1,COMFORT
22.6,29.7,-1.5,5.0,1,COMFORT
30.9,39.3,1.5,-0.9000000000000057,3,HOT
24.3,55.5,0.0,0.0,0,COLD
31.0,72.0,-1.0,-5.0,2,WARM_HUMID
29.5,45.0,0.1999999999999993,4.0,1,COMFORT
27.4,44.0,1.5,-1.0,1,COMFORT
29.7,39.0,0.0,0.0,3,HOT
23.3,45.5,0.8000000000000007,-5.0,0,COLD
27.8,62.8,0.1999999999999993,-0.5,2,WARM_HUMID
24.8,63.0,0.0,-0.29999999999999716,1,COMFORT
23.8,57.0,-0.1999999999999993,0.0,1,COMFORT
22.3,43.2,-1.5,5.0,1,COMFORT
22.1,52.1,0.0,0.0,2,WARM_HUMID
26.0,57.3,0.0,0.0,2,WARM_HUMID
24.2,45.0,0.8000000000000007,-2.700000000000003,1,COMFORT
22.5,31.6,0.6000000000000014,-0.3999999999999986,0,COLD
24.9,14.7,1.5,-5.0,1,COMFORT
28.9,62.0,-0.8000000000000007,5.0,3,HOT
22.8,23.7,-0.3000000000000007,-0.1999999999999993,1,COMFORT
24.1,55.6,-0.29999999999999716,0.0,1,COMFORT
29.8,45.3,1.5,-5.0,3,HOT
20.3,44.5,0.8000000000000007,0.3999999999999986,1,COMFORT
30.1,40.0,0.0,0.0,0,COLD
20.1,52.0,-1.5,5.0,0,COLD
22.7,50.6,-0.1999999999999993,-0.5,1,COMFORT
26.8,37.8,-0.09999999999999787,4.399999999999999,2,WARM_HUMID
16.0,40.0,1.5,2.0,3,HOT
26.7,32.0,0.0,0.0,0,COLD
19.8,42.0,0.6999999999999993,1.7000000000000028,1,COMFORT
28.8,65.0,0.0,0.0,1,COMFORT
29.5,77.4,0.5,-1.0,1,COMFORT
29.3,64.9,0.0,0.30000000000001137,2,WARM_HUMID
26.4,59.2,0.0,0.0,3,HOT
23.0,39.0,0.6000000000000014,0.0,1,COMFORT
25.3,29.7,0.0,-0.40000000000000213,2,WARM_HUMID
23.0,38.0,-0.8999999999999986,3.8999999999999986,2,WARM_HUMID
22.3,43.9,0.9000000000000021,-5.0,0,COLD
22.3,42.9,0.0,-0.5,3,HOT
17.1,62.0,0.3000000000000007,-1.0,0,COLD
25.2,52.0,0.0,0.0,1,COMFORT
23.0,62.9,0.3999999999999986,-1.6999999999999957,2,WARM_HUMID
21.7,20.7,0.09999999999999787,-0.5,1,COMFORT
22.9,45.1,-1.5,5.0,2,WARM_HUMID
24.5,70.2,-0.6999999999999993,4.5,1,COMFORT
23.3,66.0,0.40000000000000213,2.299999999999997,1,COMFORT
36.2,45.0,0.0,0.0,3,HOT
26.7,33.9,1.5,-5.0,2,WARM_HUMID
23.1,50.7,0.6000000000000014,-2.299999999999997,0,COLD
23.9,53.2,0.0,0.0,2,WARM_HUMID
22.4,34.8,-0.20000000000000284,-5.0,1,COMFORT
18.8,42.1,1.0,-2.1000000000000014,0,COLD
21.6,30.2,0.8000000000000007,1.0,3,HOT
22.8,56.5,-0.5999999999999979,0.6000000000000014,3,HOT
18.4,65.0,0.0,0.0,2,WARM_HUMID
22.1,31.8,-0.1999999999999993,-5.0,2,WARM_HUMID
23.2,54.5,0.3000000000000007,-2.0,1,COMFORT
20.9,34.9,0.0,0.3999999999999986,0,COLD
23.0,44.2,-1.5,4.5,2,WARM_HUMID
24.3,62.5,0.6000000000000014,-5.0,3,HOT
15.1,42.7,0.0,-1.0,1,COMFORT
30.9,73.7,0.3999999999999986,-1.3999999999999915,2,WARM_HUMID
21.8,36.4,0.5,-1.3999999999999986,1,COMFORT
23.6,62.7,0.3000000000000007,0.20000000000000284,0,COLD
24.3,58.0,0.40000000000000213,-1.0,2,WARM_HUMID
21.9,42.9,-0.6000000000000014,3.5,1,COMFORT
24.1,69.7,0.0,0.0,1,COMFORT
16.4,48.5,0.0,0.0,1,COMFORT
25.1,71.7,0.0,0.0,2,WARM_HUMID
22.7,22.3,-1.1000000000000014,1.5,1,COMFORT
24.0,48.0,-1.0,5.0,2,WARM_HUMID
23.7,39.9,0.3999999999999986,5.0,0,COLD
22.1,36.0,0.0,-1.7000000000000028,1,COMFORT
20.5,39.2,0.6999999999999993,-3.0999999999999943,1,COMFORT
29.0,53.0,0.3999999999999986,-1.0,1,COMFORT
22.0,31.6,-0.3000000000000007,4.5,0,COLD
22.8,45.0,1.5,0.0,1,COMFORT
23.7,34.5,-1.1000000000000014,-5.0,2,WARM_HUMID
28.1,80.6,0.0,0.0,1,COMFORT
25.4,45.8,0.1999999999999993,1.0999999999999943,2,WARM_HUMID
24.5,24.2,0.5,1.3999999999999986,0,COLD
28.5,51.3,0.0,-0.10000000000000142,2,WARM_HUMID
20.8,83.9,0.0,-0.09999999999999432,1,COMFORT
27.7,51.0,0.09999999999999787,3.0,1,COMFORT
25.0,57.5,0.0,0.0,1,COMFORT
25.4,73.7,0.09999999999999787,-0.29999999999999716,3,HOT
22.9,21.6,0.09999999999999787,1.4000000000000021,0,COLD
29.7,50.9,1.5,-5.0,1,COMFORT
19.8,48.3,-0.5,5.0,1,COMFORT
24.7,32.9,-1.5,-5.0,0,COLD
25.1,37.0,0.0,0.0,2,WARM_HUMID
24.0,22.2,0.10000000000000142,0.8000000000000007,1,COMFORT
21.5,32.6,-1.5,2.6000000000000014,0,COLD
26.9,59.0,0.0,0.0,1,COMFORT
29.0,55.0,0.0,0.0,1,COMFORT
25.0,75.0,-0.3999999999999986,2.0999999999999943,3,HOT
22.6,26.9,-0.6999999999999993,-3.0,1,COMFORT
30.3,69.0,0.0,-0.7999999999999972,2,WARM_HUMID
24.3,34.9,-1.5,5.0,2,WARM_HUMID
21.8,35.9,0.0,-1.7000000000000028,1,COMFORT
25.1,75.8,0.10000000000000142,-0.7999999999999972,0,COLD
22.7,22.5,0.1999999999999993,1.5,1,COMFORT
23.6,24.7,0.20000000000000284,0.8000000000000007,1,COMFORT
23.1,45.3,-0.3999999999999986,1.1999999999999957,0,COLD
23.2,29.6,0.0,0.0,1,COMFORT
23.1,43.2,0.40000000000000213,-5.0,0,COLD
15.5,65.0,-1.5,5.0,0,COLD
23.3,40.7,-0.5,3.700000000000003,1,COMFORT
20.9,35.7,-0.20000000000000284,4.0000000000000036,1,COMFORT
24.9,78.0,0.29999999999999716,-2.299999999999997,1,COMFORT
23.4,41.6,1.0,-1.7999999999999972,3,HOT
26.9,24.6,0.3999999999999986,5.0,2,WARM_HUMID
25.3,48.5,-0.3999999999999986,-1.0,1,COMFORT
21.4,42.7,-1.5,-3.8999999999999986,1,COMFORT
27.8,77.0,-0.6999999999999993,5.0,1,COMFORT
19.9,37.2,0.0,0.0,0,COLD
24.4,47.2,0.0,0.0,3,HOT
25.7,70.0,0.09999999999999787,-0.20000000000000284,0,COLD
22.0,43.5,-1.5,1.0,0,COLD
22.6,31.1,0.10000000000000142,-0.1999999999999993,0,COLD
21.0,27.2,0.6000000000000014,2.8999999999999986,1,COMFORT
31.1,54.8,1.5,3.299999999999997,1,COMFORT
22.7,45.6,0.1999999999999993,-0.5,1,COMFORT
13.0,66.0,-1.0,0.0,3,HOT
22.6,23.0,0.0,0.0,3,HOT
24.0,67.0,0.0,0.0,0,COLD
27.1,46.0,-1.5,-5.0,1,COMFORT
24.6,47.0,0.0,5.0,3,HOT
27.5,31.5,1.3000000000000007,-1.2999999999999972,3,HOT
27.7,64.5,0.09999999999999787,0.20000000000000284,3,HOT
22.7,20.9,0.0,0.0,0,COLD
23.3,26.6,1.5,-0.09999999999999787,1,COMFORT
23.1,51.3,-0.5,0.19999999999999574,1,COMFORT
22.7,46.1,-1.5,-5.0,1,COMFORT
18.6,37.0,0.6000000000000014,-2.0,1,COMFORT
25.5,75.1,0.8999999999999986,5.0,1,COMFORT
35.8,50.4,1.5,-5.0,3,HOT
21.3,40.5,-0.3000000000000007,-0.29999999999999716,0,COLD
21.5,40.1,-0.3000000000000007,0.6000000000000014,1,COMFORT
28.5,48.8,-0.6000000000000014,-3.4000000000000057,1,COMFORT
21.6,47.5,0.0,0.0,0,COLD
25.2,52.2,1.1999999999999993,-5.0,2,WARM_HUMID
25.4,53.6,-0.3000000000000007,-0.8999999999999986,3,HOT
23.7,52.3,1.0999999999999979,-1.9000000000000057,0,COLD
22.1,40.8,1.5,-4.5,1,COMFORT
27.7,76.3,-0.3000000000000007,1.7999999999999972,2,WARM_HUMID
23.0,27.0,0.3999999999999986,-1.5,3,HOT
22.6,75.0,1.4000000000000021,2.5,0,COLD
24.6,47.6,-0.3999999999999986,0.6000000000000014,0,COLD
26.9,33.5,0.09999999999999787,-0.7999999999999972,2,WARM_HUMID
22.7,24.9,0.0,0.0,2,WARM_HUMID
26.6,43.0,0.0,0.0,0,COLD
23.6,46.0,-0.29999999999999716,1.0,1,COMFORT
27.0,52.0,1.5,5.0,0,COLD
27.1,80.7,0.5,0.7000000000000028,2,WARM_HUMID
24.6,34.3,-1.5,-5.0,3,HOT
21.0,22.8,-0.3000000000000007,-3.5,1,COMFORT
33.6,54.2,0.0,-0.6999999999999957,3,HOT
16.1,57.4,-1.5,5.0,1,COMFORT
23.3,66.0,0.6999999999999993,5.0,0,COLD
23.7,48.5,0.1999999999999993,0.0,3,HOT
22.3,46.7,-1.5,5.0,1,COMFORT
22.3,34.8,-1.5,5.0,0,COLD
23.2,35.0,0.3999999999999986,0.0,1,COMFORT
24.1,64.0,-0.3999999999999986,1.0,2,WARM_HUMID
24.2,49.2,-1.5,1.2000000000000028,1,COMFORT
26.3,51.5,0.0,0.0,1,COMFORT
21.0,36.8,0.10000000000000142,5.0,0,COLD
22.1,72.4,0.0,0.0,2,WARM_HUMID
22.3,33.4,0.0,5.0,2,WARM_HUMID
20.8,53.9,0.0,0.0,1,COMFORT
31.8,45.0,-0.1999999999999993,0.20000000000000284,3,HOT
28.0,32.4,-1.3000000000000007,5.0,1,COMFORT
26.4,39.9,1.5,-5.0,2,WARM_HUMID
25.8,64.4,0.6000000000000014,2.6000000000000085,1,COMFORT
27.3,79.2,-1.0,-5.0,0,COLD
31.1,62.7,1.3000000000000007,-3.3999999999999915,1,COMFORT
23.6,50.7,0.0,0.0,0,COLD
23.3,29.6,-0.09999999999999787,-1.7999999999999972,2,WARM_HUMID
22.7,46.4,-1.1000000000000014,2.5,2,WARM_HUMID
30.1,65.9,0.40000000000000213,-1.8999999999999915,0,COLD
26.1,47.4,0.7000000000000028,2.3999999999999986,0,COLD
23.7,35.9,0.6999999999999993,-5.0,2,WARM_HUMID
25.9,61.0,0.0,0.0,0,COLD
28.6,30.0,0.0,0.0,3,HOT
20.7,30.6,-0.3000000000000007,-4.0,0,COLD
21.8,51.1,-0.3000000000000007,5.0,1,COMFORT
28.7,59.0,0.0,0.0,2,WARM_HUMID
22.6,38.0,0.9000000000000021,0.0,1,COMFORT
24.2,55.0,0.0,0.0,1,COMFORT
23.9,39.9,0.3999999999999986,-0.8000000000000043,1,COMFORT
27.9,53.6,0.5999999999999979,1.2000000000000028,3,HOT
23.3,23.5,0.1999999999999993,0.3999999999999986,1,COMFORT
22.9,51.3,0.8999999999999986,0.8999999999999986,3,HOT
30.3,69.0,-1.5,5.0,1,COMFORT
23.2,59.3,0.5999999999999979,-2.0,1,COMFORT
26.3,18.6,-1.5,-5.0,3,HOT
20.3,46.4,-0.1999999999999993,-2.1000000000000014,0,COLD
29.6,83.1,-0.3999999999999986,5.0,0,COLD
22.8,62.0,-0.1999999999999993,1.0,0,COLD
24.7,37.1,1.3000000000000007,-2.0,2,WARM_HUMID
24.0,44.2,0.8000000000000007,-5.0,0,COLD
16.3,59.0,-1.1999999999999993,3.0,0,COLD
35.0,51.5,0.5,0.20000000000000284,3,HOT
22.3,45.9,0.0,-1.8999999999999986,0,COLD
21.0,42.0,1.5,-5.0,1,COMFORT
27.5,46.1,-0.1999999999999993,0.8000000000000043,2,WARM_HUMID
23.1,25.7,0.7000000000000028,-0.3000000000000007,2,WARM_HUMID
23.6,33.1,-1.5,5.0,1,COMFORT
24.7,25.0,1.5,-1.8000000000000007,0,COLD
19.9,58.5,-1.5,5.0,0,COLD
12.0,39.0,-1.5,5.0,0,COLD
18.2,55.4,-0.6999999999999993,1.1999999999999957,0,COLD
23.5,74.2,0.3999999999999986,-2.8999999999999915,1,COMFORT
23.6,35.8,1.5,1.3999999999999986,1,COMFORT
23.1,57.1,-0.5999999999999979,0.5,1,COMFORT
21.2,32.5,-1.1000000000000014,-3.200000000000003,1,COMFORT
23.2,42.4,0.09999999999999787,-5.0,1,COMFORT
26.8,81.2,1.0,1.0,0,COLD
21.3,51.8,0.3000000000000007,-0.5,0,COLD
23.4,44.9,0.1999999999999993,-3.8999999999999986,0,COLD
22.1,79.0,0.10000000000000142,5.0,1,COMFORT
21.2,39.0,0.3000000000000007,-1.0,0,COLD
29.5,45.0,0.0,0.0,1,COMFORT
28.0,36.0,0.0,0.0,2,WARM_HUMID
28.5,70.0,0.0,-1.0,3,HOT
26.4,66.4,0.0,0.0,1,COMFORT
25.1,24.8,0.6000000000000014,0.9000000000000021,1,COMFORT
19.3,39.4,-0.6999999999999993,2.799999999999997,0,COLD
23.7,29.6,-0.10000000000000142,-5.0,0,COLD
23.1,55.5,0.0,0.0,1,COMFORT
24.2,50.2,0.0,0.0,0,COLD
29.8,67.0,0.0,0.0,3,HOT
22.4,54.0,0.0,0.0,2,WARM_HUMID
23.1,27.4,-1.5,2.3999999999999986,1,COMFORT
23.6,63.0,0.10000000000000142,0.0,0,COLD
29.0,36.3,1.5,-5.0,1,COMFORT
29.3,29.8,0.1999999999999993,0.0,1,COMFORT
28.9,63.0,0.0,0.0,2,WARM_HUMID
27.0,64.0,0.0,0.0,1,COMFORT
22.3,39.6,-0.1999999999999993,-3.6000000000000014,0,COLD
22.4,44.7,-0.20000000000000284,2.9000000000000057,2,WARM_HUMID
24.4,25.2,1.0,-5.0,0,COLD
26.0,40.0,0.8999999999999986,3.299999999999997,3,HOT
24.2,38.0,1.3999999999999986,3.0,0,COLD
29.9,19.2,1.3999999999999986,0.09999999999999787,1,COMFORT
31.2,55.7,0.09999999999999787,1.0,1,COMFORT
24.4,34.6,-0.6000000000000014,0.7000000000000028,1,COMFORT
26.6,72.6,-1.5,5.0,0,COLD
22.6,22.4,-0.29999999999999716,0.0,1,COMFORT
29.9,28.0,0.0,0.0,1,COMFORT
22.4,35.7,1.3999999999999986,-5.0,2,WARM_HUMID
23.6,55.6,0.40000000000000213,0.0,0,COLD
29.5,27.0,1.1999999999999993,-1.0,1,COMFORT
20.6,31.6,-0.29999999999999716,-2.8999999999999986,2,WARM_HUMID
29.1,47.3,-0.29999999999999716,-5.0,1,COMFORT
29.0,43.0,0.0,0.0,0,COLD
25.1,49.5,0.10000000000000142,0.8999999999999986,0,COLD
21.6,60.4,0.0,0.0,2,WARM_HUMID
23.8,33.6,-0.1999999999999993,-0.19999999999999574,3,HOT
21.6,29.5,1.5,-5.0,0,COLD
21.1,51.2,1.4000000000000021,-5.0,0,COLD
24.3,50.0,-0.09999999999999787,0.0,0,COLD
24.3,47.0,0.40000000000000213,5.0,3,HOT
22.5,47.5,0.10000000000000142,0.0,0,COLD
29.3,64.0,0.1999999999999993,-2.0,2,WARM_HUMID
22.8,27.8,1.5,-1.3000000000000007,0,COLD
27.5,70.1,-0.5,1.5999999999999943,0,COLD
20.3,52.6,-0.8999999999999986,3.3000000000000043,0,COLD
29.9,32.7,0.5,-1.2999999999999972,1,COMFORT
25.1,39.8,-0.09999999999999787,-0.4000000000000057,1,COMFORT
23.2,39.7,0.0,0.0,1,COMFORT
24.4,72.4,1.0,5.0,3,HOT
26.1,39.7,1.5,0.10000000000000142,3,HOT
24.8,58.7,0.1999999999999993,-3.1999999999999957,1,COMFORT
22.2,49.8,-0.6999999999999993,-3.4000000000000057,1,COMFORT
24.5,47.1,-0.8000000000000007,0.5,1,COMFORT
21.5,57.6,-0.8000000000000007,2.3999999999999986,2,WARM_HUMID
23.0,27.1,-1.5,1.4000000000000021,1,COMFORT
27.2,37.0,0.0,0.0,1,COMFORT
28.8,14.1,-0.1999999999999993,-1.3000000000000007,1,COMFORT
22.0,21.2,0.0,0.0,1,COMFORT
27.2,67.3,0.09999999999999787,2.5,1,COMFORT
24.1,48.4,-0.29999999999999716,-0.3999999999999986,1,COMFORT
23.8,44.5,-1.3999999999999986,2.0,0,COLD
23.5,25.1,-0.3000000000000007,-1.6999999999999993,3,HOT
28.4,42.6,-1.5,2.700000000000003,0,COLD
24.9,46.0,0.0,0.0,2,WARM_HUMID
27.4,29.7,-0.10000000000000142,5.0,3,HOT
36.0,75.0,-1.0,-5.0,3,HOT
23.0,48.5,0.0,0.0,3,HOT
28.4,57.9,0.8999999999999986,0.6999999999999957,1,COMFORT
29.0,80.2,0.0,0.0,1,COMFORT
23.1,50.4,-0.1999999999999993,1.8999999999999986,1,COMFORT
21.4,31.4,-0.7000000000000028,0.09999999999999787,1,COMFORT
29.6,29.0,0.5,-3.0,2,WARM_HUMID
23.2,63.7,-0.8000000000000007,2.6000000000000014,1,COMFORT
24.3,47.6,1.5,-0.5,3,HOT
22.3,39.9,-0.1999999999999993,-0.3999999999999986,0,COLD
32.7,62.0,0.6000000000000014,-3.0,2,WARM_HUMID
23.2,50.6,0.09999999999999787,0.0,2,WARM_HUMID
29.3,44.6,1.5,5.0,2,WARM_HUMID
23.5,52.7,0.3000000000000007,-0.7999999999999972,0,COLD
24.4,25.2,1.1999999999999993,-5.0,2,WARM_HUMID
21.6,24.4,0.0,0.0,1,COMFORT
23.8,64.8,0.0,0.3999999999999915,0,COLD
25.4,49.0,-0.10000000000000142,4.600000000000001,3,HOT
24.5,53.5,0.3000000000000007,4.5,3,HOT
23.6,49.8,0.0,5.0,0,COLD
21.6,51.1,0.0,-2.0,1,COMFORT
25.9,25.7,-0.10000000000000142,-5.0,0,COLD
23.5,68.3,-1.5,5.0,1,COMFORT
22.6,50.5,-0.09999999999999787,0.5,2,WARM_HUMID
23.6,32.2,-0.29999999999999716,2.1000000000000014,1,COMFORT
27.5,43.2,0.0,0.0,1,COMFORT
27.6,63.5,-0.29999999999999716,0.10000000000000142,3,HOT
24.4,73.9,-0.3000000000000007,-0.19999999999998863,0,COLD
26.7,38.0,1.3000000000000007,-5.0,1,COMFORT
26.2,34.5,0.0,-5.0,1,COMFORT
25.6,63.0,-0.3999999999999986,0.6000000000000014,1,COMFORT
24.9,65.5,1.0999999999999979,-1.0999999999999943,1,COMFORT
22.0,37.2,0.6999999999999993,-5.0,1,COMFORT
15.6,35.5,-1.5,-1.1000000000000014,1,COMFORT
23.1,44.2,0.5,-1.0,2,WARM_HUMID
24.4,33.1,1.0,-5.0,1,COMFORT
31.2,42.0,0.0,0.0,3,HOT
23.0,22.5,0.0,0.3000000000000007,1,COMFORT
22.2,49.8,-0.6999999999999993,-4.300000000000004,0,COLD
22.2,31.0,0.09999999999999787,0.0,1,COMFORT
27.2,34.5,0.09999999999999787,0.6000000000000014,3,HOT
28.8,63.4,0.0,0.0,1,COMFORT
18.4,29.3,-1.5,-0.1999999999999993,1,COMFORT
21.3,43.0,-0.3000000000000007,2.299999999999997,2,WARM_HUMID
21.2,28.4,0.5999999999999979,-1.5,0,COLD
36.5,19.5,-1.5,0.8999999999999986,2,WARM_HUMID
21.6,40.7,0.6000000000000014,-3.5999999999999943,1,COMFORT
19.9,46.1,0.0,0.0,1,COMFORT
36.1,51.4,-0.3999999999999986,5.0,3,HOT
23.6,21.1,-0.8999999999999986,-5.0,3,HOT
18.9,65.0,-0.3000000000000007,-4.0,0,COLD
19.9,25.6,0.0,0.9000000000000021,0,COLD
22.3,29.5,0.0,1.0,1,COMFORT
23.2,43.7,-0.6999999999999993,-4.799999999999997,1,COMFORT
20.7,81.2,0.3000000000000007,-1.0,1,COMFORT
20.8,26.5,-1.5,1.6999999999999993,2,WARM_HUMID
23.3,39.8,1.4000000000000021,-5.0,1,COMFORT
23.1,36.9,-1.5,5.0,1,COMFORT
26.2,41.0,0.0,0.0,2,WARM_HUMID
20.2,50.4,-1.3000000000000007,-1.5,1,COMFORT
23.7,45.0,-0.10000000000000142,4.5,2,WARM_HUMID
27.6,69.9,-0.09999999999999787,0.0,0,COLD
23.5,26.8,0.0,-5.0,1,COMFORT
24.6,50.6,1.1000000000000014,-5.0,1,COMFORT
24.8,55.0,0.5,-1.0,2,WARM_HUMID
29.1,75.2,-0.09999999999999787,-0.5999999999999943,1,COMFORT
26.3,40.2,-1.5,5.0,3,HOT
27.0,63.0,1.0,3.0,1,COMFORT
23.6,58.3,0.0,0.19999999999999574,0,COLD
26.5,44.2,1.3999999999999986,-4.799999999999997,1,COMFORT
21.3,30.7,-1.5,-5.0,1,COMFORT
25.8,66.7,-1.5,-5.0,1,COMFORT
21.9,73.0,-0.20000000000000284,1.0,0,COLD
28.7,52.9,0.1999999999999993,1.8999999999999986,1,COMFORT
23.6,60.4,0.0,0.0,1,COMFORT
28.6,41.0,0.0,0.0,1,COMFORT
23.9,35.0,0.3999999999999986,-3.5,2,WARM_HUMID
31.5,30.0,1.5,-3.0,1,COMFORT
20.9,34.5,0.8999999999999986,0.0,1,COMFORT
23.3,35.2,1.5,-4.299999999999997,1,COMFORT
29.8,77.3,-0.5,0.8999999999999915,1,COMFORT
30.0,70.0,0.0,0.0,1,COMFORT
24.9,35.1,1.5,-0.7999999999999972,1,COMFORT
22.9,41.2,0.1999999999999993,-2.3999999999999986,2,WARM_HUMID
22.3,18.2,-0.1999999999999993,-1.8000000000000007,2,WARM_HUMID
30.8,31.0,0.9000000000000021,3.0,3,HOT
25.5,58.1,0.5,-0.6999999999999957,0,COLD
19.9,48.8,-1.5,5.0,0,COLD
24.9,58.3,-0.20000000000000284,1.0,3,HOT
19.7,38.8,0.0,0.0,2,WARM_HUMID
21.7,44.9,-1.5,1.6999999999999957,3,HOT
24.0,55.0,-0.10000000000000142,0.29999999999999716,0,COLD
24.6,43.6,-0.29999999999999716,0.0,1,COMFORT
20.3,43.1,0.3000000000000007,2.5,0,COLD
21.6,39.9,0.6000000000000014,-4.399999999999999,0,COLD
26.4,32.7,0.29999999999999716,-0.7999999999999972,1,COMFORT
23.7,48.4,1.0999999999999979,0.29999999999999716,3,HOT
25.1,41.1,1.5,-4.699999999999996,2,WARM_HUMID
22.1,53.6,0.8000000000000007,4.300000000000004,3,HOT
20.6,52.4,-0.6999999999999993,1.1000000000000014,3,HOT
26.6,44.0,0.0,0.0,1,COMFORT
23.5,41.0,0.0,0.0,1,COMFORT
23.8,59.0,1.5,5.0,1,COMFORT
25.7,73.1,-0.10000000000000142,1.3999999999999915,1,COMFORT
21.7,24.0,1.5,-5.0,1,COMFORT
22.9,48.3,1.0999999999999979,-4.900000000000006,1,COMFORT
23.3,71.0,-0.5,-3.0,1,COMFORT
27.2,26.7,-1.0,-3.5,0,COLD
34.6,58.8,1.5,-4.300000000000004,2,WARM_HUMID
26.4,66.4,0.0,0.0,0,COLD
23.6,53.5,0.9000000000000021,-2.799999999999997,0,COLD
21.0,39.6,-1.3999999999999986,-1.1999999999999957,0,COLD
22.9,46.2,1.5,-4.199999999999996,2,WARM_HUMID
25.8,60.9,0.5,-0.30000000000000426,1,COMFORT
25.3,36.4,-0.3000000000000007,1.5,3,HOT
21.5,13.6,-1.5,-5.0,1,COMFORT
24.8,49.9,0.0,1.0,1,COMFORT
28.3,69.1,0.0,-0.20000000000000284,0,COLD
23.2,45.7,-1.5,5.0,1,COMFORT
29.7,63.8,0.5,0.29999999999999716,3,HOT
22.0,31.7,-1.5,-1.0999999999999979,1,COMFORT
26.8,48.1,1.5,5.0,3,HOT
20.3,62.0,0.6999999999999993,2.0,1,COMFORT
15.0,75.0,1.5,-3.0,3,HOT
30.1,41.0,0.0,0.0,1,COMFORT
21.4,36.6,0.3999999999999986,0.0,1,COMFORT
26.8,48.8,1.5,-2.0,2,WARM_HUMID
21.5,40.7,0.6000000000000014,-3.299999999999997,1,COMFORT
21.7,29.6,0.6999999999999993,0.0,0,COLD
21.1,21.2,-0.09999999999999787,-0.10000000000000142,1,COMFORT
23.1,54.5,-0.6999999999999993,3.700000000000003,0,COLD
25.0,73.3,-1.5,3.5999999999999943,0,COLD
23.5,35.0,1.5,-5.0,2,WARM_HUMID
27.7,64.6,1.5,-5.0,3,HOT
22.8,59.4,-0.3999999999999986,0.0,1,COMFORT
31.5,45.4,0.3999999999999986,-1.6000000000000014,2,WARM_HUMID
29.8,62.0,0.0,0.0,1,COMFORT
31.6,39.0,-0.09999999999999787,5.0,3,HOT
30.5,36.0,1.0,5.0,2,WARM_HUMID
21.7,35.0,0.6999999999999993,-5.0,0,COLD
24.3,42.7,0.6000000000000014,-2.299999999999997,0,COLD
19.9,56.1,0.0,0.0,1,COMFORT
35.0,87.0,0.0,5.0,3,HOT
22.3,19.4,0.0,-5.0,0,COLD
30.1,80.0,-0.5,4.200000000000003,3,HOT
23.7,55.6,-0.40000000000000213,0.0,0,COLD
22.5,39.0,-0.5,0.29999999999999716,0,COLD
31.0,73.4,-0.10000000000000142,-2.5,2,WARM_HUMID
27.3,66.2,1.5,2.9000000000000057,3,HOT
27.1,46.7,1.5,2.700000000000003,2,WARM_HUMID
22.7,64.1,-0.5,1.1999999999999957,1,COMFORT
25.9,47.4,0.09999999999999787,-1.3999999999999986,3,HOT
25.2,43.0,0.0,0.0,0,COLD
30.1,44.0,-0.3999999999999986,0.7999999999999972,2,WARM_HUMID
23.4,62.1,-1.5,5.0,1,COMFORT
24.3,51.0,0.0,0.0,0,COLD
24.3,48.9,-0.5,-5.0,0,COLD
15.3,66.0,-0.1999999999999993,3.0,0,COLD
21.3,42.8,0.6999999999999993,0.6999999999999957,2,WARM_HUMID
23.0,37.5,-0.8999999999999986,5.0,1,COMFORT
22.6,66.9,0.0,0.0,1,COMFORT
24.6,57.8,1.4000000000000021,0.0,1,COMFORT
29.9,20.0,-1.3000000000000007,0.0,1,COMFORT
26.7,34.0,0.0,0.0,3,HOT
23.9,55.6,0.0,0.0,1,COMFORT
24.0,63.6,0.0,0.0,2,WARM_HUMID
27.5,62.0,0.0,0.0,3,HOT
27.9,63.2,0.0,-1.0,3,HOT
25.1,19.3,0.0,0.0,1,COMFORT
21.2,48.9,-0.3000000000000007,2.3999999999999986,1,COMFORT
19.2,54.8,0.0,0.0,0,COLD
19.3,19.4,0.0,0.0,1,COMFORT
23.1,47.8,0.10000000000000142,0.29999999999999716,1,COMFORT
19.8,61.0,1.5,5.0,0,COLD
25.7,54.0,0.0,0.0,0,COLD
21.9,48.3,0.5999999999999979,-2.3000000000000043,3,HOT
22.3,33.8,0.0,0.0,1,COMFORT
22.8,31.4,-0.8999999999999986,-5.0,1,COMFORT
26.3,57.0,0.0,0.0,1,COMFORT
27.0,63.0,-1.5,3.0,2,WARM_HUMID
25.0,47.8,-1.5,3.0,1,COMFORT
22.8,52.0,-0.1999999999999993,0.0,2,WARM_HUMID
22.5,35.3,0.3999999999999986,5.0,3,HOT
31.2,71.1,0.09999999999999787,1.8999999999999915,2,WARM_HUMID
26.7,41.0,0.0,0.0,1,COMFORT
22.1,41.6,-1.3999999999999986,1.1000000000000014,0,COLD
31.8,56.0,0.8000000000000007,4.0,0,COLD
26.6,67.8,0.0,0.8999999999999915,0,COLD
22.0,29.2,0.0,0.0,0,COLD
24.1,48.0,0.0,0.0,1,COMFORT
22.7,44.0,0.0,0.0,0,COLD
22.6,40.9,1.5,-5.0,2,WARM_HUMID
24.3,55.6,0.6000000000000014,0.0,1,COMFORT
28.8,74.2,0.40000000000000213,-5.0,3,HOT
27.5,59.6,0.0,0.0,3,HOT
23.2,59.3,-0.1999999999999993,3.0999999999999943,1,COMFORT
27.9,52.0,1.3999999999999986,-4.0,3,HOT
26.5,46.0,-0.1999999999999993,0.20000000000000284,1,COMFORT
23.2,33.1,-0.10000000000000142,0.30000000000000426,1,COMFORT
15.9,59.7,-1.5,5.0,0,COLD
23.8,19.1,-0.3999999999999986,4.900000000000002,2,WARM_HUMID
23.5,32.9,0.0,3.3999999999999986,1,COMFORT
24.9,53.1,0.0,0.0,3,HOT
21.3,29.8,-1.1999999999999993,0.6999999999999993,3,HOT
25.9,64.5,-0.5,3.700000000000003,1,COMFORT
23.8,58.0,-1.5,5.0,2,WARM_HUMID
27.7,48.0,0.0,0.0,1,COMFORT
29.9,60.7,0.3999999999999986,-0.3999999999999986,1,COMFORT
36.3,35.0,-1.5,-1.0,3,HOT
20.2,49.5,0.0,0.0,0,COLD
24.7,56.2,-1.5,4.700000000000003,1,COMFORT
23.7,28.0,0.5,0.0,1,COMFORT
18.6,72.6,0.0,4.099999999999994,2,WARM_HUMID
24.5,40.1,1.5,-0.10000000000000142,0,COLD
21.3,60.3,0.0,0.0,3,HOT
25.3,42.0,0.0,0.0,1,COMFORT
24.1,60.6,-0.3999999999999986,-4.100000000000001,1,COMFORT
21.5,59.4,-1.5,0.7999999999999972,0,COLD
29.1,42.7,0.0,0.0,1,COMFORT
25.2,46.0,0.0,0.0,1,COMFORT
37.0,69.0,0.0,5.0,3,HOT
24.0,35.7,0.3999999999999986,0.6000000000000014,0,COLD
25.8,33.4,1.5,-5.0,2,WARM_HUMID
32.8,61.0,-0.20000000000000284,1.7999999999999972,1,COMFORT
17.1,58.0,0.0,0.0,0,COLD
22.5,35.3,-0.3000000000000007,0.09999999999999432,3,HOT
20.7,31.2,-0.3000000000000007,-2.6999999999999993,0,COLD
23.7,50.7,-0.10000000000000142,-0.5999999999999943,0,COLD
28.5,49.0,0.3999999999999986,0.0,0,COLD
32.6,64.0,0.5,5.0,2,WARM_HUMID
18.8,42.9,0.1999999999999993,1.5,0,COLD
23.9,26.3,1.2999999999999972,0.6999999999999993,0,COLD
26.4,35.5,0.29999999999999716,-2.299999999999997,2,WARM_HUMID
24.8,52.7,0.40000000000000213,-1.5,1,COMFORT
25.0,66.0,0.0,0.0,1,COMFORT
25.2,50.0,0.0,0.0,1,COMFORT
21.5,48.0,0.3999999999999986,-5.0,1,COMFORT
24.7,41.1,1.5,-1.7999999999999972,1,COMFORT
21.9,35.6,-0.6000000000000014,4.600000000000001,0,COLD
21.9,33.0,0.7999999999999972,-5.0,0,COLD
23.6,68.5,0.6000000000000014,1.2999999999999972,1,COMFORT
24.5,40.6,1.0,-5.0,1,COMFORT
23.4,60.9,0.0,0.0,1,COMFORT
24.4,47.9,0.0,0.0,2,WARM_HUMID
23.9,47.9,-0.10000000000000142,0.3999999999999986,1,COMFORT
23.6,55.6,-0.3999999999999986,0.0,2,WARM_HUMID
23.3,27.7,0.5,-3.1999999999999993,1,COMFORT
21.4,31.0,-0.8000000000000007,0.0,1,COMFORT
25.9,66.7,0.0,0.0,1,COMFORT
25.5,43.5,0.5,5.0,0,COLD
25.6,30.0,-0.7999999999999972,-5.0,1,COMFORT
25.4,40.7,0.0,0.0,1,COMFORT
28.1,52.8,0.20000000000000284,-0.8000000000000043,1,COMFORT
27.6,61.8,0.0,0.19999999999999574,2,WARM_HUMID
23.9,24.6,0.09999999999999787,0.5,0,COLD
26.2,31.0,-0.1999999999999993,-1.0,1,COMFORT
27.9,75.4,0.29999999999999716,-0.7999999999999972,3,HOT
23.5,40.2,1.5,5.0,1,COMFORT
25.5,24.0,1.5,-1.1999999999999993,1,COMFORT
24.1,71.0,-1.3999999999999986,5.0,1,COMFORT
21.8,52.7,0.0,-4.699999999999996,0,COLD
23.0,62.9,-0.3999999999999986,5.0,1,COMFORT
26.4,33.0,-0.20000000000000284,-2.8999999999999986,3,HOT
18.7,38.1,-0.6000000000000014,0.0,0,COLD
22.1,81.3,0.0,0.0,3,HOT
24.4,45.0,0.0,0.0,1,COMFORT
21.9,38.5,-0.6000000000000014,0.29999999999999716,0,COLD
21.6,49.7,-1.0,-5.0,0,COLD
26.6,75.7,0.8000000000000007,0.7999999999999972,1,COMFORT
23.9,47.0,-1.3000000000000007,-5.0,0,COLD
20.5,62.4,0.0,0.0,1,COMFORT
24.0,48.3,-1.5,5.0,2,WARM_HUMID
21.7,30.0,0.0,-5.0,0,COLD
20.0,37.4,0.6000000000000014,-0.6000000000000014,1,COMFORT
26.4,39.6,0.0,-0.10000000000000142,1,COMFORT
22.2,29.6,0.8999999999999986,-0.29999999999999716,3,HOT
21.9,30.5,1.1999999999999993,-0.8999999999999986,0,COLD
31.7,45.0,0.0,0.0,1,COMFORT
25.6,39.0,0.0,0.0,1,COMFORT
27.9,82.9,-1.5,5.0,0,COLD
28.5,51.1,0.0,-0.29999999999999716,2,WARM_HUMID
24.1,49.6,-0.1999999999999993,5.0,2,WARM_HUMID
22.8,28.6,-0.3000000000000007,3.200000000000003,1,COMFORT
26.4,58.0,0.0,0.0,0,COLD
31.0,12.2,-1.1000000000000014,0.0,2,WARM_HUMID
21.5,28.1,0.0,1.2000000000000028,1,COMFORT
21.1,32.5,0.10000000000000142,-2.5,2,WARM_HUMID
28.4,35.7,0.0,5.0,1,COMFORT
18.0,34.0,-0.10000000000000142,0.5,1,COMFORT
30.4,56.3,0.0,0.0,1,COMFORT
28.2,40.0,0.0,0.0,0,COLD
22.5,29.7,0.5,-2.0,0,COLD
24.8,65.1,0.3000000000000007,0.7999999999999972,1,COMFORT
25.2,43.0,0.0,0.0,1,COMFORT
22.1,36.0,-0.1999999999999993,-1.7000000000000028,1,COMFORT
32.4,69.3,-0.20000000000000284,-0.4000000000000057,3,HOT
30.3,27.6,-1.0999999999999979,-5.0,2,WARM_HUMID
22.0,61.6,0.0,0.0,1,COMFORT
25.2,48.7,0.0,-0.29999999999999716,1,COMFORT
22.3,27.1,0.10000000000000142,2.3000000000000007,2,WARM_HUMID
25.4,46.2,0.1999999999999993,-1.0999999999999943,1,COMFORT
29.2,71.2,0.0,0.0,2,WARM_HUMID
21.7,63.9,0.5999999999999979,-1.500000000000007,0,COLD
27.0,39.9,0.0,-2.700000000000003,3,HOT
30.9,70.6,-0.40000000000000213,1.5999999999999943,3,HOT
24.8,68.9,0.1999999999999993,0.20000000000000284,2,WARM_HUMID
22.2,46.5,0.09999999999999787,1.2999999999999972,1,COMFORT
26.6,32.3,-1.0999999999999979,-5.0,2,WARM_HUMID
22.5,22.7,-1.5,3.099999999999998,1,COMFORT
28.1,64.9,-0.29999999999999716,3.4000000000000057,2,WARM_HUMID
23.0,53.1,1.1999999999999993,-5.0,0,COLD
28.9,71.1,0.29999999999999716,-5.0,2,WARM_HUMID
26.7,48.0,0.0,0.0,1,COMFORT
32.9,42.0,0.0,0.7000000000000028,1,COMFORT
27.5,58.7,-1.5,-5.0,1,COMFORT
21.1,36.6,1.5,-5.0,1,COMFORT
20.3,31.3,-0.3000000000000007,1.5,2,WARM_HUMID
25.8,56.0,0.0,0.0,0,COLD
28.0,33.0,0.0,0.0,1,COMFORT
23.6,46.2,0.6000000000000014,-2.0999999999999943,1,COMFORT
26.9,64.0,0.0,0.0,1,COMFORT
20.6,27.2,-0.3999999999999986,3.5,1,COMFORT
24.1,35.7,1.0,-5.0,3,HOT
20.4,43.4,-1.3000000000000007,4.5,2,WARM_HUMID
25.5,56.7,0.10000000000000142,-3.5999999999999943,0,COLD
18.3,47.0,0.0,0.0,1,COMFORT
30.5,72.9,0.0,-0.5999999999999943,1,COMFORT
26.8,44.3,0.6000000000000014,-1.0,2,WARM_HUMID
24.9,64.1,0.6999999999999993,-3.3000000000000114,2,WARM_HUMID
17.3,79.9,0.0,0.0,0,COLD
21.0,41.0,-1.5,2.6000000000000014,1,COMFORT
25.4,51.4,0.0,-2.5,2,WARM_HUMID
27.1,74.8,0.0,0.0,1,COMFORT
10.0,69.0,0.0,-5.0,0,COLD
24.5,31.3,-1.3000000000000007,3.6999999999999993,0,COLD
22.3,27.1,0.5,-2.6999999999999993,0,COLD
23.6,31.7,1.5,-1.8000000000000007,0,COLD
21.8,49.1,-0.09999999999999787,1.7000000000000028,0,COLD
22.9,48.6,-0.7000000000000028,-1.1999999999999957,1,COMFORT
25.4,34.0,0.0,0.0,2,WARM_HUMID
22.0,43.3,-0.3000000000000007,3.5,0,COLD
25.1,33.7,1.5,-3.299999999999997,1,COMFORT
27.8,44.8,-1.5,-2.200000000000003,3,HOT
24.8,43.2,0.0,0.0,3,HOT
20.5,34.6,-0.3000000000000007,1.7000000000000028,0,COLD
22.9,50.6,-1.4000000000000021,2.3000000000000043,2,WARM_HUMID
26.9,57.6,-0.3000000000000007,-0.5,1,COMFORT
24.9,27.2,1.5,0.8000000000000007,2,WARM_HUMID
29.3,19.6,-0.09999999999999787,-3.8999999999999986,1,COMFORT
19.9,56.1,0.0,0.0,0,COLD
22.7,22.4,0.8000000000000007,0.3999999999999986,0,COLD
27.3,51.0,0.0,0.0,1,COMFORT
23.9,37.0,-1.5,2.0,1,COMFORT
27.9,51.0,0.0,0.0,2,WARM_HUMID
23.5,36.8,0.10000000000000142,-2.9000000000000057,3,HOT
28.5,70.0,0.0,0.0,1,COMFORT
22.4,64.5,-0.6000000000000014,1.2999999999999972,1,COMFORT
22.8,26.3,-0.1999999999999993,-5.0,0,COLD
22.8,27.7,0.1999999999999993,5.0,1,COMFORT
23.9,33.4,-0.6000000000000014,2.3999999999999986,1,COMFORT
20.6,47.2,-0.3999999999999986,0.9000000000000057,1,COMFORT
23.8,66.6,-0.5999999999999979,-1.5,1,COMFORT
27.9,57.0,0.5999999999999979,0.0,1,COMFORT
21.4,36.2,-0.10000000000000142,3.4000000000000057,0,COLD
23.3,43.8,0.1999999999999993,0.5,1,COMFORT
23.2,51.0,0.0,0.0,1,COMFORT
24.6,27.5,0.40000000000000213,0.1999999999999993,2,WARM_HUMID
27.2,76.4,0.5999999999999979,0.7000000000000028,1,COMFORT
24.7,24.2,0.09999999999999787,-1.5,2,WARM_HUMID
27.7,47.7,1.5,-5.0,1,COMFORT
34.0,53.0,1.2999999999999972,2.0,2,WARM_HUMID
24.6,68.1,-0.09999999999999787,0.6999999999999886,1,COMFORT
27.6,45.0,0.0,0.0,0,COLD
24.1,31.3,-0.5999999999999979,3.3000000000000007,1,COMFORT
30.3,37.0,-0.1999999999999993,-5.0,2,WARM_HUMID
29.9,22.2,-0.20000000000000284,-2.1999999999999993,1,COMFORT
30.6,71.0,0.6000000000000014,0.0,1,COMFORT
23.3,48.5,-1.5,5.0,1,COMFORT
25.0,48.0,0.0,0.0,1,COMFORT
22.1,24.6,0.0,1.9000000000000021,1,COMFORT
24.1,44.9,1.5,-5.0,0,COLD
21.3,36.4,0.10000000000000142,2.1999999999999957,1,COMFORT
19.4,44.8,-0.8000000000000007,2.799999999999997,2,WARM_HUMID
23.3,56.1,-0.09999999999999787,0.6000000000000014,2,WARM_HUMID
11.0,49.3,-0.5999999999999996,1.0,0,COLD
22.0,28.2,-0.3999999999999986,4.199999999999999,0,COLD
24.5,42.0,0.0,0.0,1,COMFORT
32.0,61.9,0.0,-2.6000000000000014,3,HOT
22.8,66.4,-0.1999999999999993,-0.8999999999999915,0,COLD
23.8,40.9,-1.3000000000000007,2.799999999999997,0,COLD
28.5,59.7,0.0,0.0,3,HOT
28.6,61.9,0.40000000000000213,0.6999999999999957,1,COMFORT
35.2,40.0,0.10000000000000142,1.0,3,HOT
23.3,23.7,1.5,-2.8000000000000007,1,COMFORT
23.0,27.5,0.1999999999999993,-2.3999999999999986,1,COMFORT
23.1,55.5,0.0,0.0,2,WARM_HUMID
26.4,56.0,0.0,0.0,1,COMFORT
11.0,50.3,0.0,0.0,0,COLD
23.1,54.9,-0.3999999999999986,5.0,1,COMFORT
20.1,41.3,0.5,-4.100000000000001,0,COLD
23.5,55.1,0.0,0.0,3,HOT
19.6,44.9,-0.5,5.0,0,COLD
27.5,59.6,0.0,0.0,3,HOT
23.9,43.0,0.0,0.0,0,COLD
24.9,74.0,-0.6000000000000014,-1.0999999999999943,0,COLD
24.3,25.6,-0.8000000000000007,0.9000000000000021,3,HOT
29.0,79.0,0.0,0.0,1,COMFORT
29.6,60.5,0.0,0.10000000000000142,3,HOT
26.8,37.0,-0.6999999999999993,5.0,3,HOT
23.0,23.4,0.0,0.0,3,HOT
21.0,24.0,0.6000000000000014,-1.6999999999999993,0,COLD
26.2,57.0,0.0,0.0,1,COMFORT
23.1,42.4,-0.29999999999999716,-5.0,0,COLD
28.3,44.0,0.0,0.0,3,HOT
28.8,79.8,-0.3999999999999986,5.0,3,HOT
27.2,60.8,0.0,0.0,3,HOT
27.1,72.0,0.0,5.0,2,WARM_HUMID
22.2,42.5,0.0,0.0,2,WARM_HUMID
22.9,41.1,-0.5,-5.0,1,COMFORT
28.1,62.2,0.10000000000000142,-0.09999999999999432,3,HOT
29.7,65.0,0.0,0.0,3,HOT
23.4,41.4,-1.5,-5.0,2,WARM_HUMID
26.1,61.1,1.5,-2.299999999999997,1,COMFORT
24.8,57.8,-0.5999999999999979,2.5999999999999943,2,WARM_HUMID
23.5,51.4,1.5,-5.0,1,COMFORT
22.6,26.9,0.8000000000000007,-5.0,1,COMFORT
20.6,43.5,0.40000000000000213,0.8999999999999986,1,COMFORT
20.7,25.5,-1.5,-5.0,2,WARM_HUMID
24.7,31.7,1.5,-4.099999999999998,2,WARM_HUMID
24.4,53.9,0.1999999999999993,2.0,3,HOT
23.4,38.2,0.29999999999999716,-0.6999999999999957,0,COLD
24.0,30.4,0.5,-2.8000000000000043,2,WARM_HUMID
31.2,12.2,-0.10000000000000142,0.0,2,WARM_HUMID
25.1,46.0,0.0,0.0,0,COLD
32.3,71.5,0.5999999999999979,1.0999999999999943,2,WARM_HUMID
22.7,46.7,-0.1999999999999993,5.0,0,COLD
25.4,62.3,0.09999999999999787,0.0,1,COMFORT
23.4,59.9,0.09999999999999787,1.1000000000000014,1,COMFORT
37.6,39.6,1.5,-5.0,3,HOT
23.0,48.8,-0.3000000000000007,-1.6000000000000014,3,HOT
22.5,60.7,1.3000000000000007,-1.6999999999999957,0,COLD
25.5,57.4,0.3999999999999986,-2.0,1,COMFORT
21.6,50.3,0.0,0.0,1,COMFORT
16.9,39.0,-1.5,3.8999999999999986,0,COLD
31.1,71.7,0.20000000000000284,-2.0,1,COMFORT
25.3,51.8,0.1999999999999993,-0.8000000000000043,2,WARM_HUMID
25.2,34.3,1.5,-1.2000000000000028,1,COMFORT
12.8,59.2,0.0,2.3000000000000043,0,COLD
22.4,59.7,-1.5,5.0,2,WARM_HUMID
23.9,28.8,1.0,-1.3000000000000007,0,COLD
22.5,28.1,-0.1999999999999993,-5.0,2,WARM_HUMID
20.3,40.6,0.6000000000000014,-0.5,2,WARM_HUMID
24.2,37.3,0.0,1.1999999999999957,2,WARM_HUMID
25.8,31.1,-1.5,4.700000000000003,3,HOT
26.4,53.1,0.29999999999999716,0.6000000000000014,1,COMFORT
22.8,27.7,0.0,5.0,1,COMFORT
18.7,52.4,0.1999999999999993,-1.1000000000000014,3,HOT
24.2,55.0,-0.40000000000000213,3.0,2,WARM_HUMID
23.9,38.2,1.0999999999999979,0.0,0,COLD
22.9,24.3,-0.40000000000000213,-0.8000000000000007,0,COLD
21.8,43.6,-1.0999999999999979,2.8999999999999986,1,COMFORT
22.1,24.4,0.20000000000000284,-3.700000000000003,3,HOT
27.3,36.9,1.5,1.6999999999999957,3,HOT
21.2,33.6,0.0,-0.7999999999999972,2,WARM_HUMID
32.9,20.0,0.0,0.0,3,HOT
24.5,63.7,-0.5,0.0,1,COMFORT
24.2,22.4,0.09999999999999787,0.0,1,COMFORT
22.4,72.1,-1.0,5.0,1,COMFORT
23.4,44.6,-0.10000000000000142,-0.29999999999999716,1,COMFORT
21.8,77.6,0.1999999999999993,0.19999999999998863,1,COMFORT
20.6,42.2,-1.5,1.6000000000000014,1,COMFORT
18.0,38.0,1.0,0.29999999999999716,0,COLD
24.0,26.8,0.3000000000000007,-1.3999999999999986,3,HOT
27.1,61.0,0.0,0.0,2,WARM_HUMID
21.9,20.8,1.5,-5.0,0,COLD
23.8,52.3,1.1000000000000014,5.0,1,COMFORT
22.9,25.8,1.5,-4.099999999999998,3,HOT
21.2,70.8,0.0,0.0,0,COLD
20.9,28.5,1.0,-5.0,1,COMFORT
23.7,31.2,0.0,1.5,1,COMFORT
27.2,51.5,0.0,0.0,1,COMFORT
21.7,59.0,0.3000000000000007,0.10000000000000142,0,COLD
22.4,55.2,0.0,-0.09999999999999432,1,COMFORT
23.2,55.6,0.0,0.0,0,COLD
22.8,23.4,-0.5,-0.5,1,COMFORT
23.8,61.2,0.5,-4.299999999999997,1,COMFORT
26.0,57.7,0.0,0.0,1,COMFORT
23.0,46.8,-1.5,5.0,1,COMFORT
21.1,37.0,-0.29999999999999716,3.5,0,COLD
21.2,33.6,0.0,2.900000000000002,2,WARM_HUMID
22.4,41.5,0.09999999999999787,-1.5,2,WARM_HUMID
22.5,41.8,-0.6000000000000014,1.0,1,COMFORT
18.7,45.0,-1.5,5.0,1,COMFORT
24.1,46.4,-1.2999999999999972,3.799999999999997,3,HOT
21.2,45.6,0.8999999999999986,1.3000000000000043,2,WARM_HUMID
32.6,68.0,-0.7999999999999972,-0.09999999999999432,1,COMFORT
22.2,29.4,-1.5,1.8999999999999986,1,COMFORT
27.2,32.0,0.0,-5.0,1,COMFORT
23.8,56.6,0.0,0.0,0,COLD
21.6,67.6,-0.6999999999999993,3.0999999999999943,2,WARM_HUMID
26.6,53.2,-0.7999999999999972,0.0,0,COLD
24.7,63.9,0.3000000000000007,-0.8999999999999986,3,HOT
22.0,24.3,-0.6999999999999993,-5.0,1,COMFORT
23.2,19.1,0.0,0.0,1,COMFORT
24.2,41.6,-1.5,-3.299999999999997,3,HOT
20.9,64.7,0.0,0.0,1,COMFORT
21.9,47.3,0.09999999999999787,-0.9000000000000057,2,WARM_HUMID
24.0,33.6,-0.1999999999999993,0.10000000000000142,3,HOT
22.7,46.1,-1.5,5.0,1,COMFORT
24.1,71.2,-0.6999999999999993,5.0,1,COMFORT
28.3,49.0,0.0,0.0,0,COLD
28.3,44.0,0.0,0.0,0,COLD
30.0,70.0,0.0,0.0,3,HOT
27.4,54.0,0.0,0.0,1,COMFORT
23.4,41.4,-0.9000000000000021,-5.0,1,COMFORT
21.5,35.5,0.3000000000000007,-0.20000000000000284,0,COLD
21.9,53.2,0.0,0.0,2,WARM_HUMID
24.7,56.2,0.0,0.0,2,WARM_HUMID
28.5,39.0,-1.0,-5.0,1,COMFORT
22.9,43.1,-0.10000000000000142,-0.19999999999999574,0,COLD
32.3,63.2,1.5,-5.0,3,HOT
26.5,47.8,0.0,1.6999999999999957,0,COLD
30.4,72.7,0.0,0.20000000000000284,1,COMFORT
20.4,57.6,0.0,0.0,3,HOT
23.5,34.6,0.0,3.400000000000002,2,WARM_HUMID
23.4,25.8,0.1999999999999993,-0.8999999999999986,2,WARM_HUMID
23.4,52.6,1.0999999999999979,-4.399999999999999,1,COMFORT
26.2,62.0,0.0,0.0,2,WARM_HUMID
21.1,47.3,-0.1999999999999993,0.5,1,COMFORT
25.1,64.1,0.0,0.19999999999999574,1,COMFORT
27.4,58.8,0.3999999999999986,-1.0,3,HOT
27.2,50.0,0.09999999999999787,-2.1000000000000014,1,COMFORT
22.9,20.8,-0.10000000000000142,1.4000000000000021,1,COMFORT
24.9,45.6,0.0,-1.2999999999999972,2,WARM_HUMID
31.2,67.9,0.09999999999999787,1.6000000000000085,3,HOT
26.7,29.1,0.1999999999999993,0.10000000000000142,0,COLD
34.0,46.0,-1.0,-1.0,3,HOT
23.0,24.2,-1.1000000000000014,-2.6000000000000014,0,COLD
25.7,40.7,-1.5,-1.2999999999999972,1,COMFORT
22.8,58.9,0.0,0.0,2,WARM_HUMID
23.3,59.9,-0.09999999999999787,0.6999999999999957,0,COLD
27.5,58.3,-1.5,5.0,1,COMFORT
22.6,34.0,0.10000000000000142,-5.0,1,COMFORT
21.4,55.2,-1.5,1.5,0,COLD
22.3,23.4,-1.5,5.0,1,COMFORT
22.2,37.3,0.0,0.0,1,COMFORT
27.4,46.3,0.0,1.3999999999999986,1,COMFORT
23.4,60.8,1.5,3.3999999999999986,0,COLD
22.9,60.0,-0.7000000000000028,1.0,1,COMFORT
21.7,51.9,0.09999999999999787,-0.5,0,COLD
26.1,57.4,0.0,-0.10000000000000142,1,COMFORT
28.8,40.0,-0.09999999999999787,0.0,3,HOT
25.7,57.2,0.0,0.0,1,COMFORT
23.2,63.0,-0.3000000000000007,1.0,1,COMFORT
30.2,33.2,1.5,0.6000000000000014,3,HOT
23.1,39.3,0.0,-5.0,1,COMFORT
21.5,32.5,0.3000000000000007,-2.299999999999997,0,COLD
28.9,38.7,0.09999999999999787,-0.19999999999999574,3,HOT
26.3,56.0,-1.5,-5.0,2,WARM_HUMID
23.4,24.6,0.1999999999999993,-2.5,1,COMFORT
19.5,57.7,0.0,0.0,1,COMFORT
11.0,50.8,0.0,-0.5,0,COLD
23.8,64.4,-0.1999999999999993,-3.8999999999999915,1,COMFORT
28.5,51.4,-0.1999999999999993,0.19999999999999574,1,COMFORT
27.3,47.6,1.5,-3.8999999999999986,2,WARM_HUMID
21.8,47.5,0.9000000000000021,-3.299999999999997,2,WARM_HUMID
19.3,51.7,-0.5999999999999979,0.30000000000000426,0,COLD
26.9,31.6,1.5,-5.0,0,COLD
26.0,61.5,-0.10000000000000142,0.20000000000000284,1,COMFORT
17.5,64.0,0.0,0.0,3,HOT
20.1,54.4,-1.5,5.0,0,COLD
23.8,42.8,0.0,0.6999999999999957,0,COLD
30.6,78.1,0.10000000000000142,-0.20000000000000284,2,WARM_HUMID
25.4,60.3,-1.0,-5.0,1,COMFORT
16.3,68.0,0.0,0.0,1,COMFORT
21.7,60.3,0.0,0.0,2,WARM_HUMID
22.1,34.4,0.6000000000000014,0.6999999999999957,1,COMFORT
24.3,61.8,1.1000000000000014,-0.10000000000000142,1,COMFORT
22.6,28.5,0.10000000000000142,0.6000000000000014,2,WARM_HUMID
18.0,36.6,0.10000000000000142,2.5,1,COMFORT
25.8,80.2,0.6000000000000014,5.0,2,WARM_HUMID
22.4,31.1,1.2999999999999972,-5.0,0,COLD
25.8,20.2,0.0,0.0,2,WARM_HUMID
13.5,37.8,-1.5,5.0,0,COLD
26.0,57.7,0.0,0.0,0,COLD
24.0,64.0,0.0,0.0,1,COMFORT
20.6,55.0,0.3000000000000007,1.1000000000000014,2,WARM_HUMID
23.0,56.8,0.0,0.0,0,COLD
33.6,59.5,-0.10000000000000142,-0.29999999999999716,3,HOT
22.5,22.5,0.1999999999999993,-1.1000000000000014,1,COMFORT
20.5,40.5,0.3999999999999986,2.3999999999999986,0,COLD
21.4,29.7,-1.5,0.5999999999999979,1,COMFORT
27.3,45.3,0.3000000000000007,-5.0,1,COMFORT
23.4,52.6,0.09999999999999787,0.8000000000000043,0,COLD
22.2,50.6,1.3000000000000007,0.10000000000000142,3,HOT
23.5,31.2,0.6999999999999993,1.8999999999999986,1,COMFORT
29.7,56.5,0.0,1.0,1,COMFORT
21.9,42.6,1.0999999999999979,0.7000000000000028,2,WARM_HUMID
21.9,49.1,-1.5,5.0,1,COMFORT
21.1,64.2,0.0,-0.09999999999999432,2,WARM_HUMID
24.3,24.6,-0.09999999999999787,-0.3999999999999986,3,HOT
31.0,64.0,-0.8000000000000007,1.0,3,HOT
24.3,31.2,-0.3999999999999986,-5.0,0,COLD
23.7,57.0,0.0,0.0,0,COLD
20.2,41.9,-0.40000000000000213,-1.6000000000000014,1,COMFORT
29.0,58.0,0.8999999999999986,0.0,1,COMFORT
21.7,31.1,0.8000000000000007,1.7000000000000028,2,WARM_HUMID
27.0,68.0,0.0,-3.0,1,COMFORT
23.1,55.8,-0.29999999999999716,1.5999999999999943,2,WARM_HUMID
31.0,47.0,-1.5,5.0,2,WARM_HUMID
22.3,31.4,-1.5,4.199999999999999,2,WARM_HUMID
22.5,27.0,0.8000000000000007,-1.5,0,COLD
20.2,47.2,-0.6000000000000014,-0.5999999999999943,1,COMFORT
22.9,29.8,0.7999999999999972,-5.0,1,COMFORT
31.6,63.0,0.0,0.0,1,COMFORT
25.3,56.1,-1.5,5.0,2,WARM_HUMID
19.8,56.0,0.0,0.0,0,COLD
24.0,51.7,1.5,-1.3999999999999986,3,HOT
15.7,72.3,0.0,3.3999999999999915,1,COMFORT
28.0,39.5,-0.5,0.7999999999999972,1,COMFORT
22.9,26.9,1.5,0.5,3,HOT
22.1,39.8,-1.5,5.0,2,WARM_HUMID
25.8,69.0,0.1999999999999993,0.20000000000000284,3,HOT
25.5,40.3,0.1999999999999993,-0.5,2,WARM_HUMID
27.7,54.0,-1.5,5.0,2,WARM_HUMID
22.8,72.0,-1.5,5.0,1,COMFORT
30.4,35.0,1.1999999999999993,2.0,1,COMFORT
21.3,27.7,-0.3999999999999986,5.0,1,COMFORT
31.2,62.6,0.0,0.0,1,COMFORT
24.1,41.9,0.6000000000000014,-1.3000000000000043,1,COMFORT
16.2,45.5,-0.8000000000000007,5.0,0,COLD
24.3,44.3,-1.3999999999999986,-2.200000000000003,0,COLD
34.0,35.4,0.5,-0.8999999999999986,3,HOT
31.0,62.0,0.5,-5.0,1,COMFORT
22.1,50.9,1.5,-2.5,1,COMFORT
21.8,57.4,0.0,0.0,1,COMFORT
27.8,47.0,0.0,0.0,2,WARM_HUMID
23.6,55.6,0.5,0.0,1,COMFORT
24.6,29.2,0.40000000000000213,-4.199999999999999,1,COMFORT
29.0,38.0,-1.5,5.0,1,COMFORT
23.3,55.6,-0.3999999999999986,0.0,2,WARM_HUMID
22.9,49.7,-0.10000000000000142,-2.0999999999999943,0,COLD
21.6,43.7,0.0,0.0,1,COMFORT
31.2,25.8,0.09999999999999787,0.6000000000000014,1,COMFORT
24.9,47.6,0.5999999999999979,-0.19999999999999574,1,COMFORT
28.3,79.7,0.1999999999999993,-0.09999999999999432,2,WARM_HUMID
21.5,41.9,0.10000000000000142,4.5,2,WARM_HUMID
22.4,50.7,0.09999999999999787,-1.5999999999999943,1,COMFORT
23.2,59.7,0.0,0.0,1,COMFORT
22.9,42.6,-1.1000000000000014,1.6000000000000014,1,COMFORT
24.2,16.6,-0.6999999999999993,-5.0,1,COMFORT
21.6,60.5,0.0,0.0,2,WARM_HUMID
22.6,28.3,0.3000000000000007,-5.0,1,COMFORT
25.0,69.0,-1.5,5.0,1,COMFORT
27.7,47.0,0.3999999999999986,1.0,0,COLD
28.3,64.0,0.8000000000000007,0.0,1,COMFORT
27.3,43.0,0.0,0.0,1,COMFORT
22.9,43.4,0.0,0.0,1,COMFORT
24.2,53.2,-0.6000000000000014,1.5,1,COMFORT
29.9,71.6,-0.8000000000000007,-1.6000000000000085,2,WARM_HUMID
24.3,37.0,0.10000000000000142,-1.0,1,COMFORT
23.0,41.5,0.5,1.8999999999999986,1,COMFORT
26.3,32.3,0.8000000000000007,-4.400000000000006,1,COMFORT
22.5,44.7,-1.1999999999999993,-4.599999999999994,0,COLD
24.0,26.7,0.0,-5.0,0,COLD
22.0,49.6,0.0,0.0,2,WARM_HUMID
25.7,59.5,0.0,0.0,1,COMFORT
19.0,41.4,-0.3999999999999986,4.699999999999996,0,COLD
28.0,69.0,0.10000000000000142,0.0,1,COMFORT
24.1,28.6,0.3000000000000007,5.0,2,WARM_HUMID
18.9,59.5,-1.2000000000000028,-5.0,0,COLD
23.0,61.0,0.0,0.0,0,COLD
22.4,70.0,0.0,0.0,3,HOT
21.0,47.0,-1.3000000000000007,3.200000000000003,1,COMFORT
23.5,41.0,0.0,-2.0,0,COLD
24.5,40.1,0.8000000000000007,1.2000000000000028,2,WARM_HUMID
23.0,40.4,0.0,0.0,2,WARM_HUMID
24.7,43.3,0.0,-1.2000000000000028,2,WARM_HUMID
26.9,46.4,0.3999999999999986,2.1000000000000014,0,COLD
25.7,59.5,0.0,0.0,1,COMFORT
37.2,34.0,0.0,0.0,3,HOT
22.9,40.5,0.3999999999999986,1.5,1,COMFORT
23.5,43.0,-0.5,1.0,0,COLD
22.0,49.4,-1.1000000000000014,5.0,0,COLD
24.7,25.2,0.0,1.0,1,COMFORT
24.6,40.0,1.5,-5.0,1,COMFORT
23.0,35.6,-0.8999999999999986,3.6000000000000014,2,WARM_HUMID
21.3,42.6,0.6000000000000014,-0.8999999999999986,2,WARM_HUMID
31.8,67.0,0.0,0.0,3,HOT
27.0,66.0,0.0,0.0,1,COMFORT
22.2,22.4,-1.5,0.0,1,COMFORT
26.6,80.0,0.10000000000000142,5.0,1,COMFORT
33.0,34.0,0.0,0.0,2,WARM_HUMID
28.6,73.7,1.5,5.0,0,COLD
20.5,32.8,-0.10000000000000142,3.599999999999998,1,COMFORT
20.9,80.5,0.3999999999999986,-1.7999999999999972,1,COMFORT
24.8,68.6,-0.5,-2.1000000000000085,3,HOT
22.8,58.8,0.3000000000000007,-0.4000000000000057,0,COLD
19.6,35.0,-0.6999999999999993,-3.799999999999997,1,COMFORT
18.7,67.0,0.0,0.0,1,COMFORT
20.9,63.6,0.0,0.0,1,COMFORT
21.8,56.2,0.10000000000000142,1.1000000000000014,1,COMFORT
24.1,29.5,1.1000000000000014,5.0,1,COMFORT
21.3,48.4,0.0,0.0,0,COLD
21.0,29.8,0.3999999999999986,-1.5,0,COLD
29.2,24.9,0.0,0.0,3,HOT
25.4,39.1,-1.5,2.3999999999999986,3,HOT
20.9,62.3,-1.5,5.0,1,COMFORT
27.1,48.3,-0.7999999999999972,3.299999999999997,1,COMFORT
24.7,32.4,0.0,0.0,1,COMFORT
23.7,28.7,-1.5,4.699999999999999,0,COLD
22.8,27.1,-0.5999999999999979,0.0,3,HOT
21.7,35.3,0.0,-0.20000000000000284,1,COMFORT
26.7,54.5,-0.5,4.5,1,COMFORT
29.9,29.0,0.8999999999999986,-1.3000000000000007,3,HOT
24.4,24.6,0.09999999999999787,-1.8999999999999986,0,COLD
23.1,38.4,-1.5,0.0,1,COMFORT
26.6,49.8,0.9000000000000021,-4.400000000000006,1,COMFORT
28.7,58.1,-0.10000000000000142,0.20000000000000284,2,WARM_HUMID
26.1,48.4,0.3000000000000007,3.1000000000000014,2,WARM_HUMID
22.1,50.6,0.10000000000000142,0.10000000000000142,2,WARM_HUMID
14.6,67.7,0.0,-0.3999999999999915,0,COLD
28.1,72.6,0.9000000000000021,-4.200000000000003,0,COLD
23.3,36.0,0.0,0.0,3,HOT
23.1,26.2,0.20000000000000284,0.8000000000000007,1,COMFORT
26.0,63.0,1.5,5.0,1,COMFORT
18.0,25.3,1.5,5.0,1,COMFORT
24.9,53.1,0.09999999999999787,1.3999999999999986,0,COLD
15.7,43.7,-1.5,1.0,0,COLD
22.9,32.9,0.3999999999999986,-1.6000000000000014,1,COMFORT
23.1,28.3,0.0,0.0,2,WARM_HUMID
26.8,81.2,1.0,1.0,2,WARM_HUMID
26.6,32.3,-1.0999999999999979,-5.0,1,COMFORT
22.5,53.1,-0.10000000000000142,-0.19999999999999574,1,COMFORT
21.4,42.2,1.0999999999999979,-3.0999999999999943,0,COLD
18.6,45.6,0.0,0.0,3,HOT
27.2,32.5,-0.1999999999999993,-1.8999999999999986,3,HOT
22.2,56.0,0.09999999999999787,0.20000000000000284,1,COMFORT
23.4,66.3,0.0,5.0,2,WARM_HUMID
20.4,35.3,0.09999999999999787,-0.7000000000000028,0,COLD
30.2,54.0,0.0,0.0,3,HOT
21.9,31.1,0.29999999999999716,0.0,0,COLD
21.9,24.0,-1.3000000000000007,-5.0,1,COMFORT
23.9,24.0,-0.40000000000000213,-0.8999999999999986,2,WARM_HUMID
29.4,76.1,0.0,-0.4000000000000057,2,WARM_HUMID
13.8,36.7,-1.5,-5.0,0,COLD
23.5,17.1,0.3999999999999986,1.5000000000000018,2,WARM_HUMID
23.1,52.2,0.3000000000000007,2.4000000000000057,2,WARM_HUMID
26.2,50.6,-0.40000000000000213,0.7000000000000028,1,COMFORT
23.9,30.0,1.2999999999999972,-5.0,2,WARM_HUMID
26.8,32.1,1.5,-4.600000000000001,0,COLD
25.1,65.6,0.0,0.0,3,HOT
25.7,59.5,0.0,0.0,1,COMFORT
26.0,39.9,0.10000000000000142,5.0,1,COMFORT
19.8,53.7,1.5,-1.8999999999999986,1,COMFORT
24.2,38.0,1.5,-2.5,0,COLD
29.9,73.5,0.0,0.0,1,COMFORT
29.7,70.3,0.0,0.5999999999999943,1,COMFORT
20.7,55.0,-0.6000000000000014,5.0,0,COLD
26.1,40.4,-0.09999999999999787,-2.200000000000003,1,COMFORT
18.2,28.0,0.0,0.0,0,COLD
26.6,47.5,0.20000000000000284,-0.5,2,WARM_HUMID
23.5,74.8,0.1999999999999993,-1.2000000000000028,1,COMFORT
22.0,25.4,-1.5,-5.0,0,COLD
23.3,47.8,-0.3000000000000007,0.8999999999999986,1,COMFORT
24.4,46.9,0.0,0.0,0,COLD
28.5,57.5,-0.5,5.0,0,COLD
23.2,26.0,-0.1999999999999993,-1.1999999999999993,1,COMFORT
23.6,38.9,0.5,-5.0,1,COMFORT
24.9,21.9,-1.0,-2.1000000000000014,1,COMFORT
19.6,32.2,-1.5,-2.799999999999997,0,COLD
27.3,53.0,0.0,0.0,3,HOT
19.7,13.4,-0.10000000000000142,0.20000000000000107,1,COMFORT
24.1,43.8,0.9000000000000021,-0.7000000000000028,0,COLD
22.5,53.6,1.1000000000000014,0.30000000000000426,0,COLD
24.1,41.4,-1.5,5.0,2,WARM_HUMID
30.6,56.8,0.0,0.0,3,HOT
23.1,62.0,0.20000000000000284,-1.0,2,WARM_HUMID
25.4,43.9,0.1999999999999993,2.8999999999999986,2,WARM_HUMID
32.5,34.5,-0.29999999999999716,0.7999999999999972,3,HOT
26.4,46.0,0.0,0.0,1,COMFORT
27.6,81.2,0.5,0.5,3,HOT
20.0,44.0,1.0,2.8999999999999986,0,COLD
24.1,39.6,0.20000000000000284,-1.0,0,COLD
22.1,39.3,-1.5,5.0,1,COMFORT
22.5,48.9,0.3000000000000007,-1.0,1,COMFORT
25.1,38.3,1.0,-1.2000000000000028,1,COMFORT
23.4,30.1,0.09999999999999787,-2.1000000000000014,2,WARM_HUMID
26.2,49.8,1.5,5.0,1,COMFORT
25.3,54.2,0.3000000000000007,-3.299999999999997,3,HOT
25.0,30.6,0.3999999999999986,-3.1999999999999957,2,WARM_HUMID
26.9,43.1,-0.7000000000000028,3.200000000000003,3,HOT
24.1,62.7,0.0,0.0,1,COMFORT
22.2,53.5,-1.0,2.8999999999999986,0,COLD
22.3,23.0,-0.09999999999999787,-1.3999999999999986,0,COLD
25.8,62.5,0.0,-1.3999999999999986,1,COMFORT
25.1,49.0,0.40000000000000213,-3.0,1,COMFORT
29.0,55.0,0.0,0.0,2,WARM_HUMID
17.9,38.4,-0.10000000000000142,-3.700000000000003,0,COLD
27.9,33.2,1.5,-2.1999999999999957,1,COMFORT
29.2,75.6,-0.3000000000000007,-1.0,0,COLD
28.9,68.0,0.0,0.0,1,COMFORT
28.7,42.0,0.0,0.0,0,COLD
22.7,24.9,0.0,0.0,1,COMFORT
25.0,71.4,-0.3999999999999986,0.4000000000000057,1,COMFORT
22.3,45.2,0.0,0.0,1,COMFORT
22.7,77.7,0.0,-0.09999999999999432,1,COMFORT
25.4,60.3,-1.0,-5.0,0,COLD
23.7,22.4,0.3999999999999986,0.0,0,COLD
21.1,36.3,-0.7999999999999972,5.0,2,WARM_HUMID
20.8,32.9,0.10000000000000142,1.6999999999999993,3,HOT
19.3,51.3,-0.5,1.5,1,COMFORT
22.9,37.7,-0.7000000000000028,1.1000000000000014,1,COMFORT
33.8,61.4,0.0,-0.30000000000000426,3,HOT
22.0,49.5,-1.1000000000000014,5.0,3,HOT
22.6,26.1,0.6000000000000014,-0.5999999999999979,1,COMFORT
27.7,41.3,0.0,0.0,3,HOT
30.3,74.3,1.5,5.0,1,COMFORT
28.8,65.6,1.5,-5.0,3,HOT
22.5,26.0,-0.8000000000000007,-2.1999999999999993,0,COLD
24.3,27.9,0.10000000000000142,-0.8000000000000007,2,WARM_HUMID
27.7,42.0,0.5,-5.0,1,COMFORT
20.5,41.6,1.5,-5.0,1,COMFORT
26.0,17.3,1.0,0.5,2,WARM_HUMID
27.4,55.0,-0.8000000000000007,2.799999999999997,2,WARM_HUMID
22.5,70.0,-0.6999999999999993,-4.200000000000003,1,COMFORT
23.9,49.8,1.2999999999999972,-5.0,1,COMFORT
21.6,41.2,0.0,0.0,1,COMFORT
24.2,36.3,1.0999999999999979,5.0,0,COLD
24.2,55.3,-0.1999999999999993,-4.300000000000004,0,COLD
24.1,19.8,-0.6999999999999993,-2.5,3,HOT
24.6,44.7,-0.8999999999999986,1.3000000000000043,1,COMFORT
28.3,50.0,0.0,-1.0,0,COLD
21.6,35.6,-0.3999999999999986,5.0,1,COMFORT
22.4,61.0,0.0,0.0,0,COLD
25.8,44.0,0.0,0.0,0,COLD
25.2,49.7,1.3999999999999986,-5.0,1,COMFORT
31.9,36.2,1.0,-1.0999999999999943,2,WARM_HUMID
23.9,53.1,0.7999999999999972,-3.1999999999999957,0,COLD
22.3,20.6,-0.09999999999999787,0.0,2,WARM_HUMID
29.4,48.0,0.0,0.0,1,COMFORT
20.3,37.0,-1.5,-5.0,1,COMFORT
22.9,37.4,0.8999999999999986,-2.8999999999999986,1,COMFORT
23.3,39.3,0.0,0.0,3,HOT
23.8,56.6,0.0,0.0,0,COLD
24.1,40.5,0.20000000000000284,-0.5,1,COMFORT
25.5,41.0,0.0,0.0,1,COMFORT
24.5,49.5,0.6999999999999993,5.0,2,WARM_HUMID
22.8,40.0,0.6000000000000014,-4.799999999999997,1,COMFORT
26.4,65.9,-0.8000000000000007,2.1000000000000085,1,COMFORT
23.5,63.8,0.3000000000000007,-0.10000000000000142,0,COLD
23.7,32.4,0.0,0.0,2,WARM_HUMID
12.8,53.2,-1.1999999999999993,5.0,0,COLD
21.9,53.2,0.0,0.0,3,HOT
23.7,35.1,-1.5,-1.2999999999999972,2,WARM_HUMID
23.4,62.2,-0.5,-0.7999999999999972,2,WARM_HUMID
24.1,55.6,-0.09999999999999787,0.0,0,COLD
23.4,38.3,-1.5,-1.2000000000000028,1,COMFORT
23.0,81.7,0.0,0.0,2,WARM_HUMID
22.3,34.7,-0.1999999999999993,-5.0,3,HOT
24.5,54.4,0.10000000000000142,0.3999999999999986,1,COMFORT
22.0,33.4,0.0,0.0,1,COMFORT
29.3,29.7,-0.1999999999999993,-0.3000000000000007,2,WARM_HUMID
21.9,38.5,-0.7000000000000028,1.7999999999999972,1,COMFORT
24.6,40.4,0.40000000000000213,2.0,1,COMFORT
24.2,22.4,-0.8000000000000007,0.0,0,COLD
24.0,41.0,-0.10000000000000142,0.0,1,COMFORT
23.4,43.5,0.7999999999999972,-2.0,1,COMFORT
24.2,25.7,1.3000000000000007,-1.5,3,HOT
23.3,28.3,-0.5999999999999979,4.300000000000001,3,HOT
24.7,61.0,-0.5,2.0,1,COMFORT
33.0,29.0,-1.0,-5.0,3,HOT
23.0,27.0,1.1999999999999993,-1.6999999999999993,0,COLD
26.7,25.8,1.5,-5.0,2,WARM_HUMID
24.4,48.0,0.5999999999999979,1.0,1,COMFORT
22.7,54.5,1.0,2.6000000000000014,1,COMFORT
22.7,51.6,0.0,0.0,2,WARM_HUMID
26.6,62.8,0.8000000000000007,0.3999999999999986,0,COLD
27.7,68.8,0.0,0.0,1,COMFORT
27.4,53.0,1.1999999999999993,-5.0,2,WARM_HUMID
22.8,41.8,-0.09999999999999787,0.5,0,COLD
19.5,52.9,0.6000000000000014,-1.3999999999999986,0,COLD
23.0,32.8,-1.5,-0.9000000000000057,1,COMFORT
27.9,65.0,-0.40000000000000213,1.2999999999999972,2,WARM_HUMID
20.9,30.7,-0.10000000000000142,0.5999999999999979,1,COMFORT
19.4,37.1,1.5,-5.0,0,COLD
28.8,74.9,0.0,0.7000000000000028,3,HOT
36.4,44.2,0.10000000000000142,1.5,3,HOT
26.7,33.1,0.8999999999999986,1.0,2,WARM_HUMID
26.8,81.2,1.0,1.0,3,HOT
29.6,74.5,-0.8999999999999986,2.200000000000003,3,HOT
32.0,73.0,1.5,5.0,3,HOT
23.6,34.4,0.0,0.0,0,COLD
23.9,66.9,0.0,0.10000000000000853,1,COMFORT
19.8,60.1,-0.5,5.0,1,COMFORT
29.9,73.5,0.1999999999999993,-0.5,2,WARM_HUMID
23.5,52.6,0.10000000000000142,-0.6999999999999957,2,WARM_HUMID
16.8,58.2,0.0,0.20000000000000284,1,COMFORT
25.6,57.8,0.20000000000000284,-3.9000000000000057,2,WARM_HUMID
22.3,47.0,0.0,0.0,2,WARM_HUMID
22.9,62.2,0.3999999999999986,-0.29999999999999716,1,COMFORT
25.0,57.0,0.6000000000000014,1.0,2,WARM_HUMID
27.4,44.9,-0.7000000000000028,-5.0,1,COMFORT
23.9,43.4,-0.10000000000000142,0.5,2,WARM_HUMID
29.9,67.7,-0.20000000000000284,0.7000000000000028,0,COLD
28.4,20.5,0.8999999999999986,1.5,0,COLD
20.3,55.6,-1.5,5.0,0,COLD
29.5,37.1,0.0,0.6000000000000014,2,WARM_HUMID
21.5,25.1,0.0,0.3000000000000007,1,COMFORT
24.0,39.5,1.5,-5.0,3,HOT
27.6,33.5,0.3000000000000007,-0.5,2,WARM_HUMID
27.2,33.3,0.8000000000000007,-1.7000000000000028,2,WARM_HUMID
24.2,32.0,0.0,-0.3999999999999986,1,COMFORT
24.5,67.6,1.5,5.0,1,COMFORT
22.1,61.0,-0.5,2.0,0,COLD
23.9,52.9,-0.8000000000000007,0.0,1,COMFORT
21.7,29.6,-0.3000000000000007,0.0,1,COMFORT
26.6,75.7,0.8000000000000007,0.7999999999999972,1,COMFORT
24.1,37.6,0.3000000000000007,-0.19999999999999574,2,WARM_HUMID
24.0,55.8,0.0,0.09999999999999432,2,WARM_HUMID
20.4,51.1,0.0,0.0,0,COLD
21.4,51.7,0.6999999999999993,1.0,1,COMFORT
34.7,55.4,0.0,-0.10000000000000142,0,COLD
24.6,32.2,0.0,0.0,1,COMFORT
29.2,71.2,-1.5,2.799999999999997,0,COLD
23.4,64.6,1.0999999999999979,-2.200000000000003,0,COLD
21.5,32.3,0.0,-2.0,3,HOT
23.9,28.6,1.0999999999999979,-2.799999999999997,1,COMFORT
23.0,22.7,-1.5,-3.6000000000000014,1,COMFORT
27.8,63.4,0.0,0.0,3,HOT
22.4,54.0,0.0,0.0,3,HOT
26.6,35.0,0.0,0.0,0,COLD
24.1,56.4,-0.5999999999999979,-1.6000000000000014,1,COMFORT
23.7,32.0,0.09999999999999787,1.0,0,COLD
23.0,29.1,0.8999999999999986,0.0,0,COLD
22.3,36.5,-0.09999999999999787,-3.299999999999997,3,HOT
24.9,65.5,-0.5,-2.299999999999997,1,COMFORT
23.9,26.9,0.5999999999999979,3.1999999999999993,2,WARM_HUMID
24.0,34.8,-0.6999999999999993,-4.700000000000003,1,COMFORT
35.5,57.3,1.5,5.0,3,HOT
21.4,53.2,0.0,0.0,1,COMFORT
34.4,68.1,1.1000000000000014,-5.0,3,HOT
30.0,27.0,0.10000000000000142,-1.0,1,COMFORT
27.1,73.0,0.0,0.0,3,HOT
24.4,55.6,0.5,0.0,0,COLD
24.5,45.0,0.0,-5.0,1,COMFORT
20.6,32.6,0.0,1.3000000000000007,1,COMFORT
23.1,27.5,-0.6999999999999993,0.5,2,WARM_HUMID
22.2,51.0,1.3999999999999986,-3.8999999999999986,0,COLD
25.7,50.0,0.09999999999999787,-0.5,1,COMFORT
36.0,93.0,1.5,5.0,3,HOT
23.1,37.0,0.0,0.0,3,HOT
24.3,71.7,1.5,2.0,1,COMFORT
22.8,22.4,-0.5999999999999979,-5.0,0,COLD
22.0,61.4,1.1999999999999993,-5.0,3,HOT
22.5,22.6,1.1000000000000014,1.1000000000000014,1,COMFORT
23.5,28.7,-1.3000000000000007,3.6999999999999993,0,COLD
16.8,66.1,-1.0,3.3999999999999915,1,COMFORT
24.2,60.0,-0.8000000000000007,0.0,0,COLD
21.3,78.9,-0.6999999999999993,5.0,0,COLD
22.3,50.1,0.0,0.0,1,COMFORT
28.0,42.0,0.0,0.0,1,COMFORT
23.7,43.9,1.5,-5.0,2,WARM_HUMID
20.4,55.2,-1.5,5.0,1,COMFORT
23.9,57.0,1.3999999999999986,-5.0,3,HOT
24.6,26.0,1.0,0.0,1,COMFORT
23.3,57.4,-1.3000000000000007,5.0,1,COMFORT
23.1,26.7,-0.29999999999999716,-1.6999999999999993,1,COMFORT
22.8,64.9,0.40000000000000213,1.6000000000000085,1,COMFORT
18.6,43.4,1.2000000000000028,-0.10000000000000142,1,COMFORT
21.5,53.0,-0.1999999999999993,-1.0,1,COMFORT
20.5,40.4,1.3000000000000007,-0.8000000000000043,3,HOT
24.0,39.6,-1.5,-5.0,1,COMFORT
24.5,27.0,1.1000000000000014,-0.10000000000000142,1,COMFORT
25.7,43.0,0.0,0.0,1,COMFORT
24.8,59.2,-1.5,4.800000000000004,2,WARM_HUMID
14.4,34.0,-1.4000000000000004,-5.0,0,COLD
21.9,22.4,-1.5,0.0,2,WARM_HUMID
20.4,22.4,-0.20000000000000284,-5.0,2,WARM_HUMID
25.7,33.1,1.3999999999999986,-3.6999999999999957,0,COLD
24.0,42.2,-0.3999999999999986,2.9000000000000057,1,COMFORT
23.4,70.0,-1.4000000000000021,5.0,2,WARM_HUMID
26.3,59.0,-0.6999999999999993,2.0,1,COMFORT
25.6,47.4,1.2000000000000028,5.0,1,COMFORT
27.0,41.1,-0.6000000000000014,2.6000000000000014,0,COLD
21.5,55.0,0.1999999999999993,5.0,1,COMFORT
21.0,53.4,0.0,0.0,2,WARM_HUMID
18.4,41.2,0.6999999999999993,4.600000000000001,0,COLD
22.9,35.4,1.5,-5.0,0,COLD
26.5,48.0,0.0,0.0,0,COLD
24.0,49.5,-0.10000000000000142,-3.799999999999997,0,COLD
24.3,60.0,0.0,0.0,0,COLD
23.1,39.1,-1.3999999999999986,4.700000000000003,1,COMFORT
23.4,27.1,-0.10000000000000142,5.0,1,COMFORT
31.4,69.0,-0.3000000000000007,0.7999999999999972,3,HOT
22.6,30.5,0.3000000000000007,0.0,3,HOT
24.2,33.0,0.0,0.0,1,COMFORT
30.0,62.0,0.0,0.0,3,HOT
22.4,61.8,0.1999999999999993,2.5,0,COLD
16.0,54.0,0.5,-1.0,1,COMFORT
24.1,53.4,-0.5999999999999979,3.5,0,COLD
31.2,45.0,-0.5,2.0,2,WARM_HUMID
17.5,22.0,-0.6000000000000014,-5.0,0,COLD
23.4,43.5,1.1999999999999993,-3.200000000000003,1,COMFORT
24.3,49.0,0.0,0.0,3,HOT
23.0,68.8,-0.10000000000000142,-0.9000000000000057,1,COMFORT
23.7,44.6,-0.3000000000000007,1.1000000000000014,0,COLD
26.5,18.4,0.3999999999999986,-5.0,1,COMFORT
24.5,47.0,0.1999999999999993,0.0,2,WARM_HUMID
22.7,71.0,-0.5,-3.200000000000003,1,COMFORT
28.0,46.8,0.10000000000000142,0.19999999999999574,1,COMFORT
25.0,41.9,0.0,0.0,1,COMFORT
26.3,82.2,-0.8999999999999986,-1.3999999999999915,1,COMFORT
31.8,67.5,0.10000000000000142,-0.29999999999999716,2,WARM_HUMID
24.2,71.6,0.0,0.0,2,WARM_HUMID
19.8,36.5,-0.5,0.0,0,COLD
26.2,72.0,0.0,4.400000000000006,1,COMFORT
21.9,29.1,-0.6000000000000014,-0.6999999999999993,3,HOT
30.9,72.0,0.0,0.0,1,COMFORT
37.0,39.0,-1.0,3.0,3,HOT
21.9,43.1,0.09999999999999787,0.10000000000000142,1,COMFORT
23.5,52.3,0.8000000000000007,-2.5,1,COMFORT
23.2,31.5,0.5999999999999979,5.0,1,COMFORT
21.7,57.7,0.0,0.6000000000000014,1,COMFORT
21.1,25.4,-0.8999999999999986,-2.200000000000003,3,HOT
25.6,39.2,-0.7999999999999972,4.100000000000001,2,WARM_HUMID
24.1,30.4,-1.1999999999999993,-3.0,2,WARM_HUMID
21.8,74.4,-1.5,5.0,1,COMFORT
23.0,79.4,0.0,0.0,2,WARM_HUMID
24.4,56.7,-0.10000000000000142,-0.5999999999999943,2,WARM_HUMID
19.5,36.3,1.5,-0.6000000000000014,1,COMFORT
22.5,42.0,0.3000000000000007,-5.0,2,WARM_HUMID
21.6,35.5,0.20000000000000284,5.0,0,COLD
24.7,28.0,1.0999999999999979,-0.5,1,COMFORT
19.8,48.8,-0.3999999999999986,5.0,1,COMFORT
37.0,68.0,1.0,-5.0,2,WARM_HUMID
22.9,48.6,-0.40000000000000213,5.0,1,COMFORT
25.7,50.4,0.5,-0.20000000000000284,0,COLD
22.3,57.2,0.0,0.0,2,WARM_HUMID
24.3,51.0,0.0,0.0,0,COLD
21.8,63.2,-1.5,-0.5,1,COMFORT
24.0,26.3,0.3999999999999986,1.1999999999999993,1,COMFORT
23.5,50.0,0.0,0.0,2,WARM_HUMID
25.0,39.8,-0.5,-1.4000000000000057,1,COMFORT
23.6,55.6,-0.29999999999999716,0.0,1,COMFORT
30.5,65.7,0.10000000000000142,0.7000000000000028,3,HOT
23.3,19.0,-0.1999999999999993,-2.0,0,COLD
24.8,57.9,1.4000000000000021,2.1000000000000014,1,COMFORT
25.7,50.0,0.0,0.0,0,COLD
20.9,48.1,0.0,0.0,1,COMFORT
26.7,57.5,-1.1999999999999993,4.5,2,WARM_HUMID
23.1,23.8,-0.3999999999999986,-5.0,1,COMFORT
33.8,56.4,0.0,0.0,1,COMFORT
19.9,50.1,0.1999999999999993,-1.3999999999999986,0,COLD
24.3,30.0,1.1000000000000014,1.6999999999999993,2,WARM_HUMID
25.9,12.2,0.0,0.0,2,WARM_HUMID
23.3,66.7,-0.1999999999999993,-5.0,1,COMFORT
33.8,65.8,1.5,-2.9000000000000057,2,WARM_HUMID
24.6,31.1,0.40000000000000213,3.5,2,WARM_HUMID
27.1,39.4,0.0,-1.0,1,COMFORT
10.0,54.0,0.0,2.0,1,COMFORT
24.1,40.0,-0.5999999999999979,3.5,1,COMFORT
29.9,16.0,-0.3000000000000007,1.1999999999999993,1,COMFORT
24.5,33.3,-0.3999999999999986,-5.0,1,COMFORT
20.8,82.1,-0.8999999999999986,0.5999999999999943,1,COMFORT
26.3,82.2,-0.8999999999999986,-1.3999999999999915,1,COMFORT
22.6,29.9,-0.29999999999999716,1.7999999999999972,0,COLD
29.7,75.7,0.8999999999999986,1.7000000000000028,1,COMFORT
23.1,68.6,-0.09999999999999787,0.5999999999999943,1,COMFORT
22.2,53.4,0.8999999999999986,0.3999999999999986,2,WARM_HUMID
25.2,47.8,-0.10000000000000142,0.8999999999999986,1,COMFORT
39.0,75.0,-1.5,4.0,3,HOT
21.7,41.5,1.5,0.8999999999999986,1,COMFORT
19.0,32.8,-1.5,-5.0,1,COMFORT
22.4,44.3,0.5,-1.0,1,COMFORT
24.3,21.0,0.6999999999999993,-5.0,0,COLD
24.3,48.7,-1.0,-2.0,0,COLD
28.2,75.3,-0.3000000000000007,3.0,1,COMFORT
23.9,46.7,0.09999999999999787,0.8000000000000043,1,COMFORT
27.0,64.0,0.0,0.0,1,COMFORT
22.1,55.5,1.1000000000000014,5.0,1,COMFORT
24.8,32.1,0.0,0.0,0,COLD
23.5,51.2,-0.1999999999999993,1.9000000000000057,1,COMFORT
24.0,28.2,-0.10000000000000142,-0.10000000000000142,1,COMFORT
23.6,61.9,-0.5,0.8999999999999986,1,COMFORT
25.3,44.9,0.10000000000000142,-3.8999999999999986,1,COMFORT
22.6,63.4,0.10000000000000142,0.7999999999999972,0,COLD
22.5,61.8,0.0,1.0999999999999943,1,COMFORT
25.3,43.0,0.0,0.0,0,COLD
22.5,30.9,-1.0,0.29999999999999716,1,COMFORT
26.1,43.5,-0.3999999999999986,1.0,1,COMFORT
26.8,33.5,0.0,0.0,1,COMFORT
20.6,30.1,-0.09999999999999787,-4.899999999999999,0,COLD
18.8,39.9,-1.0999999999999979,3.6000000000000014,0,COLD
23.4,62.0,0.0,0.0,1,COMFORT
25.8,74.9,-1.5,-0.5,1,COMFORT
23.5,45.9,-0.1999999999999993,-5.0,1,COMFORT
20.8,34.6,0.0,0.30000000000000426,2,WARM_HUMID
23.1,52.0,-0.3999999999999986,1.3999999999999986,0,COLD
23.5,33.5,0.0,3.6999999999999993,3,HOT
23.8,50.2,0.0,-0.09999999999999432,2,WARM_HUMID
24.5,59.4,1.3999999999999986,-2.1000000000000014,1,COMFORT
22.4,46.1,-1.4000000000000021,5.0,1,COMFORT
27.2,80.7,0.5999999999999979,2.0,0,COLD
22.9,36.1,-1.5,5.0,1,COMFORT
23.2,53.0,-1.4000000000000021,-5.0,1,COMFORT
27.6,30.0,0.3000000000000007,-3.0,0,COLD
34.0,68.0,1.5,-5.0,3,HOT
23.6,51.3,-0.3999999999999986,5.0,1,COMFORT
26.9,28.7,1.0,-5.0,3,HOT
30.4,61.7,0.0,0.0,3,HOT
22.1,72.3,-0.8999999999999986,-1.0,1,COMFORT
27.4,26.7,1.5,-5.0,1,COMFORT
22.2,29.2,0.8000000000000007,1.8999999999999986,0,COLD
25.1,56.4,0.6000000000000014,-1.3999999999999986,2,WARM_HUMID
23.0,30.4,-1.5,3.6999999999999993,2,WARM_HUMID
21.5,36.5,0.0,4.0,1,COMFORT
23.2,46.7,-0.6000000000000014,2.5,1,COMFORT
24.8,40.0,0.0,0.0,1,COMFORT
21.7,29.0,0.5,2.5,0,COLD
23.5,33.7,-1.0,3.900000000000002,1,COMFORT
20.9,43.0,0.6999999999999993,5.0,3,HOT
25.2,71.1,-0.10000000000000142,-1.0,1,COMFORT
23.6,50.9,-0.5,1.7999999999999972,3,HOT
21.6,37.9,-1.5,5.0,1,COMFORT
19.7,62.8,0.0,0.0,1,COMFORT
25.2,38.0,0.0,0.0,1,COMFORT
22.5,40.8,0.8999999999999986,5.0,1,COMFORT
25.1,48.0,0.0,0.0,0,COLD
22.5,31.6,1.5,-5.0,2,WARM_HUMID
22.4,24.9,0.0,-1.5,1,COMFORT
23.3,45.3,0.5,-1.4000000000000057,0,COLD
32.0,79.0,0.0,5.0,3,HOT
23.1,78.3,0.0,0.0,1,COMFORT
21.9,53.6,0.09999999999999787,-0.29999999999999716,1,COMFORT
30.3,69.8,0.0,1.5,1,COMFORT
25.2,59.7,-0.6000000000000014,-5.0,1,COMFORT
14.6,34.7,-1.5,5.0,0,COLD
22.8,45.8,-1.5,-5.0,1,COMFORT
21.2,41.3,0.3000000000000007,-5.0,1,COMFORT
23.3,47.0,0.0,0.0,1,COMFORT
18.3,48.3,-0.8999999999999986,-5.0,0,COLD
29.7,85.9,0.3999999999999986,-2.5999999999999943,3,HOT
25.2,52.0,0.0,0.0,1,COMFORT
22.1,22.2,-1.0999999999999979,-1.1000000000000014,1,COMFORT
25.0,22.4,0.5,0.0,3,HOT
24.3,55.6,0.10000000000000142,0.0,0,COLD
21.4,30.4,-0.20000000000000284,1.1999999999999993,3,HOT
25.1,62.8,1.5,-2.200000000000003,1,COMFORT
24.3,61.3,0.5,-0.7000000000000028,2,WARM_HUMID
20.1,38.5,-0.29999999999999716,-0.7000000000000028,1,COMFORT
23.0,32.3,0.1999999999999993,1.9999999999999964,0,COLD
22.1,44.9,-0.5,1.8999999999999986,1,COMFORT
18.1,55.0,-1.0,5.0,1,COMFORT
23.4,58.0,0.0,0.0,1,COMFORT
22.5,21.0,0.10000000000000142,0.8999999999999986,1,COMFORT
21.7,39.3,-0.6999999999999993,0.8999999999999986,1,COMFORT
22.3,46.2,-0.09999999999999787,2.0,0,COLD
23.3,24.9,-0.5,-0.7000000000000028,0,COLD
22.7,29.5,-0.10000000000000142,1.5,3,HOT
17.5,42.0,1.5,-5.0,1,COMFORT
23.2,32.8,-0.5,3.099999999999998,3,HOT
24.7,47.7,-1.5,5.0,1,COMFORT
29.4,40.4,0.0,1.8999999999999986,2,WARM_HUMID
17.2,73.9,-0.40000000000000213,5.0,1,COMFORT
21.3,48.0,-1.1999999999999993,-5.0,0,COLD
17.6,70.0,0.10000000000000142,5.0,1,COMFORT
23.7,22.4,1.5,0.0,1,COMFORT
30.7,63.0,0.5999999999999979,-5.0,3,HOT
22.0,49.6,0.0,0.0,0,COLD
26.7,12.2,0.8999999999999986,0.29999999999999893,2,WARM_HUMID
25.1,62.3,0.7000000000000028,-3.299999999999997,2,WARM_HUMID
23.0,43.7,-0.8000000000000007,5.0,3,HOT
22.0,30.5,0.1999999999999993,0.0,0,COLD
23.6,31.8,-0.3999999999999986,0.1999999999999993,1,COMFORT
26.4,59.0,0.0,0.0,3,HOT
24.8,45.0,1.1000000000000014,1.8999999999999986,1,COMFORT
20.8,62.0,0.3000000000000007,0.10000000000000142,1,COMFORT
30.4,56.4,0.0,0.10000000000000142,3,HOT
22.2,50.3,-0.40000000000000213,2.1999999999999957,0,COLD
30.1,66.0,0.0,0.0,1,COMFORT
28.6,31.5,1.1000000000000014,1.1999999999999993,1,COMFORT
20.9,33.2,0.09999999999999787,0.0,0,COLD
24.0,55.4,0.6000000000000014,-1.2000000000000028,2,WARM_HUMID
19.0,65.0,-0.10000000000000142,5.0,1,COMFORT
26.4,42.1,-0.7000000000000028,-0.3999999999999986,2,WARM_HUMID
26.9,71.0,0.0,0.0,0,COLD
22.6,59.0,-1.1999999999999993,2.0,1,COMFORT
23.7,59.8,0.1999999999999993,1.0999999999999943,2,WARM_HUMID
22.8,62.0,0.0,0.0,0,COLD
23.8,27.6,1.5,-5.0,1,COMFORT
26.0,53.0,-1.5,1.0,1,COMFORT
18.7,62.3,-1.5,5.0,0,COLD
26.6,49.3,-0.3999999999999986,1.3999999999999986,2,WARM_HUMID
29.1,53.7,0.7000000000000028,2.200000000000003,0,COLD
19.5,63.8,-0.8999999999999986,-5.0,1,COMFORT
25.0,48.0,1.1999999999999993,0.0,0,COLD
22.1,29.6,0.7000000000000028,-0.29999999999999716,1,COMFORT
24.4,50.3,0.5,5.0,0,COLD
24.0,27.2,0.6999999999999993,-3.0,3,HOT
22.4,28.5,0.0,4.5,0,COLD
37.4,25.8,-0.30000000000000426,-4.399999999999999,2,WARM_HUMID
29.1,28.0,0.0,0.0,1,COMFORT
23.6,50.0,0.0,0.0,3,HOT
29.8,48.0,0.0,0.0,1,COMFORT
27.4,47.0,0.0,0.0,1,COMFORT
23.0,32.7,0.6999999999999993,-2.0,1,COMFORT
22.7,29.2,-0.10000000000000142,-0.5,2,WARM_HUMID
22.3,39.6,-1.5,0.3999999999999986,1,COMFORT
22.2,42.1,-1.1000000000000014,-2.299999999999997,1,COMFORT
23.7,39.9,0.0,5.0,1,COMFORT
26.2,57.0,-1.5,-3.0,2,WARM_HUMID
38.0,70.0,1.5,-5.0,3,HOT
24.5,22.4,1.5,0.0,1,COMFORT
22.7,31.5,0.3000000000000007,-0.5,1,COMFORT
21.4,37.0,0.0,0.0,1,COMFORT
23.4,67.6,0.09999999999999787,2.3999999999999915,0,COLD
26.6,32.0,0.0,0.0,0,COLD
24.6,34.3,-1.5,-5.0,3,HOT
22.8,29.4,-0.3999999999999986,-2.200000000000003,0,COLD
27.3,55.0,0.1999999999999993,1.0,2,WARM_HUMID
22.7,39.0,0.1999999999999993,4.700000000000003,2,WARM_HUMID
22.3,55.7,-0.8999999999999986,2.6000000000000014,0,COLD
26.0,38.0,0.0,0.0,1,COMFORT
26.2,53.4,0.09999999999999787,-0.30000000000000426,1,COMFORT
23.6,51.7,0.0,0.0,3,HOT
24.5,44.3,0.0,1.0999999999999943,1,COMFORT
25.1,53.1,1.1000000000000014,5.0,1,COMFORT
20.7,29.9,0.0,-0.7000000000000028,1,COMFORT
29.0,47.0,-1.5,3.0,2,WARM_HUMID
22.3,55.7,1.5,-5.0,1,COMFORT
28.1,59.0,1.0,3.0,0,COLD
23.1,42.7,0.0,0.0,0,COLD
28.6,30.8,1.5,3.1000000000000014,3,HOT
20.3,40.5,-0.3999999999999986,5.0,0,COLD
22.1,46.2,-0.29999999999999716,2.200000000000003,1,COMFORT
23.0,25.7,0.6000000000000014,-0.9000000000000021,3,HOT
26.1,41.5,0.10000000000000142,1.7999999999999972,1,COMFORT
27.2,63.8,1.5,5.0,1,COMFORT
24.4,32.2,0.5999999999999979,1.6000000000000014,1,COMFORT
25.0,43.4,0.10000000000000142,0.10000000000000142,1,COMFORT
35.9,38.8,1.5,-5.0,3,HOT
22.6,27.3,0.5,1.6999999999999993,2,WARM_HUMID
18.6,49.8,0.0,0.0,2,WARM_HUMID
22.4,25.3,0.1999999999999993,-0.5999999999999979,1,COMFORT
21.7,27.0,0.0,0.0,3,HOT
22.2,23.1,-0.1999999999999993,-5.0,2,WARM_HUMID
20.2,41.9,0.09999999999999787,-1.1000000000000014,1,COMFORT
23.4,44.0,-1.4000000000000021,5.0,1,COMFORT
22.9,69.1,0.0,0.0,3,HOT
24.5,55.6,0.3999999999999986,0.0,3,HOT
19.7,25.6,0.3000000000000007,-5.0,0,COLD
23.7,34.4,-0.1999999999999993,5.0,1,COMFORT
23.3,27.0,-0.8999999999999986,-5.0,1,COMFORT
23.1,55.5,0.0,0.0,1,COMFORT
22.7,41.9,-0.1999999999999993,0.29999999999999716,2,WARM_HUMID
23.5,43.2,-0.10000000000000142,4.400000000000006,0,COLD
21.9,28.6,0.5999999999999979,-2.599999999999998,2,WARM_HUMID
23.5,28.8,1.5,-5.0,3,HOT
32.5,74.5,-0.3999999999999986,0.9000000000000057,2,WARM_HUMID
27.7,86.0,0.8999999999999986,2.5,2,WARM_HUMID
20.7,57.7,0.0,0.0,1,COMFORT
23.6,50.0,0.0,0.0,3,HOT
22.2,49.1,-0.5,1.3999999999999986,2,WARM_HUMID
20.4,29.5,-1.5,-4.299999999999997,1,COMFORT
23.1,43.2,-0.3999999999999986,-5.0,2,WARM_HUMID
17.8,55.6,-1.5,5.0,0,COLD
30.5,31.0,0.8000000000000007,-1.0,2,WARM_HUMID
22.3,42.6,-0.1999999999999993,1.2000000000000028,0,COLD
22.9,52.1,-0.20000000000000284,3.3999999999999986,1,COMFORT
26.0,42.0,0.0,0.0,1,COMFORT
21.5,77.8,0.1999999999999993,-1.0,0,COLD
23.7,38.5,0.09999999999999787,0.10000000000000142,0,COLD
28.8,75.5,-1.0,5.0,1,COMFORT
23.4,30.8,0.29999999999999716,-4.4999999999999964,0,COLD
24.5,29.6,0.8000000000000007,-0.09999999999999787,2,WARM_HUMID
28.0,42.8,0.5,1.5,3,HOT
25.1,44.3,-0.1999999999999993,0.5999999999999943,3,HOT
22.9,48.3,0.1999999999999993,2.1999999999999957,3,HOT
28.8,22.0,-0.09999999999999787,-0.3000000000000007,2,WARM_HUMID
32.4,67.1,-1.5,5.0,2,WARM_HUMID
22.1,31.2,1.1000000000000014,-5.0,0,COLD
21.4,40.7,-0.40000000000000213,0.30000000000000426,1,COMFORT
23.4,64.0,0.0,0.0,1,COMFORT
22.3,43.4,0.0,0.5,0,COLD
22.8,31.1,0.5,-5.0,0,COLD
27.4,36.0,0.0,0.0,0,COLD
24.0,27.8,1.3999999999999986,-2.599999999999998,3,HOT
33.6,61.1,0.8000000000000043,-4.199999999999996,3,HOT
26.6,27.2,0.8000000000000007,-5.0,3,HOT
24.6,59.0,-0.6999999999999993,5.0,2,WARM_HUMID
22.8,62.0,0.0,0.0,1,COMFORT
23.0,36.3,0.6000000000000014,-2.0,1,COMFORT
22.4,54.0,0.0,0.0,0,COLD
21.5,33.5,0.1999999999999993,-0.6000000000000014,1,COMFORT
23.1,19.3,0.10000000000000142,-1.3999999999999986,3,HOT
25.2,32.0,-0.40000000000000213,0.6000000000000014,0,COLD
26.1,36.1,-0.29999999999999716,0.0,1,COMFORT
27.5,49.0,0.0,0.0,1,COMFORT
22.2,57.8,1.3999999999999986,-0.8000000000000043,0,COLD
25.1,61.3,0.3000000000000007,-0.20000000000000284,2,WARM_HUMID
22.3,47.2,-0.1999999999999993,0.6000000000000014,0,COLD
29.9,67.8,-0.20000000000000284,0.5999999999999943,1,COMFORT
23.1,43.7,1.0,-3.3999999999999986,2,WARM_HUMID
27.6,37.0,0.20000000000000284,0.0,1,COMFORT
24.1,65.3,0.0,0.0,0,COLD
21.4,34.5,0.0,-0.5,0,COLD
25.2,74.4,-1.1000000000000014,-5.0,1,COMFORT
31.3,29.0,0.0,0.0,1,COMFORT
22.1,38.5,-0.1999999999999993,3.0,2,WARM_HUMID
21.2,71.0,0.0,0.0,1,COMFORT
23.2,40.4,-1.1000000000000014,-1.8999999999999986,2,WARM_HUMID
26.3,24.3,-1.5,5.0,3,HOT
25.5,24.0,0.3000000000000007,-0.10000000000000142,2,WARM_HUMID
22.0,27.7,0.0,0.09999999999999787,0,COLD
21.3,22.8,1.1999999999999993,-3.1999999999999993,1,COMFORT
25.1,44.0,0.0,-4.0,0,COLD
23.6,38.5,0.5,-4.700000000000003,1,COMFORT
29.2,64.4,0.3999999999999986,0.5000000000000071,1,COMFORT
23.7,24.1,0.1999999999999993,-2.0,2,WARM_HUMID
21.1,66.3,0.0,0.0,2,WARM_HUMID
22.2,52.2,0.0,0.0,0,COLD
23.5,62.8,0.0,0.0,2,WARM_HUMID
23.4,23.1,0.7999999999999972,-1.5,1,COMFORT
26.9,33.8,0.0,0.29999999999999716,2,WARM_HUMID
21.8,32.7,-1.5,4.200000000000003,1,COMFORT
31.9,66.5,0.09999999999999787,-0.09999999999999432,3,HOT
20.5,34.6,0.5,0.10000000000000142,3,HOT
24.4,57.6,-0.6000000000000014,2.700000000000003,2,WARM_HUMID
25.4,41.5,0.0,0.0,2,WARM_HUMID
22.3,33.5,0.40000000000000213,1.3999999999999986,2,WARM_HUMID
17.3,45.8,-1.5,5.0,0,COLD
27.5,44.0,0.0,0.0,1,COMFORT
26.6,30.9,-0.1999999999999993,0.6999999999999993,0,COLD
20.3,41.5,0.9000000000000021,-0.6000000000000014,0,COLD
25.8,74.9,-1.5,-0.5,1,COMFORT
23.3,12.3,-0.6999999999999993,0.0,0,COLD
29.0,65.0,0.0,0.0,0,COLD
10.0,68.0,0.0,5.0,0,COLD
27.3,46.0,0.0,0.0,1,COMFORT
29.5,29.4,1.5,2.3999999999999986,1,COMFORT
22.7,49.2,0.09999999999999787,0.10000000000000142,1,COMFORT
21.8,26.3,0.0,3.8000000000000007,0,COLD
22.8,29.4,0.5,-1.2000000000000028,2,WARM_HUMID
29.8,75.0,0.10000000000000142,0.29999999999999716,1,COMFORT
26.3,51.0,0.0,0.0,0,COLD
25.0,46.0,0.0,0.0,0,COLD
19.5,57.7,0.0,0.0,0,COLD
29.7,35.0,-0.5,3.0,1,COMFORT
22.7,71.6,0.1999999999999993,-0.10000000000000853,1,COMFORT
21.6,21.7,-0.3999999999999986,-0.40000000000000213,1,COMFORT
23.0,50.4,-0.6999999999999993,2.0,3,HOT
29.6,73.7,0.0,0.0,3,HOT
21.3,24.4,0.10000000000000142,0.3999999999999986,1,COMFORT
21.0,43.0,-0.1999999999999993,3.0,0,COLD
23.1,39.5,-0.29999999999999716,2.799999999999997,1,COMFORT
20.0,69.6,0.0,0.0,1,COMFORT
23.1,47.3,0.3000000000000007,-0.8000000000000043,1,COMFORT
29.9,68.5,0.3999999999999986,-3.200000000000003,2,WARM_HUMID
25.1,11.9,1.5,0.20000000000000107,1,COMFORT
22.0,54.7,0.0,0.0,0,COLD
24.5,44.9,0.0,0.0,1,COMFORT
26.4,56.0,0.0,0.0,0,COLD
34.4,34.0,0.19999999999999574,5.0,1,COMFORT
21.6,43.9,-1.5,5.0,3,HOT
23.5,52.0,-1.5,2.0,3,HOT
23.3,64.0,-0.6999999999999993,0.0,1,COMFORT
23.0,21.8,0.3000000000000007,-0.6999999999999993,1,COMFORT
23.8,57.9,0.0,0.0,0,COLD
21.5,29.8,-0.5,-1.3999999999999986,0,COLD
24.1,52.6,0.3000000000000007,0.8000000000000043,0,COLD
33.0,17.0,0.8999999999999986,-2.0,3,HOT
19.6,43.0,0.40000000000000213,-4.200000000000003,1,COMFORT
30.5,76.2,0.3000000000000007,0.10000000000000853,3,HOT
17.0,38.1,0.8000000000000007,-2.5,1,COMFORT
26.3,34.3,-1.1999999999999993,1.1999999999999957,3,HOT
24.2,51.4,0.0,0.0,2,WARM_HUMID
22.9,47.0,-0.7000000000000028,-2.0,0,COLD
27.3,73.0,1.5,5.0,1,COMFORT
26.4,65.9,-0.8000000000000007,2.1000000000000085,1,COMFORT
23.4,31.0,-0.40000000000000213,1.0,1,COMFORT
23.3,51.5,0.1999999999999993,0.3999999999999986,0,COLD
21.3,37.0,-1.3000000000000007,4.0,1,COMFORT
25.5,41.8,-0.1999999999999993,1.0,1,COMFORT
31.5,73.4,-0.7999999999999972,0.30000000000001137,3,HOT
23.8,40.5,0.10000000000000142,-5.0,3,HOT
26.1,55.5,-0.09999999999999787,-0.5,3,HOT
19.9,22.5,0.5999999999999979,-1.8000000000000007,0,COLD
24.0,75.7,-1.0,5.0,1,COMFORT
22.2,42.8,1.0999999999999979,-4.900000000000006,3,HOT
21.9,44.4,0.0,0.0,1,COMFORT
27.5,27.9,-0.6999999999999993,-0.20000000000000284,2,WARM_HUMID
23.3,42.0,-0.09999999999999787,1.0,2,WARM_HUMID
24.0,50.2,0.0,-5.0,1,COMFORT
21.8,31.0,-1.5,5.0,0,COLD
25.1,36.5,0.0,0.0,1,COMFORT
29.5,35.1,0.10000000000000142,2.8000000000000043,2,WARM_HUMID
23.4,22.4,0.3999999999999986,0.0,0,COLD
22.8,58.6,-0.5999999999999979,3.5,1,COMFORT
24.2,48.0,0.0,0.0,2,WARM_HUMID
26.6,78.3,-1.5,0.0,1,COMFORT
23.2,47.5,-0.8000000000000007,-3.299999999999997,1,COMFORT
19.2,42.1,0.0,0.0,1,COMFORT
23.6,37.9,0.0,0.0,0,COLD
24.0,39.8,1.1999999999999993,3.0,1,COMFORT
21.4,27.0,1.0999999999999979,-5.0,0,COLD
25.5,17.5,0.0,0.0,3,HOT
19.0,70.9,1.5,0.0,1,COMFORT
28.2,79.9,0.0,0.0,3,HOT
21.8,52.5,0.0,0.0,1,COMFORT
21.1,49.8,-1.0999999999999979,-0.8000000000000043,3,HOT
36.2,43.3,-0.09999999999999432,2.0999999999999943,3,HOT
23.2,28.2,0.0,0.0,1,COMFORT
24.1,76.6,0.0,0.0,0,COLD
16.7,64.9,-0.40000000000000213,1.000000000000007,1,COMFORT
22.9,35.1,0.0,0.0,0,COLD
15.9,68.0,-1.5,5.0,0,COLD
23.1,59.0,0.10000000000000142,3.0,1,COMFORT
22.2,34.5,-0.1999999999999993,0.0,3,HOT
30.0,70.0,0.0,0.0,2,WARM_HUMID
23.0,31.3,0.10000000000000142,5.0,1,COMFORT
22.4,54.1,0.5999999999999979,-1.0,1,COMFORT
23.7,28.3,0.3999999999999986,0.6000000000000014,0,COLD
22.5,36.5,0.0,0.3999999999999986,3,HOT
23.5,67.3,0.3000000000000007,0.5,1,COMFORT
32.1,63.9,-1.2999999999999972,2.1999999999999957,3,HOT
24.3,52.4,1.0,-1.3999999999999986,1,COMFORT
36.5,20.0,0.0,0.0,3,HOT
24.1,22.6,1.5,-1.6999999999999993,3,HOT
26.9,72.8,0.0,0.0,0,COLD
23.6,37.9,-0.5,1.6000000000000014,1,COMFORT
22.6,30.5,0.6000000000000014,0.0,1,COMFORT
26.1,36.0,-1.1999999999999993,-5.0,0,COLD
23.8,20.9,0.40000000000000213,-5.0,1,COMFORT
26.5,52.3,-0.3999999999999986,1.5,0,COLD
33.0,26.0,1.0,-5.0,3,HOT
22.5,60.7,-0.6999999999999993,2.1000000000000014,0,COLD
21.6,50.3,0.0,0.0,3,HOT
23.7,49.5,1.0,-2.5,1,COMFORT
24.5,45.5,-1.5,-5.0,0,COLD
21.2,32.6,-1.3000000000000007,3.1000000000000014,2,WARM_HUMID
26.0,80.8,0.0,1.0,0,COLD
25.6,45.5,1.5,-2.5,0,COLD
24.4,42.0,1.5,-5.0,1,COMFORT
29.4,60.0,-1.3000000000000007,-5.0,1,COMFORT
25.6,38.6,0.7000000000000028,0.10000000000000142,1,COMFORT
22.6,28.0,0.8000000000000007,0.1999999999999993,0,COLD
25.8,66.2,0.0,0.0,1,COMFORT
22.3,43.0,-0.3000000000000007,5.0,1,COMFORT
29.5,92.1,-0.3000000000000007,5.0,2,WARM_HUMID
20.8,64.0,-0.3000000000000007,0.6000000000000014,1,COMFORT
38.1,32.0,-0.7999999999999972,5.0,3,HOT
25.1,43.1,0.3000000000000007,-0.7999999999999972,1,COMFORT
21.3,23.0,-1.0,-3.1999999999999993,0,COLD
21.6,50.6,-1.5,5.0,1,COMFORT
23.2,19.0,0.1999999999999993,-0.8999999999999986,2,WARM_HUMID
22.5,33.0,-0.3999999999999986,1.6999999999999993,0,COLD
22.2,49.0,-0.1999999999999993,0.10000000000000142,1,COMFORT
29.5,57.5,-0.1999999999999993,0.6000000000000014,2,WARM_HUMID
22.1,24.6,0.7000000000000028,-5.0,0,COLD
25.2,32.3,1.5,-4.0,2,WARM_HUMID
21.2,28.4,1.1999999999999993,-1.6000000000000014,0,COLD
21.0,56.8,0.6000000000000014,-0.6000000000000014,0,COLD
22.7,27.8,1.5,-5.0,0,COLD
25.1,35.4,-1.5,3.6999999999999993,3,HOT
24.2,67.2,0.8999999999999986,-1.8999999999999915,2,WARM_HUMID
23.5,22.7,0.0,0.0,2,WARM_HUMID
25.8,37.4,0.3000000000000007,-2.8000000000000043,1,COMFORT
24.2,25.7,1.0,-5.0,1,COMFORT
28.1,64.9,-0.29999999999999716,3.4000000000000057,3,HOT
29.5,58.0,0.0,0.0,2,WARM_HUMID
23.6,42.8,-1.2999999999999972,3.0,0,COLD
21.1,56.4,0.0,0.0,1,COMFORT
18.1,49.8,-1.5,5.0,0,COLD
37.0,63.0,-1.0,-5.0,3,HOT
24.0,60.0,0.10000000000000142,4.0,1,COMFORT
23.8,30.7,1.1000000000000014,-1.1999999999999993,2,WARM_HUMID
25.2,66.5,0.0,-1.2999999999999972,2,WARM_HUMID
23.0,42.9,0.5,0.5,0,COLD
28.5,45.0,0.0,0.0,0,COLD
24.1,37.4,0.6000000000000014,-5.0,0,COLD
29.2,46.8,0.5999999999999979,0.6999999999999957,2,WARM_HUMID
22.7,46.7,-1.5,-5.0,0,COLD
21.7,31.5,-0.40000000000000213,-4.399999999999999,2,WARM_HUMID
21.2,56.0,0.0,0.0,1,COMFORT
20.1,31.1,0.8000000000000007,-1.0,1,COMFORT
24.4,31.6,-0.5,4.400000000000002,3,HOT
20.2,48.9,0.5999999999999979,4.100000000000001,0,COLD
24.6,72.6,0.0,0.0,0,COLD
20.7,49.7,0.6999999999999993,-2.299999999999997,0,COLD
27.5,55.0,0.0,0.0,2,WARM_HUMID
30.3,74.4,0.0,-2.0,3,HOT
29.4,52.0,0.0,0.0,1,COMFORT
24.4,37.4,0.3999999999999986,-3.6000000000000014,1,COMFORT
31.5,32.8,-0.8999999999999986,1.1999999999999957,1,COMFORT
31.1,10.4,0.7000000000000028,0.0,2,WARM_HUMID
23.3,42.1,0.1999999999999993,-5.0,1,COMFORT
32.4,60.0,-0.7000000000000028,3.0,3,HOT
29.1,49.0,0.0,0.0,1,COMFORT
29.0,27.9,0.0,0.09999999999999787,1,COMFORT
24.9,26.7,1.0,-2.900000000000002,3,HOT
22.3,30.6,0.10000000000000142,1.2000000000000028,0,COLD
28.8,78.2,0.3000000000000007,-3.799999999999997,0,COLD
24.1,55.6,0.20000000000000284,0.0,0,COLD
23.8,30.0,0.3000000000000007,-3.1000000000000014,1,COMFORT
33.2,27.0,-1.0,-5.0,1,COMFORT
28.1,47.0,0.0,0.0,1,COMFORT
30.1,83.9,-0.3999999999999986,5.0,1,COMFORT
27.0,48.8,0.0,0.0,0,COLD
27.3,31.8,0.10000000000000142,0.10000000000000142,3,HOT
26.9,27.0,0.0,0.0,2,WARM_HUMID
30.8,65.7,0.0,-0.09999999999999432,2,WARM_HUMID
25.5,49.8,0.0,5.0,1,COMFORT
30.0,73.0,0.0,0.0,2,WARM_HUMID
24.5,45.8,-1.5,1.7999999999999972,0,COLD
27.9,51.0,0.0,5.0,2,WARM_HUMID
25.2,38.4,-1.5,5.0,2,WARM_HUMID
28.4,83.6,-0.6000000000000014,0.5999999999999943,1,COMFORT
36.4,40.9,0.0,0.8999999999999986,2,WARM_HUMID
32.0,71.0,1.5,-1.0,3,HOT
25.1,53.0,0.10000000000000142,-1.0,2,WARM_HUMID
31.1,37.2,-1.5,-5.0,0,COLD
25.2,32.3,1.0999999999999979,-3.8000000000000043,2,WARM_HUMID
24.4,48.0,0.5999999999999979,1.0,0,COLD
24.5,52.6,0.6000000000000014,-2.299999999999997,1,COMFORT
25.5,47.0,0.0,0.0,0,COLD
24.1,39.2,0.20000000000000284,-3.799999999999997,1,COMFORT
24.6,68.5,-0.29999999999999716,0.0,2,WARM_HUMID
27.1,49.0,0.0,0.0,0,COLD
24.9,45.9,-0.5,-0.5,3,HOT
24.3,26.4,-0.1999999999999993,-2.6000000000000014,2,WARM_HUMID
23.3,39.3,0.0,0.0,3,HOT
21.6,33.8,0.6000000000000014,-5.0,1,COMFORT
20.0,69.6,0.0,0.0,2,WARM_HUMID
20.6,84.0,-0.09999999999999787,0.9000000000000057,1,COMFORT
34.3,51.2,-1.5,5.0,2,WARM_HUMID
28.8,75.9,1.5,5.0,3,HOT
23.5,27.1,0.3000000000000007,-0.09999999999999787,0,COLD
25.3,43.0,0.0,0.0,0,COLD
23.9,34.6,-0.40000000000000213,2.900000000000002,2,WARM_HUMID
21.2,33.4,1.0999999999999979,-2.5,2,WARM_HUMID
23.1,50.8,0.5,1.8999999999999986,1,COMFORT
23.9,48.3,-0.40000000000000213,1.7999999999999972,1,COMFORT
22.8,32.3,-0.8999999999999986,-3.6000000000000014,1,COMFORT
25.1,37.6,0.0,-0.5,0,COLD
27.2,50.0,0.09999999999999787,-2.1000000000000014,1,COMFORT
23.1,42.4,-0.09999999999999787,-5.0,0,COLD
24.5,26.2,-1.5,-2.8000000000000007,1,COMFORT
22.6,51.7,0.0,0.0,1,COMFORT
22.2,23.1,0.1999999999999993,0.20000000000000284,0,COLD
23.3,76.0,0.6000000000000014,-1.7000000000000028,1,COMFORT
23.0,48.6,0.1999999999999993,-0.10000000000000142,1,COMFORT
28.5,38.0,-1.5,-3.5,2,WARM_HUMID
23.9,49.5,0.8999999999999986,0.7999999999999972,2,WARM_HUMID
25.1,53.0,0.0,0.0,0,COLD
21.4,27.8,0.5,-5.0,1,COMFORT
28.0,67.0,0.0,0.0,2,WARM_HUMID
23.2,58.0,0.5999999999999979,2.0,1,COMFORT
23.8,37.5,0.6000000000000014,-1.0,3,HOT
23.1,22.4,0.6000000000000014,0.0,0,COLD
28.0,31.0,0.1999999999999993,0.3000000000000007,1,COMFORT
22.4,24.0,-0.3000000000000007,-1.5,2,WARM_HUMID
23.2,56.0,-1.5,0.0,1,COMFORT
27.3,25.9,1.3000000000000007,-0.20000000000000284,1,COMFORT
25.3,46.6,0.1999999999999993,-0.10000000000000142,3,HOT
29.8,75.4,0.0,0.0,3,HOT
28.2,46.0,0.0,0.0,2,WARM_HUMID
21.8,47.7,-1.5,2.200000000000003,0,COLD
24.2,48.5,0.09999999999999787,0.20000000000000284,1,COMFORT
23.1,26.8,0.8000000000000007,1.1000000000000014,1,COMFORT
25.4,61.7,-0.3000000000000007,-0.5999999999999943,1,COMFORT
25.4,37.8,-0.7000000000000028,4.199999999999996,2,WARM_HUMID
24.7,69.5,1.3999999999999986,-2.200000000000003,0,COLD
23.0,59.2,-1.5,5.0,1,COMFORT
25.8,80.2,0.6000000000000014,5.0,2,WARM_HUMID
24.4,53.7,0.09999999999999787,1.0,0,COLD
22.5,19.2,1.0,-5.0,0,COLD
24.6,42.7,1.5,3.200000000000003,1,COMFORT
29.6,72.0,-0.09999999999999787,0.0,3,HOT
19.3,53.0,1.5,-5.0,1,COMFORT
23.0,51.0,-0.1999999999999993,1.2999999999999972,1,COMFORT
31.8,32.3,0.5,-5.0,1,COMFORT
30.5,74.0,0.0,0.4000000000000057,3,HOT
25.0,60.0,-0.3999999999999986,4.0,1,COMFORT
28.6,54.0,0.0,0.0,1,COMFORT
22.1,33.5,0.0,-0.8999999999999986,1,COMFORT
33.6,62.0,0.10000000000000142,0.0,2,WARM_HUMID
27.1,52.1,0.10000000000000142,-2.0,1,COMFORT
22.8,60.2,1.1000000000000014,0.10000000000000142,0,COLD
17.7,58.8,-1.3000000000000007,-3.5,2,WARM_HUMID
29.9,58.0,0.3999999999999986,1.0,2,WARM_HUMID
25.2,50.0,-0.1999999999999993,-5.0,1,COMFORT
27.0,30.3,0.1999999999999993,-0.8999999999999986,1,COMFORT
21.5,63.6,0.0,0.0,1,COMFORT
19.0,22.0,-1.5,3.6999999999999993,2,WARM_HUMID
25.5,45.0,0.10000000000000142,0.0,1,COMFORT
21.6,42.6,-1.0,3.5,1,COMFORT
26.7,40.0,0.0,0.0,1,COMFORT
22.6,21.5,0.10000000000000142,-0.3999999999999986,1,COMFORT
22.3,40.5,-0.09999999999999787,0.0,1,COMFORT
21.5,32.9,0.6999999999999993,3.5,3,HOT
38.0,70.0,1.5,-5.0,3,HOT
23.6,64.6,-0.29999999999999716,-2.3000000000000114,2,WARM_HUMID
31.4,36.2,-0.20000000000000284,0.0,2,WARM_HUMID
22.9,23.9,1.0,-5.0,0,COLD
22.4,34.5,0.0,3.1999999999999993,3,HOT
28.7,61.5,-0.9000000000000021,-5.0,0,COLD
25.3,55.0,0.0,0.0,2,WARM_HUMID
19.8,54.2,1.5,-1.6999999999999957,1,COMFORT
21.0,38.9,-0.6999999999999993,5.0,2,WARM_HUMID
22.5,36.4,1.5,-5.0,2,WARM_HUMID
23.8,22.8,0.40000000000000213,-1.1999999999999993,2,WARM_HUMID
24.4,60.1,0.0,0.0,3,HOT
27.0,54.1,0.3000000000000007,-0.3999999999999986,2,WARM_HUMID
27.1,36.0,-0.09999999999999787,0.0,3,HOT
28.0,70.0,0.0,0.0,1,COMFORT
19.9,37.2,-1.4000000000000021,-0.3999999999999986,1,COMFORT
30.6,73.0,0.6000000000000014,0.0,3,HOT
23.8,32.2,1.5,-2.5,1,COMFORT
20.8,26.2,0.0,-0.1999999999999993,2,WARM_HUMID
22.4,55.2,1.5,-5.0,2,WARM_HUMID
20.6,80.0,0.8000000000000007,5.0,0,COLD
21.6,62.7,1.5,-2.299999999999997,0,COLD
23.3,47.3,-0.1999999999999993,1.1999999999999957,3,HOT
19.9,52.8,-1.5,5.0,1,COMFORT
21.9,46.0,-0.6000000000000014,2.0,0,COLD
24.6,35.3,0.5,-3.200000000000003,2,WARM_HUMID
25.5,41.0,0.0,0.0,1,COMFORT
22.9,29.2,-0.3000000000000007,5.0,0,COLD
31.6,27.3,0.10000000000000142,0.5,1,COMFORT
22.8,42.9,0.0,-5.0,0,COLD
24.1,55.1,1.5,-5.0,1,COMFORT
26.6,64.8,0.5,-2.4000000000000057,1,COMFORT
26.0,65.0,0.0,0.0,0,COLD
25.0,48.5,0.0,0.0,1,COMFORT
19.3,35.9,0.3000000000000007,-0.8999999999999986,1,COMFORT
24.3,62.9,-0.09999999999999787,0.10000000000000142,1,COMFORT
20.4,27.6,-0.7000000000000028,-5.0,1,COMFORT
27.3,49.0,0.0,0.0,3,HOT
21.9,46.0,0.7999999999999972,-3.0,0,COLD
32.9,52.5,1.1999999999999993,-4.600000000000001,2,WARM_HUMID
28.8,41.6,0.0,0.0,2,WARM_HUMID
29.2,75.8,0.0,0.0,1,COMFORT
30.0,61.2,0.1999999999999993,0.0,3,HOT
26.5,38.0,0.0,0.0,0,COLD
22.7,36.0,0.0,0.0,1,COMFORT
22.8,40.3,-1.1999999999999993,3.799999999999997,3,HOT
26.4,44.2,0.09999999999999787,-2.0999999999999943,2,WARM_HUMID
21.2,29.6,0.1999999999999993,-5.0,2,WARM_HUMID
22.1,39.3,1.5,-5.0,0,COLD
23.9,49.0,0.29999999999999716,-0.6000000000000014,1,COMFORT
31.7,42.2,-0.1999999999999993,-3.5999999999999943,3,HOT
30.2,14.8,-0.10000000000000142,0.0,3,HOT
28.2,37.9,-0.10000000000000142,0.10000000000000142,0,COLD
29.0,28.0,1.5,4.199999999999999,1,COMFORT
27.3,73.0,1.5,5.0,2,WARM_HUMID
26.0,36.4,1.5,5.0,3,HOT
20.9,46.3,-1.0,-1.7000000000000028,2,WARM_HUMID
23.5,43.6,-1.5,4.0,0,COLD
23.2,13.7,0.0,0.0,0,COLD
25.2,50.6,0.0,-0.7999999999999972,1,COMFORT
25.9,51.0,-0.10000000000000142,1.0,0,COLD
23.3,50.9,0.3000000000000007,-1.2000000000000028,0,COLD
24.7,56.2,0.0,0.0,1,COMFORT
26.5,14.1,1.5,-5.0,1,COMFORT
19.4,65.8,0.0,0.0,0,COLD
26.3,57.8,0.10000000000000142,-0.30000000000000426,2,WARM_HUMID
26.9,84.5,0.5999999999999979,5.0,1,COMFORT
24.5,22.3,-0.1999999999999993,-2.6999999999999993,1,COMFORT
23.0,29.7,0.0,0.0,1,COMFORT
32.4,38.4,0.3999999999999986,-3.200000000000003,3,HOT
35.6,37.0,0.30000000000000426,-2.0,3,HOT
22.3,45.0,0.6999999999999993,0.20000000000000284,1,COMFORT
22.4,64.7,-0.5,2.200000000000003,0,COLD
30.1,63.0,0.0,0.0,1,COMFORT
29.5,31.0,1.5,-5.0,1,COMFORT
22.1,46.1,0.0,-0.10000000000000142,1,COMFORT
21.5,36.1,1.5,-0.5,1,COMFORT
23.0,42.0,-0.1999999999999993,0.0,2,WARM_HUMID
23.0,29.2,1.0,5.0,1,COMFORT
22.9,64.5,0.09999999999999787,-0.9000000000000057,0,COLD
30.4,70.3,0.5,-2.4000000000000057,1,COMFORT
19.0,40.9,-1.1000000000000014,1.8999999999999986,0,COLD
22.3,25.0,0.0,-4.300000000000001,1,COMFORT
23.7,62.9,0.0,0.0,2,WARM_HUMID
16.3,65.0,0.1999999999999993,0.0,1,COMFORT
25.6,76.4,0.5,2.6000000000000085,0,COLD
26.2,50.6,-0.1999999999999993,-0.6000000000000014,2,WARM_HUMID
29.5,68.2,0.0,0.0,2,WARM_HUMID
19.4,48.1,0.0,0.0,1,COMFORT
22.3,22.5,0.1999999999999993,-3.8000000000000007,1,COMFORT
22.6,38.2,-0.1999999999999993,-5.0,1,COMFORT
25.3,55.0,0.0,0.0,0,COLD
26.5,57.5,0.0,0.0,2,WARM_HUMID
23.5,51.3,0.1999999999999993,-0.7000000000000028,1,COMFORT
12.2,51.3,0.0,1.5,0,COLD
21.2,33.3,0.5,3.9999999999999964,1,COMFORT
23.0,81.7,0.0,0.0,3,HOT
16.8,60.1,-1.5,2.200000000000003,1,COMFORT
20.3,22.3,-1.0,5.0,1,COMFORT
32.0,61.9,0.0,0.0,2,WARM_HUMID
30.9,68.5,-0.10000000000000142,1.5999999999999943,1,COMFORT
28.1,79.2,0.0,0.0,1,COMFORT
26.4,42.6,0.09999999999999787,0.7000000000000028,1,COMFORT
28.0,35.0,1.0,1.0,3,HOT
25.1,46.4,0.0,0.0,1,COMFORT
25.4,59.3,0.09999999999999787,-0.30000000000000426,2,WARM_HUMID
22.9,43.2,-1.5,1.8000000000000043,1,COMFORT
23.0,33.3,1.0,1.1999999999999957,0,COLD
19.3,48.3,0.5,-1.0,1,COMFORT
18.5,53.5,0.8000000000000007,3.0,1,COMFORT
20.3,68.2,0.0,0.0,0,COLD
24.4,65.6,0.29999999999999716,-5.0,1,COMFORT
23.0,44.8,0.5,-1.7000000000000028,2,WARM_HUMID
30.7,45.1,0.1999999999999993,-4.699999999999996,1,COMFORT
19.8,56.0,0.0,0.0,0,COLD
23.0,29.0,0.0,5.0,1,COMFORT
21.2,55.7,-1.3000000000000007,1.5,0,COLD
19.9,40.4,0.6999999999999993,-2.200000000000003,0,COLD
22.4,55.6,-0.40000000000000213,0.0,1,COMFORT
27.0,19.1,-0.3000000000000007,5.0,1,COMFORT
26.7,61.0,0.0,0.0,3,HOT
27.0,75.3,1.5,5.0,1,COMFORT
22.6,54.2,-1.2999999999999972,5.0,1,COMFORT
29.3,78.8,0.5,3.299999999999997,0,COLD
32.6,69.3,0.30000000000000426,-0.4000000000000057,3,HOT
24.5,42.5,-1.3999999999999986,5.0,1,COMFORT
14.6,64.8,-0.5,-1.2999999999999972,1,COMFORT
25.7,64.1,0.5,-4.200000000000003,3,HOT
22.3,48.0,0.9000000000000021,-2.1000000000000014,2,WARM_HUMID
17.2,48.5,-0.10000000000000142,0.5,0,COLD
25.9,32.2,-0.10000000000000142,0.30000000000000426,3,HOT
24.2,40.6,-1.1999999999999993,-0.3999999999999986,0,COLD
16.1,43.8,-1.5,-3.700000000000003,0,COLD
25.2,39.7,1.5,3.3000000000000043,1,COMFORT
24.6,24.9,0.6000000000000014,0.0,1,COMFORT
20.1,31.0,-1.5,-4.399999999999999,0,COLD
21.4,37.2,0.09999999999999787,0.8000000000000043,0,COLD
30.0,61.1,0.10000000000000142,0.10000000000000142,3,HOT
23.5,58.7,-1.0,1.5,1,COMFORT
20.6,44.7,-1.5,3.4000000000000057,1,COMFORT
29.3,31.5,-1.1999999999999993,1.6000000000000014,2,WARM_HUMID
32.0,31.4,-1.5,-1.3999999999999986,3,HOT
25.8,51.6,0.10000000000000142,-0.29999999999999716,1,COMFORT
24.6,76.4,-1.5,-4.8999999999999915,1,COMFORT
24.7,65.6,-0.3000000000000007,1.8999999999999915,1,COMFORT
21.8,38.7,0.3000000000000007,2.9000000000000057,1,COMFORT
21.3,48.6,-1.5,5.0,0,COLD
32.1,43.0,0.10000000000000142,-4.0,1,COMFORT
30.1,63.4,-0.09999999999999787,0.29999999999999716,1,COMFORT
32.1,69.0,1.4000000000000021,0.0,3,HOT
22.9,32.5,0.09999999999999787,5.0,3,HOT
21.8,52.9,-0.1999999999999993,2.6000000000000014,0,COLD
27.1,64.1,0.10000000000000142,0.19999999999999574,2,WARM_HUMID
23.9,38.2,0.1999999999999993,-0.29999999999999716,2,WARM_HUMID
26.4,56.0,0.0,0.0,0,COLD
27.2,69.0,0.0,0.0,0,COLD
24.1,58.4,-0.29999999999999716,1.6000000000000014,1,COMFORT
22.0,34.5,0.0,0.0,1,COMFORT
20.0,41.0,0.3999999999999986,-2.200000000000003,1,COMFORT
19.1,41.4,0.10000000000000142,-2.0,1,COMFORT
29.3,81.7,0.1999999999999993,0.20000000000000284,0,COLD
27.1,80.7,0.5,0.7000000000000028,2,WARM_HUMID
24.5,38.9,1.5,-1.8999999999999986,3,HOT
21.2,58.3,0.0,0.0,1,COMFORT
23.4,48.5,0.0,0.0,2,WARM_HUMID
27.0,63.0,0.0,0.0,1,COMFORT
30.1,77.2,0.5,-2.3999999999999915,0,COLD
18.8,58.3,1.5,-4.0,0,COLD
22.6,29.9,0.10000000000000142,-0.6000000000000014,1,COMFORT
25.9,69.0,0.0,0.0,1,COMFORT
25.8,38.0,0.3000000000000007,0.0,0,COLD
21.4,30.2,-0.40000000000000213,-5.0,1,COMFORT
26.7,49.0,0.0,0.0,2,WARM_HUMID
24.4,25.6,-1.0,2.3000000000000007,0,COLD
22.0,35.5,0.0,0.0,1,COMFORT
23.2,67.9,0.3000000000000007,0.8000000000000114,0,COLD
27.2,61.0,0.09999999999999787,-0.7999999999999972,1,COMFORT
22.9,69.1,0.0,0.0,3,HOT
24.8,38.3,0.6000000000000014,-5.0,1,COMFORT
26.6,45.9,0.10000000000000142,2.0,1,COMFORT
19.6,46.7,-1.5,-5.0,0,COLD
29.4,46.9,-0.40000000000000213,1.6999999999999957,1,COMFORT
28.0,61.0,0.8999999999999986,-5.0,2,WARM_HUMID
27.7,59.1,0.0,0.0,2,WARM_HUMID
22.8,21.5,0.10000000000000142,-5.0,0,COLD
22.7,42.0,1.0,5.0,1,COMFORT
25.0,43.5,0.6999999999999993,0.0,3,HOT
29.0,57.2,-0.6000000000000014,3.5,2,WARM_HUMID
24.2,47.0,-0.40000000000000213,-1.1000000000000014,1,COMFORT
22.5,70.2,-0.10000000000000142,1.0,0,COLD
25.8,59.1,0.0,0.0,3,HOT
32.9,56.2,0.0,-0.5,3,HOT
25.2,26.2,0.3999999999999986,1.8999999999999986,3,HOT
23.4,48.1,-1.5,5.0,0,COLD
23.3,23.4,0.0,-5.0,1,COMFORT
20.5,53.5,-1.5,5.0,0,COLD
21.8,45.9,-0.8000000000000007,4.799999999999997,1,COMFORT
23.6,61.6,0.20000000000000284,-0.6999999999999957,2,WARM_HUMID
25.3,61.5,-0.1999999999999993,-1.5,1,COMFORT
25.8,64.0,0.0,0.0,1,COMFORT
25.7,57.2,0.0,0.0,1,COMFORT
31.2,69.0,-0.10000000000000142,0.0,1,COMFORT
28.5,48.0,0.0,0.0,1,COMFORT
27.6,67.8,0.0,-1.0,0,COLD
22.8,44.3,0.3000000000000007,-2.4000000000000057,0,COLD
11.0,59.7,-0.5999999999999996,0.5,0,COLD
24.2,19.6,-0.6000000000000014,-2.6999999999999993,3,HOT
22.6,52.3,0.0,0.0,0,COLD
19.0,54.0,1.5,5.0,1,COMFORT
24.1,53.9,0.3000000000000007,0.8999999999999986,1,COMFORT
24.0,67.0,0.0,0.0,1,COMFORT
27.4,56.0,1.0,-3.0,0,COLD
23.7,29.3,1.0999999999999979,1.9000000000000021,1,COMFORT
27.2,50.0,0.09999999999999787,-2.1000000000000014,3,HOT
36.4,40.6,0.0,0.0,3,HOT
26.6,72.6,-1.5,5.0,0,COLD
22.3,44.3,-0.09999999999999787,0.5999999999999943,0,COLD
20.4,27.2,-0.8000000000000007,-5.0,0,COLD
29.4,76.1,-0.10000000000000142,0.29999999999999716,2,WARM_HUMID
22.7,29.3,1.3000000000000007,5.0,1,COMFORT
32.4,64.0,0.0,0.0,3,HOT
22.7,26.7,0.5999999999999979,-3.1999999999999993,2,WARM_HUMID
26.0,55.2,-0.3000000000000007,5.0,1,COMFORT
29.3,71.0,-1.1999999999999993,5.0,3,HOT
23.2,32.0,0.0,0.0,2,WARM_HUMID
23.2,48.8,-0.10000000000000142,-0.20000000000000284,1,COMFORT
20.6,33.3,-0.3999999999999986,1.7999999999999972,0,COLD
22.1,29.9,0.0,-3.3999999999999986,3,HOT
21.9,28.6,0.3999999999999986,-1.0,2,WARM_HUMID
23.4,46.3,0.0,0.0,2,WARM_HUMID
21.6,26.4,-0.1999999999999993,1.0,1,COMFORT
22.9,40.7,-0.3000000000000007,-1.2999999999999972,3,HOT
24.0,35.7,-1.5,-1.5999999999999943,1,COMFORT
20.6,48.7,0.3000000000000007,5.0,2,WARM_HUMID
23.9,26.2,-0.8000000000000007,-4.600000000000001,0,COLD
32.7,71.3,-1.2999999999999972,5.0,3,HOT
25.3,27.2,1.5,-5.0,3,HOT
22.7,28.5,0.3000000000000007,0.0,2,WARM_HUMID
25.9,45.0,0.0,0.0,1,COMFORT
29.7,30.5,0.8999999999999986,-2.799999999999997,2,WARM_HUMID
29.2,29.7,-0.10000000000000142,-0.10000000000000142,1,COMFORT
26.7,50.3,0.3999999999999986,0.0,2,WARM_HUMID
30.7,28.2,0.3999999999999986,0.5999999999999979,2,WARM_HUMID
20.0,67.5,-0.5,0.09999999999999432,0,COLD
26.5,48.0,-0.3000000000000007,2.0,1,COMFORT
19.9,33.4,-1.5,-5.0,0,COLD
23.4,44.9,0.1999999999999993,-5.0,0,COLD
26.3,26.8,1.5,-5.0,1,COMFORT
21.4,60.0,0.09999999999999787,0.5,0,COLD
24.5,39.5,1.5,-5.0,1,COMFORT
23.4,52.1,-0.10000000000000142,0.6000000000000014,0,COLD
26.3,60.0,0.0,0.0,1,COMFORT
21.9,25.3,0.29999999999999716,-0.6999999999999993,1,COMFORT
28.9,54.7,-0.5,3.700000000000003,1,COMFORT
29.7,49.3,0.5999999999999979,-5.0,2,WARM_HUMID
32.0,36.0,0.0,0.0,2,WARM_HUMID
21.4,53.2,0.0,0.0,1,COMFORT
24.4,45.0,0.0,0.0,1,COMFORT
27.9,52.0,-1.0,-3.0,0,COLD
30.5,76.0,0.6000000000000014,1.5,1,COMFORT
25.8,60.9,0.5,-0.30000000000000426,1,COMFORT
25.8,28.0,-0.3000000000000007,-2.8999999999999986,3,HOT
36.8,38.4,-0.9000000000000057,-4.800000000000004,1,COMFORT
24.1,53.0,-1.5,5.0,1,COMFORT
21.8,28.5,1.1999999999999993,-5.0,0,COLD
27.6,81.2,0.5,0.5,1,COMFORT
21.9,35.9,1.5,-5.0,0,COLD
29.4,40.3,1.5,-5.0,3,HOT
20.9,56.4,1.0,-5.0,1,COMFORT
26.8,50.5,-0.5999999999999979,2.1000000000000014,3,HOT
26.8,49.5,1.5,2.0,1,COMFORT
20.3,54.5,0.0,0.0,1,COMFORT
21.0,37.1,-0.3999999999999986,0.20000000000000284,2,WARM_HUMID
30.8,23.0,-0.6999999999999993,0.0,3,HOT
29.4,40.3,1.2999999999999972,-5.0,3,HOT
23.5,31.3,1.1999999999999993,-2.1999999999999993,2,WARM_HUMID
31.8,42.2,1.5,5.0,3,HOT
22.9,40.7,-0.3000000000000007,-1.2999999999999972,0,COLD
23.3,20.0,0.6000000000000014,-0.6000000000000014,3,HOT
19.1,39.8,0.6000000000000014,0.5999999999999943,1,COMFORT
23.0,29.7,0.1999999999999993,-5.0,1,COMFORT
25.7,57.2,0.0,0.0,1,COMFORT
29.8,23.2,0.8000000000000007,-1.4000000000000021,1,COMFORT
24.8,35.6,-1.5,4.600000000000001,2,WARM_HUMID
25.7,70.6,0.3999999999999986,-1.7000000000000028,1,COMFORT
27.7,48.0,0.8000000000000007,-3.0,0,COLD
23.2,23.9,1.3999999999999986,0.09999999999999787,3,HOT
28.9,61.0,0.0,0.0,3,HOT
25.7,59.5,0.0,0.0,1,COMFORT
24.0,30.5,0.3999999999999986,0.0,1,COMFORT
20.7,31.4,-1.5,2.3999999999999986,0,COLD
23.6,29.6,-0.5,3.0,3,HOT
22.6,29.8,0.20000000000000284,-1.5,2,WARM_HUMID
23.7,38.3,-0.6000000000000014,0.29999999999999716,0,COLD
24.0,26.8,0.3000000000000007,0.1999999999999993,0,COLD
32.5,23.4,1.5,-0.40000000000000213,3,HOT
26.6,31.1,1.5,-4.600000000000001,1,COMFORT
25.6,66.2,0.20000000000000284,0.10000000000000853,0,COLD
22.7,40.2,-0.40000000000000213,4.0,1,COMFORT
20.8,74.2,0.0,0.0,2,WARM_HUMID
24.0,55.1,-0.10000000000000142,-1.2999999999999972,0,COLD
30.4,70.9,-0.10000000000000142,-0.19999999999998863,1,COMFORT
26.0,57.7,0.0,0.0,1,COMFORT
24.7,62.2,-0.1999999999999993,-3.299999999999997,1,COMFORT
24.7,55.0,-1.1000000000000014,-5.0,1,COMFORT
26.0,55.3,-1.5,-5.0,2,WARM_HUMID
24.0,57.6,0.6999999999999993,4.600000000000001,2,WARM_HUMID
27.5,65.9,0.5,-1.5999999999999943,1,COMFORT
24.2,46.0,0.09999999999999787,-4.0,1,COMFORT
22.4,46.0,1.2999999999999972,-1.7000000000000028,1,COMFORT
22.7,29.3,0.8000000000000007,5.0,1,COMFORT
22.7,77.1,0.1999999999999993,-1.8000000000000114,1,COMFORT
23.4,25.7,0.09999999999999787,-0.10000000000000142,2,WARM_HUMID
24.1,39.6,0.0,0.0,1,COMFORT
27.0,49.9,0.1999999999999993,0.10000000000000142,0,COLD
21.6,55.8,0.0,0.0,3,HOT
24.1,50.7,0.0,2.6000000000000014,1,COMFORT
33.2,45.2,0.0,2.3000000000000043,3,HOT
30.9,28.8,1.5,-5.0,1,COMFORT
24.3,29.2,1.5,3.8000000000000007,1,COMFORT
23.0,30.2,0.0,0.0,0,COLD
25.4,61.0,0.29999999999999716,-2.0,2,WARM_HUMID
32.0,37.0,-0.10000000000000142,-2.0,3,HOT
22.9,36.6,1.5,-5.0,1,COMFORT
23.4,41.8,1.5,-4.0,1,COMFORT
20.2,58.1,0.0,0.0,1,COMFORT
31.3,34.5,-0.9000000000000021,2.200000000000003,1,COMFORT
21.4,44.5,1.5,-5.0,1,COMFORT
27.4,32.5,1.1999999999999993,-1.5,3,HOT
19.8,64.4,0.0,-0.29999999999999716,0,COLD
22.1,46.8,-0.29999999999999716,-1.5,1,COMFORT
26.0,57.7,0.0,0.0,1,COMFORT
22.8,49.8,-1.5,-5.0,2,WARM_HUMID
22.1,36.5,-0.09999999999999787,-0.10000000000000142,0,COLD
18.5,55.1,-0.10000000000000142,0.5,1,COMFORT
23.5,36.2,1.5,-5.0,1,COMFORT
24.2,71.6,0.0,0.0,1,COMFORT
24.1,25.1,-0.3999999999999986,0.10000000000000142,1,COMFORT
18.4,39.1,-0.3000000000000007,5.0,1,COMFORT
22.0,23.7,0.5,-1.4000000000000021,2,WARM_HUMID
21.9,59.2,0.29999999999999716,-0.6999999999999957,0,COLD
29.0,33.0,-0.10000000000000142,3.0,1,COMFORT
27.9,50.8,1.5,-5.0,0,COLD
24.0,42.7,-0.5,-2.3999999999999986,2,WARM_HUMID
22.9,42.0,0.0,-0.3999999999999986,0,COLD
15.7,61.0,-1.5,5.0,0,COLD
19.3,40.3,0.10000000000000142,2.1999999999999957,0,COLD
29.9,68.0,0.7999999999999972,0.0,3,HOT
27.5,46.6,0.10000000000000142,-1.0,2,WARM_HUMID
22.5,68.6,0.0,0.0,2,WARM_HUMID
22.9,47.7,-0.3000000000000007,0.8000000000000043,0,COLD
21.9,28.2,0.09999999999999787,-0.6000000000000014,0,COLD
21.2,70.6,0.0,0.0,1,COMFORT
26.7,54.5,-0.6000000000000014,5.0,2,WARM_HUMID
22.8,44.3,-0.09999999999999787,1.0,0,COLD
29.8,73.4,0.5,-1.2999999999999972,1,COMFORT
21.0,25.9,-0.6000000000000014,0.3999999999999986,0,COLD
20.2,76.2,0.0,0.0,0,COLD
24.6,46.0,0.0,0.0,0,COLD
23.0,36.8,-1.5,-0.7000000000000028,1,COMFORT
24.6,76.2,0.0,0.29999999999999716,0,COLD
23.2,28.3,1.5,-1.8999999999999986,0,COLD
20.9,56.8,0.0,0.0,0,COLD
27.3,48.0,0.0,0.0,1,COMFORT
22.3,29.2,0.6000000000000014,0.5,1,COMFORT
22.2,24.6,0.09999999999999787,-5.0,2,WARM_HUMID
22.7,44.9,0.0,-0.10000000000000142,1,COMFORT
29.7,75.0,-1.0,5.0,3,HOT
23.6,35.5,0.0,0.0,0,COLD
23.8,26.6,1.5,-5.0,3,HOT
22.9,58.6,0.0,-0.10000000000000142,0,COLD
20.0,52.4,-0.10000000000000142,0.3999999999999986,2,WARM_HUMID
27.7,33.3,1.5,-4.400000000000006,2,WARM_HUMID
28.1,31.0,0.0,0.0,1,COMFORT
19.1,69.3,-1.5,5.0,1,COMFORT
21.4,29.0,0.0,0.0,1,COMFORT
27.0,49.1,-0.3000000000000007,-0.3999999999999986,1,COMFORT
23.4,48.6,1.5,-1.1000000000000014,1,COMFORT
31.8,20.7,0.3000000000000007,-1.0,3,HOT
22.7,48.0,0.0,-1.7000000000000028,1,COMFORT
27.2,50.0,0.09999999999999787,-2.1000000000000014,2,WARM_HUMID
23.4,26.8,0.09999999999999787,-1.5,1,COMFORT
26.5,48.5,1.1000000000000014,-0.29999999999999716,2,WARM_HUMID
15.0,56.0,-1.0,0.0,1,COMFORT
21.3,35.6,0.10000000000000142,0.8999999999999986,2,WARM_HUMID
27.0,54.1,0.3000000000000007,-0.3999999999999986,1,COMFORT
24.3,35.5,0.8000000000000007,1.7999999999999972,3,HOT
19.6,43.0,0.9000000000000021,-1.0,0,COLD
14.6,50.3,0.0,2.5,1,COMFORT
21.2,22.8,0.5999999999999979,-1.5,2,WARM_HUMID
30.9,28.1,-0.20000000000000284,-0.09999999999999787,3,HOT
17.3,22.1,-0.1999999999999993,0.0,1,COMFORT
31.1,56.3,0.0,0.0,2,WARM_HUMID
25.8,57.7,0.0,0.0,1,COMFORT
21.4,29.6,-0.3000000000000007,-0.5999999999999979,0,COLD
18.7,11.9,-0.10000000000000142,-0.09999999999999964,0,COLD
21.1,46.0,-1.0999999999999979,-5.0,0,COLD
27.9,55.0,0.0,0.0,0,COLD
31.5,41.5,1.5,-4.0,3,HOT
21.6,36.3,-0.6999999999999993,1.7999999999999972,1,COMFORT
23.6,28.9,-1.5,-5.0,1,COMFORT
13.4,65.2,0.0,-2.0999999999999943,0,COLD
29.0,79.0,0.0,0.0,3,HOT
23.6,56.0,-1.3999999999999986,2.5,1,COMFORT
22.5,39.1,1.1000000000000014,-1.6000000000000014,1,COMFORT
22.4,30.2,-0.6000000000000014,-5.0,1,COMFORT
23.7,34.3,0.1999999999999993,-2.700000000000003,1,COMFORT
16.2,38.4,0.0,-5.0,0,COLD
25.7,43.4,1.5,-5.0,2,WARM_HUMID
26.9,46.4,1.5,-2.700000000000003,0,COLD
23.1,41.0,-0.5999999999999979,1.0,1,COMFORT
22.9,40.3,-0.5,0.6999999999999957,1,COMFORT
31.2,37.2,-0.1999999999999993,-0.8999999999999986,2,WARM_HUMID
23.7,64.2,0.1999999999999993,0.10000000000000853,1,COMFORT
33.5,56.4,1.5,-5.0,2,WARM_HUMID
23.6,44.6,1.5,-5.0,3,HOT
23.6,45.0,0.20000000000000284,0.0,1,COMFORT
23.1,55.5,-0.5,2.799999999999997,1,COMFORT
27.9,51.4,-0.10000000000000142,0.7999999999999972,3,HOT
21.4,38.5,-0.8000000000000007,0.0,0,COLD
25.1,51.7,-0.29999999999999716,1.3000000000000043,1,COMFORT
32.8,60.1,-0.10000000000000142,-0.5,1,COMFORT
24.2,54.6,0.6999999999999993,-2.6000000000000014,0,COLD
25.8,28.4,1.5,-3.700000000000003,1,COMFORT
21.8,67.0,0.0,0.0,1,COMFORT
23.8,32.8,0.40000000000000213,-1.6000000000000014,1,COMFORT
22.8,58.6,-0.5999999999999979,0.20000000000000284,1,COMFORT
27.7,45.4,0.5999999999999979,0.8999999999999986,2,WARM_HUMID
24.3,41.0,0.1999999999999993,0.0,2,WARM_HUMID
26.3,62.0,0.3000000000000007,-1.0,1,COMFORT
26.4,32.7,-1.5,1.7000000000000028,1,COMFORT
21.2,41.0,-0.6000000000000014,0.0,1,COMFORT
23.7,38.8,0.3999999999999986,-3.0,2,WARM_HUMID
23.5,62.9,-0.1999999999999993,5.0,1,COMFORT
21.0,27.2,0.10000000000000142,3.5,1,COMFORT
21.3,34.0,0.9000000000000021,-2.299999999999997,2,WARM_HUMID
21.5,44.0,-0.10000000000000142,-0.5,0,COLD
31.3,70.3,-0.5999999999999979,-5.0,2,WARM_HUMID
24.7,59.2,-1.1999999999999993,-5.0,2,WARM_HUMID
22.9,28.7,0.3999999999999986,-1.5,3,HOT
22.3,58.4,0.0,0.0,1,COMFORT
32.5,70.0,-0.10000000000000142,2.0,3,HOT
26.4,59.2,0.0,0.0,2,WARM_HUMID
22.7,43.6,0.3999999999999986,-5.0,0,COLD
23.9,29.0,1.3999999999999986,-2.6999999999999993,1,COMFORT
23.8,24.2,0.5,0.3999999999999986,0,COLD
30.0,68.9,0.10000000000000142,1.1000000000000085,0,COLD
16.6,50.0,-0.8999999999999986,-4.0,0,COLD
24.8,62.3,0.0,-1.6000000000000014,2,WARM_HUMID
26.4,51.5,0.0,0.0,2,WARM_HUMID
22.0,33.7,-0.8999999999999986,1.4000000000000057,0,COLD
19.8,49.8,0.0,5.0,2,WARM_HUMID
27.5,67.6,0.0,0.0,2,WARM_HUMID
23.5,25.1,-0.5,-2.6999999999999993,2,WARM_HUMID
22.7,34.8,1.3999999999999986,-1.7000000000000028,1,COMFORT
31.5,27.7,0.6000000000000014,1.0999999999999979,1,COMFORT
23.3,35.6,0.5,-0.7999999999999972,0,COLD
22.6,73.4,0.5,2.4000000000000057,2,WARM_HUMID
29.0,58.0,0.0,0.0,1,COMFORT
18.8,36.0,1.1000000000000014,0.0,1,COMFORT
25.8,74.9,-1.5,-0.5,1,COMFORT
22.9,36.8,0.29999999999999716,-0.30000000000000426,0,COLD
23.1,71.9,0.0,0.0,3,HOT
26.8,56.5,0.3000000000000007,-5.0,1,COMFORT
21.9,42.1,-0.7000000000000028,2.6000000000000014,0,COLD
31.3,64.0,0.10000000000000142,0.0,1,COMFORT
26.5,58.1,0.0,0.0,2,WARM_HUMID
22.5,42.3,0.1999999999999993,-5.0,1,COMFORT
27.7,54.5,0.3000000000000007,-0.5,1,COMFORT
23.1,26.3,1.4000000000000021,-5.0,0,COLD
25.8,40.7,0.0,0.0,1,COMFORT
29.0,40.1,1.5,-5.0,3,HOT
21.7,48.4,-0.1999999999999993,0.10000000000000142,2,WARM_HUMID
32.2,64.6,0.5000000000000036,-1.8000000000000114,3,HOT
25.7,41.7,0.0,0.7000000000000028,3,HOT
23.0,56.8,0.0,0.0,0,COLD
23.9,65.8,0.8999999999999986,-1.9000000000000057,1,COMFORT
23.6,48.2,0.0,0.0,3,HOT
32.0,54.5,0.1999999999999993,-2.0,1,COMFORT
25.8,34.5,1.5,-5.0,2,WARM_HUMID
21.7,31.9,-1.5,2.799999999999997,1,COMFORT
30.3,56.8,-0.5,0.0,1,COMFORT
24.3,55.8,0.6999999999999993,-5.0,2,WARM_HUMID
32.4,56.1,1.1999999999999993,-0.5,3,HOT
27.2,46.0,1.5,-2.0,1,COMFORT
20.0,32.4,0.1999999999999993,-0.7000000000000028,2,WARM_HUMID
24.7,32.4,-0.3000000000000007,0.19999999999999574,2,WARM_HUMID
22.1,32.9,-1.1999999999999993,-5.0,0,COLD
16.8,39.5,-1.0,2.200000000000003,0,COLD
23.6,27.8,0.7000000000000028,-2.6999999999999993,3,HOT
23.1,22.9,0.20000000000000284,-0.40000000000000213,1,COMFORT
21.3,34.0,-0.6999999999999993,-5.0,0,COLD
22.9,26.0,0.0,-1.8000000000000007,3,HOT
24.5,33.6,-0.3000000000000007,-2.8999999999999986,2,WARM_HUMID
20.3,43.3,0.5,-5.0,0,COLD
23.3,55.6,-0.3999999999999986,0.0,2,WARM_HUMID
15.5,63.0,1.5,5.0,0,COLD
23.1,52.5,-0.7999999999999972,1.2999999999999972,1,COMFORT
23.8,56.6,0.0,0.0,1,COMFORT
26.3,65.0,0.0,0.0,2,WARM_HUMID
24.6,72.6,0.0,0.0,1,COMFORT
20.0,22.8,0.5,-0.5999999999999979,1,COMFORT
21.5,51.9,0.1999999999999993,-0.5,1,COMFORT
29.1,14.1,-0.1999999999999993,0.0,1,COMFORT
23.0,49.7,-0.10000000000000142,-0.3999999999999986,0,COLD
27.5,52.0,0.0,-0.5,3,HOT
30.8,32.3,-0.09999999999999787,4.099999999999998,2,WARM_HUMID
32.5,42.0,0.10000000000000142,-2.0,2,WARM_HUMID
26.5,46.0,0.1999999999999993,-1.0,0,COLD
22.6,35.8,0.10000000000000142,-5.0,1,COMFORT
23.6,54.7,0.0,0.0,0,COLD
22.0,28.2,-0.3999999999999986,4.199999999999999,3,HOT
20.2,34.9,-0.6999999999999993,-5.0,0,COLD
37.0,40.4,0.3999999999999986,-1.3000000000000043,3,HOT
19.6,18.6,-1.1999999999999993,-5.0,1,COMFORT
25.2,61.8,-0.1999999999999993,-0.20000000000000284,1,COMFORT
22.2,22.4,0.8999999999999986,0.0,1,COMFORT
23.2,33.2,0.0,-0.7999999999999972,1,COMFORT
22.8,24.1,0.10000000000000142,0.0,0,COLD
29.9,69.0,-0.8000000000000007,2.0999999999999943,0,COLD
27.0,52.0,0.0,0.0,0,COLD
21.1,48.6,0.6000000000000014,1.2000000000000028,0,COLD
33.9,51.1,-0.10000000000000142,1.1000000000000014,2,WARM_HUMID
26.0,49.0,-1.0,-5.0,1,COMFORT
22.7,33.3,-1.1000000000000014,5.0,1,COMFORT
22.0,41.2,-0.1999999999999993,5.0,3,HOT
27.9,23.3,-0.3000000000000007,0.40000000000000213,0,COLD
25.7,59.5,0.0,0.0,1,COMFORT
20.8,30.6,0.10000000000000142,-0.5999999999999979,0,COLD
23.7,53.1,1.5,-5.0,1,COMFORT
27.3,24.3,1.5,-5.0,3,HOT
27.7,40.1,1.5,-1.1000000000000014,3,HOT
17.8,59.7,-0.5,3.200000000000003,1,COMFORT
24.3,62.5,0.10000000000000142,-1.1000000000000014,2,WARM_HUMID
18.6,56.3,-1.5,5.0,0,COLD
21.6,71.8,0.0,0.0,2,WARM_HUMID
21.3,44.9,0.40000000000000213,-1.3999999999999986,2,WARM_HUMID
24.2,60.6,0.09999999999999787,2.8000000000000043,0,COLD
23.0,35.5,-0.8000000000000007,1.6000000000000014,2,WARM_HUMID
30.0,39.9,0.0,0.0,3,HOT
21.4,81.0,-1.5,5.0,1,COMFORT
24.2,31.9,0.0,-4.700000000000003,2,WARM_HUMID
22.8,35.4,0.0,0.10000000000000142,1,COMFORT
20.9,44.3,0.6999999999999993,1.6999999999999957,1,COMFORT
19.7,68.1,0.0,-0.20000000000000284,1,COMFORT
22.7,25.7,0.09999999999999787,-1.4000000000000021,2,WARM_HUMID
26.5,44.8,0.0,-1.0,1,COMFORT
24.3,52.1,-1.5,2.3999999999999986,3,HOT
24.6,24.7,1.5,-0.10000000000000142,1,COMFORT
22.7,36.8,-0.40000000000000213,-3.9000000000000057,2,WARM_HUMID
27.0,48.8,-1.5,-5.0,0,COLD
30.3,72.1,0.1999999999999993,-3.1000000000000085,1,COMFORT
24.4,59.1,0.5,-0.8999999999999986,0,COLD
23.4,48.9,0.0,1.2999999999999972,0,COLD
31.1,12.3,0.3000000000000007,0.0,1,COMFORT
30.1,73.8,-0.6999999999999993,3.0,1,COMFORT
23.7,48.1,0.0,0.0,2,WARM_HUMID
20.9,43.2,-1.5,5.0,1,COMFORT
28.7,27.8,1.5,0.10000000000000142,3,HOT
28.1,52.8,0.20000000000000284,-0.8000000000000043,2,WARM_HUMID
22.9,68.0,0.0,-0.5,0,COLD
25.5,37.0,0.0,2.0,1,COMFORT
23.6,46.5,-1.5,-2.700000000000003,0,COLD
25.5,55.0,0.0,0.0,0,COLD
21.8,27.0,-0.5999999999999979,-1.5,0,COLD
26.0,60.5,-0.1999999999999993,0.5,3,HOT
22.7,48.1,0.3000000000000007,-0.19999999999999574,2,WARM_HUMID
15.0,56.0,-1.0,4.5,0,COLD
23.1,68.0,-0.09999999999999787,-1.2000000000000028,1,COMFORT
19.7,47.6,-1.5,-0.10000000000000142,0,COLD
23.2,39.9,-0.5,0.0,0,COLD
30.1,71.8,0.0,0.0,0,COLD
29.3,75.8,0.0,0.0,1,COMFORT
30.0,85.0,0.0,0.0,3,HOT
21.7,14.2,-0.6000000000000014,-0.9000000000000004,0,COLD
27.2,50.0,0.0,0.0,1,COMFORT
26.2,35.6,0.3999999999999986,-0.3999999999999986,2,WARM_HUMID
27.3,46.0,0.0,0.0,3,HOT
23.6,48.7,-0.5,1.9000000000000057,1,COMFORT
22.4,70.0,0.0,0.0,3,HOT
25.2,66.8,0.5,-2.5,1,COMFORT
28.0,21.7,0.3999999999999986,0.6999999999999993,1,COMFORT
27.0,71.0,0.0,0.0,1,COMFORT
30.9,38.9,-1.5,5.0,1,COMFORT
27.4,88.8,0.29999999999999716,1.2999999999999972,2,WARM_HUMID
25.8,57.7,0.0,0.0,0,COLD
24.8,59.5,-0.5,0.3999999999999986,1,COMFORT
24.2,54.7,-0.10000000000000142,5.0,1,COMFORT
22.6,46.4,-0.1999999999999993,0.6000000000000014,1,COMFORT
26.6,31.2,0.10000000000000142,-0.5,2,WARM_HUMID
23.7,61.4,0.09999999999999787,5.0,3,HOT
24.2,45.8,0.1999999999999993,0.09999999999999432,2,WARM_HUMID
24.9,73.9,-0.9000000000000021,2.3000000000000114,1,COMFORT
24.6,40.0,0.10000000000000142,-1.2000000000000028,0,COLD
29.4,60.5,-0.5,-1.6000000000000014,1,COMFORT
28.9,55.0,0.0,0.0,3,HOT
23.5,22.4,0.5,0.0,1,COMFORT
32.9,20.0,0.0,0.0,3,HOT
24.8,58.0,-0.09999999999999787,0.0,1,COMFORT
27.2,48.0,1.5,-2.0,1,COMFORT
22.4,58.4,-0.5,-0.10000000000000142,0,COLD
28.1,32.0,-1.5,0.0,1,COMFORT
23.1,44.5,-1.1999999999999993,-5.0,1,COMFORT
19.7,41.7,0.6999999999999993,-3.3999999999999986,0,COLD
29.0,79.0,0.0,0.0,1,COMFORT
33.2,53.0,1.5,-1.0,3,HOT
23.3,41.3,-0.09999999999999787,5.0,3,HOT
24.7,21.8,0.0,-3.1999999999999993,3,HOT
30.6,17.8,0.6000000000000014,-2.0,2,WARM_HUMID
23.9,40.7,-0.8000000000000007,3.200000000000003,1,COMFORT
24.1,48.1,-0.5,-3.299999999999997,1,COMFORT
25.5,48.7,0.0,0.0,1,COMFORT
19.8,34.5,0.0,0.0,1,COMFORT
26.5,57.2,-0.5,5.0,3,HOT
23.0,54.2,0.8000000000000007,-3.5,1,COMFORT
23.0,26.5,-0.3000000000000007,-2.8000000000000007,0,COLD
22.4,49.5,-1.1000000000000014,5.0,2,WARM_HUMID
20.5,49.0,-1.5,-5.0,1,COMFORT
22.0,30.1,1.5,-5.0,3,HOT
21.4,14.8,-0.20000000000000284,1.0,0,COLD
21.9,25.0,-0.10000000000000142,-3.3000000000000007,3,HOT
28.6,47.8,-1.5,1.7999999999999972,1,COMFORT
23.2,70.4,0.1999999999999993,-0.6999999999999886,1,COMFORT
23.1,62.7,-1.5,5.0,1,COMFORT
23.5,65.2,-0.3000000000000007,0.6000000000000085,1,COMFORT
24.5,39.3,0.0,0.29999999999999716,1,COMFORT
23.0,22.8,-0.3999999999999986,-1.1999999999999993,1,COMFORT
21.2,48.8,1.5,-0.20000000000000284,1,COMFORT
17.8,35.1,0.6999999999999993,-5.0,0,COLD
21.6,33.5,-0.5,2.5,1,COMFORT
24.8,38.0,-0.1999999999999993,-3.0,1,COMFORT
25.0,38.9,0.10000000000000142,-5.0,2,WARM_HUMID
32.2,74.0,0.5000000000000036,-2.5999999999999943,1,COMFORT
24.6,36.1,0.20000000000000284,-3.1999999999999957,2,WARM_HUMID
22.6,43.6,-0.1999999999999993,0.6000000000000014,1,COMFORT
21.5,49.9,-1.3999999999999986,5.0,0,COLD
27.0,29.6,1.5,-2.8999999999999986,2,WARM_HUMID
24.9,61.0,0.0,-0.10000000000000142,1,COMFORT
22.7,33.8,-1.1000000000000014,5.0,1,COMFORT
22.5,20.3,-1.1000000000000014,1.1999999999999993,1,COMFORT
24.9,33.0,0.0,0.0,1,COMFORT
23.1,43.7,0.9000000000000021,-2.0999999999999943,1,COMFORT
23.9,62.0,-0.20000000000000284,-1.8999999999999986,1,COMFORT
28.3,29.2,1.5,-1.8000000000000007,3,HOT
24.1,66.3,0.8000000000000007,5.0,1,COMFORT
28.7,42.7,-0.3000000000000007,0.10000000000000142,3,HOT
26.1,29.6,0.0,0.0,1,COMFORT
25.9,58.9,0.09999999999999787,-2.0,0,COLD
23.2,26.3,0.09999999999999787,1.8000000000000007,2,WARM_HUMID
22.4,25.4,-0.20000000000000284,-2.400000000000002,2,WARM_HUMID
23.2,48.0,-1.1000000000000014,5.0,1,COMFORT
24.1,69.7,0.0,0.0,2,WARM_HUMID
19.3,17.3,0.0,-1.3000000000000007,1,COMFORT
23.4,58.5,0.09999999999999787,-1.8999999999999986,3,HOT
20.6,61.3,-0.3999999999999986,3.299999999999997,1,COMFORT
24.1,55.8,-1.5,-2.9000000000000057,1,COMFORT
22.1,22.9,-0.1999999999999993,-3.0,0,COLD
22.1,35.1,0.0,-2.6000000000000014,3,HOT
31.0,33.0,-0.3000000000000007,0.0,1,COMFORT
20.0,65.6,0.0,1.7999999999999972,2,WARM_HUMID
25.3,41.8,0.0,-0.4000000000000057,1,COMFORT
23.6,40.6,0.6000000000000014,-3.3999999999999986,2,WARM_HUMID
30.8,12.1,1.3000000000000007,-0.09999999999999964,1,COMFORT
20.7,50.2,1.5,-1.6999999999999957,1,COMFORT
29.5,55.7,-0.3000000000000007,5.0,1,COMFORT
22.5,36.4,0.0,0.0,1,COMFORT
22.6,65.7,0.20000000000000284,-1.0999999999999943,1,COMFORT
21.1,64.6,-0.09999999999999787,2.999999999999993,1,COMFORT
27.7,48.0,0.0,0.0,1,COMFORT
22.4,50.2,-1.5,-0.7999999999999972,1,COMFORT
27.2,34.0,-0.5,-5.0,1,COMFORT
22.3,36.6,0.3000000000000007,-3.8999999999999986,1,COMFORT
22.5,44.9,0.1999999999999993,-2.3000000000000043,1,COMFORT
23.0,22.7,1.0,-5.0,1,COMFORT
23.4,48.5,0.0,2.5,2,WARM_HUMID
23.2,49.2,-1.1000000000000014,1.0,3,HOT
26.7,78.0,1.5,5.0,3,HOT
27.1,27.1,0.10000000000000142,-3.099999999999998,1,COMFORT
19.3,46.0,-0.8999999999999986,-4.0,1,COMFORT
24.7,58.9,0.3999999999999986,-2.5,2,WARM_HUMID
26.2,45.7,1.5,-5.0,1,COMFORT
27.8,52.0,-0.3000000000000007,1.0,2,WARM_HUMID
21.7,51.5,-1.5,5.0,3,HOT
24.5,40.3,-0.5,0.7999999999999972,1,COMFORT
23.9,83.2,0.6999999999999993,2.5,0,COLD
24.9,66.6,0.09999999999999787,0.3999999999999915,2,WARM_HUMID
29.5,58.0,-1.5,3.0,2,WARM_HUMID
23.5,22.4,0.10000000000000142,0.0,0,COLD
23.6,49.4,-0.29999999999999716,0.8999999999999986,1,COMFORT
26.5,41.0,1.5,0.0,2,WARM_HUMID
23.1,50.3,-0.5,5.0,1,COMFORT
23.2,80.7,-1.5,-4.200000000000003,0,COLD
24.7,46.1,-0.40000000000000213,-0.19999999999999574,0,COLD
24.4,45.0,0.0,0.0,1,COMFORT
21.2,34.8,1.3000000000000007,-5.0,2,WARM_HUMID
23.6,56.0,-1.5,-3.0,1,COMFORT
24.6,45.5,0.0,-0.29999999999999716,2,WARM_HUMID
28.4,58.3,0.0,0.0,3,HOT
23.0,29.7,0.1999999999999993,-5.0,3,HOT
27.2,46.0,0.0,0.0,2,WARM_HUMID
16.5,90.7,-1.5,5.0,1,COMFORT
26.1,41.7,0.20000000000000284,2.3000000000000043,1,COMFORT
23.8,31.0,0.8000000000000007,-5.0,3,HOT
25.3,35.3,1.5,-3.6000000000000014,0,COLD
21.3,48.4,0.0,0.0,1,COMFORT
23.7,32.4,0.6999999999999993,-1.3000000000000043,1,COMFORT
21.8,52.0,0.10000000000000142,3.6000000000000014,0,COLD
25.7,71.4,-1.5,5.0,3,HOT
22.6,33.0,0.10000000000000142,0.7999999999999972,0,COLD
23.0,29.2,0.6000000000000014,-1.1999999999999993,1,COMFORT
22.9,69.0,-0.20000000000000284,1.0999999999999943,2,WARM_HUMID
15.9,61.9,-1.4000000000000004,0.19999999999999574,0,COLD
24.0,71.0,-1.0,-1.0,0,COLD
24.0,62.0,0.0,0.0,0,COLD
22.4,48.3,1.0,-1.8000000000000043,1,COMFORT
28.7,71.0,0.09999999999999787,2.0,3,HOT
24.4,37.6,1.5,-1.5,1,COMFORT
24.5,53.2,1.5,-1.8999999999999986,2,WARM_HUMID
27.3,52.0,0.0,0.0,0,COLD
28.7,33.1,0.3999999999999986,-5.0,1,COMFORT
32.7,71.0,0.30000000000000426,5.0,2,WARM_HUMID
15.4,56.5,0.0,0.0,0,COLD
19.9,27.1,-1.5,4.100000000000001,1,COMFORT
22.8,13.6,-0.5,0.0,1,COMFORT
22.0,30.1,0.0,-1.3999999999999986,1,COMFORT
23.3,36.1,0.0,0.0,0,COLD
22.4,52.6,0.0,0.7000000000000028,1,COMFORT
29.7,64.4,0.09999999999999787,0.30000000000001137,2,WARM_HUMID
21.3,33.5,-0.1999999999999993,1.0,1,COMFORT
25.4,72.9,0.1999999999999993,-0.7999999999999972,3,HOT
23.2,17.0,0.1999999999999993,-0.3999999999999986,0,COLD
23.3,32.8,1.1000000000000014,-1.6000000000000014,1,COMFORT
24.7,44.9,-1.5,5.0,0,COLD
22.7,26.5,0.0,0.0,0,COLD
22.8,59.9,-0.09999999999999787,-0.20000000000000284,1,COMFORT
28.8,54.6,0.0,0.0,1,COMFORT
23.5,33.9,-1.5,2.599999999999998,1,COMFORT
25.4,42.2,1.0,-3.3999999999999986,1,COMFORT
18.2,59.6,0.3000000000000007,2.1000000000000014,0,COLD
27.3,47.3,1.5,2.5999999999999943,1,COMFORT
23.8,36.3,0.6000000000000014,-5.0,2,WARM_HUMID
25.0,64.1,0.0,0.4999999999999929,1,COMFORT
23.5,63.0,-0.6999999999999993,2.0,1,COMFORT
23.2,42.5,0.0,-0.6000000000000014,2,WARM_HUMID
30.0,76.2,0.1999999999999993,-2.5999999999999943,3,HOT
23.9,26.6,1.5,-5.0,2,WARM_HUMID
22.3,35.7,0.5,0.4000000000000057,3,HOT
22.3,58.4,0.0,0.0,1,COMFORT
25.8,39.8,0.0,2.3999999999999986,2,WARM_HUMID
24.0,46.8,0.3000000000000007,-1.5,2,WARM_HUMID
24.5,48.5,1.5,-3.200000000000003,3,HOT
28.4,65.1,0.0,0.0,3,HOT
22.4,40.6,1.5,-2.6999999999999957,1,COMFORT
26.4,61.7,-0.8000000000000007,-3.200000000000003,1,COMFORT
22.3,41.9,1.4000000000000021,5.0,1,COMFORT
25.7,57.2,0.0,0.0,1,COMFORT
23.8,26.2,0.10000000000000142,-3.0,1,COMFORT
23.0,31.3,-0.10000000000000142,5.0,1,COMFORT
32.1,37.0,0.0,0.0,3,HOT
21.1,49.4,0.10000000000000142,-0.10000000000000142,1,COMFORT
26.5,32.3,0.8000000000000007,-3.4000000000000057,2,WARM_HUMID
22.3,71.1,-0.5,-0.6000000000000085,1,COMFORT
22.3,51.9,0.0,0.0,1,COMFORT
30.6,72.1,-1.0,3.0999999999999943,1,COMFORT
23.0,42.0,1.5,-5.0,1,COMFORT
24.0,22.4,0.6999999999999993,0.5,3,HOT
26.9,71.2,0.29999999999999716,0.10000000000000853,1,COMFORT
20.4,48.4,-1.5,5.0,0,COLD
31.1,71.9,-0.09999999999999787,-1.0999999999999943,1,COMFORT
23.6,25.7,1.1000000000000014,0.0,3,HOT
23.2,60.0,-0.1999999999999993,0.0,1,COMFORT
25.8,11.9,-0.3000000000000007,-0.09999999999999964,2,WARM_HUMID
24.8,43.2,-0.3000000000000007,5.0,1,COMFORT
24.1,45.0,0.8000000000000007,3.299999999999997,1,COMFORT
21.9,74.8,0.0,0.0,3,HOT
24.1,62.2,0.3000000000000007,-0.3999999999999986,3,HOT
19.7,33.0,-0.10000000000000142,-0.5,3,HOT
23.6,32.8,0.9000000000000021,-2.200000000000003,1,COMFORT
31.0,35.0,1.5,2.0,1,COMFORT
22.2,54.3,0.8999999999999986,-4.400000000000006,1,COMFORT
14.6,69.7,0.0,0.4000000000000057,0,COLD
25.1,47.4,0.0,0.0,1,COMFORT
22.9,44.2,-0.20000000000000284,0.4000000000000057,0,COLD
26.6,80.0,0.10000000000000142,5.0,1,COMFORT
23.7,40.0,1.0999999999999979,-2.0,0,COLD
24.7,48.5,-0.5,1.8999999999999986,1,COMFORT
27.0,66.0,0.0,0.0,2,WARM_HUMID
22.3,52.5,0.10000000000000142,4.5,1,COMFORT
29.8,59.8,0.1999999999999993,0.0,1,COMFORT
27.0,47.5,-0.10000000000000142,0.6000000000000014,1,COMFORT
21.1,29.7,-1.5,2.5,0,COLD
25.2,59.7,-0.6000000000000014,-5.0,1,COMFORT
24.2,34.8,1.3999999999999986,1.6999999999999957,0,COLD
24.3,36.4,-0.09999999999999787,1.6999999999999957,0,COLD
25.1,29.0,-0.1999999999999993,0.8000000000000007,1,COMFORT
32.5,21.0,1.5,5.0,2,WARM_HUMID
26.4,47.7,-0.10000000000000142,1.6000000000000014,1,COMFORT
22.2,36.5,-0.8000000000000007,5.0,0,COLD
23.6,52.7,0.6000000000000014,0.7000000000000028,3,HOT
24.0,41.8,0.6999999999999993,5.0,2,WARM_HUMID
20.3,26.3,-0.3999999999999986,-1.6999999999999993,0,COLD
25.8,64.0,0.0,0.0,1,COMFORT
22.5,21.0,-0.5,-5.0,1,COMFORT
16.5,23.1,1.5,0.7000000000000028,0,COLD
28.1,34.0,0.0,0.0,3,HOT
29.4,30.0,0.09999999999999787,-5.0,1,COMFORT
32.9,31.7,-0.7000000000000028,-5.0,2,WARM_HUMID
28.7,53.4,1.5,0.8999999999999986,3,HOT
24.6,25.7,-0.1999999999999993,-0.10000000000000142,1,COMFORT
24.8,60.5,-0.3000000000000007,-0.29999999999999716,2,WARM_HUMID
25.1,65.4,0.20000000000000284,-0.5,1,COMFORT
30.0,68.4,-0.5,5.0,3,HOT
20.8,54.5,0.0,0.0,0,COLD
20.3,63.1,-0.5,-1.3000000000000043,1,COMFORT
21.0,38.9,1.5,-3.8000000000000043,1,COMFORT
27.9,29.9,0.0,0.0,2,WARM_HUMID
29.4,49.0,0.0,0.0,2,WARM_HUMID
28.5,76.7,-1.5,5.0,1,COMFORT
22.8,22.2,-0.09999999999999787,-0.8000000000000007,1,COMFORT
22.0,31.9,0.3000000000000007,-3.8999999999999986,1,COMFORT
29.8,32.5,0.40000000000000213,2.5,1,COMFORT
28.0,83.3,0.8000000000000007,-1.2999999999999972,1,COMFORT
20.9,65.7,0.8999999999999986,-4.0,0,COLD
22.1,43.3,-0.09999999999999787,0.0,0,COLD
32.1,73.4,-0.10000000000000142,-0.29999999999999716,1,COMFORT
35.0,49.8,-1.5,3.5,1,COMFORT
21.8,35.7,0.10000000000000142,1.1000000000000014,0,COLD
22.5,66.7,-1.5,4.5,1,COMFORT
28.4,56.9,1.5,3.1000000000000014,2,WARM_HUMID
27.6,76.1,1.5,5.0,1,COMFORT
24.9,39.9,-1.2000000000000028,0.29999999999999716,1,COMFORT
28.0,48.6,0.0,0.0,0,COLD
23.6,19.0,0.9000000000000021,-1.8999999999999986,1,COMFORT
25.1,48.0,-1.1999999999999993,5.0,1,COMFORT
25.6,40.7,0.7000000000000028,1.8000000000000043,2,WARM_HUMID
29.3,70.9,-1.5,3.700000000000003,2,WARM_HUMID
18.2,58.8,-1.4000000000000021,-5.0,0,COLD
34.1,42.2,0.0,-2.5,3,HOT
24.3,52.9,0.1999999999999993,-0.20000000000000284,1,COMFORT
21.3,26.4,-0.5999999999999979,1.5999999999999979,2,WARM_HUMID
26.7,59.0,-0.10000000000000142,4.0,2,WARM_HUMID
25.5,36.1,1.5,0.0,2,WARM_HUMID
33.5,46.3,0.10000000000000142,-4.400000000000006,3,HOT
28.5,48.6,0.10000000000000142,-1.1999999999999957,1,COMFORT
26.4,33.7,0.29999999999999716,3.200000000000003,0,COLD
25.4,53.0,0.0,0.0,2,WARM_HUMID
19.9,40.4,-1.4000000000000021,4.899999999999999,0,COLD
20.5,63.6,-1.5,5.0,1,COMFORT
24.1,53.0,0.5,-2.0,1,COMFORT
23.7,46.4,1.3999999999999986,5.0,0,COLD
24.6,46.0,-1.0999999999999979,-1.0,0,COLD
23.5,45.0,0.0,-1.0,1,COMFORT
27.2,28.7,0.09999999999999787,0.0,1,COMFORT
21.8,33.2,-1.0999999999999979,2.6000000000000014,0,COLD
26.6,30.9,-1.0999999999999979,5.0,3,HOT
30.7,38.0,1.5,-5.0,3,HOT
28.7,71.6,-1.0,5.0,3,HOT
29.8,62.5,0.0,0.0,2,WARM_HUMID
21.8,29.8,-0.09999999999999787,-3.6999999999999993,1,COMFORT
21.2,48.4,-0.1999999999999993,2.1000000000000014,1,COMFORT
29.3,53.0,0.0,0.0,0,COLD
22.9,56.0,-1.5,-5.0,0,COLD
21.3,29.6,0.0,0.6000000000000014,1,COMFORT
21.5,67.1,0.0,0.29999999999999716,0,COLD
23.3,47.0,0.0,0.0,0,COLD
24.2,50.0,-0.3000000000000007,1.2000000000000028,1,COMFORT
29.6,80.7,0.20000000000000284,0.5,2,WARM_HUMID
18.0,34.5,-0.8000000000000007,5.0,0,COLD
29.4,59.3,0.0,-1.7000000000000028,3,HOT
20.2,47.0,-0.6999999999999993,2.8999999999999986,0,COLD
21.6,57.4,0.0,0.6999999999999957,1,COMFORT
25.6,43.9,1.5,1.5,2,WARM_HUMID
14.5,12.8,-0.09999999999999964,-2.799999999999999,1,COMFORT
20.6,22.4,0.3000000000000007,0.0,1,COMFORT
22.0,80.7,0.5,-1.2000000000000028,1,COMFORT
23.7,38.9,0.5999999999999979,-1.0,1,COMFORT
20.7,28.0,0.3000000000000007,1.6999999999999993,0,COLD
20.0,45.0,0.0,2.0,1,COMFORT
23.5,26.8,0.0,-5.0,2,WARM_HUMID
21.3,31.8,-0.5999999999999979,2.5,3,HOT
32.2,28.5,1.5,-0.3999999999999986,3,HOT
22.8,46.1,0.6999999999999993,5.0,0,COLD
29.9,67.7,-0.10000000000000142,0.4000000000000057,1,COMFORT
32.2,40.0,1.5,-4.200000000000003,1,COMFORT
23.2,29.6,0.09999999999999787,1.5,1,COMFORT
22.0,15.9,0.0,0.0,1,COMFORT
26.1,46.6,0.5,-2.799999999999997,1,COMFORT
24.0,28.0,-0.3000000000000007,1.6000000000000014,1,COMFORT
27.8,38.0,0.0,0.0,2,WARM_HUMID
21.5,45.6,-0.3000000000000007,0.0,1,COMFORT
27.0,84.0,-1.5,5.0,2,WARM_HUMID
23.6,28.7,1.2000000000000028,-4.300000000000001,2,WARM_HUMID
21.0,33.9,0.1999999999999993,0.6999999999999957,0,COLD
23.0,67.1,-0.8000000000000007,0.3999999999999915,1,COMFORT
25.3,57.0,0.0,0.0,0,COLD
23.5,53.7,0.0,0.0,1,COMFORT
19.9,23.8,-1.5,5.0,2,WARM_HUMID
21.8,29.2,1.0,-3.0000000000000036,1,COMFORT
31.3,24.2,0.5,0.6999999999999993,3,HOT
30.9,74.8,0.0,0.5,1,COMFORT
22.3,59.0,-0.09999999999999787,1.0,2,WARM_HUMID
26.1,46.0,1.0,0.0,2,WARM_HUMID
21.2,30.8,-1.0,-5.0,1,COMFORT
20.5,26.3,-0.10000000000000142,-5.0,1,COMFORT
30.4,56.3,0.0,-0.5,3,HOT
24.9,40.0,1.5,-5.0,3,HOT
22.1,41.4,-0.3999999999999986,0.0,1,COMFORT
29.6,33.9,1.5,2.099999999999998,2,WARM_HUMID
27.7,68.9,-0.10000000000000142,0.0,0,COLD
25.0,27.5,0.0,0.0,1,COMFORT
23.0,27.6,0.0,0.0,2,WARM_HUMID
28.6,57.0,-0.09999999999999787,3.1000000000000014,0,COLD
25.5,56.0,1.0,-4.299999999999997,1,COMFORT
19.7,50.1,0.0,0.0,1,COMFORT
24.5,32.9,1.5,-5.0,2,WARM_HUMID
26.2,44.2,-1.5,5.0,1,COMFORT
26.5,38.7,-0.1999999999999993,-1.0,2,WARM_HUMID
27.8,68.9,0.0,0.10000000000000853,1,COMFORT
23.6,36.5,1.5,-5.0,3,HOT
29.4,81.2,0.1999999999999993,-0.7999999999999972,1,COMFORT
24.4,48.1,-0.20000000000000284,1.3999999999999986,1,COMFORT
26.6,47.4,0.5,-1.3000000000000043,2,WARM_HUMID
21.7,64.0,-0.10000000000000142,-1.7999999999999972,3,HOT
22.8,45.0,0.6000000000000014,-5.0,1,COMFORT
25.2,26.8,1.5,-5.0,3,HOT
26.3,41.0,0.0,0.0,1,COMFORT
24.1,55.6,0.0,0.0,3,HOT
20.4,63.6,-1.5,5.0,3,HOT
28.7,36.0,-1.5,5.0,1,COMFORT
25.8,42.0,0.0,0.0,1,COMFORT
20.1,40.5,-1.5,5.0,1,COMFORT
22.4,35.8,0.1999999999999993,5.0,3,HOT
16.1,24.7,-0.09999999999999787,-5.0,0,COLD
18.3,56.5,0.0,-4.5,0,COLD
26.1,36.0,0.0,0.0,0,COLD
20.3,12.2,0.0,1.299999999999999,1,COMFORT
29.7,10.3,0.8999999999999986,0.0,2,WARM_HUMID
25.7,57.2,0.0,0.0,1,COMFORT
25.7,53.6,0.0,0.0,2,WARM_HUMID
24.8,53.2,0.40000000000000213,-0.29999999999999716,1,COMFORT
23.5,48.7,1.0,-4.099999999999994,1,COMFORT
27.3,43.6,1.5,3.0,2,WARM_HUMID
22.3,43.2,0.6999999999999993,-2.5999999999999943,0,COLD
33.0,22.4,0.5,0.0,2,WARM_HUMID
23.9,21.2,0.0,0.0,2,WARM_HUMID
25.4,38.5,-1.5,5.0,3,HOT
21.9,38.6,0.5,-2.1000000000000014,1,COMFORT
34.3,20.7,1.5,-5.0,2,WARM_HUMID
29.5,52.7,-1.1999999999999993,5.0,1,COMFORT
26.8,63.7,1.5,5.0,2,WARM_HUMID
27.3,46.0,0.0,0.0,1,COMFORT
29.7,69.7,0.0,0.0,1,COMFORT
22.0,34.5,-0.3999999999999986,-0.29999999999999716,3,HOT
30.3,56.8,-1.0,-2.9000000000000057,2,WARM_HUMID
23.5,42.0,0.3000000000000007,-4.600000000000001,1,COMFORT
24.6,47.3,0.0,0.0,0,COLD
25.8,55.1,0.3000000000000007,0.30000000000000426,1,COMFORT
29.2,75.1,0.3000000000000007,-0.5,2,WARM_HUMID
22.6,34.3,-0.09999999999999787,0.0,1,COMFORT
23.0,22.9,0.0,0.0,1,COMFORT
38.0,86.0,1.0,5.0,3,HOT
31.6,71.2,0.0,-0.5,1,COMFORT
24.0,39.1,1.5,-4.600000000000001,0,COLD
21.5,63.6,0.0,0.0,0,COLD
23.1,48.0,0.0,-3.0,1,COMFORT
28.2,52.2,0.09999999999999787,-0.5999999999999943,1,COMFORT
25.4,74.8,-0.20000000000000284,-1.6000000000000085,1,COMFORT
21.8,30.5,-0.3999999999999986,3.1999999999999993,1,COMFORT
29.5,58.0,-0.10000000000000142,1.0,2,WARM_HUMID
21.6,34.5,0.7000000000000028,2.0,1,COMFORT
22.3,21.4,0.0,-5.0,1,COMFORT
27.2,76.4,0.5999999999999979,0.7000000000000028,1,COMFORT
23.2,23.6,0.3999999999999986,3.0,1,COMFORT
23.4,45.0,0.0,0.0,1,COMFORT
22.6,23.4,-0.3999999999999986,-0.8000000000000007,3,HOT
23.8,34.2,0.9000000000000021,-2.799999999999997,0,COLD
23.0,25.1,0.0,0.0,0,COLD
22.9,49.7,-1.5,5.0,0,COLD
23.6,28.1,0.6000000000000014,0.5,0,COLD
20.4,56.1,-1.5,5.0,1,COMFORT
27.2,57.5,0.0,0.0,2,WARM_HUMID
27.3,45.0,-0.1999999999999993,-0.7000000000000028,2,WARM_HUMID
23.8,35.0,0.1999999999999993,-0.6000000000000014,1,COMFORT
20.2,33.9,-1.1999999999999993,-2.8999999999999986,0,COLD
21.4,43.3,0.0,0.0,0,COLD
21.8,32.8,-1.5,0.7999999999999972,3,HOT
19.1,58.0,0.7000000000000028,0.5,3,HOT
22.7,55.1,-1.5,-5.0,0,COLD
24.7,49.6,0.0,5.0,1,COMFORT
23.6,37.6,0.6000000000000014,1.2000000000000028,1,COMFORT
30.0,52.0,0.0,0.0,2,WARM_HUMID
23.8,29.9,-0.1999999999999993,-1.3000000000000007,2,WARM_HUMID
25.3,43.0,0.0,0.0,1,COMFORT
30.5,61.2,0.0,0.30000000000000426,1,COMFORT
25.6,68.0,-0.1999999999999993,2.5,1,COMFORT
22.5,41.6,0.0,0.0,2,WARM_HUMID
20.9,30.9,-1.5,5.0,0,COLD
27.4,63.0,0.0,0.0,2,WARM_HUMID
23.9,45.0,1.2999999999999972,5.0,2,WARM_HUMID
30.2,47.0,0.5,-5.0,3,HOT
22.3,32.1,0.8000000000000007,-5.0,0,COLD
19.8,60.9,1.5,0.3999999999999986,1,COMFORT
23.8,40.4,0.0,-3.3999999999999986,0,COLD
25.6,53.3,1.2000000000000028,3.5,2,WARM_HUMID
30.4,69.7,-0.20000000000000284,0.9000000000000057,1,COMFORT
20.9,51.0,0.5999999999999979,5.0,3,HOT
20.3,43.0,-0.6999999999999993,2.700000000000003,0,COLD
24.4,53.5,0.0,1.2999999999999972,3,HOT
20.1,58.0,1.1000000000000014,-2.0,1,COMFORT
22.3,30.6,1.0,-4.5,1,COMFORT
25.1,37.0,0.0,-1.3999999999999986,3,HOT
32.8,55.0,0.29999999999999716,4.0,2,WARM_HUMID
23.1,31.0,0.40000000000000213,0.0,1,COMFORT
29.7,21.0,-1.0,1.0,2,WARM_HUMID
25.2,48.0,0.0,0.0,1,COMFORT
29.7,42.9,0.3000000000000007,-5.0,0,COLD
24.0,63.2,-0.8999999999999986,2.0,1,COMFORT
22.5,53.4,0.0,0.5,1,COMFORT
23.0,27.3,1.5,-0.3000000000000007,1,COMFORT
25.5,55.6,-0.10000000000000142,0.0,2,WARM_HUMID
35.5,30.4,1.5,0.5,2,WARM_HUMID
28.0,56.0,0.0,0.0,2,WARM_HUMID
25.8,80.2,0.6000000000000014,5.0,1,COMFORT
23.3,38.0,0.0,0.0,3,HOT
21.4,31.4,1.5,-5.0,0,COLD
23.9,28.7,0.1999999999999993,-5.0,1,COMFORT
23.1,67.9,-0.3999999999999986,0.20000000000000284,0,COLD
23.4,57.8,0.0,0.0,1,COMFORT
21.6,47.0,-0.1999999999999993,1.0,0,COLD
22.5,53.0,-0.8000000000000007,-5.0,1,COMFORT
25.9,66.7,0.0,0.0,1,COMFORT
23.8,44.6,0.40000000000000213,-0.5,2,WARM_HUMID
23.0,63.3,-0.10000000000000142,2.6999999999999957,1,COMFORT
22.0,61.6,0.0,0.0,2,WARM_HUMID
25.6,49.0,0.0,0.0,3,HOT
21.4,40.1,-1.5,5.0,1,COMFORT
24.3,23.8,1.5,-5.0,2,WARM_HUMID
26.1,14.0,1.5,1.0999999999999996,1,COMFORT
17.1,60.1,-1.5,5.0,1,COMFORT
21.5,41.6,-0.8000000000000007,2.700000000000003,1,COMFORT
33.1,57.4,-1.3999999999999986,2.799999999999997,2,WARM_HUMID
22.6,42.4,-1.5,5.0,0,COLD
22.3,50.1,0.0,0.0,2,WARM_HUMID
15.4,57.0,0.0,0.0,0,COLD
24.8,41.7,-1.5,3.5,1,COMFORT
25.9,37.0,0.0,0.0,1,COMFORT
23.8,29.1,1.5,-5.0,1,COMFORT
25.4,44.0,-0.10000000000000142,-1.0,0,COLD
16.3,52.0,-1.5,-5.0,0,COLD
29.8,76.8,-0.8000000000000007,0.5,1,COMFORT
32.0,29.0,0.6999999999999993,-3.0,3,HOT
25.5,35.6,0.0,1.5,2,WARM_HUMID
22.3,45.8,0.1999999999999993,-5.0,0,COLD
23.1,48.4,0.40000000000000213,0.10000000000000142,0,COLD
24.5,42.9,-1.5,5.0,1,COMFORT
30.4,31.0,-0.40000000000000213,5.0,2,WARM_HUMID
23.6,40.1,0.8000000000000007,-3.0,3,HOT
24.1,46.0,0.0,0.0,0,COLD
22.1,81.3,-1.5,5.0,0,COLD
20.9,55.0,0.09999999999999787,-2.799999999999997,3,HOT
27.7,50.3,0.1999999999999993,3.6999999999999957,1,COMFORT
22.0,33.8,-0.5,-5.0,1,COMFORT
23.7,48.0,-1.1000000000000014,2.0,1,COMFORT
23.5,41.6,1.0,-4.0,1,COMFORT
27.8,80.0,0.3000000000000007,5.0,1,COMFORT
23.0,58.8,0.0,0.0,0,COLD
26.9,40.0,0.0,0.0,0,COLD
23.9,52.5,0.3999999999999986,-1.2000000000000028,1,COMFORT
26.9,49.0,0.0,-1.0,1,COMFORT
23.0,67.7,-0.1999999999999993,-4.599999999999994,1,COMFORT
21.8,42.1,0.8000000000000007,-1.7999999999999972,0,COLD
32.3,74.9,0.19999999999999574,4.5,3,HOT
35.8,46.1,0.0,0.0,2,WARM_HUMID
18.0,44.5,0.6000000000000014,3.0,1,COMFORT
22.2,41.0,-0.40000000000000213,1.3999999999999986,1,COMFORT
26.3,41.9,0.40000000000000213,0.0,1,COMFORT
20.6,68.7,-1.0999999999999979,3.9000000000000057,2,WARM_HUMID
22.7,33.8,-1.5,2.299999999999997,1,COMFORT
24.7,45.9,0.5999999999999979,-3.700000000000003,1,COMFORT
27.2,43.0,0.0,0.0,2,WARM_HUMID
21.5,49.2,-1.5,5.0,1,COMFORT
24.4,19.9,1.5,-2.0,0,COLD
25.9,58.9,0.09999999999999787,-2.0,1,COMFORT
31.5,61.4,0.0,0.0,1,COMFORT
14.1,44.6,0.0,0.0,0,COLD
22.5,62.6,-0.8000000000000007,-3.8999999999999986,1,COMFORT
21.7,46.2,-0.10000000000000142,2.200000000000003,0,COLD
24.2,42.3,0.0,-5.0,2,WARM_HUMID
21.6,33.6,-0.6999999999999993,5.0,1,COMFORT
21.8,42.2,1.0,5.0,1,COMFORT
26.8,33.5,0.0,0.0,2,WARM_HUMID
28.9,63.5,0.09999999999999787,0.0,1,COMFORT
25.0,60.0,0.10000000000000142,0.0,0,COLD
22.9,45.2,0.29999999999999716,-1.2999999999999972,0,COLD
27.4,35.1,-0.10000000000000142,2.5,3,HOT
30.6,73.3,0.10000000000000142,0.0,3,HOT
22.2,49.5,-1.1999999999999993,1.6000000000000014,3,HOT
30.7,65.8,-0.1999999999999993,-0.9000000000000057,1,COMFORT
28.3,39.9,-0.1999999999999993,-5.0,2,WARM_HUMID
32.1,48.0,0.0,0.0,3,HOT
31.3,69.0,0.10000000000000142,-0.29999999999999716,2,WARM_HUMID
24.1,59.8,-0.5,4.099999999999994,0,COLD
27.1,33.9,0.6000000000000014,-0.10000000000000142,2,WARM_HUMID
12.2,67.7,0.0,2.0,0,COLD
23.0,30.1,-0.1999999999999993,-5.0,1,COMFORT
19.0,42.3,0.0,0.0,0,COLD
23.0,25.1,-0.10000000000000142,-0.5999999999999979,3,HOT
23.6,38.3,-0.5,0.09999999999999432,1,COMFORT
29.0,77.6,0.0,0.0,3,HOT
22.7,55.2,0.5999999999999979,4.5,0,COLD
21.8,38.7,-0.1999999999999993,5.0,1,COMFORT
21.6,42.7,1.2000000000000028,1.8000000000000043,0,COLD
23.9,48.4,-0.10000000000000142,5.0,1,COMFORT
23.1,61.7,-0.5,2.9000000000000057,1,COMFORT
34.0,25.4,-0.29999999999999716,4.799999999999997,3,HOT
18.4,57.4,0.0,0.0,1,COMFORT
24.9,41.0,0.09999999999999787,-0.10000000000000142,2,WARM_HUMID
17.6,59.8,-1.5,2.5,0,COLD
29.0,64.0,0.0,0.0,2,WARM_HUMID
29.7,65.0,0.0,0.0,1,COMFORT
26.3,41.6,-0.8000000000000007,2.200000000000003,1,COMFORT
24.9,61.7,0.5,-0.3999999999999986,1,COMFORT
25.7,40.9,-1.5,5.0,2,WARM_HUMID
26.5,58.1,0.0,0.6000000000000014,0,COLD
21.7,10.3,-0.5,0.0,0,COLD
22.0,23.9,-0.6000000000000014,-5.0,2,WARM_HUMID
24.7,58.4,0.0,0.0,2,WARM_HUMID
23.2,40.9,-0.1999999999999993,0.10000000000000142,1,COMFORT
23.3,58.0,0.1999999999999993,0.6000000000000014,1,COMFORT
24.2,45.0,0.3999999999999986,-4.299999999999997,3,HOT
26.0,48.5,0.5,-1.0,3,HOT
28.5,51.4,-0.1999999999999993,0.19999999999999574,1,COMFORT
24.1,51.3,0.10000000000000142,1.0999999999999943,1,COMFORT
23.6,60.4,0.0,0.0,1,COMFORT
29.4,75.2,0.0,0.0,2,WARM_HUMID
29.6,76.8,-0.8999999999999986,3.5,0,COLD
21.9,48.7,-1.5,5.0,1,COMFORT
29.4,62.3,-0.10000000000000142,-0.4000000000000057,1,COMFORT
24.3,52.8,0.6999999999999993,5.0,1,COMFORT
16.9,43.0,0.29999999999999716,5.0,0,COLD
22.6,65.0,1.5,5.0,1,COMFORT
26.5,59.0,0.0,0.0,1,COMFORT
23.1,29.5,-0.09999999999999787,1.1999999999999993,0,COLD
23.4,41.4,1.5,2.1999999999999957,1,COMFORT
24.4,75.6,-0.10000000000000142,0.09999999999999432,0,COLD
21.9,53.2,0.0,0.0,1,COMFORT
23.0,44.0,0.3999999999999986,-2.0,2,WARM_HUMID
25.0,61.4,0.0,0.0,1,COMFORT
23.8,48.0,0.0,0.0,0,COLD
21.4,72.3,0.0,0.0,3,HOT
32.5,69.5,0.20000000000000284,-0.09999999999999432,3,HOT
17.9,57.0,-1.5,1.0,0,COLD
25.1,55.0,0.0,0.0,1,COMFORT
23.5,21.4,0.3999999999999986,-1.5,1,COMFORT
24.0,57.0,0.0,0.0,0,COLD
20.6,61.8,0.20000000000000284,-3.9000000000000057,0,COLD
21.9,35.0,0.0,-1.0,1,COMFORT
20.0,69.6,0.0,0.0,0,COLD
28.2,65.5,0.0,0.20000000000000284,2,WARM_HUMID
30.0,39.4,-1.5,5.0,2,WARM_HUMID
22.7,34.8,1.3999999999999986,-1.7000000000000028,0,COLD
24.2,37.9,0.0,-5.0,3,HOT
24.3,46.7,0.1999999999999993,-1.5999999999999943,2,WARM_HUMID
21.5,37.6,-1.3000000000000007,1.3000000000000043,1,COMFORT
20.5,81.3,0.10000000000000142,-0.7000000000000028,1,COMFORT
27.9,65.7,1.5,-5.0,2,WARM_HUMID
21.6,21.7,0.0,0.0,2,WARM_HUMID
23.8,24.0,1.5,-3.6000000000000014,0,COLD
20.0,34.5,-1.1000000000000014,0.0,1,COMFORT
21.2,36.7,1.3000000000000007,-5.0,0,COLD
23.0,23.8,0.0,2.0,0,COLD
24.2,53.6,0.0,2.5,0,COLD
29.3,77.8,-0.09999999999999787,0.29999999999999716,1,COMFORT
29.5,61.0,0.0,0.0,0,COLD
29.3,41.0,1.5,-1.2999999999999972,2,WARM_HUMID
26.8,83.5,-0.5,4.299999999999997,1,COMFORT
22.3,48.0,-0.1999999999999993,0.3999999999999986,0,COLD
32.2,63.5,0.0,1.5,2,WARM_HUMID
24.1,34.8,-0.3999999999999986,0.6999999999999957,3,HOT
29.4,51.0,0.0,0.0,2,WARM_HUMID
22.2,49.8,-0.5,-3.3000000000000043,2,WARM_HUMID
23.4,30.4,-1.5,1.8999999999999986,1,COMFORT
26.1,46.0,0.0,0.0,0,COLD
23.8,21.7,0.0,0.3000000000000007,2,WARM_HUMID
23.2,53.3,-0.6999999999999993,3.799999999999997,2,WARM_HUMID
24.3,49.2,1.3000000000000007,-2.0999999999999943,1,COMFORT
22.7,23.7,-0.6999999999999993,0.8999999999999986,2,WARM_HUMID
22.6,22.4,-1.2999999999999972,0.0,3,HOT
27.9,56.6,-1.0,3.8999999999999986,2,WARM_HUMID
28.0,65.0,-0.10000000000000142,-1.0999999999999943,1,COMFORT
22.3,47.2,1.3000000000000007,1.8000000000000043,0,COLD
38.2,17.2,1.1000000000000014,1.799999999999999,3,HOT
24.2,69.4,-0.1999999999999993,-0.5999999999999943,1,COMFORT
22.6,38.9,0.20000000000000284,-0.20000000000000284,0,COLD
33.2,32.7,1.5,2.8000000000000043,3,HOT
22.4,28.0,0.09999999999999787,0.5,1,COMFORT
23.7,54.9,0.8000000000000007,-2.5,1,COMFORT
22.7,50.8,0.0,0.0,1,COMFORT
22.9,65.1,1.3999999999999986,5.0,2,WARM_HUMID
33.9,41.0,0.3999999999999986,-4.0,3,HOT
30.4,56.2,1.1999999999999993,-5.0,1,COMFORT
22.1,38.2,0.0,4.700000000000003,1,COMFORT
21.8,27.2,-0.09999999999999787,-4.600000000000001,0,COLD
22.8,41.7,0.5,-2.5999999999999943,0,COLD
25.0,61.0,0.0,0.0,1,COMFORT
22.5,72.3,0.1999999999999993,0.20000000000000284,0,COLD
23.2,13.7,0.0,0.0,0,COLD
31.6,58.5,0.3000000000000007,0.29999999999999716,1,COMFORT
25.3,26.0,1.1999999999999993,-2.3000000000000007,2,WARM_HUMID
23.3,79.5,0.0,0.0,1,COMFORT
26.3,71.0,0.0,0.0,0,COLD
24.8,23.1,0.5,-0.29999999999999716,3,HOT
23.1,63.1,-0.09999999999999787,-1.6000000000000014,1,COMFORT
22.2,36.1,-0.1999999999999993,-0.19999999999999574,1,COMFORT
24.5,38.3,1.5,-3.4000000000000057,1,COMFORT
24.8,50.8,0.0,0.0,0,COLD
21.2,41.4,-0.3000000000000007,3.3999999999999986,0,COLD
19.1,38.0,-1.0999999999999979,3.0,1,COMFORT
21.8,49.3,-1.5,5.0,0,COLD
24.9,65.4,-0.10000000000000142,-0.6999999999999886,3,HOT
25.3,42.6,1.5,-5.0,3,HOT
39.8,22.3,0.3999999999999986,1.4000000000000021,3,HOT
22.5,63.2,-0.10000000000000142,0.9000000000000057,1,COMFORT
31.0,37.5,-0.5,4.600000000000001,2,WARM_HUMID
25.4,42.8,1.2999999999999972,-2.700000000000003,1,COMFORT
15.9,22.4,-0.20000000000000107,0.6999999999999993,1,COMFORT
24.2,29.0,-1.5,-5.0,3,HOT
27.6,76.2,0.40000000000000213,-0.20000000000000284,2,WARM_HUMID
25.2,59.7,-0.6000000000000014,-5.0,1,COMFORT
11.6,60.5,0.0,0.7999999999999972,0,COLD
34.6,49.1,0.10000000000000142,5.0,2,WARM_HUMID
18.4,59.7,-1.4000000000000021,5.0,1,COMFORT
29.8,67.0,0.0,0.0,3,HOT
23.8,64.3,0.10000000000000142,-0.7999999999999972,0,COLD
20.3,40.6,0.0,-2.6999999999999957,1,COMFORT
24.3,42.3,0.9000000000000021,-0.5,1,COMFORT
20.2,53.0,-0.6999999999999993,3.3999999999999986,0,COLD
22.7,40.7,0.3000000000000007,5.0,2,WARM_HUMID
25.1,32.3,-0.29999999999999716,-1.7000000000000028,2,WARM_HUMID
23.3,32.9,0.8000000000000007,-1.6000000000000014,3,HOT
22.5,50.8,-0.1999999999999993,-1.5,0,COLD
21.0,42.1,0.0,0.0,1,COMFORT
23.2,26.2,-0.10000000000000142,-3.1000000000000014,0,COLD
17.7,38.6,-0.1999999999999993,1.3999999999999986,0,COLD
25.7,57.2,0.0,0.0,0,COLD
22.6,53.0,-0.6999999999999993,0.0,0,COLD
24.2,36.6,1.0,0.10000000000000142,0,COLD
20.9,42.7,-0.20000000000000284,-1.8999999999999986,0,COLD
30.3,56.8,0.0,-0.20000000000000284,1,COMFORT
24.5,59.2,-1.3000000000000007,5.0,1,COMFORT
24.7,47.2,1.5,-0.3999999999999986,2,WARM_HUMID
25.2,54.6,-0.1999999999999993,0.0,1,COMFORT
22.9,30.5,0.0,0.0,2,WARM_HUMID
25.8,59.1,0.0,0.0,2,WARM_HUMID
23.7,65.0,-1.5,5.0,1,COMFORT
26.3,34.0,1.5,-5.0,1,COMFORT
23.3,71.7,-0.1999999999999993,2.200000000000003,1,COMFORT
24.4,44.1,0.5999999999999979,-0.5,1,COMFORT
24.2,24.3,0.09999999999999787,0.10000000000000142,2,WARM_HUMID
22.6,30.7,0.0,1.8000000000000007,0,COLD
27.4,63.0,0.0,0.0,2,WARM_HUMID
21.9,65.4,-1.5,4.400000000000006,1,COMFORT
23.0,19.9,-0.10000000000000142,0.1999999999999993,1,COMFORT
24.5,58.6,0.1999999999999993,0.10000000000000142,0,COLD
23.3,31.8,-0.1999999999999993,-4.300000000000001,0,COLD
26.6,55.6,-1.5,5.0,3,HOT
21.2,65.7,0.1999999999999993,0.6000000000000085,0,COLD
23.6,18.0,0.9000000000000021,-2.8999999999999986,0,COLD
25.2,45.0,0.0,0.0,1,COMFORT
27.3,32.8,1.1000000000000014,-0.8000000000000043,0,COLD
28.0,58.0,0.0,0.0,2,WARM_HUMID
21.7,60.3,-0.6000000000000014,5.0,3,HOT
21.3,32.9,0.6999999999999993,5.0,1,COMFORT
23.8,38.0,0.3000000000000007,-1.3999999999999986,3,HOT
25.0,28.3,-0.3000000000000007,-0.5,1,COMFORT
24.0,34.7,-1.5,5.0,0,COLD
20.8,42.5,-0.8000000000000007,5.0,0,COLD
22.1,51.1,-0.1999999999999993,5.0,0,COLD
24.9,19.9,0.0,0.0,2,WARM_HUMID
21.5,57.2,0.10000000000000142,3.700000000000003,1,COMFORT
24.7,61.2,-1.0,1.5,1,COMFORT
18.5,36.3,-1.5,-5.0,0,COLD
21.5,70.0,1.5,2.5,1,COMFORT
31.0,53.2,0.6000000000000014,1.4000000000000057,2,WARM_HUMID
25.0,53.0,0.0,0.0,1,COMFORT
31.9,71.8,0.7999999999999972,-1.5,2,WARM_HUMID
29.2,45.0,0.0,0.0,3,HOT
23.9,38.0,-0.40000000000000213,1.2999999999999972,2,WARM_HUMID
26.9,45.0,0.0,0.0,0,COLD
20.4,66.5,0.0,0.0,2,WARM_HUMID
28.0,67.0,0.0,0.0,0,COLD
25.8,57.7,0.0,0.0,0,COLD
24.4,22.4,0.8999999999999986,0.0,0,COLD
32.0,86.0,-1.5,5.0,3,HOT
28.7,55.4,0.0,0.0,0,COLD
26.1,52.0,-1.5,3.0,1,COMFORT
22.3,29.6,-0.3999999999999986,2.1000000000000014,0,COLD
23.4,40.6,0.5999999999999979,-2.6999999999999957,1,COMFORT
22.7,23.7,-0.6999999999999993,-3.5,3,HOT
27.3,52.0,0.0,0.0,1,COMFORT
22.9,22.4,0.6999999999999993,0.0,0,COLD
21.6,56.5,-0.29999999999999716,5.0,1,COMFORT
22.5,20.8,0.0,0.0,1,COMFORT
27.6,40.3,0.9000000000000021,-2.0,1,COMFORT
23.1,43.2,0.9000000000000021,-2.8999999999999986,1,COMFORT
25.4,60.0,0.09999999999999787,0.20000000000000284,1,COMFORT
24.3,47.8,-1.5,2.799999999999997,1,COMFORT
20.3,54.5,0.0,0.0,0,COLD
22.4,39.8,-0.5,0.0,0,COLD
24.3,49.2,1.5,-5.0,1,COMFORT
23.2,19.1,0.0,0.0,0,COLD
25.3,39.8,1.5,-5.0,3,HOT
23.4,46.0,-0.10000000000000142,0.29999999999999716,1,COMFORT
19.8,41.9,-0.5,-0.5,1,COMFORT
19.3,50.8,0.0,2.0,1,COMFORT
21.1,27.2,-1.5,-2.3000000000000007,2,WARM_HUMID
19.7,27.3,1.5,3.3000000000000007,2,WARM_HUMID
24.0,41.9,-1.5,1.6000000000000014,0,COLD
20.7,44.8,-1.1000000000000014,3.8999999999999986,1,COMFORT
26.1,49.6,-0.09999999999999787,1.6000000000000014,1,COMFORT
24.3,25.3,0.10000000000000142,-0.6999999999999993,3,HOT
24.9,74.0,-0.6000000000000014,-1.0999999999999943,2,WARM_HUMID
23.3,22.7,0.10000000000000142,-0.5,0,COLD
23.1,61.9,0.20000000000000284,1.0,1,COMFORT
25.6,68.8,0.3000000000000007,-1.2000000000000028,2,WARM_HUMID
30.9,58.8,-0.10000000000000142,-2.200000000000003,3,HOT
17.4,59.0,-1.5,-5.0,1,COMFORT
23.4,57.3,-1.5,2.5,1,COMFORT
22.9,49.7,0.5999999999999979,-1.5,1,COMFORT
22.2,26.1,-1.5,-1.7999999999999972,1,COMFORT
22.8,26.8,0.10000000000000142,-2.8999999999999986,3,HOT
22.9,29.9,0.3999999999999986,5.0,1,COMFORT
22.7,22.5,0.0,-5.0,1,COMFORT
23.3,45.8,-0.1999999999999993,4.199999999999996,2,WARM_HUMID
22.7,43.6,0.3000000000000007,-5.0,1,COMFORT
23.0,33.5,0.3999999999999986,-3.799999999999997,1,COMFORT
29.0,75.4,-0.6000000000000014,-4.099999999999994,0,COLD
26.7,42.9,0.0,5.0,3,HOT
25.9,68.5,-0.10000000000000142,0.7000000000000028,0,COLD
22.4,67.0,-0.6000000000000014,1.2999999999999972,1,COMFORT
27.8,44.1,0.0,0.0,2,WARM_HUMID
21.7,35.7,0.09999999999999787,1.7000000000000028,0,COLD
22.0,34.5,-0.1999999999999993,1.8999999999999986,0,COLD
22.7,25.5,0.3000000000000007,0.0,2,WARM_HUMID
28.5,51.4,0.0,0.0,3,HOT
25.7,57.2,0.0,0.0,2,WARM_HUMID
30.1,46.1,1.5,-5.0,3,HOT
24.1,49.6,0.20000000000000284,0.10000000000000142,1,COMFORT
26.2,46.3,0.0,0.0,1,COMFORT
36.7,38.1,0.30000000000000426,-2.299999999999997,3,HOT
31.6,32.0,-0.7999999999999972,-5.0,3,HOT
30.8,70.3,-0.09999999999999787,0.5999999999999943,2,WARM_HUMID
23.5,34.7,-0.3000000000000007,4.900000000000002,1,COMFORT
25.1,34.5,-0.3999999999999986,-1.6000000000000014,1,COMFORT
19.9,59.2,0.0,0.0,1,COMFORT
22.0,47.9,-0.6999999999999993,-3.700000000000003,1,COMFORT
22.4,44.8,-1.5,5.0,1,COMFORT
23.5,30.8,0.5,0.6999999999999993,3,HOT
24.6,49.9,-0.1999999999999993,2.1999999999999957,1,COMFORT
22.7,36.7,-0.9000000000000021,5.0,0,COLD
22.9,44.9,0.09999999999999787,0.29999999999999716,0,COLD
29.9,24.1,-0.40000000000000213,1.8000000000000007,1,COMFORT
23.4,50.0,-0.7000000000000028,1.0,1,COMFORT
20.2,38.5,-0.10000000000000142,-0.5,1,COMFORT
26.5,59.9,1.1999999999999993,3.6000000000000014,2,WARM_HUMID
19.7,60.0,0.5,1.0,1,COMFORT
30.1,77.8,0.10000000000000142,-0.6000000000000085,3,HOT
23.6,33.9,-0.1999999999999993,5.0,2,WARM_HUMID
23.9,63.6,-0.10000000000000142,5.0,3,HOT
22.7,26.8,1.5,-1.1999999999999993,1,COMFORT
25.4,53.9,0.7999999999999972,0.19999999999999574,2,WARM_HUMID
30.4,69.8,-1.5,2.8999999999999915,0,COLD
19.7,13.4,-1.5,0.0,1,COMFORT
22.8,21.5,0.10000000000000142,1.6000000000000014,0,COLD
21.0,35.0,0.1999999999999993,-5.0,1,COMFORT
25.4,58.7,-0.40000000000000213,-0.09999999999999432,2,WARM_HUMID
23.6,36.6,0.9000000000000021,0.7000000000000028,1,COMFORT
21.2,33.1,-0.10000000000000142,-0.3999999999999986,0,COLD
21.1,44.3,-0.1999999999999993,0.29999999999999716,0,COLD
25.1,55.6,0.6000000000000014,0.0,0,COLD
30.7,74.1,0.3999999999999986,-0.10000000000000853,1,COMFORT
19.1,55.4,1.4000000000000021,-2.1000000000000014,0,COLD
22.1,32.9,-0.3999999999999986,-1.6000000000000014,1,COMFORT
22.5,33.4,0.0,0.0,2,WARM_HUMID
29.3,27.3,0.0,-4.9999999999999964,2,WARM_HUMID
25.0,24.7,1.3999999999999986,-3.3000000000000007,3,HOT
22.0,30.2,-0.3000000000000007,-3.3000000000000007,1,COMFORT
24.2,69.8,0.5999999999999979,0.5999999999999943,1,COMFORT
22.2,71.7,-0.40000000000000213,-2.200000000000003,1,COMFORT
24.5,22.4,0.0,0.0,1,COMFORT
24.0,52.4,1.5,-3.3999999999999986,1,COMFORT
22.4,29.5,-0.20000000000000284,1.0,2,WARM_HUMID
24.2,40.2,0.09999999999999787,-0.5,1,COMFORT
25.0,57.3,-0.10000000000000142,0.8999999999999986,3,HOT
20.7,30.5,-1.4000000000000021,0.0,1,COMFORT
18.3,32.0,-1.5,5.0,1,COMFORT
26.7,49.4,0.5,0.29999999999999716,1,COMFORT
32.1,48.0,-0.19999999999999574,0.0,3,HOT
24.1,66.9,-0.8999999999999986,2.9000000000000057,1,COMFORT
23.0,49.1,-0.10000000000000142,-4.799999999999997,0,COLD
22.1,53.7,-0.6999999999999993,0.0,2,WARM_HUMID
25.1,63.7,0.7000000000000028,-4.0,2,WARM_HUMID
25.6,56.0,0.6000000000000014,-1.2999999999999972,2,WARM_HUMID
21.9,61.2,1.0999999999999979,-5.0,1,COMFORT
22.2,22.4,-0.6000000000000014,1.6999999999999993,1,COMFORT
25.0,51.0,0.3999999999999986,0.3999999999999986,1,COMFORT
15.7,52.0,-1.5,5.0,1,COMFORT
31.6,66.0,0.0,0.0,1,COMFORT
28.2,65.7,1.5,-5.0,1,COMFORT
27.6,41.7,-0.09999999999999787,-0.09999999999999432,1,COMFORT
22.4,38.9,1.5,-5.0,1,COMFORT
26.3,67.4,0.10000000000000142,-0.09999999999999432,3,HOT
23.1,44.3,-0.1999999999999993,-2.200000000000003,1,COMFORT
25.6,22.0,-0.5999999999999979,-2.1000000000000014,2,WARM_HUMID
24.1,48.3,0.0,-0.10000000000000142,1,COMFORT
21.5,24.5,0.0,0.0,1,COMFORT
24.3,34.1,1.5,-5.0,2,WARM_HUMID
20.8,28.6,-0.5999999999999979,1.3000000000000007,2,WARM_HUMID
23.4,23.8,0.5,1.1000000000000014,3,HOT
24.8,50.0,0.0,-0.10000000000000142,0,COLD
29.7,29.6,1.5,-4.100000000000001,3,HOT
23.2,40.9,-0.3000000000000007,3.5,1,COMFORT
23.7,42.5,-0.10000000000000142,-5.0,0,COLD
23.8,30.9,1.5,0.1999999999999993,1,COMFORT
25.4,43.1,-0.10000000000000142,-3.5,2,WARM_HUMID
22.4,64.0,-0.3000000000000007,0.10000000000000142,0,COLD
21.1,30.8,-0.1999999999999993,-0.6999999999999993,2,WARM_HUMID
23.8,37.3,-0.8000000000000007,1.7999999999999972,1,COMFORT
25.5,40.5,1.3999999999999986,-1.5,1,COMFORT
27.6,33.0,0.8000000000000007,0.29999999999999716,0,COLD
27.5,48.0,1.3999999999999986,-0.5,2,WARM_HUMID
22.7,36.0,-1.4000000000000021,5.0,1,COMFORT
24.8,47.4,0.0,0.0,0,COLD
33.4,61.7,0.0,0.0,3,HOT
29.1,58.0,0.0,0.0,2,WARM_HUMID
29.4,70.0,-1.3000000000000007,4.0,1,COMFORT
22.0,44.6,-1.1000000000000014,2.5,1,COMFORT
24.4,37.0,1.5,-5.0,2,WARM_HUMID
25.2,57.8,0.1999999999999993,-2.3000000000000043,1,COMFORT
30.6,36.2,0.3000000000000007,-3.0,3,HOT
25.3,71.5,0.0,-1.4000000000000057,2,WARM_HUMID
23.8,60.0,0.6999999999999993,-3.0,2,WARM_HUMID
23.8,56.6,0.0,0.0,3,HOT
21.5,48.1,-1.5,-3.799999999999997,0,COLD
23.6,38.5,-1.5,-5.0,1,COMFORT
18.5,76.0,-0.5,5.0,3,HOT
30.9,12.2,-0.3000000000000007,0.0,1,COMFORT
24.1,53.4,0.6000000000000014,1.1000000000000014,0,COLD
23.1,24.8,-1.0999999999999979,-1.5,1,COMFORT
22.8,49.8,-1.5,5.0,2,WARM_HUMID
23.5,42.4,0.6999999999999993,0.5,2,WARM_HUMID
23.8,49.8,-0.09999999999999787,0.0,1,COMFORT
22.1,51.0,-1.5,5.0,1,COMFORT
22.7,26.8,1.5,-0.8000000000000007,0,COLD
22.5,18.6,0.0,-3.299999999999997,0,COLD
24.5,40.1,1.5,-3.799999999999997,3,HOT
22.5,55.6,0.1999999999999993,0.0,1,COMFORT
26.5,21.8,0.0,0.0,2,WARM_HUMID
25.6,34.8,0.0,5.0,3,HOT
37.0,63.0,1.5,-5.0,3,HOT
22.8,23.6,0.3000000000000007,0.7000000000000028,3,HOT
20.5,36.8,0.3000000000000007,-0.10000000000000142,1,COMFORT
25.1,61.1,0.8000000000000007,-2.299999999999997,1,COMFORT
20.7,34.2,0.0,-0.3999999999999986,1,COMFORT
22.4,22.4,0.09999999999999787,-2.900000000000002,0,COLD
22.9,42.0,0.09999999999999787,1.0,2,WARM_HUMID
35.3,47.5,-0.4000000000000057,0.7999999999999972,3,HOT
28.1,40.0,1.5,-5.0,0,COLD
18.8,55.0,0.40000000000000213,1.0,1,COMFORT
18.5,85.0,-0.8000000000000007,3.0,0,COLD
21.7,64.0,0.3000000000000007,0.29999999999999716,1,COMFORT
23.3,31.7,0.0,0.0,0,COLD
19.1,60.0,1.5,-5.0,0,COLD
23.4,51.2,-1.5,2.200000000000003,0,COLD
28.1,39.6,-0.29999999999999716,0.0,0,COLD
24.0,62.0,0.0,0.0,1,COMFORT
27.0,43.0,0.0,0.0,2,WARM_HUMID
19.8,34.6,-0.5,1.7000000000000028,1,COMFORT
22.9,33.8,0.8999999999999986,1.9999999999999964,2,WARM_HUMID
21.6,21.7,0.0,0.0,1,COMFORT
26.6,44.3,-0.3999999999999986,-0.30000000000000426,1,COMFORT
20.7,57.7,0.0,0.0,1,COMFORT
22.7,31.1,-0.5,2.200000000000003,1,COMFORT
22.1,81.3,0.0,0.0,3,HOT
22.6,27.6,-0.29999999999999716,-5.0,0,COLD
22.0,28.7,0.3999999999999986,-4.900000000000002,3,HOT
24.3,25.5,-0.5,0.5,1,COMFORT
16.7,21.9,0.3999999999999986,-0.5,0,COLD
27.3,55.0,0.0,0.0,3,HOT
25.7,57.2,0.0,0.0,1,COMFORT
28.5,41.0,-1.0,-1.2000000000000028,1,COMFORT
21.5,66.0,-0.1999999999999993,5.0,0,COLD
25.5,44.0,0.0,0.0,0,COLD
31.6,66.0,1.5,-3.0,3,HOT
19.6,25.3,0.20000000000000284,-2.5,0,COLD
23.4,27.1,0.3999999999999986,-2.3999999999999986,3,HOT
24.1,48.1,0.0,0.0,2,WARM_HUMID
22.0,23.0,-1.3999999999999986,0.6000000000000014,1,COMFORT
23.5,21.4,0.3999999999999986,-0.8000000000000007,1,COMFORT
23.8,43.5,0.0,-0.5,0,COLD
22.8,23.8,0.0,-4.199999999999999,2,WARM_HUMID
25.5,44.5,-0.10000000000000142,0.20000000000000284,1,COMFORT
28.4,58.3,0.0,0.0,3,HOT
29.1,53.1,0.0,-0.29999999999999716,3,HOT
22.4,70.0,0.0,0.0,3,HOT
27.4,55.0,-0.8000000000000007,2.799999999999997,2,WARM_HUMID
25.2,48.3,1.5,4.599999999999994,3,HOT
30.9,72.0,0.0,0.0,2,WARM_HUMID
35.1,38.9,0.0,0.29999999999999716,3,HOT
25.1,46.0,-0.5,-5.0,0,COLD
28.8,65.6,1.5,5.0,0,COLD
28.0,48.8,0.0,0.0,2,WARM_HUMID
21.8,22.5,-0.1999999999999993,-0.10000000000000142,1,COMFORT
26.9,63.0,-1.4000000000000021,5.0,3,HOT
19.5,38.5,-1.5,0.20000000000000284,0,COLD
23.9,51.1,0.7999999999999972,-3.6000000000000014,1,COMFORT
31.0,72.3,0.6999999999999993,3.8999999999999915,2,WARM_HUMID
30.3,63.6,-0.5,-1.8000000000000043,2,WARM_HUMID
24.5,23.9,1.5,5.0,1,COMFORT
31.0,33.0,0.8999999999999986,-5.0,2,WARM_HUMID
23.1,45.6,0.5,5.0,1,COMFORT
22.2,24.7,0.3999999999999986,-1.1000000000000014,0,COLD
24.6,42.7,1.5,5.0,2,WARM_HUMID
25.8,59.3,1.1000000000000014,-1.9000000000000057,1,COMFORT
34.6,39.6,0.0,1.0,3,HOT
21.2,50.2,0.1999999999999993,0.20000000000000284,3,HOT
23.0,24.5,-1.0,-1.1000000000000014,3,HOT
21.4,32.8,-1.3000000000000007,2.3999999999999986,0,COLD
24.0,26.5,0.6999999999999993,2.0,1,COMFORT
27.5,30.3,0.0,0.0,1,COMFORT
23.7,29.6,0.3999999999999986,-0.5999999999999979,0,COLD
29.0,60.0,0.3999999999999986,-1.0,2,WARM_HUMID
19.1,47.3,-1.5,3.799999999999997,0,COLD
26.0,57.7,0.0,0.0,1,COMFORT
27.7,81.3,0.5,0.5999999999999943,3,HOT
22.0,46.2,-0.3000000000000007,1.0,3,HOT
24.1,10.3,-0.6999999999999993,-5.0,1,COMFORT
26.6,37.1,1.0,-4.899999999999999,3,HOT
34.4,50.2,-1.5,5.0,3,HOT
26.8,42.5,1.1000000000000014,5.0,3,HOT
25.0,17.9,-1.5,-5.0,0,COLD
27.1,31.0,1.5,-5.0,3,HOT
25.5,47.0,0.0,0.0,0,COLD
23.8,50.0,0.0,-1.0,1,COMFORT
23.4,27.1,1.1999999999999993,0.9000000000000021,1,COMFORT
20.8,51.6,-1.5,5.0,1,COMFORT
24.3,69.1,0.1999999999999993,-0.6000000000000085,2,WARM_HUMID
23.3,36.0,0.1999999999999993,-3.299999999999997,0,COLD
11.0,53.7,0.0,0.5,0,COLD
33.0,31.0,0.29999999999999716,-4.0,1,COMFORT
27.7,86.0,0.8999999999999986,2.5,3,HOT
27.0,52.6,1.3999999999999986,-2.299999999999997,2,WARM_HUMID
22.1,28.1,-0.1999999999999993,-3.099999999999998,0,COLD
18.8,34.0,-1.5,3.5,1,COMFORT
23.9,31.1,1.0999999999999979,1.8000000000000007,0,COLD
19.4,46.6,-1.5,4.600000000000001,1,COMFORT
23.2,53.2,0.3999999999999986,-0.19999999999999574,1,COMFORT
21.2,33.0,1.3999999999999986,-3.0,0,COLD
24.6,35.2,-1.0999999999999979,-5.0,1,COMFORT
24.4,31.9,1.5,1.6999999999999993,3,HOT
31.5,46.1,-0.5,4.899999999999999,2,WARM_HUMID
21.8,38.9,0.40000000000000213,0.19999999999999574,2,WARM_HUMID
20.7,31.2,-0.1999999999999993,-2.0000000000000036,0,COLD
24.5,49.2,-0.3000000000000007,1.2000000000000028,0,COLD
20.7,32.2,1.3999999999999986,-5.0,1,COMFORT
29.2,44.8,1.5,-4.300000000000004,3,HOT
19.7,51.5,-1.5,-5.0,1,COMFORT
22.9,55.3,-0.6000000000000014,5.0,2,WARM_HUMID
22.0,28.3,0.0,-0.5,0,COLD
30.2,69.5,0.0,-4.900000000000006,2,WARM_HUMID
26.2,33.2,-0.10000000000000142,-1.5999999999999943,1,COMFORT
26.9,45.0,-0.10000000000000142,-1.0,0,COLD
22.9,42.4,0.09999999999999787,0.6999999999999957,2,WARM_HUMID
27.0,40.4,0.0,0.0,2,WARM_HUMID
23.1,47.3,0.6000000000000014,2.5999999999999943,2,WARM_HUMID
27.3,79.2,-1.0,-5.0,0,COLD
22.9,42.4,0.3999999999999986,-0.8000000000000043,3,HOT
22.1,72.4,0.0,0.0,0,COLD
22.7,40.5,-0.3000000000000007,0.0,1,COMFORT
22.1,36.8,0.8000000000000007,-2.1000000000000014,1,COMFORT
24.8,47.4,-0.09999999999999787,0.0,2,WARM_HUMID
24.4,28.1,1.0,-3.3999999999999986,2,WARM_HUMID
24.3,41.0,0.10000000000000142,0.7999999999999972,0,COLD
18.8,37.5,-0.5999999999999979,-3.200000000000003,0,COLD
23.0,43.9,-0.3000000000000007,-0.30000000000000426,0,COLD
23.2,42.0,0.3000000000000007,-0.6000000000000014,3,HOT
28.8,63.0,1.5,5.0,0,COLD
25.6,42.0,-1.5,-5.0,2,WARM_HUMID
26.9,70.3,0.5999999999999979,-3.4000000000000057,1,COMFORT
21.0,70.5,1.5,4.900000000000006,1,COMFORT
21.7,35.7,0.3000000000000007,0.0,0,COLD
36.9,42.4,-0.30000000000000426,0.7999999999999972,3,HOT
26.2,39.9,0.0,0.0,2,WARM_HUMID
23.4,38.5,1.2999999999999972,5.0,2,WARM_HUMID
24.7,56.2,0.0,0.0,1,COMFORT
22.2,37.0,0.09999999999999787,5.0,0,COLD
28.9,55.0,0.0,0.0,3,HOT
30.8,66.4,0.5,0.6000000000000085,1,COMFORT
19.1,47.3,-1.5,3.799999999999997,3,HOT
29.7,26.0,0.8999999999999986,-1.5,2,WARM_HUMID
33.5,54.1,0.0,-0.5,3,HOT
29.7,69.7,0.0,0.0,1,COMFORT
29.8,73.6,1.0,-0.9000000000000057,1,COMFORT
23.9,46.0,0.0,0.0,2,WARM_HUMID
24.5,55.6,-0.1999999999999993,0.0,1,COMFORT
31.3,76.6,0.0,0.0,2,WARM_HUMID
28.1,31.1,1.0,-4.799999999999997,1,COMFORT
24.2,47.7,-0.10000000000000142,0.4000000000000057,3,HOT
33.4,53.6,-0.10000000000000142,-0.5,3,HOT
22.7,25.1,0.1999999999999993,-0.5999999999999979,3,HOT
20.9,48.5,0.0,-0.10000000000000142,0,COLD
23.7,27.3,0.0,1.6999999999999993,3,HOT
29.1,39.0,0.0,0.0,3,HOT
21.3,47.7,-0.5,2.3000000000000043,2,WARM_HUMID
26.3,33.3,1.1999999999999993,-0.10000000000000142,1,COMFORT
30.3,80.0,0.3000000000000007,-0.7999999999999972,2,WARM_HUMID
23.3,31.0,-0.1999999999999993,0.6000000000000014,1,COMFORT
22.9,41.7,0.0,0.0,1,COMFORT
20.3,41.4,-1.5,5.0,1,COMFORT
25.0,29.7,0.0,3.599999999999998,0,COLD
22.6,57.2,0.20000000000000284,0.0,1,COMFORT
29.0,50.1,1.5,-4.600000000000001,0,COLD
21.5,30.5,-0.8000000000000007,0.0,1,COMFORT
23.6,52.6,-0.09999999999999787,0.30000000000000426,1,COMFORT
28.2,60.9,-0.6000000000000014,0.29999999999999716,1,COMFORT
25.5,57.6,0.3000000000000007,1.3000000000000043,1,COMFORT
24.1,51.0,-0.5999999999999979,4.200000000000003,1,COMFORT
25.3,40.8,-0.3000000000000007,-0.10000000000000142,2,WARM_HUMID
19.9,59.2,0.0,0.0,0,COLD
22.4,46.0,-1.5,-1.3999999999999986,1,COMFORT
22.5,36.0,0.0,0.0,1,COMFORT
23.3,32.9,0.40000000000000213,0.0,3,HOT
30.0,85.0,0.0,0.0,3,HOT
24.4,16.8,0.3999999999999986,0.0,0,COLD
19.4,53.0,0.29999999999999716,-1.0,1,COMFORT
30.8,65.7,0.0,0.0,2,WARM_HUMID
24.5,53.3,0.10000000000000142,-0.6000000000000014,1,COMFORT
26.9,44.2,0.0,-3.0,2,WARM_HUMID
24.6,59.9,-0.09999999999999787,1.0,1,COMFORT
30.8,71.1,1.5,-4.700000000000003,2,WARM_HUMID
24.7,59.9,-0.40000000000000213,4.699999999999996,1,COMFORT
23.2,41.1,1.5,-5.0,1,COMFORT
30.2,77.3,0.09999999999999787,1.7000000000000028,1,COMFORT
18.2,59.1,-1.5,-3.799999999999997,1,COMFORT
25.3,42.0,0.0,0.0,0,COLD
26.0,80.8,0.0,1.0,1,COMFORT
31.5,34.3,-1.5,-5.0,2,WARM_HUMID
25.3,62.6,0.1999999999999993,-0.19999999999999574,1,COMFORT
29.0,35.0,0.0,0.0,1,COMFORT
37.9,26.8,0.6999999999999957,-2.3999999999999986,2,WARM_HUMID
24.6,72.6,0.0,0.0,1,COMFORT
30.8,67.3,-0.8999999999999986,5.0,2,WARM_HUMID
22.5,34.5,-0.8000000000000007,1.6000000000000014,1,COMFORT
26.0,48.4,-1.5,1.7999999999999972,1,COMFORT
20.9,48.1,0.0,0.0,1,COMFORT
22.1,36.0,0.0,-1.7000000000000028,2,WARM_HUMID
27.0,32.2,1.1000000000000014,-2.8999999999999986,3,HOT
22.1,31.8,-0.1999999999999993,-5.0,3,HOT
23.5,40.4,0.3000000000000007,-0.30000000000000426,0,COLD
17.4,19.2,1.0,-2.6000000000000014,1,COMFORT
22.0,28.2,-0.3999999999999986,4.199999999999999,2,WARM_HUMID
28.7,75.4,0.0,0.0,0,COLD
23.0,67.2,-0.1999999999999993,0.4000000000000057,1,COMFORT
35.0,65.0,1.5,-5.0,3,HOT
25.8,56.2,-1.5,-4.5,1,COMFORT
26.1,70.8,0.0,0.0,0,COLD
22.4,51.5,1.0999999999999979,5.0,0,COLD
23.2,10.7,0.0,0.0,0,COLD
27.1,30.0,0.0,0.0,0,COLD
29.4,71.9,0.0,0.0,0,COLD
24.6,38.6,1.5,-5.0,3,HOT
30.5,25.5,-0.3999999999999986,1.0,3,HOT
18.6,39.3,-1.1999999999999993,2.5,1,COMFORT
27.5,82.2,0.0,0.0,2,WARM_HUMID
23.0,45.8,0.6000000000000014,2.6999999999999957,0,COLD
22.2,20.3,0.09999999999999787,-4.300000000000001,0,COLD
18.3,31.8,-1.5,-1.9999999999999964,0,COLD
24.4,55.6,0.1999999999999993,0.0,0,COLD
24.9,59.5,0.0,0.0,3,HOT
30.8,40.3,0.1999999999999993,-1.2000000000000028,2,WARM_HUMID
26.4,51.5,0.0,0.0,1,COMFORT
32.4,64.3,0.5,5.0,2,WARM_HUMID
18.5,33.5,0.8000000000000007,-3.1000000000000014,0,COLD
24.0,30.3,-0.6000000000000014,-1.1999999999999993,2,WARM_HUMID
22.8,41.1,0.6000000000000014,4.600000000000001,0,COLD
21.2,49.8,0.1999999999999993,0.5999999999999943,1,COMFORT
28.5,77.4,-1.3999999999999986,-0.5999999999999943,0,COLD
22.5,61.3,0.10000000000000142,0.5999999999999943,1,COMFORT
21.6,40.8,0.0,4.099999999999994,0,COLD
25.1,72.6,0.3000000000000007,-0.6000000000000085,0,COLD
24.1,26.3,1.5,1.6000000000000014,1,COMFORT
18.4,39.2,-0.3000000000000007,0.0,1,COMFORT
24.9,44.4,-0.40000000000000213,-2.3000000000000043,2,WARM_HUMID
27.3,76.8,0.0,0.0,0,COLD
22.5,26.5,0.10000000000000142,4.0,1,COMFORT
23.5,16.7,0.6999999999999993,0.5,1,COMFORT
22.4,26.6,0.09999999999999787,1.6000000000000014,1,COMFORT
22.1,41.4,0.10000000000000142,-3.0,0,COLD
24.0,62.1,-0.1999999999999993,-1.1999999999999957,1,COMFORT
23.5,62.8,0.0,0.0,3,HOT
28.2,46.2,1.5,5.0,1,COMFORT
30.5,67.8,-0.5,3.0999999999999943,1,COMFORT
23.6,49.0,-0.7999999999999972,3.8999999999999986,1,COMFORT
22.7,27.1,-1.5,-3.6999999999999993,1,COMFORT
22.4,24.6,0.5999999999999979,-5.0,2,WARM_HUMID
21.8,47.9,0.10000000000000142,0.10000000000000142,0,COLD
25.8,71.7,0.10000000000000142,-1.3999999999999915,2,WARM_HUMID
22.5,62.6,-0.5,-1.1999999999999957,1,COMFORT
21.4,21.4,-0.10000000000000142,0.0,1,COMFORT
23.7,43.2,-0.8000000000000007,1.9000000000000057,0,COLD
26.4,37.8,0.5,5.0,3,HOT
23.5,30.8,-0.1999999999999993,-5.0,2,WARM_HUMID
27.8,29.0,0.0,0.0,0,COLD
26.0,42.7,-0.10000000000000142,0.8000000000000043,1,COMFORT
25.0,35.8,-0.10000000000000142,-2.0,2,WARM_HUMID
22.1,52.4,0.10000000000000142,-0.20000000000000284,1,COMFORT
23.6,36.1,0.8000000000000007,0.10000000000000142,2,WARM_HUMID
27.6,27.1,1.5,-5.0,2,WARM_HUMID
23.6,32.9,1.0,-1.6000000000000014,2,WARM_HUMID
23.9,83.2,0.6999999999999993,2.5,1,COMFORT
33.0,20.7,0.0,-1.6999999999999993,2,WARM_HUMID
20.1,40.7,-1.0,0.4000000000000057,1,COMFORT
36.2,45.0,1.5,5.0,2,WARM_HUMID
22.6,29.4,-0.29999999999999716,-0.6000000000000014,1,COMFORT
23.2,47.6,-1.5,5.0,1,COMFORT
24.2,38.1,0.0,0.10000000000000142,2,WARM_HUMID
23.0,53.7,-0.5,3.9000000000000057,1,COMFORT
22.0,36.1,0.0,0.0,0,COLD
24.0,60.0,0.6999999999999993,-2.0,1,COMFORT
27.7,46.8,-0.1999999999999993,0.8999999999999986,1,COMFORT
23.8,57.6,0.5,-1.7999999999999972,2,WARM_HUMID
23.2,32.5,-0.3000000000000007,0.10000000000000142,1,COMFORT
29.0,38.9,0.6999999999999993,-2.1000000000000014,2,WARM_HUMID
21.3,48.4,0.0,0.0,1,COMFORT
23.6,49.4,1.2000000000000028,-3.8000000000000043,1,COMFORT
23.4,68.3,0.29999999999999716,-2.9000000000000057,1,COMFORT
23.6,21.6,1.5,-5.0,0,COLD
24.4,45.0,0.6999999999999993,-3.0,2,WARM_HUMID
20.3,34.9,-0.3000000000000007,-3.8000000000000043,0,COLD
23.2,19.9,1.3999999999999986,-2.6000000000000014,1,COMFORT
23.2,25.6,-1.5,-0.6999999999999993,2,WARM_HUMID
22.7,52.0,-1.5,5.0,1,COMFORT
21.9,28.1,-1.5,5.0,0,COLD
25.9,30.6,-0.20000000000000284,4.0,2,WARM_HUMID
30.8,50.0,-1.5,5.0,1,COMFORT
19.8,37.8,-1.3999999999999986,-1.2000000000000028,0,COLD
22.3,39.3,-1.5,-1.5,1,COMFORT
24.8,55.6,-0.3999999999999986,0.0,0,COLD
20.1,43.0,-0.1999999999999993,1.1000000000000014,1,COMFORT
25.0,39.2,-0.8999999999999986,-0.29999999999999716,1,COMFORT
27.4,33.6,1.5,-0.6999999999999957,2,WARM_HUMID
20.9,33.5,1.0999999999999979,-2.6000000000000014,0,COLD
24.1,47.0,-0.09999999999999787,0.0,2,WARM_HUMID
26.6,14.1,0.3000000000000007,-4.500000000000002,3,HOT
23.8,34.0,0.1999999999999993,-5.0,3,HOT
22.3,50.0,-0.3999999999999986,-3.1000000000000014,2,WARM_HUMID
22.8,51.2,-0.1999999999999993,-1.1999999999999957,0,COLD
21.3,37.6,0.0,0.0,1,COMFORT
22.6,22.4,0.8000000000000007,0.0,0,COLD
23.3,40.8,-0.8999999999999986,3.299999999999997,1,COMFORT
19.5,50.0,-1.5,5.0,1,COMFORT
24.2,27.1,0.8999999999999986,-0.29999999999999716,2,WARM_HUMID
27.0,36.8,0.1999999999999993,-2.1000000000000014,3,HOT
17.9,36.9,-0.6000000000000014,3.3999999999999986,1,COMFORT
30.3,65.9,-0.3000000000000007,0.10000000000000853,3,HOT
23.7,28.2,-0.10000000000000142,-0.10000000000000142,3,HOT
30.1,71.5,0.0,0.0,1,COMFORT
24.0,44.4,-0.3999999999999986,-0.20000000000000284,1,COMFORT
22.3,44.9,-0.3000000000000007,5.0,0,COLD
23.7,44.9,0.5,-1.0,2,WARM_HUMID
20.5,61.7,1.5,2.0,1,COMFORT
21.7,82.6,-0.10000000000000142,1.1999999999999886,1,COMFORT
23.8,24.9,-0.5,-1.2000000000000028,2,WARM_HUMID
29.3,26.4,-1.5,-1.6000000000000014,1,COMFORT
12.2,63.1,0.0,0.3999999999999986,0,COLD
21.7,63.6,-0.9000000000000021,5.0,0,COLD
32.2,50.8,1.5,-5.0,2,WARM_HUMID
26.8,30.2,0.10000000000000142,-1.6000000000000014,1,COMFORT
26.8,47.0,0.0,0.0,0,COLD
24.4,61.6,-0.7000000000000028,2.6000000000000014,1,COMFORT
23.6,51.7,0.0,0.0,3,HOT
20.4,53.6,-0.9000000000000021,1.6000000000000014,0,COLD
22.0,35.7,1.5,-4.699999999999996,2,WARM_HUMID
23.7,23.9,0.3999999999999986,-1.7000000000000028,1,COMFORT
25.7,53.6,0.0,0.0,1,COMFORT
25.8,55.6,0.8000000000000007,0.0,0,COLD
21.0,33.8,0.0,4.099999999999998,0,COLD
21.2,20.6,0.09999999999999787,-1.7999999999999972,1,COMFORT
26.1,66.5,-0.29999999999999716,0.5,3,HOT
22.7,51.6,0.0,0.0,0,COLD
24.1,63.1,0.0,0.0,2,WARM_HUMID
32.4,38.0,0.19999999999999574,1.0,3,HOT
32.2,67.3,0.20000000000000284,0.5999999999999943,2,WARM_HUMID
20.5,31.5,-0.5,-5.0,1,COMFORT
23.6,44.3,-0.09999999999999787,-0.10000000000000142,1,COMFORT
22.4,71.3,0.5,-0.7000000000000028,0,COLD
17.8,40.0,0.0,0.0,0,COLD
21.6,43.9,-1.5,5.0,3,HOT
22.3,34.2,-1.5,-5.0,1,COMFORT
30.2,73.0,0.0,0.0,2,WARM_HUMID
23.3,40.2,-0.09999999999999787,0.7000000000000028,1,COMFORT
23.6,53.9,0.40000000000000213,-5.0,3,HOT
29.0,23.4,1.0,5.0,3,HOT
24.0,25.8,1.5,-4.899999999999999,3,HOT
27.7,32.2,-0.3000000000000007,1.2000000000000028,2,WARM_HUMID
24.1,55.6,-0.29999999999999716,-2.6000000000000014,1,COMFORT
24.6,41.8,-1.5,5.0,1,COMFORT
23.2,51.3,-0.5,1.3999999999999986,0,COLD
26.4,38.5,0.0,3.0,2,WARM_HUMID
23.3,41.6,1.5,-5.0,3,HOT
22.5,65.6,-0.8999999999999986,-0.20000000000000284,2,WARM_HUMID
18.6,58.3,0.0,0.0,0,COLD
19.7,35.6,0.0,0.0,1,COMFORT
23.3,33.9,-1.5,-0.8000000000000043,2,WARM_HUMID
26.5,61.2,-0.8999999999999986,-5.0,1,COMFORT
26.9,54.0,0.0,0.0,1,COMFORT
21.4,28.1,-1.5,5.0,0,COLD
26.9,47.0,0.0,0.0,1,COMFORT
21.4,31.5,0.09999999999999787,1.6000000000000014,0,COLD
21.3,25.1,0.3000000000000007,-0.8999999999999986,1,COMFORT
21.7,51.4,0.0,0.0,0,COLD
19.4,64.6,0.7999999999999972,-5.0,2,WARM_HUMID
31.2,69.0,1.5,5.0,2,WARM_HUMID
15.1,49.3,-1.5,5.0,0,COLD
22.0,57.1,0.0,0.0,0,COLD
26.2,61.0,0.09999999999999787,-2.1000000000000014,2,WARM_HUMID
19.7,25.6,0.5999999999999979,-5.0,0,COLD
22.8,46.7,-0.8000000000000007,5.0,1,COMFORT
24.0,30.5,1.5,0.0,0,COLD
26.7,58.5,0.5999999999999979,-1.5,3,HOT
24.5,62.9,-1.0,1.3999999999999986,1,COMFORT
22.2,20.8,1.5,-5.0,1,COMFORT
25.9,27.0,0.0,-1.0,0,COLD
29.5,30.0,0.6999999999999993,-3.0,1,COMFORT
21.5,37.3,0.0,0.0,2,WARM_HUMID
23.2,30.8,-0.6000000000000014,-0.09999999999999787,2,WARM_HUMID
32.7,54.0,0.5,3.0,2,WARM_HUMID
22.1,67.5,0.3000000000000007,0.9000000000000057,1,COMFORT
24.5,45.4,0.3000000000000007,0.10000000000000142,0,COLD
27.4,36.0,0.0,0.0,1,COMFORT
29.7,39.6,1.5,-3.0,2,WARM_HUMID
22.4,51.0,-0.5,5.0,0,COLD
27.2,64.9,0.09999999999999787,0.8000000000000114,2,WARM_HUMID
31.7,51.0,-0.5000000000000036,-2.0,1,COMFORT
24.4,25.3,-0.40000000000000213,3.3000000000000007,2,WARM_HUMID
25.0,62.0,1.5,-1.0,0,COLD
22.2,37.2,-1.5,-5.0,1,COMFORT
30.9,18.4,-0.3000000000000007,4.199999999999999,2,WARM_HUMID
27.9,66.0,0.0,0.0,1,COMFORT
30.9,37.0,1.5,-1.0,3,HOT
25.2,39.9,1.5,-5.0,3,HOT
21.2,70.8,0.0,0.0,3,HOT
28.1,52.8,0.20000000000000284,-0.8000000000000043,1,COMFORT
32.6,29.2,0.6000000000000014,0.09999999999999787,2,WARM_HUMID
23.5,21.3,0.0,0.0,1,COMFORT
24.1,53.9,0.3000000000000007,-1.7000000000000028,3,HOT
25.8,60.0,0.0,0.0,0,COLD
22.1,36.0,0.0,1.5,1,COMFORT
23.4,49.0,-0.7000000000000028,2.0,0,COLD
26.9,59.0,0.0,0.0,1,COMFORT
25.1,36.8,1.5,0.5999999999999943,3,HOT
30.1,68.1,1.5,-5.0,0,COLD
12.2,28.6,0.3999999999999986,0.8000000000000007,0,COLD
21.6,71.8,0.0,0.0,2,WARM_HUMID
22.5,29.1,-0.1999999999999993,5.0,1,COMFORT
26.8,48.0,0.0,0.0,0,COLD
21.9,26.5,-0.10000000000000142,-5.0,1,COMFORT
23.9,42.8,0.0,0.09999999999999432,0,COLD
19.0,41.3,-0.5,4.199999999999996,0,COLD
23.6,32.7,0.20000000000000284,3.6000000000000014,2,WARM_HUMID
27.1,64.8,0.6000000000000014,3.5999999999999943,2,WARM_HUMID
27.0,52.9,0.0,0.0,0,COLD
18.1,58.5,0.0,0.0,0,COLD
25.7,49.6,0.09999999999999787,1.6000000000000014,1,COMFORT
21.8,27.5,0.1999999999999993,0.0,1,COMFORT
27.0,63.0,-1.5,5.0,1,COMFORT
22.5,43.1,-0.8999999999999986,5.0,1,COMFORT
23.1,42.7,0.0,0.0,0,COLD
25.1,22.5,0.0,0.0,2,WARM_HUMID
25.1,37.0,-1.0999999999999979,-1.0,2,WARM_HUMID
19.8,51.3,0.5,-1.9000000000000057,1,COMFORT
24.2,42.9,-0.10000000000000142,1.6000000000000014,2,WARM_HUMID
22.1,71.0,-1.1999999999999993,1.9000000000000057,1,COMFORT
24.9,59.5,0.0,0.0,3,HOT
22.3,46.0,0.0,0.0,0,COLD
24.8,54.7,0.0,0.0,2,WARM_HUMID
27.0,52.5,-1.5,5.0,2,WARM_HUMID
29.4,71.0,-0.6000000000000014,5.0,2,WARM_HUMID
22.0,22.7,-0.10000000000000142,-0.10000000000000142,0,COLD
23.8,29.1,1.5,-3.8999999999999986,1,COMFORT
23.8,65.2,1.5,5.0,0,COLD
23.6,57.4,-0.7999999999999972,-4.700000000000003,1,COMFORT
19.7,51.5,0.0,0.0,1,COMFORT
28.1,52.8,0.20000000000000284,-0.8000000000000043,1,COMFORT
25.9,33.8,1.0999999999999979,0.5999999999999943,0,COLD
24.6,51.4,0.10000000000000142,0.3999999999999986,1,COMFORT
26.2,40.4,1.3999999999999986,-1.5,3,HOT
23.8,27.0,-0.3999999999999986,0.0,0,COLD
26.5,41.7,1.5,0.4000000000000057,1,COMFORT
24.4,25.1,-0.40000000000000213,-1.2999999999999972,1,COMFORT
27.5,62.0,0.10000000000000142,-1.0,0,COLD
22.4,50.2,-1.5,-5.0,0,COLD
23.0,50.2,-0.10000000000000142,0.6000000000000014,1,COMFORT
28.7,67.0,0.0,0.0,2,WARM_HUMID
24.0,47.9,1.5,3.299999999999997,1,COMFORT
24.7,39.4,-0.3000000000000007,-0.3999999999999986,0,COLD
23.3,33.5,0.0,0.29999999999999716,1,COMFORT
22.5,64.5,-0.3999999999999986,0.09999999999999432,1,COMFORT
22.4,54.0,0.0,0.0,0,COLD
23.4,25.8,-1.5,-1.5999999999999979,2,WARM_HUMID
24.9,46.0,0.0,0.0,0,COLD
23.6,25.7,1.1000000000000014,0.0,2,WARM_HUMID
26.3,71.0,0.0,0.0,0,COLD
26.5,26.6,0.0,0.0,2,WARM_HUMID
24.7,45.7,-0.5,2.4000000000000057,2,WARM_HUMID
17.3,43.2,0.5,0.0,1,COMFORT
25.1,35.3,0.8000000000000007,-0.4000000000000057,3,HOT
28.8,66.0,0.0,0.0,2,WARM_HUMID
31.5,26.0,0.0,0.0,2,WARM_HUMID
28.8,57.0,-0.1999999999999993,4.0,1,COMFORT
27.6,65.8,0.10000000000000142,2.299999999999997,3,HOT
31.8,59.9,0.3000000000000007,0.8999999999999986,1,COMFORT
21.7,47.0,0.0,0.0,2,WARM_HUMID
18.8,53.3,0.0,0.0,0,COLD
21.7,44.7,0.1999999999999993,-0.3999999999999986,0,COLD
24.2,75.0,-0.10000000000000142,-0.7999999999999972,1,COMFORT
19.5,57.7,0.0,0.0,0,COLD
18.6,42.9,-1.5,5.0,1,COMFORT
22.3,30.7,1.5,-5.0,1,COMFORT
22.8,29.7,0.3000000000000007,-1.6000000000000014,2,WARM_HUMID
22.8,37.5,0.6000000000000014,-3.1000000000000014,1,COMFORT
22.9,44.9,1.0,-2.6000000000000014,2,WARM_HUMID
23.5,29.1,0.10000000000000142,0.20000000000000284,3,HOT
27.4,71.2,0.5,1.9000000000000057,2,WARM_HUMID
23.2,46.6,0.5,-1.0,2,WARM_HUMID
30.2,63.6,1.0999999999999979,0.0,1,COMFORT
23.4,46.0,-0.5,3.0,0,COLD
24.3,51.5,-0.3999999999999986,0.7999999999999972,2,WARM_HUMID
23.1,50.9,-0.1999999999999993,4.299999999999997,0,COLD
23.1,73.3,-0.5999999999999979,-2.1000000000000085,1,COMFORT
26.6,51.0,0.0,0.0,0,COLD
31.1,37.2,-1.5,-5.0,0,COLD
23.8,44.3,0.0,0.0,1,COMFORT
21.0,52.3,-0.3999999999999986,5.0,1,COMFORT
27.9,67.2,0.29999999999999716,1.4000000000000057,3,HOT
23.8,35.1,-0.3000000000000007,0.8000000000000043,0,COLD
25.2,64.0,1.0,5.0,0,COLD
25.0,31.3,-0.6999999999999993,-2.6999999999999993,3,HOT
21.6,40.3,-0.6999999999999993,4.099999999999994,0,COLD
33.1,50.0,0.7000000000000028,-4.0,3,HOT
17.2,52.8,0.0,0.0,0,COLD
19.8,50.6,-0.09999999999999787,0.8000000000000043,1,COMFORT
20.6,42.7,0.7000000000000028,-4.899999999999999,1,COMFORT
25.7,40.0,-1.5,5.0,0,COLD
22.8,47.6,-0.1999999999999993,-0.6999999999999957,1,COMFORT
22.3,40.9,0.1999999999999993,0.10000000000000142,1,COMFORT
23.4,56.6,0.29999999999999716,-2.1999999999999957,0,COLD
23.4,47.9,1.0999999999999979,-1.8000000000000043,0,COLD
13.5,51.5,-1.5,-5.0,0,COLD
23.0,50.7,-1.0,0.8000000000000043,0,COLD
22.9,40.5,-1.5,-5.0,3,HOT
25.5,59.0,-0.3999999999999986,0.0,3,HOT
21.7,60.3,0.0,0.0,2,WARM_HUMID
22.5,44.0,0.0,0.0,0,COLD
20.1,48.8,1.5,-5.0,1,COMFORT
33.5,31.6,-0.5,0.6000000000000014,1,COMFORT
18.4,31.2,-1.5,-3.400000000000002,1,COMFORT
24.4,57.0,0.3999999999999986,-3.0,1,COMFORT
20.6,27.8,1.3000000000000007,-5.0,0,COLD
22.6,35.9,-0.5,3.5,1,COMFORT
23.8,52.7,-0.5,0.7000000000000028,1,COMFORT
20.3,34.0,-1.0,0.6000000000000014,0,COLD
12.8,52.2,0.0,0.0,0,COLD
23.2,29.6,-0.3000000000000007,1.3000000000000007,1,COMFORT
24.5,58.5,0.10000000000000142,-2.200000000000003,2,WARM_HUMID
22.5,31.0,1.5,-1.2999999999999972,1,COMFORT
29.3,60.0,0.0,0.0,1,COMFORT
19.6,33.2,-0.3999999999999986,-5.0,2,WARM_HUMID
23.9,40.7,-1.3000000000000007,3.0,1,COMFORT
27.7,84.6,0.0,0.0,2,WARM_HUMID
28.8,60.7,-0.09999999999999787,0.0,3,HOT
28.6,40.1,-1.5,3.8999999999999986,2,WARM_HUMID
27.6,38.0,0.40000000000000213,-5.0,1,COMFORT
22.1,63.8,-0.09999999999999787,-0.7000000000000028,1,COMFORT
20.3,54.5,0.0,0.0,1,COMFORT
22.7,55.2,-1.0,5.0,0,COLD
24.2,65.9,0.0,0.10000000000000853,1,COMFORT
24.1,55.0,0.10000000000000142,0.20000000000000284,1,COMFORT
28.9,20.9,0.3999999999999986,-2.1000000000000014,1,COMFORT
21.4,50.1,-0.7000000000000028,5.0,0,COLD
20.9,45.0,-1.0,-0.8999999999999986,0,COLD
23.8,41.6,-0.6999999999999993,0.8000000000000043,0,COLD
26.9,47.0,0.0,0.0,0,COLD
21.5,39.5,-0.8000000000000007,-2.5,1,COMFORT
25.0,53.0,0.0,0.0,1,COMFORT
22.2,26.8,1.0,-1.0,0,COLD
28.0,55.0,0.3000000000000007,3.0,1,COMFORT
19.1,60.0,0.0,5.0,0,COLD
22.8,50.0,-1.5,1.3999999999999986,2,WARM_HUMID
22.2,24.5,0.3000000000000007,0.6000000000000014,0,COLD
23.4,45.2,-1.2000000000000028,2.9000000000000057,1,COMFORT
19.1,38.9,-1.5,4.799999999999997,0,COLD
22.8,35.0,-1.5,-5.0,2,WARM_HUMID
26.9,31.0,0.29999999999999716,-0.10000000000000142,2,WARM_HUMID
22.1,27.8,-0.5,2.3000000000000007,2,WARM_HUMID
37.0,75.0,0.0,0.0,3,HOT
22.1,21.1,0.10000000000000142,-5.0,0,COLD
23.9,11.2,-0.10000000000000142,-1.200000000000001,1,COMFORT
21.9,13.5,-0.6000000000000014,0.0,1,COMFORT
25.3,55.2,0.0,0.0,3,HOT
23.7,63.0,0.8000000000000007,-2.0,1,COMFORT
22.2,35.5,0.3999999999999986,-2.6000000000000014,0,COLD
20.2,46.1,-1.5,4.100000000000001,0,COLD
28.5,47.0,-1.5,5.0,1,COMFORT
24.7,59.4,0.5,-1.5,1,COMFORT
22.4,74.0,-0.9000000000000021,2.0,3,HOT
29.7,47.7,-1.3000000000000007,-3.5999999999999943,3,HOT
27.0,45.6,0.0,-3.5,3,HOT
26.1,36.0,0.0,0.0,0,COLD
28.7,46.8,-0.3000000000000007,-1.9000000000000057,3,HOT
27.2,53.7,0.8000000000000007,2.200000000000003,0,COLD
23.6,34.7,0.0,5.0,1,COMFORT
27.5,63.0,0.6000000000000014,5.0,0,COLD
27.6,76.2,0.40000000000000213,-0.20000000000000284,3,HOT
28.7,61.0,0.0,0.0,1,COMFORT
22.5,22.4,0.10000000000000142,0.0,0,COLD
31.4,41.5,1.3999999999999986,0.6000000000000014,2,WARM_HUMID
22.4,42.3,-0.10000000000000142,-2.1000000000000014,1,COMFORT
20.7,40.7,1.0999999999999979,0.20000000000000284,0,COLD
22.0,28.0,-0.3999999999999986,2.1999999999999993,1,COMFORT
18.7,68.0,-0.10000000000000142,1.0,1,COMFORT
23.4,40.9,0.09999999999999787,-0.10000000000000142,2,WARM_HUMID
23.2,18.2,0.0,0.0,3,HOT
23.6,39.9,-0.1999999999999993,5.0,2,WARM_HUMID
26.6,38.8,-1.5,5.0,2,WARM_HUMID
25.8,53.0,0.0,0.0,2,WARM_HUMID
26.1,61.7,-0.1999999999999993,0.6000000000000014,1,COMFORT
23.0,42.1,1.0,-3.3999999999999986,3,HOT
22.1,53.6,0.5,1.8000000000000043,1,COMFORT
22.9,30.1,0.29999999999999716,5.0,3,HOT
26.5,70.6,-1.1000000000000014,-5.0,2,WARM_HUMID
20.8,46.3,-0.6999999999999993,-3.6000000000000014,2,WARM_HUMID
16.4,50.4,-1.5,5.0,0,COLD
25.3,40.6,0.3000000000000007,-3.6999999999999957,3,HOT
24.8,49.0,0.0,5.0,1,COMFORT
24.2,49.8,-0.10000000000000142,2.6999999999999957,1,COMFORT
21.0,33.5,0.3000000000000007,2.1999999999999993,1,COMFORT
22.6,26.2,-0.8999999999999986,-4.600000000000001,2,WARM_HUMID
31.7,69.2,0.1999999999999993,-1.0,1,COMFORT
28.9,31.3,1.3999999999999986,0.0,3,HOT
22.4,25.5,0.0,-1.0,1,COMFORT
25.9,53.8,0.5999999999999979,-1.6000000000000014,1,COMFORT
30.0,85.0,0.0,-5.0,3,HOT
26.0,84.8,-0.3999999999999986,-4.5,0,COLD
24.8,57.6,-0.3999999999999986,0.6000000000000014,1,COMFORT
29.7,70.3,0.0,0.0,1,COMFORT
30.2,68.5,1.3000000000000007,5.0,1,COMFORT
24.8,46.0,0.0,0.0,1,COMFORT
25.1,43.3,0.8000000000000007,-4.800000000000004,1,COMFORT
22.7,42.5,0.09999999999999787,-1.0,2,WARM_HUMID
22.3,31.9,-1.5,2.5,2,WARM_HUMID
27.4,41.4,-0.40000000000000213,-5.0,3,HOT
32.4,52.8,-0.5,5.0,3,HOT
23.4,31.4,-0.20000000000000284,0.8999999999999986,1,COMFORT
29.6,44.0,0.0,0.0,2,WARM_HUMID
33.6,65.2,-1.2999999999999972,5.0,2,WARM_HUMID
19.9,40.2,-1.2000000000000028,0.4000000000000057,0,COLD
21.5,37.3,-1.1000000000000014,4.299999999999997,1,COMFORT
22.3,56.7,-1.5,-5.0,0,COLD
25.0,41.1,-0.10000000000000142,0.7000000000000028,1,COMFORT
25.8,66.7,-1.5,-5.0,1,COMFORT
24.1,47.0,-0.29999999999999716,2.0,1,COMFORT
25.3,44.1,0.0,5.0,0,COLD
23.4,27.5,0.1999999999999993,5.0,0,COLD
24.5,31.4,-0.1999999999999993,0.09999999999999787,2,WARM_HUMID
21.0,33.9,0.1999999999999993,-0.7000000000000028,1,COMFORT
24.6,30.0,1.5,-4.0,3,HOT
29.2,30.2,1.5,1.6999999999999993,1,COMFORT
21.7,45.3,0.09999999999999787,5.0,1,COMFORT
20.4,39.8,0.5,1.3999999999999986,0,COLD
25.2,56.8,0.3999999999999986,-0.5,2,WARM_HUMID
23.1,56.7,0.10000000000000142,-5.0,1,COMFORT
23.7,46.7,0.5,-2.5,1,COMFORT
25.5,46.3,1.3999999999999986,-4.900000000000006,3,HOT
35.0,54.0,0.0,-5.0,3,HOT
25.3,50.8,-0.3999999999999986,0.7999999999999972,1,COMFORT
28.6,58.1,-0.5999999999999979,5.0,1,COMFORT
32.0,64.5,1.1000000000000014,-5.0,3,HOT
22.1,45.0,0.0,0.0,1,COMFORT
25.6,48.2,0.0,0.0,1,COMFORT
25.8,42.2,1.1000000000000014,-3.0999999999999943,1,COMFORT
22.8,51.1,-1.0,2.1000000000000014,2,WARM_HUMID
20.3,42.8,0.0,-0.20000000000000284,1,COMFORT
23.3,33.2,-1.0999999999999979,2.200000000000003,0,COLD
25.1,35.7,1.0,-4.399999999999999,2,WARM_HUMID
22.5,38.6,-0.10000000000000142,-5.0,1,COMFORT
29.3,30.5,1.5,-1.7000000000000028,3,HOT
31.8,23.0,0.3000000000000007,0.0,2,WARM_HUMID
19.6,72.5,1.5,5.0,1,COMFORT
30.7,62.0,0.8999999999999986,0.0,1,COMFORT
25.2,52.4,0.6999999999999993,-1.3999999999999986,0,COLD
21.2,71.0,0.0,0.0,1,COMFORT
25.5,41.7,0.5,-1.0,2,WARM_HUMID
27.9,74.0,-0.20000000000000284,1.0,2,WARM_HUMID
31.0,64.7,0.0,0.0,0,COLD
23.3,50.6,-0.3000000000000007,1.2000000000000028,1,COMFORT
29.6,29.0,0.0,0.0,1,COMFORT
26.5,59.0,0.0,0.0,2,WARM_HUMID
24.8,39.0,-0.3999999999999986,1.0,1,COMFORT
21.3,33.8,0.3000000000000007,-1.2000000000000028,0,COLD
23.7,28.2,-0.40000000000000213,1.0,3,HOT
29.2,63.3,-0.5,-0.9000000000000057,1,COMFORT
21.0,50.3,0.0,0.3999999999999986,1,COMFORT
28.3,78.0,1.5,3.9000000000000057,1,COMFORT
24.7,31.7,-0.5,0.3999999999999986,3,HOT
27.2,49.9,0.3000000000000007,-0.8000000000000043,1,COMFORT
20.6,56.2,-1.5,5.0,0,COLD
25.5,38.5,1.0,-5.0,3,HOT
24.0,22.8,0.0,0.0,1,COMFORT
31.0,32.3,-1.0,0.8999999999999986,2,WARM_HUMID
27.6,51.1,0.0,1.1000000000000014,1,COMFORT
23.4,40.4,0.0,1.5,1,COMFORT
29.1,68.0,0.3000000000000007,-5.0,1,COMFORT
19.4,56.7,0.0,0.0,0,COLD
23.8,64.4,-0.1999999999999993,-3.8999999999999915,0,COLD
21.8,22.3,-1.5,-1.3000000000000007,1,COMFORT
23.0,55.6,-0.3000000000000007,0.0,1,COMFORT
20.3,62.4,0.0,0.0,1,COMFORT
25.4,60.3,-1.0,-5.0,0,COLD
25.5,49.0,0.0,0.0,0,COLD
30.8,67.0,0.0,1.0,1,COMFORT
23.6,36.6,0.40000000000000213,1.3999999999999986,1,COMFORT
26.5,25.9,1.5,-5.0,1,COMFORT
20.0,40.6,-1.1999999999999993,3.200000000000003,1,COMFORT
26.4,43.0,0.0,0.0,1,COMFORT
24.8,79.3,0.10000000000000142,-0.10000000000000853,1,COMFORT
23.4,63.8,0.29999999999999716,0.0,1,COMFORT
27.8,46.3,0.10000000000000142,-1.6000000000000014,1,COMFORT
15.0,40.7,-1.5,3.4000000000000057,0,COLD
23.2,69.0,-1.5,5.0,0,COLD
19.3,57.0,-0.1999999999999993,5.0,1,COMFORT
21.2,32.7,-0.10000000000000142,-0.5999999999999943,0,COLD
22.3,57.5,-0.6999999999999993,2.1000000000000014,1,COMFORT
27.3,79.2,-1.0,-5.0,1,COMFORT
20.2,49.1,0.8999999999999986,-1.8999999999999986,0,COLD
22.6,67.0,-0.5999999999999979,5.0,0,COLD
31.6,56.3,0.3000000000000007,0.19999999999999574,2,WARM_HUMID
30.9,40.2,-1.5,5.0,2,WARM_HUMID
25.3,48.3,-1.0,5.0,1,COMFORT
22.2,41.9,-1.5,5.0,1,COMFORT
22.8,32.3,0.10000000000000142,1.5999999999999979,1,COMFORT
30.3,72.0,0.10000000000000142,-3.799999999999997,0,COLD
24.9,52.0,0.0,0.0,1,COMFORT
20.7,26.0,-1.5,-5.0,2,WARM_HUMID
20.1,22.9,-1.5,-5.0,1,COMFORT
24.7,50.0,0.0,0.0,1,COMFORT
25.3,43.6,0.0,0.0,1,COMFORT
29.2,29.5,-0.6000000000000014,-0.5,3,HOT
23.1,47.1,-1.3999999999999986,5.0,1,COMFORT
26.6,78.7,0.40000000000000213,1.5,2,WARM_HUMID
24.4,31.1,-0.20000000000000284,1.9000000000000021,1,COMFORT
27.4,57.1,0.5999999999999979,-5.0,1,COMFORT
31.0,40.0,-1.5,5.0,2,WARM_HUMID
24.5,41.5,0.1999999999999993,-2.3999999999999986,0,COLD
26.0,24.2,-0.1999999999999993,0.09999999999999787,1,COMFORT
20.5,30.0,0.1999999999999993,-5.0,0,COLD
25.1,70.2,0.40000000000000213,-3.8999999999999915,2,WARM_HUMID
32.0,67.4,0.6000000000000014,-2.8999999999999915,1,COMFORT
20.6,39.8,-0.5,2.299999999999997,0,COLD
22.6,30.4,-0.1999999999999993,-0.3000000000000007,1,COMFORT
28.4,51.8,-1.5,-5.0,0,COLD
23.8,45.5,1.0,0.5,2,WARM_HUMID
21.9,42.0,0.0,1.1000000000000014,2,WARM_HUMID
24.1,62.7,0.0,0.0,1,COMFORT
22.9,55.6,-0.10000000000000142,0.0,0,COLD
23.1,45.1,0.10000000000000142,-3.6999999999999957,1,COMFORT
22.0,48.3,-1.5,5.0,0,COLD
21.4,28.2,0.8999999999999986,-3.0,3,HOT
26.6,59.0,0.0,0.0,1,COMFORT
25.0,48.5,0.0,0.0,2,WARM_HUMID
32.8,54.0,0.0,5.0,1,COMFORT
24.6,72.0,0.0,-0.09999999999999432,1,COMFORT
23.2,60.9,-0.1999999999999993,0.0,0,COLD
27.3,33.0,-0.5,0.0,1,COMFORT
29.0,63.0,1.0,-5.0,0,COLD
24.0,37.1,-0.3999999999999986,1.6000000000000014,1,COMFORT
31.5,68.3,0.10000000000000142,-1.7000000000000028,3,HOT
18.0,70.0,1.0,0.0,1,COMFORT
28.0,37.0,0.0,0.0,3,HOT
28.7,31.0,0.0,1.0,1,COMFORT
23.2,15.6,0.8999999999999986,-5.0,0,COLD
23.0,50.3,1.5,-5.0,3,HOT
22.2,52.2,-1.5,5.0,1,COMFORT
22.2,51.0,-0.5,-2.0,1,COMFORT
22.2,54.2,-1.0,2.5,1,COMFORT
30.3,64.2,0.10000000000000142,-1.5999999999999943,1,COMFORT
25.3,43.8,0.10000000000000142,0.19999999999999574,1,COMFORT
22.8,20.2,-0.09999999999999787,0.8000000000000007,2,WARM_HUMID
23.0,36.4,-0.10000000000000142,5.0,0,COLD
24.2,32.1,-0.9000000000000021,-5.0,2,WARM_HUMID
25.3,28.3,0.40000000000000213,0.0,2,WARM_HUMID
30.6,68.0,0.20000000000000284,0.4000000000000057,1,COMFORT
33.8,42.0,-0.4000000000000057,3.0,3,HOT
23.0,52.8,0.6999999999999993,0.0,0,COLD
22.9,69.1,1.5,-1.7000000000000028,1,COMFORT
20.2,63.1,-1.5,5.0,1,COMFORT
28.3,62.8,-1.5,5.0,3,HOT
22.9,30.7,-0.5,3.8999999999999986,0,COLD
21.4,80.4,0.0,0.6000000000000085,1,COMFORT
27.0,68.7,0.0,0.0,0,COLD
26.6,80.0,0.10000000000000142,5.0,2,WARM_HUMID
21.0,34.6,0.6999999999999993,0.30000000000000426,2,WARM_HUMID
30.4,70.7,0.0,0.0,3,HOT
26.7,69.6,0.0,0.8999999999999915,1,COMFORT
27.2,67.3,0.09999999999999787,2.5,1,COMFORT
16.1,38.4,-1.5,2.299999999999997,0,COLD
26.4,36.0,0.0,0.0,1,COMFORT
25.5,27.5,1.5,-3.3999999999999986,3,HOT
26.6,25.0,0.8000000000000007,-1.1000000000000014,0,COLD
22.5,31.2,-1.5,-3.599999999999998,1,COMFORT
26.1,68.0,0.0,0.0,1,COMFORT
27.0,52.0,0.0,0.0,3,HOT
30.3,33.4,-0.6999999999999993,1.3999999999999986,2,WARM_HUMID
24.0,55.7,-0.1999999999999993,5.0,2,WARM_HUMID
19.2,29.0,0.0,-0.6000000000000014,1,COMFORT
31.9,78.0,0.8999999999999986,-5.0,3,HOT
23.2,61.8,0.3000000000000007,-0.30000000000000426,1,COMFORT
23.7,25.1,0.6999999999999993,-4.0,1,COMFORT
29.5,37.0,1.5,-5.0,1,COMFORT
23.1,71.9,0.0,0.0,2,WARM_HUMID
29.4,77.8,0.0,0.0,1,COMFORT
21.8,28.8,-1.3999999999999986,-1.0999999999999979,0,COLD
31.4,65.0,0.09999999999999787,5.0,2,WARM_HUMID
24.9,45.5,1.5,-5.0,1,COMFORT
36.0,63.0,0.0,-5.0,3,HOT
19.6,45.8,-0.7999999999999972,0.19999999999999574,0,COLD
22.6,44.0,0.20000000000000284,-0.3999999999999986,2,WARM_HUMID
22.5,46.6,0.1999999999999993,-5.0,2,WARM_HUMID
27.1,52.1,0.10000000000000142,-2.0,2,WARM_HUMID
24.0,43.0,1.5,-3.0,1,COMFORT
30.4,20.0,-0.6000000000000014,1.3000000000000007,3,HOT
21.8,79.8,-0.5,1.0999999999999943,1,COMFORT
22.1,45.0,-1.5,5.0,2,WARM_HUMID
27.5,67.6,0.0,0.0,1,COMFORT
22.6,37.0,-0.6999999999999993,1.7999999999999972,2,WARM_HUMID
24.2,25.8,0.0,2.900000000000002,3,HOT
27.1,74.0,0.3000000000000007,-3.0,2,WARM_HUMID
23.9,41.0,-1.4000000000000021,1.7000000000000028,1,COMFORT
27.3,57.0,-0.6999999999999993,1.0,2,WARM_HUMID
24.4,62.0,0.3999999999999986,2.0,0,COLD
28.5,80.1,0.1999999999999993,-1.8000000000000114,1,COMFORT
26.1,27.0,0.0,0.0,0,COLD
20.9,44.3,0.6999999999999993,0.6999999999999957,0,COLD
27.1,52.1,0.10000000000000142,-2.0,2,WARM_HUMID
23.6,41.3,-1.0,-2.4000000000000057,1,COMFORT
24.0,31.7,0.0,-5.0,1,COMFORT
21.3,24.3,-0.6999999999999993,-3.3000000000000007,0,COLD
27.0,74.3,1.5,5.0,0,COLD
22.5,62.9,0.0,-3.500000000000007,0,COLD
23.4,25.0,0.0,-4.0,0,COLD
29.5,74.7,1.5,-5.0,3,HOT
24.4,58.0,0.1999999999999993,-0.29999999999999716,1,COMFORT
25.8,36.5,1.1999999999999993,-5.0,1,COMFORT
24.1,35.7,1.1000000000000014,-5.0,0,COLD
24.2,47.6,0.09999999999999787,0.20000000000000284,1,COMFORT
24.2,36.6,0.09999999999999787,-0.6000000000000014,1,COMFORT
23.2,60.4,-0.6000000000000014,2.1999999999999957,1,COMFORT
24.1,52.8,1.5,-4.700000000000003,3,HOT
22.8,38.3,-1.5,-1.1000000000000014,2,WARM_HUMID
23.5,20.6,-0.10000000000000142,-1.3999999999999986,0,COLD
24.4,74.3,-0.10000000000000142,0.20000000000000284,1,COMFORT
24.4,28.5,-0.20000000000000284,1.0,1,COMFORT
22.9,26.2,1.5,-1.8000000000000007,1,COMFORT
21.6,22.4,0.40000000000000213,0.0,2,WARM_HUMID
27.1,31.0,1.5,-5.0,3,HOT
21.4,38.7,-0.10000000000000142,2.5,2,WARM_HUMID
30.8,75.1,-0.1999999999999993,-0.5,1,COMFORT
23.6,19.8,1.3000000000000007,5.0,1,COMFORT
16.3,22.4,0.0,-0.6000000000000014,1,COMFORT
20.8,73.5,-0.8000000000000007,5.0,0,COLD
18.2,34.4,-1.5,-2.8000000000000043,0,COLD
26.0,39.2,-1.5,5.0,3,HOT
22.1,40.4,1.5,-5.0,1,COMFORT
23.0,46.1,0.0,0.0,0,COLD
28.1,79.9,-0.1999999999999993,5.0,1,COMFORT
20.5,22.6,-1.5,1.2000000000000028,1,COMFORT
24.0,40.0,-0.1999999999999993,5.0,3,HOT
26.0,48.0,0.0,0.0,3,HOT
24.0,59.0,0.0,0.0,1,COMFORT
24.6,39.9,-1.5,1.2999999999999972,1,COMFORT
21.8,48.5,-1.1999999999999993,1.1000000000000014,2,WARM_HUMID
23.6,53.4,-0.1999999999999993,0.8999999999999986,1,COMFORT
23.5,48.4,-1.1999999999999993,-0.30000000000000426,3,HOT
24.4,60.5,0.1999999999999993,-1.5,1,COMFORT
21.0,44.1,-0.1999999999999993,-1.6000000000000014,3,HOT
24.0,33.8,0.0,0.19999999999999574,3,HOT
25.2,48.3,1.0999999999999979,-3.6000000000000014,1,COMFORT
24.4,45.4,-1.5,5.0,1,COMFORT
21.8,35.8,-0.6999999999999993,2.0,0,COLD
24.0,67.0,0.0,0.0,1,COMFORT
22.0,21.0,0.10000000000000142,1.8999999999999986,1,COMFORT
32.1,31.3,0.5,-2.4999999999999964,2,WARM_HUMID
18.7,67.0,0.0,0.0,1,COMFORT
25.5,53.7,1.5,-1.3999999999999986,3,HOT
27.3,53.0,0.5,4.0,0,COLD
34.0,59.8,-0.29999999999999716,0.0,3,HOT
24.8,25.3,0.0,-1.3000000000000007,2,WARM_HUMID
24.3,37.4,-0.1999999999999993,3.299999999999997,1,COMFORT
22.2,64.2,-0.10000000000000142,0.5,3,HOT
22.7,20.9,-0.6999999999999993,-5.0,2,WARM_HUMID
22.2,42.1,-0.5,-0.19999999999999574,2,WARM_HUMID
25.2,74.4,-1.1000000000000014,-5.0,1,COMFORT
22.6,37.1,0.8000000000000007,-5.0,1,COMFORT
24.9,40.0,0.0,0.0,1,COMFORT
21.3,26.3,0.3000000000000007,0.6000000000000014,1,COMFORT
23.8,64.4,-0.1999999999999993,-3.8999999999999915,1,COMFORT
18.8,58.8,-0.5,5.0,1,COMFORT
26.6,56.7,0.0,1.7000000000000028,2,WARM_HUMID
27.1,22.7,-1.1999999999999993,-2.3000000000000007,0,COLD
21.8,51.0,0.0,0.0,1,COMFORT
22.3,24.7,0.0,0.0,0,COLD
24.2,71.6,0.0,0.0,1,COMFORT
23.1,60.9,1.4000000000000021,1.7999999999999972,3,HOT
37.0,87.0,0.0,5.0,3,HOT
32.0,86.0,0.0,5.0,3,HOT
23.4,39.0,-1.5,-0.5,0,COLD
21.7,33.9,0.1999999999999993,-2.1000000000000014,0,COLD
24.6,72.6,0.0,0.0,0,COLD
28.9,44.0,-1.4000000000000021,-5.0,1,COMFORT
32.3,48.0,0.0,0.0,3,HOT
23.4,27.2,0.0,4.399999999999999,0,COLD
25.2,16.8,0.0,0.0,1,COMFORT
19.2,59.4,-1.0,-1.0,3,HOT
22.2,38.3,-0.40000000000000213,-0.30000000000000426,0,COLD
27.4,58.7,0.09999999999999787,-3.5999999999999943,1,COMFORT
21.6,31.8,-0.5,0.1999999999999993,1,COMFORT
31.1,44.0,1.5,-2.0,3,HOT
25.2,65.2,0.0,-0.5999999999999943,1,COMFORT
24.6,72.6,0.0,0.0,0,COLD
20.8,31.2,0.0,1.5999999999999979,0,COLD
23.0,32.3,0.1999999999999993,5.0,1,COMFORT
24.4,37.8,0.0,0.0,1,COMFORT
22.1,54.3,0.40000000000000213,-2.3000000000000043,2,WARM_HUMID
23.6,32.5,0.0,0.3999999999999986,1,COMFORT
21.0,44.0,-0.10000000000000142,5.0,0,COLD
28.0,63.6,0.10000000000000142,0.10000000000000142,1,COMFORT
23.8,55.6,1.5,0.0,1,COMFORT
21.2,30.8,0.5999999999999979,-5.0,3,HOT
21.4,49.4,-0.5,-5.0,1,COMFORT
22.3,53.3,0.0,0.0,2,WARM_HUMID
22.2,26.8,0.09999999999999787,0.8000000000000007,1,COMFORT
22.1,29.6,0.5,-5.0,2,WARM_HUMID
24.7,45.0,0.0,0.0,1,COMFORT
21.6,35.4,-0.29999999999999716,0.10000000000000142,2,WARM_HUMID
20.0,22.4,-0.6000000000000014,0.0,1,COMFORT
24.4,47.2,1.3999999999999986,-4.799999999999997,2,WARM_HUMID
23.8,36.5,0.5,5.0,1,COMFORT
22.3,47.0,-0.5999999999999979,1.0,1,COMFORT
21.5,18.2,-0.6999999999999993,-1.3000000000000007,0,COLD
25.0,66.0,0.0,0.0,1,COMFORT
24.4,37.6,-0.3000000000000007,2.0,1,COMFORT
24.5,40.1,0.0,0.6000000000000014,0,COLD
23.9,83.2,0.6999999999999993,2.5,3,HOT
25.0,68.8,-0.10000000000000142,1.2999999999999972,0,COLD
31.9,67.3,-0.20000000000000284,-0.20000000000000284,2,WARM_HUMID
29.8,46.0,0.0,0.0,1,COMFORT
24.3,62.5,0.9000000000000021,-5.0,3,HOT
22.8,36.2,1.5,1.1000000000000014,2,WARM_HUMID
24.0,59.0,0.0,0.0,1,COMFORT
31.1,59.2,0.40000000000000213,0.30000000000000426,1,COMFORT
23.3,36.8,0.9000000000000021,-5.0,0,COLD
21.7,28.1,-1.5,-2.8999999999999986,2,WARM_HUMID
26.4,45.6,0.0,0.10000000000000142,3,HOT
29.9,76.0,1.1999999999999993,1.0,1,COMFORT
20.9,43.0,0.0,0.0,1,COMFORT
29.6,75.0,0.20000000000000284,0.0,1,COMFORT
24.4,40.0,0.0,0.0,3,HOT
20.7,28.0,-1.5,5.0,0,COLD
25.8,66.7,-1.5,-5.0,1,COMFORT
21.8,32.6,-0.3000000000000007,-1.1999999999999957,1,COMFORT
22.0,57.4,-1.3000000000000007,5.0,3,HOT
11.6,63.1,0.0,0.3999999999999986,0,COLD
24.0,27.5,0.0,-0.3999999999999986,1,COMFORT
29.3,26.9,-0.8999999999999986,-5.0,3,HOT
20.1,33.5,-1.5,-2.299999999999997,3,HOT
25.3,57.6,0.1999999999999993,-0.8999999999999986,1,COMFORT
23.8,64.4,-0.1999999999999993,-3.8999999999999915,1,COMFORT
23.6,37.6,0.0,-2.5,3,HOT
18.9,62.0,0.0,0.0,0,COLD
21.9,31.8,1.5,2.6999999999999993,1,COMFORT
25.8,66.7,0.0,0.0,1,COMFORT
24.2,42.3,-1.5,-5.0,1,COMFORT
18.8,38.4,0.9000000000000021,0.0,0,COLD
24.5,33.9,0.6000000000000014,-2.200000000000003,2,WARM_HUMID
23.5,39.0,-0.1999999999999993,1.0,0,COLD
12.8,66.1,0.6000000000000014,0.3999999999999915,0,COLD
19.9,37.2,0.6999999999999993,-3.0999999999999943,0,COLD
27.1,82.0,-0.09999999999999787,2.0,1,COMFORT
23.5,33.7,-0.1999999999999993,-1.6999999999999957,0,COLD
20.7,71.6,0.0,0.0,0,COLD
24.6,73.0,0.20000000000000284,-0.7000000000000028,1,COMFORT
23.4,60.9,0.0,0.0,3,HOT
24.3,71.7,-1.0999999999999979,-3.0999999999999943,1,COMFORT
24.8,26.6,0.3000000000000007,0.20000000000000284,2,WARM_HUMID
22.0,33.9,0.3000000000000007,2.3999999999999986,1,COMFORT
34.8,56.8,1.5,-5.0,1,COMFORT
22.4,62.5,-0.40000000000000213,-2.4000000000000057,2,WARM_HUMID
20.4,71.0,0.0,0.0,1,COMFORT
22.4,46.4,-1.5,-5.0,0,COLD
30.3,54.6,0.0,0.20000000000000284,3,HOT
23.2,30.4,1.5,-5.0,1,COMFORT
22.3,58.1,-0.1999999999999993,4.600000000000001,0,COLD
34.7,22.9,0.20000000000000284,1.0,2,WARM_HUMID
23.9,60.2,0.1999999999999993,-1.0,0,COLD
26.7,47.0,0.0,0.0,3,HOT
27.4,54.6,0.0,0.0,2,WARM_HUMID
24.2,33.0,0.0,0.0,2,WARM_HUMID
27.0,74.2,1.5,5.0,0,COLD
26.0,57.7,0.0,0.0,2,WARM_HUMID
20.0,28.2,-0.10000000000000142,-0.8000000000000007,3,HOT
21.6,35.2,-0.6999999999999993,0.8000000000000043,1,COMFORT
23.4,46.1,0.0,0.10000000000000142,0,COLD
24.3,43.5,-0.09999999999999787,1.7999999999999972,3,HOT
22.9,49.9,-0.40000000000000213,2.1000000000000014,1,COMFORT
23.5,51.0,-1.5,3.5,1,COMFORT
23.5,56.2,-0.3000000000000007,0.0,0,COLD
22.2,46.4,1.0,-4.899999999999999,0,COLD
23.5,37.1,0.0,-1.0,1,COMFORT
24.2,55.0,0.0,0.0,1,COMFORT
20.3,49.3,-0.1999999999999993,-0.4000000000000057,1,COMFORT
20.8,64.4,-0.3000000000000007,-1.0,0,COLD
29.8,34.0,1.5,-3.6000000000000014,1,COMFORT
24.6,45.0,0.0,0.0,0,COLD
23.9,60.0,-0.40000000000000213,-0.6000000000000014,2,WARM_HUMID
28.9,77.2,-1.5,2.1000000000000085,1,COMFORT
23.9,30.5,-0.10000000000000142,1.1000000000000014,2,WARM_HUMID
24.0,61.3,-0.3000000000000007,1.2999999999999972,1,COMFORT
28.7,55.4,0.0,0.0,1,COMFORT
22.4,44.7,0.0,-0.09999999999999432,0,COLD
29.3,14.3,-1.5,-5.0,2,WARM_HUMID
22.6,72.0,0.40000000000000213,-1.2000000000000028,1,COMFORT
22.6,28.5,0.40000000000000213,0.0,1,COMFORT
27.2,60.8,0.0,0.0,3,HOT
17.8,26.0,0.0,0.0,1,COMFORT
19.6,45.4,-0.1999999999999993,-3.3999999999999986,0,COLD
29.6,77.2,-0.8999999999999986,2.9000000000000057,1,COMFORT
22.5,36.4,0.0,0.0,1,COMFORT
22.4,54.0,0.0,0.0,1,COMFORT
24.1,22.4,1.5,-5.0,1,COMFORT
23.0,48.0,-0.10000000000000142,5.0,2,WARM_HUMID
27.7,87.9,-0.6000000000000014,5.0,0,COLD
23.3,27.5,-0.5,0.0,0,COLD
34.8,45.7,0.09999999999999432,-0.5,3,HOT
25.7,57.2,0.0,0.0,1,COMFORT
25.6,69.0,0.5,-1.0,1,COMFORT
26.0,63.0,0.0,0.0,0,COLD
27.5,67.6,0.0,0.0,1,COMFORT
23.5,67.7,0.3000000000000007,-1.7999999999999972,1,COMFORT
23.9,40.3,0.7999999999999972,-1.5,1,COMFORT
25.4,61.2,-0.7000000000000028,-2.8999999999999915,2,WARM_HUMID
19.6,65.3,0.0,0.0,1,COMFORT
22.5,45.0,-1.5,-4.799999999999997,1,COMFORT
20.9,57.2,-1.5,5.0,1,COMFORT
23.3,32.9,0.8000000000000007,-1.6000000000000014,1,COMFORT
21.1,66.0,0.0,0.0,1,COMFORT
24.0,39.8,1.5,-2.0,1,COMFORT
15.9,71.0,-1.5,1.0,0,COLD
22.3,36.2,0.6000000000000014,-0.3999999999999986,0,COLD
30.9,63.9,0.09999999999999787,0.10000000000000142,3,HOT
24.1,50.2,0.10000000000000142,0.6000000000000014,0,COLD
21.8,33.1,0.5,-0.3999999999999986,2,WARM_HUMID
22.1,40.4,1.2000000000000028,-2.200000000000003,1,COMFORT
26.4,48.2,-1.0,-2.0,1,COMFORT
29.7,19.4,1.5,-2.3000000000000007,3,HOT
21.3,33.2,0.10000000000000142,-1.7999999999999972,1,COMFORT
23.0,27.5,1.0,-0.5,1,COMFORT
19.8,51.4,-1.5,5.0,2,WARM_HUMID
24.6,64.4,0.0,0.20000000000000284,1,COMFORT
22.6,56.0,-0.5999999999999979,1.0,1,COMFORT
23.1,37.9,0.3000000000000007,-1.3000000000000043,3,HOT
22.3,35.7,0.3000000000000007,0.5,2,WARM_HUMID
22.3,49.9,0.10000000000000142,-5.0,2,WARM_HUMID
23.7,25.8,-0.40000000000000213,0.40000000000000213,1,COMFORT
25.3,29.3,-0.6999999999999993,-5.0,3,HOT
24.6,39.0,1.0,-0.3999999999999986,1,COMFORT
21.5,41.9,-0.10000000000000142,2.0,0,COLD
27.7,86.0,0.8999999999999986,2.5,3,HOT
27.6,42.0,0.0,0.0,2,WARM_HUMID
23.5,39.4,0.6999999999999993,0.3999999999999986,1,COMFORT
32.0,86.0,1.0,5.0,2,WARM_HUMID
24.4,47.0,0.0,0.0,3,HOT
25.4,62.0,-0.40000000000000213,-0.5,1,COMFORT
31.2,34.7,0.0,-2.5999999999999943,2,WARM_HUMID
22.4,65.2,1.5,-3.5999999999999943,1,COMFORT
20.6,32.9,0.0,1.2999999999999972,0,COLD
27.1,56.0,0.0,0.0,1,COMFORT
25.3,53.9,0.10000000000000142,-5.0,0,COLD
25.1,73.8,0.8000000000000007,2.0999999999999943,2,WARM_HUMID
26.4,53.8,0.5,-1.8000000000000043,1,COMFORT
22.0,26.1,-1.3000000000000007,-2.0,0,COLD
27.2,43.0,-0.3000000000000007,-1.0,3,HOT
25.5,17.5,0.0,0.0,2,WARM_HUMID
28.3,51.0,-0.3000000000000007,5.0,3,HOT
19.8,61.0,0.9000000000000021,-1.0,1,COMFORT
22.1,50.5,-0.5,1.8999999999999986,1,COMFORT
25.9,99.7,-0.3000000000000007,0.6000000000000085,1,COMFORT
22.0,32.4,0.8000000000000007,-5.0,1,COMFORT
18.0,43.1,-1.5,5.0,1,COMFORT
21.7,38.1,1.5,-5.0,2,WARM_HUMID
22.4,43.2,0.29999999999999716,-1.1999999999999957,1,COMFORT
20.4,74.7,-0.6000000000000014,2.700000000000003,0,COLD
38.6,27.0,-0.19999999999999574,0.0,3,HOT
23.5,21.4,0.1999999999999993,-0.10000000000000142,2,WARM_HUMID
23.5,27.1,0.6000000000000014,-2.799999999999997,1,COMFORT
22.8,37.3,0.6000000000000014,-2.200000000000003,0,COLD
29.5,28.4,-1.1999999999999993,-3.200000000000003,1,COMFORT
23.2,48.0,0.8000000000000007,0.0,0,COLD
27.3,48.0,0.0,0.0,2,WARM_HUMID
22.5,30.2,-1.1000000000000014,4.5,1,COMFORT
22.9,44.9,0.1999999999999993,1.2999999999999972,1,COMFORT
29.4,55.6,-0.10000000000000142,2.5,1,COMFORT
22.7,23.3,0.09999999999999787,0.3000000000000007,1,COMFORT
20.2,35.1,-0.3000000000000007,4.5,0,COLD
28.9,26.6,0.3999999999999986,-0.09999999999999787,3,HOT
22.6,28.5,0.0,0.0,1,COMFORT
22.0,49.6,0.0,0.0,2,WARM_HUMID
23.2,35.1,0.09999999999999787,-0.10000000000000142,1,COMFORT
24.3,41.8,-0.3999999999999986,2.5999999999999943,0,COLD
22.8,47.9,-1.5,0.5,1,COMFORT
24.0,31.3,0.6999999999999993,0.3000000000000007,1,COMFORT
22.3,54.4,1.0,-4.200000000000003,1,COMFORT
31.8,55.0,0.0,0.0,1,COMFORT
24.8,65.7,0.1999999999999993,-0.7000000000000028,3,HOT
25.7,57.2,0.0,0.0,3,HOT
20.3,42.8,-0.3000000000000007,-4.300000000000004,1,COMFORT
23.2,11.9,-0.1999999999999993,-0.1999999999999993,0,COLD
28.5,71.0,-0.10000000000000142,0.0,3,HOT
25.0,51.3,-1.5,-3.0,2,WARM_HUMID
18.2,64.0,0.09999999999999787,-1.0,1,COMFORT
25.6,41.2,-0.7999999999999972,5.0,1,COMFORT
26.7,54.0,0.0,0.0,1,COMFORT
24.0,26.7,0.6000000000000014,1.8999999999999986,1,COMFORT
25.8,64.4,0.6000000000000014,2.6000000000000085,2,WARM_HUMID
23.4,46.0,0.1999999999999993,-1.0,0,COLD
17.3,26.8,-1.5,-5.0,1,COMFORT
22.9,38.3,-1.5,5.0,2,WARM_HUMID
23.1,68.8,0.0,1.0999999999999943,0,COLD
23.6,30.4,0.6000000000000014,-2.1000000000000014,2,WARM_HUMID
27.6,81.2,0.5,0.5,2,WARM_HUMID
24.3,55.5,0.0,0.0,3,HOT
24.3,44.2,-0.5,5.0,0,COLD
20.8,43.8,-0.09999999999999787,1.7999999999999972,1,COMFORT
24.4,48.5,-1.5,5.0,2,WARM_HUMID
25.5,37.1,1.1000000000000014,0.0,1,COMFORT
24.2,24.2,1.0999999999999979,-2.6999999999999993,3,HOT
27.2,60.9,0.3000000000000007,-2.6000000000000014,1,COMFORT
23.6,60.4,0.0,0.0,2,WARM_HUMID
26.4,66.4,0.0,0.0,2,WARM_HUMID
34.0,62.4,0.3999999999999986,1.2999999999999972,3,HOT
20.2,63.3,0.0,0.0,1,COMFORT
21.5,36.9,0.5,-3.8000000000000043,1,COMFORT
24.0,37.2,-0.5,3.200000000000003,0,COLD
25.6,17.3,0.0,0.0,1,COMFORT
23.2,23.3,1.5,-3.1999999999999993,3,HOT
23.1,35.7,-0.29999999999999716,-0.19999999999999574,2,WARM_HUMID
29.4,84.4,-0.6000000000000014,5.0,0,COLD
22.2,56.8,-0.40000000000000213,-1.0,1,COMFORT
23.8,28.3,0.9000000000000021,-1.1999999999999993,1,COMFORT
18.6,49.9,0.0,0.19999999999999574,0,COLD
20.3,41.9,0.1999999999999993,0.6000000000000014,1,COMFORT
20.7,30.1,1.5,-5.0,0,COLD
24.5,34.1,-0.5,-1.6999999999999957,1,COMFORT
21.5,43.1,0.0,-0.10000000000000142,2,WARM_HUMID
21.7,41.6,-1.4000000000000021,-1.2999999999999972,0,COLD
33.0,79.0,1.5,1.0,3,HOT
23.4,51.5,-1.1000000000000014,0.29999999999999716,0,COLD
20.1,41.9,0.0,0.6000000000000014,2,WARM_HUMID
22.7,41.0,0.0,0.0,2,WARM_HUMID
24.5,31.0,1.5,-5.0,1,COMFORT
22.6,33.0,0.0,0.7999999999999972,1,COMFORT
27.6,47.0,0.0,0.0,1,COMFORT
27.8,52.0,0.0,0.0,0,COLD
24.1,48.4,0.10000000000000142,-1.3999999999999986,1,COMFORT
21.3,26.2,-1.3999999999999986,3.3000000000000007,0,COLD
32.3,73.1,0.19999999999999574,2.3999999999999915,1,COMFORT
30.9,68.5,0.5,0.9000000000000057,1,COMFORT
22.7,27.3,0.3999999999999986,-5.0,1,COMFORT
23.1,33.5,-0.8999999999999986,2.1999999999999993,3,HOT
16.9,62.1,-1.5,5.0,0,COLD
22.3,46.4,-0.3999999999999986,5.0,1,COMFORT
23.7,49.0,-0.10000000000000142,0.0,0,COLD
20.6,50.2,-1.5,-5.0,1,COMFORT
25.3,69.4,1.0,-2.6999999999999886,2,WARM_HUMID
31.1,38.7,0.0,0.0,2,WARM_HUMID
22.5,48.8,-1.5,3.299999999999997,1,COMFORT
25.2,74.4,-1.1000000000000014,-5.0,1,COMFORT
22.3,44.3,0.0,0.3999999999999986,1,COMFORT
22.9,24.2,-0.10000000000000142,0.0,0,COLD
22.8,46.1,0.0,0.0,1,COMFORT
25.9,70.0,0.1999999999999993,-0.20000000000000284,1,COMFORT
21.6,36.4,-0.7999999999999972,5.0,1,COMFORT
22.6,43.2,0.10000000000000142,-1.3999999999999986,1,COMFORT
24.8,46.8,-1.5,-0.6000000000000014,0,COLD
22.9,31.7,-1.5,-3.099999999999998,0,COLD
24.0,42.1,0.3999999999999986,-2.1000000000000014,1,COMFORT
34.4,68.9,1.0,-3.8999999999999915,3,HOT
28.2,36.0,-1.5,5.0,3,HOT
30.8,65.8,0.0,0.0,2,WARM_HUMID
23.2,53.0,-1.4000000000000021,-5.0,0,COLD
31.2,59.6,0.09999999999999787,0.30000000000000426,1,COMFORT
16.8,24.1,-1.5,5.0,1,COMFORT
24.7,26.6,0.0,0.7000000000000028,2,WARM_HUMID
24.8,40.9,0.3000000000000007,0.10000000000000142,1,COMFORT
23.6,50.0,0.0,0.0,0,COLD
24.2,29.0,-1.3000000000000007,-5.0,2,WARM_HUMID
24.3,68.6,0.10000000000000142,-0.6000000000000085,1,COMFORT
23.5,39.3,-0.10000000000000142,1.0,1,COMFORT
24.6,44.5,0.10000000000000142,-1.7999999999999972,0,COLD
24.2,76.9,0.3000000000000007,-0.29999999999999716,2,WARM_HUMID
30.6,34.0,0.0,0.0,3,HOT
24.2,65.8,-0.10000000000000142,0.3999999999999915,1,COMFORT
23.0,30.5,-1.5,0.0,1,COMFORT
23.2,62.2,0.0,0.0,3,HOT
31.3,67.7,-0.1999999999999993,-0.7999999999999972,2,WARM_HUMID
21.1,27.1,-1.5,3.1000000000000014,1,COMFORT
23.8,64.8,-0.6999999999999993,2.0999999999999943,2,WARM_HUMID
28.3,40.6,0.0,-1.0,1,COMFORT
22.7,46.9,0.3000000000000007,-1.0,0,COLD
23.1,51.0,0.3000000000000007,0.0,1,COMFORT
24.8,37.8,0.3000000000000007,-2.200000000000003,0,COLD
27.4,37.0,0.0,0.0,2,WARM_HUMID
28.6,66.4,0.10000000000000142,-0.8999999999999915,0,COLD
22.5,51.4,-0.10000000000000142,1.1999999999999957,1,COMFORT
22.0,60.0,0.1999999999999993,3.0,0,COLD
24.0,38.7,-0.3000000000000007,0.20000000000000284,1,COMFORT
21.5,38.2,-1.3999999999999986,2.5,1,COMFORT
33.0,66.3,-1.5,3.299999999999997,3,HOT
21.0,40.3,0.10000000000000142,-4.0,0,COLD
23.7,59.3,-0.5,0.5,1,COMFORT
23.1,29.6,-1.5,5.0,3,HOT
25.0,54.3,-0.10000000000000142,-0.10000000000000142,1,COMFORT
24.3,55.6,-0.09999999999999787,0.0,1,COMFORT
32.1,23.0,0.0,0.0,3,HOT
17.0,60.0,-1.0,-2.0,1,COMFORT
28.8,28.2,1.5,-5.0,2,WARM_HUMID
24.2,52.8,1.5,-2.9000000000000057,1,COMFORT
23.4,19.4,-0.10000000000000142,2.5,1,COMFORT
22.0,47.3,-1.5,-0.5,0,COLD
29.6,60.1,0.10000000000000142,0.10000000000000142,2,WARM_HUMID
25.1,35.1,0.3000000000000007,2.6000000000000014,1,COMFORT
27.2,31.4,1.0,-0.6000000000000014,2,WARM_HUMID
28.7,65.6,0.1999999999999993,-2.200000000000003,1,COMFORT
23.4,28.9,-0.40000000000000213,1.3999999999999986,3,HOT
21.8,39.6,-1.3000000000000007,5.0,2,WARM_HUMID
28.7,71.3,-0.9000000000000021,-5.0,1,COMFORT
19.7,41.1,0.3999999999999986,5.0,0,COLD
26.8,55.3,1.5,-5.0,1,COMFORT
28.2,44.5,-0.3000000000000007,-0.10000000000000142,2,WARM_HUMID
20.2,29.6,1.3000000000000007,-4.299999999999997,2,WARM_HUMID
25.6,36.6,1.1000000000000014,-2.6999999999999957,0,COLD
24.6,16.7,-0.29999999999999716,-0.1999999999999993,1,COMFORT
24.3,62.3,0.0,0.0,1,COMFORT
20.4,39.1,-1.5,3.8000000000000043,1,COMFORT
29.8,39.2,-1.0999999999999979,5.0,2,WARM_HUMID
23.0,58.1,-0.10000000000000142,0.20000000000000284,1,COMFORT
23.7,33.3,-1.5,-5.0,0,COLD
24.3,52.8,0.6000000000000014,0.3999999999999986,3,HOT
32.7,62.5,0.10000000000000142,0.7999999999999972,1,COMFORT
25.9,58.9,0.09999999999999787,-2.0,1,COMFORT
27.3,49.8,-1.5,5.0,1,COMFORT
23.4,21.2,-0.3000000000000007,0.1999999999999993,2,WARM_HUMID
20.9,44.7,-1.5,-5.0,0,COLD
20.3,43.5,-1.0,5.0,1,COMFORT
24.1,40.1,0.6000000000000014,-3.6000000000000014,1,COMFORT
18.9,55.0,1.5,-5.0,0,COLD
30.4,71.4,0.0,0.0,3,HOT
22.2,45.0,-1.5,-5.0,0,COLD
19.9,59.2,0.0,0.0,3,HOT
25.1,49.2,-0.29999999999999716,-1.5,0,COLD
24.8,49.5,-0.1999999999999993,4.0,2,WARM_HUMID
26.9,45.0,0.0,0.0,0,COLD
27.2,76.8,0.0,0.0,0,COLD
27.5,67.6,0.0,0.0,1,COMFORT
21.5,30.5,0.0,0.0,0,COLD
20.7,55.3,1.5,5.0,0,COLD
17.9,68.0,-0.40000000000000213,-1.0,1,COMFORT
24.4,21.6,1.5,-2.599999999999998,1,COMFORT
24.2,22.6,-0.5,-0.29999999999999716,2,WARM_HUMID
22.2,48.4,-1.5,-0.30000000000000426,0,COLD
19.2,47.2,-0.6000000000000014,4.800000000000004,1,COMFORT
30.3,40.8,1.5,-5.0,3,HOT
27.4,56.0,0.0,0.0,1,COMFORT
30.6,27.6,0.20000000000000284,0.3000000000000007,2,WARM_HUMID
16.1,42.0,0.0,0.0,1,COMFORT
22.9,38.3,0.7999999999999972,-5.0,3,HOT
29.2,75.8,-0.6999999999999993,3.3999999999999915,3,HOT
23.2,53.7,-0.1999999999999993,1.8000000000000043,1,COMFORT
22.0,40.6,0.5,1.3000000000000043,1,COMFORT
23.4,55.6,-1.5,0.0,1,COMFORT
24.1,48.1,1.5,-5.0,2,WARM_HUMID
24.2,55.0,-1.5,5.0,1,COMFORT
30.5,41.8,-1.5,3.3999999999999986,3,HOT
28.2,52.2,0.09999999999999787,-0.5999999999999943,2,WARM_HUMID
20.6,58.0,1.5,-1.2000000000000028,1,COMFORT
25.1,46.0,-0.8999999999999986,2.1000000000000014,1,COMFORT
23.7,28.2,0.5999999999999979,-0.10000000000000142,2,WARM_HUMID
22.4,31.9,0.0,2.3999999999999986,0,COLD
24.6,72.6,0.0,0.0,0,COLD
24.0,64.0,0.0,0.0,0,COLD
21.4,39.8,0.09999999999999787,-0.7000000000000028,0,COLD
25.6,21.8,0.0,0.0,1,COMFORT
21.1,55.4,0.0,0.0,0,COLD
20.8,37.0,-1.1999999999999993,2.5,1,COMFORT
29.4,72.7,-0.7000000000000028,2.1000000000000085,1,COMFORT
22.3,24.8,0.0,-0.3999999999999986,0,COLD
25.9,46.3,-0.8000000000000007,0.0,2,WARM_HUMID
18.2,40.6,0.1999999999999993,0.5,1,COMFORT
29.2,15.3,1.5,-5.0,3,HOT
14.0,60.1,0.0,5.0,0,COLD
28.0,58.0,0.0,0.0,1,COMFORT
24.8,48.7,0.6999999999999993,-0.8999999999999986,2,WARM_HUMID
22.3,47.6,-0.5999999999999979,2.3999999999999986,1,COMFORT
22.5,31.8,-0.6999999999999993,1.3000000000000007,0,COLD
18.2,57.0,-1.0,3.8999999999999986,0,COLD
23.4,51.6,-1.5,-2.1999999999999957,0,COLD
23.6,27.1,-0.09999999999999787,-0.1999999999999993,2,WARM_HUMID
20.7,46.1,0.3999999999999986,-2.1999999999999957,0,COLD
26.0,48.0,0.0,0.0,0,COLD
27.6,42.1,0.6000000000000014,4.600000000000001,2,WARM_HUMID
24.1,62.7,0.0,0.0,1,COMFORT
24.1,69.6,0.0,0.0,0,COLD
24.9,26.7,1.5,-0.5,0,COLD
24.1,37.2,0.7000000000000028,-2.0,1,COMFORT
23.9,29.6,-0.10000000000000142,3.3000000000000007,1,COMFORT
24.3,45.1,0.0,5.0,0,COLD
22.6,26.4,0.0,0.0,3,HOT
23.6,40.3,0.0,0.0,1,COMFORT
28.8,40.0,0.0,0.0,1,COMFORT
23.5,41.0,0.6000000000000014,0.6000000000000014,0,COLD
22.1,56.9,0.20000000000000284,0.19999999999999574,0,COLD
27.4,55.0,-0.8000000000000007,2.799999999999997,3,HOT
20.4,29.5,-1.1000000000000014,2.1000000000000014,1,COMFORT
21.8,46.3,-0.6999999999999993,0.5,1,COMFORT
20.0,31.7,-1.5,1.3999999999999986,1,COMFORT
30.3,35.6,-0.3000000000000007,-2.6000000000000014,3,HOT
22.1,51.6,-1.5,-5.0,0,COLD
21.2,33.4,0.8000000000000007,-1.7000000000000028,1,COMFORT
25.5,45.6,0.0,-3.1000000000000014,0,COLD
24.2,57.2,-1.1000000000000014,-0.7999999999999972,1,COMFORT
22.1,46.9,-1.0,4.199999999999996,1,COMFORT
31.9,69.3,-0.5,0.5,2,WARM_HUMID
22.2,61.3,-0.6000000000000014,3.6999999999999957,2,WARM_HUMID
28.2,68.0,0.0,0.0,1,COMFORT
22.1,35.3,-0.6999999999999993,5.0,0,COLD
22.9,28.8,0.0,5.0,1,COMFORT
21.4,34.5,-1.5,4.399999999999999,2,WARM_HUMID
26.0,47.0,0.0,0.0,0,COLD
23.5,30.4,0.1999999999999993,-3.1000000000000014,2,WARM_HUMID
24.0,57.2,0.0,0.0,1,COMFORT
26.1,23.8,-0.5,1.5,3,HOT
25.8,65.0,0.0,0.0,1,COMFORT
25.9,59.4,-0.10000000000000142,1.0,2,WARM_HUMID
23.2,29.3,0.1999999999999993,-0.8999999999999986,1,COMFORT
18.1,39.7,-1.5,-3.3999999999999986,0,COLD
22.1,54.0,0.0,0.0,1,COMFORT
28.7,73.5,0.1999999999999993,5.0,1,COMFORT
20.9,44.3,0.6999999999999993,1.6999999999999957,2,WARM_HUMID
21.6,44.5,-1.5,5.0,3,HOT
25.2,59.7,-0.6000000000000014,-5.0,1,COMFORT
23.9,25.1,-0.40000000000000213,-0.09999999999999787,2,WARM_HUMID
24.8,65.9,-0.09999999999999787,0.4000000000000057,1,COMFORT
23.2,10.7,1.1999999999999993,-5.0,0,COLD
23.0,24.5,-1.0,-1.8000000000000007,0,COLD
22.8,42.7,0.0,-1.3999999999999986,3,HOT
23.1,24.8,-0.1999999999999993,-5.0,1,COMFORT
22.1,28.8,-0.8999999999999986,1.5,0,COLD
22.4,21.1,-0.40000000000000213,-5.0,1,COMFORT
29.6,49.0,0.0,0.0,1,COMFORT
25.8,60.9,0.5,-0.30000000000000426,1,COMFORT
21.8,51.0,0.0,0.0,1,COMFORT
25.7,39.4,1.3000000000000007,0.10000000000000142,1,COMFORT
28.5,51.4,-0.1999999999999993,0.19999999999999574,3,HOT
23.5,57.8,-0.10000000000000142,0.3999999999999986,1,COMFORT
28.0,32.0,-0.5,-0.20000000000000284,1,COMFORT
22.5,28.9,1.3000000000000007,0.5,2,WARM_HUMID
21.8,52.5,0.0,0.0,1,COMFORT
22.8,41.9,-0.6999999999999993,-5.0,1,COMFORT
20.8,22.4,0.40000000000000213,0.0,1,COMFORT
32.0,86.0,1.5,5.0,3,HOT
24.0,40.0,0.10000000000000142,-0.29999999999999716,0,COLD
22.0,33.5,0.0,-1.2000000000000028,1,COMFORT
29.9,35.0,0.0,0.0,2,WARM_HUMID
23.1,65.1,-0.1999999999999993,-0.4000000000000057,1,COMFORT
25.0,52.0,1.0,-2.0,2,WARM_HUMID
23.0,52.4,-0.3000000000000007,5.0,1,COMFORT
23.6,25.8,-0.3999999999999986,-1.0,0,COLD
24.9,31.1,-1.4000000000000021,-5.0,3,HOT
24.2,38.0,0.3000000000000007,0.0,0,COLD
22.6,61.7,-0.1999999999999993,-3.700000000000003,1,COMFORT
27.1,74.1,1.5,0.19999999999998863,3,HOT
22.6,45.9,-0.09999999999999787,-4.600000000000001,0,COLD
25.4,46.7,0.5,2.3000000000000043,2,WARM_HUMID
22.8,48.4,0.8000000000000007,-1.3000000000000043,2,WARM_HUMID
27.2,51.5,0.0,0.0,1,COMFORT
21.3,33.1,0.10000000000000142,-3.3999999999999986,0,COLD
24.1,27.8,0.0,1.0,1,COMFORT
20.9,69.0,0.0,0.0,1,COMFORT
22.7,52.6,0.0,5.0,1,COMFORT
26.3,34.8,1.1999999999999993,-5.0,1,COMFORT
24.4,59.4,-0.20000000000000284,-0.20000000000000284,1,COMFORT
23.5,46.0,1.5,-5.0,1,COMFORT
22.7,32.6,0.1999999999999993,-2.1000000000000014,2,WARM_HUMID
23.0,28.2,0.6999999999999993,-2.1000000000000014,2,WARM_HUMID
27.2,36.1,0.6999999999999993,-4.899999999999999,1,COMFORT
25.5,52.6,0.3999999999999986,-1.2999999999999972,2,WARM_HUMID
23.4,23.9,-0.40000000000000213,0.5999999999999979,3,HOT
24.7,58.0,0.0,0.0,1,COMFORT
25.1,36.8,1.5,0.5999999999999943,1,COMFORT
22.6,35.6,-0.29999999999999716,2.1000000000000014,0,COLD
23.2,48.9,1.0999999999999979,5.0,2,WARM_HUMID
22.6,53.3,0.5,5.0,3,HOT
23.9,53.0,-1.0,-2.6000000000000014,1,COMFORT
22.5,19.2,-0.10000000000000142,-0.40000000000000213,1,COMFORT
23.0,56.8,0.0,0.0,0,COLD
23.7,53.4,1.0,-4.399999999999999,0,COLD
21.0,84.2,0.0,0.29999999999999716,0,COLD
23.1,65.1,-0.09999999999999787,-1.1000000000000085,1,COMFORT
24.0,43.0,0.0,0.0,1,COMFORT
29.0,26.9,-1.5,-5.0,1,COMFORT
17.5,22.2,-1.5,-1.5,0,COLD
21.0,33.9,0.10000000000000142,-0.3999999999999986,0,COLD
23.8,67.1,-1.5,2.799999999999997,2,WARM_HUMID
23.9,60.3,-1.1000000000000014,5.0,1,COMFORT
23.2,38.0,-0.1999999999999993,0.6000000000000014,2,WARM_HUMID
22.9,46.0,-0.40000000000000213,0.0,2,WARM_HUMID
29.3,65.0,-1.5,1.0,2,WARM_HUMID
22.9,30.6,0.09999999999999787,2.3000000000000007,1,COMFORT
24.7,69.0,0.3000000000000007,-1.2000000000000028,1,COMFORT
27.8,62.2,0.1999999999999993,0.10000000000000142,1,COMFORT
24.2,71.6,0.0,0.0,0,COLD
19.3,52.5,-0.8999999999999986,-5.0,1,COMFORT
23.8,25.7,0.3000000000000007,-5.0,1,COMFORT
23.6,48.2,0.0,0.0,3,HOT
21.9,41.0,0.8999999999999986,-3.0,1,COMFORT
21.7,32.5,-0.5,0.6999999999999993,0,COLD
27.7,52.3,0.5,-0.5,2,WARM_HUMID
31.2,55.3,-0.9000000000000021,5.0,2,WARM_HUMID
25.3,38.4,1.5,0.6000000000000014,1,COMFORT
23.7,55.6,-1.0,5.0,2,WARM_HUMID
21.3,42.4,-1.5,5.0,2,WARM_HUMID
21.1,47.4,-0.8999999999999986,5.0,0,COLD
25.0,66.1,0.1999999999999993,0.5,2,WARM_HUMID
37.9,31.0,1.5,-5.0,3,HOT
24.1,36.3,-0.5999999999999979,-2.6000000000000014,0,COLD
23.4,39.7,0.29999999999999716,-5.0,3,HOT
21.9,47.0,-0.3000000000000007,-3.0,1,COMFORT
25.6,78.3,-1.5,5.0,1,COMFORT
23.0,39.5,-0.10000000000000142,1.7999999999999972,1,COMFORT
25.5,34.9,-0.6999999999999993,-2.1000000000000014,3,HOT
24.1,28.1,1.5,-5.0,1,COMFORT
21.6,46.5,0.3000000000000007,1.1000000000000014,0,COLD
27.7,46.0,0.8000000000000007,-1.0,0,COLD
27.6,27.7,0.40000000000000213,-0.8000000000000007,1,COMFORT
25.5,48.0,-1.3999999999999986,5.0,2,WARM_HUMID
22.3,21.9,-0.6999999999999993,-5.0,1,COMFORT
22.8,58.0,0.40000000000000213,1.0,0,COLD
32.5,33.3,-0.29999999999999716,2.099999999999998,2,WARM_HUMID
28.2,29.1,1.0,1.0,3,HOT
30.2,52.0,1.5,-5.0,3,HOT
25.8,66.7,-1.5,-5.0,1,COMFORT
23.1,42.7,1.1000000000000014,-3.299999999999997,2,WARM_HUMID
23.0,52.4,-1.0,2.5,2,WARM_HUMID
22.0,35.1,0.10000000000000142,-1.8999999999999986,0,COLD
25.5,56.7,0.10000000000000142,-3.5999999999999943,0,COLD
18.3,46.8,-1.5,0.5,1,COMFORT
25.6,76.4,0.5,2.6000000000000085,1,COMFORT
26.5,61.0,1.1000000000000014,-3.0,2,WARM_HUMID
19.2,46.5,0.3999999999999986,3.299999999999997,1,COMFORT
20.7,65.1,0.0,0.29999999999999716,1,COMFORT
24.7,51.0,0.5,-2.0,1,COMFORT
22.5,43.3,0.0,-0.9000000000000057,1,COMFORT
21.2,31.1,0.09999999999999787,-5.0,1,COMFORT
29.8,71.6,0.0,0.0,2,WARM_HUMID
30.8,30.0,0.0,0.0,2,WARM_HUMID
22.5,64.0,-0.10000000000000142,2.700000000000003,1,COMFORT
37.0,39.4,0.29999999999999716,1.2999999999999972,3,HOT
30.4,76.5,1.3999999999999986,2.700000000000003,1,COMFORT
26.6,31.6,-0.5,3.900000000000002,1,COMFORT
24.6,24.9,-0.3999999999999986,1.1999999999999993,2,WARM_HUMID
12.2,65.7,0.5999999999999996,-4.0,0,COLD
26.8,81.2,1.0,1.0,1,COMFORT
23.8,47.4,0.10000000000000142,5.0,0,COLD
27.7,48.8,0.0,0.0,1,COMFORT
23.6,36.5,-1.5,5.0,3,HOT
22.0,36.4,-0.1999999999999993,1.5,0,COLD
22.1,37.9,0.10000000000000142,-0.10000000000000142,0,COLD
12.8,67.3,-0.5999999999999996,0.7999999999999972,0,COLD
25.2,35.2,0.0,0.0,0,COLD
33.6,53.2,-0.5,1.2000000000000028,3,HOT
24.6,40.1,0.0,0.10000000000000142,1,COMFORT
22.9,55.1,0.7999999999999972,-2.6999999999999957,1,COMFORT
21.6,60.4,0.0,0.0,1,COMFORT
20.8,53.8,0.10000000000000142,-2.5,0,COLD
21.8,37.0,0.0,2.0,1,COMFORT
30.8,65.7,0.10000000000000142,0.0,2,WARM_HUMID
23.8,55.6,0.0,0.0,1,COMFORT
21.4,54.3,-0.7000000000000028,4.0,2,WARM_HUMID
22.5,13.6,0.0,0.0,1,COMFORT
21.4,53.5,-1.5,5.0,1,COMFORT
24.5,26.5,0.1999999999999993,0.3999999999999986,2,WARM_HUMID
18.2,36.8,-1.1000000000000014,2.6999999999999957,1,COMFORT
21.2,34.7,-0.10000000000000142,-1.6999999999999957,0,COLD
22.4,28.5,-0.20000000000000284,3.6000000000000014,3,HOT
20.9,42.6,-1.5,2.0,0,COLD
25.3,74.6,1.5,0.09999999999999432,3,HOT
27.1,68.0,-1.5,-1.7000000000000028,3,HOT
21.6,61.7,-1.5,5.0,0,COLD
23.5,30.0,1.1999999999999993,-5.0,3,HOT
26.2,28.5,0.8000000000000007,-5.0,2,WARM_HUMID
20.8,25.7,-1.3999999999999986,5.0,2,WARM_HUMID
23.3,66.5,-0.5999999999999979,5.0,1,COMFORT
21.9,81.3,0.3999999999999986,-2.4000000000000057,1,COMFORT
22.6,32.6,0.40000000000000213,0.7000000000000028,0,COLD
25.5,37.4,0.3999999999999986,-0.7000000000000028,2,WARM_HUMID
24.1,56.5,0.10000000000000142,-1.2999999999999972,1,COMFORT
19.2,42.1,0.0,0.0,1,COMFORT
30.8,60.2,0.5,-2.8999999999999986,1,COMFORT
27.4,48.3,0.0,-3.0,1,COMFORT
22.3,48.0,0.9000000000000021,-2.1000000000000014,0,COLD
26.3,34.5,0.10000000000000142,-0.10000000000000142,2,WARM_HUMID
25.5,57.5,0.10000000000000142,-1.0,1,COMFORT
26.0,62.6,0.10000000000000142,0.8000000000000043,2,WARM_HUMID
29.8,60.7,-0.3999999999999986,-5.0,3,HOT
24.9,47.1,-1.5,2.8999999999999986,0,COLD
26.1,66.5,0.0,-0.29999999999999716,1,COMFORT
22.3,40.8,-0.1999999999999993,5.0,3,HOT
33.5,37.3,-0.20000000000000284,5.0,1,COMFORT
22.6,26.3,0.8000000000000007,-0.5,1,COMFORT
25.9,41.3,1.5,-5.0,1,COMFORT
24.4,28.0,1.0,5.0,1,COMFORT
23.5,64.8,-0.6999999999999993,1.0999999999999943,0,COLD
24.3,52.6,-0.1999999999999993,0.6000000000000014,1,COMFORT
21.0,31.6,0.0,-0.29999999999999716,1,COMFORT
26.6,32.5,-0.7999999999999972,-5.0,1,COMFORT
25.1,42.5,-0.09999999999999787,0.10000000000000142,0,COLD
41.0,77.0,1.0,5.0,2,WARM_HUMID
33.7,58.0,1.4000000000000057,-5.0,3,HOT
21.6,54.8,-1.5,0.6999999999999957,0,COLD
28.0,46.0,1.3999999999999986,-5.0,2,WARM_HUMID
24.2,49.5,0.3000000000000007,-1.2999999999999972,0,COLD
21.9,50.7,0.7999999999999972,-5.0,2,WARM_HUMID
24.7,40.2,0.3000000000000007,2.8000000000000043,1,COMFORT
26.8,60.0,0.0,0.0,1,COMFORT
34.8,57.9,1.0,-4.399999999999999,2,WARM_HUMID
22.5,69.7,-1.5,-5.0,1,COMFORT
28.6,62.8,0.0,0.0,2,WARM_HUMID
23.9,41.6,0.1999999999999993,0.7000000000000028,1,COMFORT
31.2,40.1,0.0,0.0,2,WARM_HUMID
21.2,45.6,0.8999999999999986,0.5,0,COLD
19.8,31.8,-1.5,2.8000000000000007,1,COMFORT
22.7,26.8,0.3999999999999986,-5.0,1,COMFORT
22.2,49.6,1.1999999999999993,-3.6999999999999957,1,COMFORT
25.2,43.0,0.0,0.0,1,COMFORT
21.9,20.7,1.5,-5.0,1,COMFORT
25.4,19.5,-0.40000000000000213,-1.1999999999999993,3,HOT
22.8,74.6,0.10000000000000142,0.7999999999999972,1,COMFORT
20.8,30.5,0.6999999999999993,-4.5,1,COMFORT
28.2,52.2,0.09999999999999787,-0.5999999999999943,0,COLD
22.8,49.7,0.10000000000000142,-1.5999999999999943,2,WARM_HUMID
26.0,79.8,0.3999999999999986,3.0,1,COMFORT
20.6,46.4,1.1000000000000014,-0.10000000000000142,1,COMFORT
24.0,42.7,1.1000000000000014,-3.5999999999999943,3,HOT
35.0,32.5,1.0,-0.20000000000000284,3,HOT
22.8,48.9,-0.3999999999999986,-2.1000000000000014,1,COMFORT
27.7,46.8,0.0,0.0,1,COMFORT
34.0,74.0,0.0,5.0,3,HOT
22.3,32.5,-0.3000000000000007,5.0,0,COLD
16.3,52.1,-1.5,-5.0,0,COLD
18.3,37.8,-0.5,1.5999999999999943,0,COLD
26.5,32.5,0.1999999999999993,1.3999999999999986,2,WARM_HUMID
25.7,59.5,0.0,0.0,0,COLD
21.0,35.0,1.0,-3.200000000000003,0,COLD
21.7,19.3,0.3000000000000007,1.1000000000000014,0,COLD
22.4,43.2,0.1999999999999993,-0.09999999999999432,1,COMFORT
15.7,71.6,0.5999999999999996,-0.4000000000000057,0,COLD
25.4,39.6,0.0,0.10000000000000142,2,WARM_HUMID
27.8,66.5,0.0,0.0,1,COMFORT
29.1,32.0,0.0,0.0,0,COLD
22.5,46.7,1.5,-5.0,1,COMFORT
27.5,49.8,1.5,-0.10000000000000142,1,COMFORT
26.8,33.5,1.5,-5.0,1,COMFORT
24.6,31.3,1.5,-5.0,1,COMFORT
23.6,39.1,0.20000000000000284,4.399999999999999,0,COLD
27.4,45.0,-0.8000000000000007,5.0,2,WARM_HUMID
29.5,68.8,1.5,-5.0,1,COMFORT
22.4,47.7,0.0,-0.3999999999999986,0,COLD
24.2,43.2,-0.40000000000000213,1.0,1,COMFORT
23.7,26.7,-1.5,4.5,1,COMFORT
18.8,25.1,0.40000000000000213,0.9000000000000021,0,COLD
23.8,39.7,0.10000000000000142,-0.5,1,COMFORT
25.4,42.6,0.6999999999999993,-4.399999999999999,1,COMFORT
20.7,27.9,0.3000000000000007,0.09999999999999787,1,COMFORT
27.6,27.0,-0.29999999999999716,1.1999999999999993,1,COMFORT
24.1,25.7,1.4000000000000021,-5.0,3,HOT
37.7,36.5,1.5,-5.0,2,WARM_HUMID
24.0,34.1,0.0,0.0,3,HOT
24.5,55.6,-0.6999999999999993,-5.0,3,HOT
20.0,19.7,1.5,-1.8000000000000007,2,WARM_HUMID
15.7,38.9,0.0,-1.1000000000000014,0,COLD
31.2,22.1,0.09999999999999787,1.3000000000000007,1,COMFORT
22.4,31.3,0.1999999999999993,0.0,2,WARM_HUMID
22.2,36.4,1.5,-5.0,1,COMFORT
27.2,26.7,0.5,-5.0,2,WARM_HUMID
19.6,43.0,-0.1999999999999993,0.6000000000000014,0,COLD
23.6,34.0,0.5,-1.0,0,COLD
21.8,35.0,0.0,-2.8999999999999986,1,COMFORT
19.5,41.8,0.10000000000000142,0.7999999999999972,1,COMFORT
22.3,37.4,-0.3999999999999986,5.0,1,COMFORT
21.9,38.3,0.6999999999999993,-1.2000000000000028,0,COLD
23.0,34.9,0.0,0.0,2,WARM_HUMID
24.8,55.1,0.3000000000000007,0.6000000000000014,3,HOT
20.2,42.6,0.5,1.5,1,COMFORT
21.5,53.6,-0.3000000000000007,-1.3999999999999986,1,COMFORT
23.3,41.4,0.6000000000000014,-0.7000000000000028,1,COMFORT
27.4,71.2,0.5,1.9000000000000057,1,COMFORT
21.7,57.0,0.0,0.0,1,COMFORT
28.6,74.8,-0.5999999999999979,-1.7000000000000028,0,COLD
28.4,36.6,0.29999999999999716,-1.6999999999999957,2,WARM_HUMID
22.6,33.4,0.20000000000000284,-5.0,1,COMFORT
22.8,33.3,-0.3999999999999986,4.9999999999999964,0,COLD
26.5,47.0,-0.5,0.0,0,COLD
22.9,60.1,-0.20000000000000284,0.5,0,COLD
20.5,41.6,1.5,-2.1999999999999957,1,COMFORT
22.0,46.0,-1.1999999999999993,2.3999999999999986,1,COMFORT
22.9,37.7,0.09999999999999787,1.8000000000000043,0,COLD
20.3,50.1,0.0,-0.6000000000000014,0,COLD
32.0,66.7,0.1999999999999993,-2.700000000000003,0,COLD
25.4,63.2,-0.7000000000000028,2.4000000000000057,0,COLD
34.2,47.8,-0.09999999999999432,-0.4000000000000057,3,HOT
25.6,24.7,1.5,-4.400000000000002,1,COMFORT
23.6,63.4,0.8000000000000007,0.6000000000000014,2,WARM_HUMID
35.4,49.9,0.10000000000000142,-0.3999999999999986,3,HOT
33.4,40.0,0.0,0.7999999999999972,2,WARM_HUMID
22.6,78.0,-0.1999999999999993,0.7000000000000028,1,COMFORT
29.4,78.4,0.29999999999999716,1.0,0,COLD
22.2,61.8,-0.5,0.3999999999999986,1,COMFORT
30.3,41.3,0.0,0.0,1,COMFORT
25.4,34.6,0.7999999999999972,-4.399999999999999,2,WARM_HUMID
25.5,42.0,-0.6999999999999993,0.10000000000000142,1,COMFORT
28.8,10.4,-0.3000000000000007,0.0,1,COMFORT
20.9,53.4,0.6999999999999993,-3.6000000000000014,1,COMFORT
22.3,31.0,0.0,-2.0,1,COMFORT
24.1,33.8,0.3000000000000007,0.7999999999999972,3,HOT
23.3,41.7,-0.09999999999999787,3.9000000000000057,1,COMFORT
22.5,62.7,-0.8000000000000007,-4.799999999999997,0,COLD
29.8,76.6,1.4000000000000021,-4.800000000000011,1,COMFORT
18.4,20.5,0.5,0.0,0,COLD
22.7,29.6,-0.10000000000000142,-0.3999999999999986,1,COMFORT
23.8,59.3,-0.1999999999999993,-0.10000000000000142,1,COMFORT
29.3,14.5,0.5,-3.3999999999999986,1,COMFORT
25.1,71.0,-0.09999999999999787,0.29999999999999716,1,COMFORT
22.2,28.8,-0.8000000000000007,-4.300000000000001,1,COMFORT
23.7,38.9,-0.40000000000000213,0.8999999999999986,1,COMFORT
25.9,22.9,1.5,-4.200000000000003,1,COMFORT
22.9,22.4,0.5,0.0,1,COMFORT
24.5,33.6,0.1999999999999993,0.8999999999999986,2,WARM_HUMID
22.0,41.8,-0.10000000000000142,-1.4000000000000057,0,COLD
29.4,40.3,1.5,-5.0,2,WARM_HUMID
20.2,62.0,0.0,0.0,1,COMFORT
23.0,44.5,0.3999999999999986,-0.7999999999999972,1,COMFORT
19.8,66.1,0.0,0.0,1,COMFORT
20.9,49.3,0.0,0.0,2,WARM_HUMID
26.1,84.6,-1.2999999999999972,-4.200000000000003,1,COMFORT
24.6,32.5,1.2000000000000028,-4.600000000000001,3,HOT
22.1,26.0,-0.1999999999999993,1.1000000000000014,1,COMFORT
28.5,72.1,-0.10000000000000142,-5.0,3,HOT
27.9,45.7,0.5999999999999979,-1.8999999999999986,0,COLD
26.2,31.0,0.0,0.0,1,COMFORT
25.5,38.0,0.0,0.0,1,COMFORT
27.6,42.6,0.0,0.0,2,WARM_HUMID
20.9,49.3,0.0,0.0,2,WARM_HUMID
23.3,79.5,0.0,0.0,3,HOT
21.4,21.0,-0.9000000000000021,-2.6000000000000014,0,COLD
24.1,26.1,-0.6999999999999993,-0.6999999999999993,3,HOT
23.9,63.0,0.29999999999999716,-1.0,1,COMFORT
24.3,19.7,1.5,-5.0,3,HOT
21.6,71.8,0.0,0.0,1,COMFORT
23.0,26.4,-0.5,-3.400000000000002,0,COLD
24.3,60.1,0.0,-1.3999999999999986,1,COMFORT
34.1,43.0,1.5,-5.0,3,HOT
23.5,64.0,-0.1999999999999993,0.29999999999999716,1,COMFORT
25.9,12.2,0.0,0.0,1,COMFORT
21.6,52.3,-0.09999999999999787,5.0,1,COMFORT
24.1,48.3,0.20000000000000284,-1.5,0,COLD
24.3,42.0,1.1000000000000014,-2.0,0,COLD
23.3,44.7,0.3000000000000007,0.20000000000000284,0,COLD
23.9,29.4,0.5999999999999979,-0.5,2,WARM_HUMID
20.7,47.5,-1.5,5.0,3,HOT
26.2,60.0,0.0,0.0,0,COLD
20.9,37.5,-1.2000000000000028,5.0,0,COLD
25.2,15.8,0.0,-1.0,1,COMFORT
27.9,38.2,0.0,0.0,2,WARM_HUMID
27.7,45.8,0.0,1.2999999999999972,2,WARM_HUMID
21.0,47.9,-1.5,5.0,0,COLD
25.3,42.5,-0.09999999999999787,-0.10000000000000142,1,COMFORT
24.1,63.9,1.4000000000000021,5.0,1,COMFORT
21.2,44.0,0.1999999999999993,-0.10000000000000142,0,COLD
25.9,50.4,0.7999999999999972,0.8999999999999986,3,HOT
23.1,50.9,0.3000000000000007,-5.0,1,COMFORT
26.2,69.7,0.09999999999999787,-0.5,1,COMFORT
21.6,36.4,-0.5999999999999979,0.3999999999999986,0,COLD
24.3,22.3,0.1999999999999993,-2.8000000000000007,0,COLD
26.3,60.4,0.10000000000000142,-0.7000000000000028,2,WARM_HUMID
26.0,33.8,-0.6000000000000014,2.799999999999997,2,WARM_HUMID
21.9,43.3,-0.5,3.5,2,WARM_HUMID
26.4,41.0,-0.10000000000000142,-2.0,1,COMFORT
20.6,47.7,-0.3999999999999986,3.8000000000000043,0,COLD
26.0,44.8,0.5,-5.0,2,WARM_HUMID
21.3,28.3,0.40000000000000213,-5.0,0,COLD
23.3,38.6,-0.5,0.8000000000000043,1,COMFORT
23.3,63.5,0.0,-1.0999999999999943,0,COLD
20.3,52.1,-1.5,5.0,0,COLD
34.3,57.5,0.0,0.0,1,COMFORT
22.5,46.1,1.5,-5.0,1,COMFORT
28.0,33.0,0.8999999999999986,5.0,3,HOT
27.2,28.8,-0.5,-1.8000000000000007,1,COMFORT
19.5,49.4,0.0,0.0,0,COLD
22.0,21.2,1.5,0.8999999999999986,1,COMFORT
30.9,29.0,0.0,0.0,1,COMFORT
32.5,31.9,1.5,-5.0,3,HOT
29.2,38.0,0.0,0.0,1,COMFORT
24.9,39.0,0.0,0.0,0,COLD
21.8,48.6,0.0,0.0,1,COMFORT
26.1,60.7,0.10000000000000142,0.30000000000000426,1,COMFORT
19.9,53.4,-1.0,3.799999999999997,0,COLD
24.0,21.3,0.1999999999999993,0.10000000000000142,1,COMFORT
23.3,35.2,-0.1999999999999993,4.400000000000002,1,COMFORT
23.2,58.0,1.3000000000000007,-2.0,3,HOT
20.9,54.9,0.0,-2.3000000000000043,0,COLD
19.8,20.4,1.1999999999999993,-3.1000000000000014,0,COLD
26.7,48.0,0.0,0.0,1,COMFORT
36.3,41.2,-0.10000000000000142,0.0,2,WARM_HUMID
22.6,56.4,-0.6999999999999993,5.0,1,COMFORT
35.8,43.8,0.5,-3.5,1,COMFORT
33.0,65.0,0.10000000000000142,-1.0,3,HOT
22.1,53.2,-0.3999999999999986,-2.0,1,COMFORT
23.3,40.3,0.6999999999999993,-0.6000000000000014,0,COLD
23.9,68.0,1.5,-0.5,1,COMFORT
28.0,67.0,0.0,0.0,1,COMFORT
24.7,44.0,0.09999999999999787,0.0,1,COMFORT
24.4,42.4,-0.40000000000000213,0.5,1,COMFORT
21.6,45.8,0.40000000000000213,0.5999999999999943,1,COMFORT
30.3,45.0,0.1999999999999993,3.0,2,WARM_HUMID
24.5,51.0,0.0,0.0,2,WARM_HUMID
28.4,25.4,-1.2000000000000028,-5.0,1,COMFORT
24.7,50.2,0.0,0.0,1,COMFORT
31.5,36.5,-1.5,-1.7000000000000028,2,WARM_HUMID
21.1,59.0,0.0,0.0,1,COMFORT
22.5,30.5,0.0,-1.3000000000000007,1,COMFORT
22.8,34.6,0.3000000000000007,-1.2999999999999972,1,COMFORT
30.2,75.8,0.1999999999999993,-0.7000000000000028,3,HOT
28.5,33.3,-1.5,-2.200000000000003,1,COMFORT
22.3,33.7,0.0,0.0,2,WARM_HUMID
23.6,50.8,0.20000000000000284,0.0,2,WARM_HUMID
20.9,41.3,-1.5,5.0,1,COMFORT
19.7,38.7,-0.10000000000000142,-0.09999999999999432,1,COMFORT
26.6,65.0,0.0,0.0,1,COMFORT
20.1,67.0,-1.5,5.0,1,COMFORT
23.2,62.4,0.0,0.0,0,COLD
17.2,40.8,0.1999999999999993,5.0,1,COMFORT
30.2,73.6,0.0,0.0,3,HOT
24.7,32.9,-1.5,-5.0,2,WARM_HUMID
26.8,74.5,0.0,0.0,1,COMFORT
23.8,30.4,0.6000000000000014,-2.3999999999999986,1,COMFORT
22.4,48.0,0.1999999999999993,-0.3999999999999986,1,COMFORT
22.4,24.7,-1.1000000000000014,0.8999999999999986,2,WARM_HUMID
31.0,68.6,-0.10000000000000142,-0.6000000000000085,3,HOT
27.6,68.9,-0.1999999999999993,1.0,1,COMFORT
19.9,37.2,-1.5,5.0,0,COLD
22.4,39.8,-0.20000000000000284,0.0,0,COLD
16.8,48.3,0.0,0.0,1,COMFORT
23.1,45.6,0.40000000000000213,0.0,1,COMFORT
22.0,25.4,-1.0,-5.0,0,COLD
23.2,28.5,0.3000000000000007,1.5,3,HOT
21.2,29.6,1.5,-4.0,1,COMFORT
29.6,74.8,0.0,0.29999999999999716,1,COMFORT
25.9,39.6,0.0,0.0,1,COMFORT
33.4,54.3,0.0,-0.5,3,HOT
21.5,46.5,-0.6000000000000014,0.7999999999999972,1,COMFORT
20.1,66.4,-1.5,5.0,1,COMFORT
28.8,51.8,-0.09999999999999787,-0.6000000000000014,1,COMFORT
24.4,32.9,-1.5,-5.0,0,COLD
26.1,40.7,-1.1999999999999993,2.0,2,WARM_HUMID
23.8,22.4,1.5,-0.3000000000000007,2,WARM_HUMID
21.7,34.0,-1.1000000000000014,-5.0,2,WARM_HUMID
21.6,43.8,-0.3999999999999986,1.7999999999999972,2,WARM_HUMID
25.9,55.0,0.0,0.0,1,COMFORT
22.4,52.7,-1.1000000000000014,2.700000000000003,0,COLD
30.4,25.4,0.8999999999999986,-3.0,1,COMFORT
23.5,40.2,-1.5,0.4000000000000057,2,WARM_HUMID
30.0,59.8,0.3999999999999986,-1.0,1,COMFORT
32.8,34.5,0.6999999999999957,-3.299999999999997,3,HOT
21.5,41.0,0.3999999999999986,-1.2999999999999972,1,COMFORT
23.4,45.5,-0.6000000000000014,1.3999999999999986,1,COMFORT
23.3,27.1,1.5,0.0,2,WARM_HUMID
25.1,57.5,-0.3999999999999986,0.0,1,COMFORT
21.5,35.5,-0.10000000000000142,0.7000000000000028,1,COMFORT
20.7,71.6,0.0,0.0,0,COLD
23.4,32.3,1.0999999999999979,-2.4000000000000057,3,HOT
24.3,42.4,1.1000000000000014,0.10000000000000142,1,COMFORT
21.7,47.0,0.0,0.0,1,COMFORT
30.2,78.8,0.3999999999999986,-4.1000000000000085,3,HOT
22.2,28.5,-1.3000000000000007,0.8999999999999986,0,COLD
24.7,59.0,1.5,5.0,1,COMFORT
23.7,29.6,0.5999999999999979,1.5,1,COMFORT
25.0,63.0,0.0,0.0,1,COMFORT
29.6,34.0,0.0,0.0,3,HOT
23.8,21.5,0.3000000000000007,0.0,1,COMFORT
31.8,51.7,1.5,-5.0,2,WARM_HUMID
24.8,26.9,0.40000000000000213,0.3999999999999986,1,COMFORT
24.8,74.0,0.0,-0.5999999999999943,2,WARM_HUMID
36.3,46.9,-1.5,0.10000000000000142,3,HOT
24.3,59.6,0.6000000000000014,-3.299999999999997,0,COLD
21.7,55.6,-1.5,5.0,3,HOT
23.8,32.9,0.10000000000000142,4.799999999999997,1,COMFORT
22.0,36.2,0.3000000000000007,-0.3999999999999986,0,COLD
22.5,38.5,-0.3000000000000007,5.0,3,HOT
22.5,30.2,-1.1000000000000014,4.5,1,COMFORT
23.8,56.6,0.0,0.0,1,COMFORT
23.8,23.3,-0.5999999999999979,-2.599999999999998,2,WARM_HUMID
29.5,66.9,-0.10000000000000142,-0.09999999999999432,2,WARM_HUMID
18.8,51.3,-1.5,5.0,1,COMFORT
22.1,57.5,0.0,5.0,3,HOT
23.1,26.8,0.6000000000000014,-1.0,1,COMFORT
22.5,13.6,0.5,0.09999999999999964,1,COMFORT
22.2,64.9,0.09999999999999787,-3.0999999999999943,1,COMFORT
22.4,43.7,0.0,0.0,0,COLD
24.9,74.0,-0.6000000000000014,-1.0999999999999943,1,COMFORT
22.8,32.1,1.0,2.3000000000000007,0,COLD
24.6,59.0,0.0,0.0,1,COMFORT
19.5,36.7,-0.3999999999999986,-4.599999999999994,2,WARM_HUMID
19.6,39.1,0.6000000000000014,5.0,1,COMFORT
25.9,50.0,0.0,0.0,3,HOT
21.4,38.0,0.1999999999999993,-3.3999999999999986,2,WARM_HUMID
24.4,30.4,0.8999999999999986,-3.1000000000000014,3,HOT
29.3,31.0,-1.5,-1.0,3,HOT
18.1,70.0,-0.7999999999999972,-5.0,1,COMFORT
25.1,59.4,0.0,-2.8999999999999986,2,WARM_HUMID
23.7,45.5,-1.5,5.0,1,COMFORT
23.0,24.6,1.3999999999999986,-5.0,1,COMFORT
20.8,51.0,1.5,-4.0,1,COMFORT
25.5,45.0,-0.5,0.0,1,COMFORT
22.6,19.6,1.5,-5.0,0,COLD
24.3,30.0,-0.09999999999999787,1.1000000000000014,2,WARM_HUMID
18.6,69.0,0.0,0.0,1,COMFORT
31.2,56.0,1.5,-5.0,2,WARM_HUMID
24.2,28.5,1.5,-5.0,1,COMFORT
30.2,70.1,0.0,0.0,0,COLD
24.0,37.1,-1.5,5.0,3,HOT
24.5,34.0,0.0,1.3999999999999986,1,COMFORT
22.8,32.2,0.1999999999999993,2.0000000000000036,0,COLD
24.7,48.7,1.5,5.0,2,WARM_HUMID
23.2,44.9,0.1999999999999993,-0.7000000000000028,3,HOT
26.8,81.2,1.0,1.0,2,WARM_HUMID
27.7,37.0,-1.5,-5.0,0,COLD
22.1,43.2,0.6000000000000014,-1.2999999999999972,0,COLD
25.8,66.7,0.0,0.0,2,WARM_HUMID
22.4,40.2,-1.5,2.8000000000000043,0,COLD
19.4,39.6,-0.6000000000000014,-2.5,0,COLD
24.6,76.4,-1.5,-4.8999999999999915,1,COMFORT
27.6,31.8,0.20000000000000284,1.6999999999999993,2,WARM_HUMID
22.5,19.3,0.3000000000000007,-0.8999999999999986,0,COLD
16.5,65.0,-0.6999999999999993,-5.0,1,COMFORT
22.5,25.7,-0.3999999999999986,0.5999999999999979,1,COMFORT
20.3,51.6,0.0,0.0,0,COLD
30.2,58.0,-0.40000000000000213,-5.0,1,COMFORT
12.2,66.5,0.0,2.0999999999999943,0,COLD
18.8,37.5,-1.5,-1.1000000000000014,0,COLD
36.5,30.5,1.5,-5.0,1,COMFORT
28.0,84.8,-1.1999999999999993,1.7000000000000028,0,COLD
24.3,60.0,-0.5,1.2000000000000028,2,WARM_HUMID
23.7,62.8,0.09999999999999787,0.09999999999999432,2,WARM_HUMID
23.0,33.7,1.0,4.800000000000004,0,COLD
20.2,29.4,1.0,-0.3000000000000007,2,WARM_HUMID
20.3,22.3,1.5,-5.0,0,COLD
24.1,38.0,-0.1999999999999993,-5.0,1,COMFORT
23.6,38.5,0.0,-5.0,1,COMFORT
20.2,52.9,0.6999999999999993,-5.0,0,COLD
26.5,39.4,1.5,0.0,1,COMFORT
31.8,67.6,-0.1999999999999993,3.3999999999999915,2,WARM_HUMID
23.3,20.3,0.8000000000000007,-1.0,2,WARM_HUMID
31.3,67.0,1.5,-1.0,3,HOT
23.4,39.1,0.8999999999999986,-1.1000000000000014,0,COLD
22.4,24.0,-0.20000000000000284,-0.8999999999999986,0,COLD
12.5,53.8,-1.5,3.3999999999999986,0,COLD
19.7,26.9,0.09999999999999787,-2.400000000000002,0,COLD
20.3,56.9,0.0,0.0,1,COMFORT
31.0,73.7,0.0,0.4000000000000057,2,WARM_HUMID
20.8,45.7,-0.8999999999999986,-1.2999999999999972,1,COMFORT
27.2,83.6,0.3999999999999986,2.3999999999999915,2,WARM_HUMID
21.2,57.5,0.3999999999999986,5.0,1,COMFORT
27.8,55.0,0.0,0.0,1,COMFORT
20.7,41.9,0.5,0.0,1,COMFORT
22.8,49.0,0.0,0.0,2,WARM_HUMID
30.9,27.8,0.1999999999999993,-0.09999999999999787,2,WARM_HUMID
24.7,36.6,1.5,-3.6999999999999957,0,COLD
30.6,16.7,-0.09999999999999787,4.0,1,COMFORT
23.1,62.6,0.0,-0.5,0,COLD
34.1,40.2,0.30000000000000426,-1.2999999999999972,3,HOT
26.3,50.3,-0.8999999999999986,2.5,3,HOT
37.2,56.6,1.5,3.1000000000000014,2,WARM_HUMID
23.2,28.5,-1.1000000000000014,5.0,3,HOT
31.2,20.0,0.0,0.0,3,HOT
22.9,43.4,0.0,0.0,1,COMFORT
22.5,31.5,-0.1999999999999993,0.0,0,COLD
26.2,48.2,0.5,-1.3999999999999986,0,COLD
22.5,44.0,0.0,0.0,1,COMFORT
24.1,84.7,0.40000000000000213,1.7999999999999972,3,HOT
21.7,48.0,-0.1999999999999993,0.3999999999999986,0,COLD
29.5,25.3,-0.1999999999999993,0.6999999999999993,1,COMFORT
19.6,35.0,-0.1999999999999993,0.7999999999999972,2,WARM_HUMID
29.2,38.0,0.0,0.0,3,HOT
25.3,31.0,1.5,0.0,1,COMFORT
24.5,49.5,0.6000000000000014,-2.700000000000003,2,WARM_HUMID
29.0,68.6,0.0,0.0,0,COLD
28.8,33.3,0.40000000000000213,-5.0,2,WARM_HUMID
25.3,16.8,0.0,0.0,2,WARM_HUMID
22.4,38.1,0.6999999999999993,0.0,0,COLD
21.8,51.0,0.0,0.0,1,COMFORT
23.0,48.7,-1.5,-0.6999999999999957,0,COLD
33.9,29.0,0.0,0.0,3,HOT
29.5,31.8,-1.1999999999999993,3.6000000000000014,0,COLD
25.8,59.7,-1.5,4.400000000000006,1,COMFORT
26.8,83.5,-0.5,4.299999999999997,3,HOT
23.1,26.5,-1.5,4.899999999999999,1,COMFORT
21.2,52.4,0.8999999999999986,-0.20000000000000284,0,COLD
23.4,26.4,1.3999999999999986,-0.3000000000000007,1,COMFORT
23.4,55.8,0.6999999999999993,5.0,2,WARM_HUMID
23.3,65.7,1.3000000000000007,5.0,1,COMFORT
21.8,44.4,-0.3000000000000007,-3.5,2,WARM_HUMID
19.0,71.3,0.0,0.0,0,COLD
20.5,53.0,-1.5,-2.0,1,COMFORT
30.1,66.0,0.0,0.0,1,COMFORT
25.4,48.4,1.5,-5.0,0,COLD
24.9,68.0,-0.7000000000000028,5.0,2,WARM_HUMID
24.1,69.7,0.0,0.0,0,COLD
23.9,46.1,-0.10000000000000142,-3.6999999999999957,1,COMFORT
28.0,55.2,-1.3999999999999986,4.0,1,COMFORT
26.6,36.1,1.5,-5.0,1,COMFORT
22.5,53.1,0.5,0.5,1,COMFORT
21.2,59.2,0.5999999999999979,-1.1999999999999957,0,COLD
26.6,31.7,1.5,-5.0,3,HOT
22.4,31.9,0.0,2.3999999999999986,0,COLD
23.8,38.8,-0.3000000000000007,1.1999999999999957,2,WARM_HUMID
24.7,40.3,0.5,-3.0,2,WARM_HUMID
21.4,66.4,-1.5,5.0,2,WARM_HUMID
24.7,42.2,0.3000000000000007,0.20000000000000284,1,COMFORT
23.8,26.7,-0.1999999999999993,2.6999999999999993,1,COMFORT
15.9,72.0,-1.4999999999999982,-5.0,1,COMFORT
15.4,37.0,-0.9999999999999982,-5.0,0,COLD
22.4,31.3,0.3999999999999986,-3.1999999999999993,0,COLD
25.6,41.4,-0.1999999999999993,-5.0,2,WARM_HUMID
25.5,28.6,-1.0,-1.7999999999999972,3,HOT
23.0,58.7,1.1999999999999993,-0.6999999999999957,1,COMFORT
25.7,59.5,0.0,0.0,1,COMFORT
31.2,39.5,0.5,-2.0,1,COMFORT
20.8,38.4,-1.5,5.0,1,COMFORT
23.7,36.0,0.8999999999999986,-0.20000000000000284,1,COMFORT
21.0,46.8,-0.10000000000000142,-0.20000000000000284,0,COLD
18.7,30.0,0.0,0.0,0,COLD
30.4,80.9,0.7999999999999972,5.0,0,COLD
27.7,43.3,0.0,0.0,1,COMFORT
31.0,36.0,-0.10000000000000142,0.0,3,HOT
21.3,42.7,-0.3000000000000007,1.0,2,WARM_HUMID
29.5,58.0,-0.3999999999999986,-5.0,1,COMFORT
22.9,32.1,-0.40000000000000213,1.6000000000000014,1,COMFORT
20.8,22.4,-1.5,0.0,0,COLD
22.5,35.3,1.5,-3.5,1,COMFORT
25.9,40.6,1.0999999999999979,0.0,1,COMFORT
28.7,62.4,0.0,-0.5,1,COMFORT
27.1,44.0,0.0,0.0,1,COMFORT
23.6,69.6,0.6000000000000014,-5.0,1,COMFORT
21.8,51.0,1.5,-5.0,1,COMFORT
23.3,40.5,-0.09999999999999787,0.7000000000000028,1,COMFORT
16.8,13.5,1.5,0.5999999999999996,0,COLD
20.5,20.3,0.0,0.0,0,COLD
26.5,61.2,-0.8999999999999986,-5.0,2,WARM_HUMID
21.6,62.0,0.0,0.0,1,COMFORT
26.6,59.0,0.0,0.0,0,COLD
27.7,57.4,-0.9000000000000021,2.6000000000000014,1,COMFORT
19.1,38.7,-1.5,0.0,0,COLD
23.9,56.3,-0.40000000000000213,-1.7000000000000028,1,COMFORT
20.9,19.0,0.0,0.0,0,COLD
21.3,33.9,-1.5,5.0,2,WARM_HUMID
27.8,46.7,1.4000000000000021,-5.0,1,COMFORT
22.6,53.0,0.20000000000000284,0.7000000000000028,1,COMFORT
22.7,40.7,-1.5,-0.09999999999999432,3,HOT
24.1,32.9,0.0,-1.8000000000000043,1,COMFORT
25.7,35.5,1.5,-4.899999999999999,1,COMFORT
22.0,56.4,0.1999999999999993,1.1000000000000014,2,WARM_HUMID
30.2,66.9,0.1999999999999993,4.900000000000006,2,WARM_HUMID
28.8,44.7,0.0,3.1000000000000014,2,WARM_HUMID
22.9,42.8,1.1999999999999993,-2.9000000000000057,2,WARM_HUMID
30.8,65.4,0.0,-0.5,2,WARM_HUMID
10.0,69.0,0.0,-5.0,0,COLD
28.3,67.0,0.0,0.0,2,WARM_HUMID
21.8,52.5,0.0,0.0,0,COLD
32.9,39.0,-0.7000000000000028,2.0,1,COMFORT
24.9,52.0,0.0,0.0,0,COLD
24.6,18.7,-0.7999999999999972,-1.1000000000000014,2,WARM_HUMID
23.2,15.7,-0.3000000000000007,-1.4000000000000021,1,COMFORT
21.5,22.4,0.6000000000000014,0.0,1,COMFORT
22.9,49.3,-1.2000000000000028,-5.0,1,COMFORT
28.3,77.6,-0.5,-0.4000000000000057,2,WARM_HUMID
22.7,42.8,1.0,-2.8000000000000043,1,COMFORT
20.2,49.5,0.0,0.0,0,COLD
24.0,51.1,-0.6999999999999993,0.8999999999999986,1,COMFORT
26.4,66.4,0.0,0.0,0,COLD
23.2,40.9,0.3999999999999986,-4.100000000000001,0,COLD
23.1,51.0,0.10000000000000142,3.1000000000000014,1,COMFORT
27.4,55.3,0.1999999999999993,-1.1000000000000014,1,COMFORT
23.2,26.7,0.1999999999999993,-1.4000000000000021,3,HOT
25.8,47.3,0.0,0.09999999999999432,2,WARM_HUMID
26.2,37.9,0.0,0.0,1,COMFORT
25.4,46.2,0.5,-2.5999999999999943,2,WARM_HUMID
26.7,58.7,1.3999999999999986,-5.0,1,COMFORT
21.9,44.3,0.0,1.5999999999999943,1,COMFORT
21.7,27.2,0.8000000000000007,0.1999999999999993,2,WARM_HUMID
28.5,51.1,0.0,-0.29999999999999716,2,WARM_HUMID
19.5,49.8,0.0,0.0,1,COMFORT
21.7,29.3,0.3999999999999986,-1.8999999999999986,1,COMFORT
29.2,24.3,-1.5,-3.099999999999998,2,WARM_HUMID
23.7,48.0,-1.5,4.100000000000001,3,HOT
22.4,22.2,-0.10000000000000142,3.3999999999999986,2,WARM_HUMID
28.0,62.2,0.10000000000000142,0.10000000000000142,2,WARM_HUMID
30.1,62.1,0.0,0.0,3,HOT
31.9,32.0,1.5,-2.0,0,COLD
21.8,61.0,-1.5,5.0,1,COMFORT
25.4,56.7,0.5,-1.5,1,COMFORT
29.5,70.0,-1.1000000000000014,-1.5999999999999943,1,COMFORT
21.9,58.0,-0.7000000000000028,3.299999999999997,1,COMFORT
23.2,47.3,1.5,-1.9000000000000057,1,COMFORT
25.0,61.0,0.0,0.0,1,COMFORT
24.4,27.1,0.0,0.3000000000000007,2,WARM_HUMID
27.0,54.0,1.5,1.0,1,COMFORT
25.2,46.0,-0.40000000000000213,-5.0,0,COLD
29.8,63.6,0.3000000000000007,0.0,2,WARM_HUMID
21.1,27.2,0.10000000000000142,1.5,2,WARM_HUMID
21.7,44.7,0.1999999999999993,-0.3999999999999986,0,COLD
26.5,58.1,0.0,0.0,1,COMFORT
20.9,34.6,0.09999999999999787,1.7000000000000028,0,COLD
24.2,28.9,1.5,-5.0,1,COMFORT
24.2,52.9,0.0,1.1000000000000014,2,WARM_HUMID
25.1,46.7,1.5,5.0,3,HOT
22.3,47.0,-0.5,1.0,0,COLD
25.2,71.5,0.09999999999999787,0.20000000000000284,1,COMFORT
21.8,59.5,-0.1999999999999993,3.1000000000000014,1,COMFORT
22.1,40.8,1.5,-5.0,1,COMFORT
23.4,38.1,0.6999999999999993,4.300000000000004,1,COMFORT
16.8,66.5,0.0,1.2999999999999972,0,COLD
22.0,36.2,1.0,-3.0,0,COLD
25.4,45.0,0.1999999999999993,0.0,2,WARM_HUMID
25.1,33.0,-0.09999999999999787,-1.2999999999999972,3,HOT
25.8,80.2,0.6000000000000014,5.0,2,WARM_HUMID
22.3,30.5,0.1999999999999993,0.0,2,WARM_HUMID
22.0,27.0,1.3000000000000007,-5.0,1,COMFORT
21.8,73.9,0.10000000000000142,-0.8999999999999915,0,COLD
24.1,74.0,-0.5,0.29999999999999716,1,COMFORT
25.5,75.1,0.8999999999999986,5.0,2,WARM_HUMID
17.6,41.3,-1.5,5.0,0,COLD
21.8,54.8,-0.3000000000000007,0.5999999999999943,1,COMFORT
33.9,55.9,-0.30000000000000426,1.8999999999999986,3,HOT
27.3,73.8,0.0,0.0,1,COMFORT
23.8,21.4,1.3000000000000007,-0.6000000000000014,3,HOT
22.4,61.0,0.0,0.0,1,COMFORT
25.7,57.2,0.0,0.0,1,COMFORT
22.8,51.8,-0.09999999999999787,1.1999999999999957,1,COMFORT
21.0,33.9,0.10000000000000142,-0.3999999999999986,0,COLD
22.9,67.4,0.1999999999999993,3.0,1,COMFORT
25.5,28.2,-0.8000000000000007,-5.0,1,COMFORT
27.4,59.2,0.0,0.0,3,HOT
27.7,81.1,0.0,0.0,0,COLD
25.3,32.0,1.5,-5.0,2,WARM_HUMID
20.5,59.8,-1.5,5.0,1,COMFORT
22.5,30.7,-1.5,-5.0,1,COMFORT
32.4,35.7,0.19999999999999574,4.400000000000002,1,COMFORT
21.6,79.1,0.40000000000000213,-0.9000000000000057,1,COMFORT
24.4,22.5,1.3999999999999986,-3.6000000000000014,2,WARM_HUMID
20.6,51.6,-1.0999999999999979,4.200000000000003,1,COMFORT
23.2,45.9,0.09999999999999787,0.29999999999999716,1,COMFORT
29.5,38.0,1.0,5.0,1,COMFORT
21.4,71.5,-0.3000000000000007,1.2000000000000028,0,COLD
21.9,28.5,0.5999999999999979,-3.3999999999999986,1,COMFORT
21.6,40.3,1.5,-4.800000000000004,3,HOT
29.2,53.6,0.0,0.6000000000000014,2,WARM_HUMID
20.8,69.9,0.0,0.0,0,COLD
28.5,64.0,0.3999999999999986,-4.0,1,COMFORT
22.6,60.3,1.0,-5.0,1,COMFORT
22.7,51.4,-0.5,1.1000000000000014,0,COLD
22.2,57.0,-0.1999999999999993,0.0,0,COLD
23.4,56.0,-0.10000000000000142,1.0,0,COLD
22.3,50.4,0.0,0.8999999999999986,3,HOT
28.1,52.8,0.20000000000000284,-0.8000000000000043,1,COMFORT
31.9,68.0,-0.5,2.5,2,WARM_HUMID
20.5,43.8,-1.5,5.0,1,COMFORT
36.0,81.0,1.5,5.0,3,HOT
23.3,27.3,0.40000000000000213,-5.0,1,COMFORT
23.9,21.4,0.1999999999999993,0.09999999999999787,3,HOT
26.3,49.5,0.8000000000000007,0.0,1,COMFORT
30.6,63.9,0.0,0.29999999999999716,2,WARM_HUMID
30.2,18.0,-0.10000000000000142,1.0,1,COMFORT
38.5,42.0,1.2000000000000028,-3.1000000000000014,3,HOT
22.3,70.6,0.0,0.0,0,COLD
27.6,38.0,0.0,0.0,0,COLD
22.1,36.1,0.3000000000000007,-0.7999999999999972,1,COMFORT
23.1,50.0,1.1000000000000014,-2.0,1,COMFORT
21.0,50.5,0.0,0.6000000000000014,0,COLD
24.5,33.7,0.0,0.4000000000000057,2,WARM_HUMID
22.3,33.5,0.0,0.0,2,WARM_HUMID
20.6,55.0,0.10000000000000142,0.8999999999999986,1,COMFORT
26.9,54.0,0.0,0.0,0,COLD
22.8,20.1,0.0,0.0,0,COLD
24.4,59.6,0.7999999999999972,-2.299999999999997,0,COLD
24.0,50.5,0.0,-1.2999999999999972,2,WARM_HUMID
25.9,66.7,0.0,0.0,0,COLD
20.7,53.6,-1.5,5.0,0,COLD
20.5,51.5,0.3999999999999986,-1.7999999999999972,1,COMFORT
23.7,32.8,-0.10000000000000142,1.9999999999999964,1,COMFORT
24.0,32.0,-0.3999999999999986,3.3000000000000007,3,HOT
26.7,51.6,1.5,-4.199999999999996,3,HOT
28.2,62.5,0.1999999999999993,1.2999999999999972,3,HOT
21.7,25.5,0.6999999999999993,-5.0,1,COMFORT
26.2,34.0,0.1999999999999993,-0.3999999999999986,2,WARM_HUMID
31.1,67.7,0.10000000000000142,-3.0999999999999943,1,COMFORT
22.4,43.7,-0.6000000000000014,1.2000000000000028,0,COLD
15.7,65.7,1.0999999999999996,3.0,1,COMFORT
21.7,44.7,-1.3000000000000007,3.1000000000000014,1,COMFORT
22.2,48.3,1.5,-2.0,3,HOT
25.0,41.9,1.1000000000000014,-5.0,2,WARM_HUMID
30.3,57.8,-0.5999999999999979,5.0,3,HOT
26.6,66.2,0.0,1.6000000000000085,1,COMFORT
23.8,48.2,0.0,0.0,2,WARM_HUMID
25.8,38.4,-0.5999999999999979,-5.0,3,HOT
19.7,43.0,-0.6000000000000014,-1.5,1,COMFORT
22.3,19.8,-1.5,-5.0,1,COMFORT
21.5,38.0,0.0,1.5,1,COMFORT
19.3,44.3,-1.5,4.099999999999994,1,COMFORT
24.3,51.7,0.1999999999999993,-1.1999999999999957,2,WARM_HUMID
27.0,75.1,1.5,5.0,1,COMFORT
22.9,25.4,1.5,-0.8000000000000007,1,COMFORT
23.1,47.2,0.10000000000000142,-0.09999999999999432,0,COLD
25.8,66.2,0.0,0.0,1,COMFORT
27.7,43.7,0.0,2.8000000000000043,2,WARM_HUMID
20.7,58.4,0.8999999999999986,1.2999999999999972,1,COMFORT
17.7,58.4,0.1999999999999993,1.1999999999999957,0,COLD
30.6,61.3,0.0,0.0,2,WARM_HUMID
28.5,51.1,0.0,-0.29999999999999716,2,WARM_HUMID
23.4,69.0,-0.20000000000000284,1.0,1,COMFORT
22.7,32.2,0.3999999999999986,-3.5999999999999943,2,WARM_HUMID
26.4,32.0,0.0,0.0,1,COMFORT
12.2,70.4,0.0,0.0,0,COLD
22.8,45.3,0.3000000000000007,-0.4000000000000057,1,COMFORT
23.8,57.4,0.5,-3.0,0,COLD
28.8,61.6,-0.09999999999999787,0.8000000000000043,1,COMFORT
23.2,47.0,0.3000000000000007,0.0,2,WARM_HUMID
22.9,32.6,-0.20000000000000284,-0.6999999999999957,1,COMFORT
22.5,22.5,0.0,-2.6999999999999993,1,COMFORT
22.1,39.3,0.7000000000000028,-3.3000000000000043,1,COMFORT
32.1,59.3,-0.19999999999999574,0.3999999999999986,1,COMFORT
29.9,22.9,0.0,-2.400000000000002,1,COMFORT
32.0,19.3,0.6999999999999993,4.0,3,HOT
23.1,62.6,-0.09999999999999787,1.8000000000000043,2,WARM_HUMID
30.3,13.9,-0.5999999999999979,-4.499999999999998,2,WARM_HUMID
21.7,56.0,-0.10000000000000142,-1.5,1,COMFORT
27.6,51.6,-0.1999999999999993,0.8000000000000043,0,COLD
25.6,53.1,0.0,0.8000000000000043,2,WARM_HUMID
23.0,46.2,-0.6000000000000014,2.4000000000000057,0,COLD
26.0,42.9,-1.1999999999999993,2.3999999999999986,3,HOT
19.9,46.1,0.0,0.0,1,COMFORT
25.6,57.0,0.0,0.0,1,COMFORT
21.7,47.7,-1.5,5.0,1,COMFORT
31.0,75.0,0.1999999999999993,0.0,1,COMFORT
23.0,51.7,0.3000000000000007,5.0,1,COMFORT
21.3,43.7,0.6000000000000014,-2.3999999999999986,1,COMFORT
27.7,78.3,-0.1999999999999993,-2.799999999999997,1,COMFORT
24.4,32.1,1.3999999999999986,-4.600000000000001,3,HOT
30.8,54.1,1.5,-5.0,2,WARM_HUMID
24.1,25.4,0.40000000000000213,0.3999999999999986,3,HOT
19.2,33.9,-1.1000000000000014,2.8999999999999986,0,COLD
20.9,49.5,0.3999999999999986,-2.3999999999999986,1,COMFORT
24.3,63.0,0.6000000000000014,-0.29999999999999716,2,WARM_HUMID
24.7,36.8,0.0,0.5999999999999943,1,COMFORT
24.0,25.2,0.1999999999999993,-2.6999999999999993,2,WARM_HUMID
26.1,23.3,0.3000000000000007,-2.599999999999998,3,HOT
18.2,54.9,-0.10000000000000142,4.399999999999999,1,COMFORT
26.1,84.6,-1.2999999999999972,-4.200000000000003,0,COLD
21.5,36.6,0.0,-5.0,1,COMFORT
22.7,58.0,-1.5,5.0,1,COMFORT
30.9,52.3,1.0999999999999979,-5.0,3,HOT
29.2,29.5,-0.8000000000000007,-1.8999999999999986,3,HOT
21.8,41.4,-0.5,2.1000000000000014,1,COMFORT
27.0,70.0,0.0,0.0,1,COMFORT
28.0,61.0,0.0,0.0,1,COMFORT
25.7,59.5,0.0,0.0,0,COLD
23.8,30.4,0.6999999999999993,1.3999999999999986,1,COMFORT
25.4,58.5,-0.10000000000000142,0.3999999999999986,1,COMFORT
21.4,33.1,-0.6000000000000014,-0.10000000000000142,1,COMFORT
18.8,34.5,1.5,-5.0,0,COLD
15.1,62.3,1.5,-2.9000000000000057,0,COLD
23.4,40.1,0.0,0.0,2,WARM_HUMID
23.3,39.3,0.0,0.0,2,WARM_HUMID
16.8,52.7,-1.5,-1.8999999999999986,3,HOT
31.2,69.0,0.0,0.0,2,WARM_HUMID
25.1,59.4,0.0,-2.8999999999999986,1,COMFORT
21.2,30.7,-0.6999999999999993,2.8000000000000007,1,COMFORT
23.8,26.3,0.9000000000000021,0.0,2,WARM_HUMID
22.3,48.0,0.9000000000000021,-2.1000000000000014,1,COMFORT
29.0,11.6,1.5,-5.0,1,COMFORT
22.8,23.3,0.1999999999999993,0.3000000000000007,1,COMFORT
23.8,26.0,-0.6999999999999993,-0.5,1,COMFORT
24.6,25.3,1.5,1.3000000000000007,1,COMFORT
38.9,24.9,1.5,-5.0,3,HOT
31.2,73.8,0.1999999999999993,0.3999999999999915,3,HOT
29.1,58.0,0.0,0.0,0,COLD
26.4,38.0,0.0,0.0,3,HOT
24.2,31.7,1.5,-5.0,1,COMFORT
24.9,17.4,1.5,-2.1000000000000014,2,WARM_HUMID
22.6,26.5,-0.7999999999999972,5.0,0,COLD
23.8,25.7,1.5,-2.6999999999999993,1,COMFORT
22.7,31.3,-0.6999999999999993,4.0,0,COLD
11.7,46.3,-1.5,5.0,1,COMFORT
28.6,62.6,0.0,0.0,1,COMFORT
25.8,80.2,0.6000000000000014,5.0,1,COMFORT
25.8,53.0,0.0,0.0,0,COLD
21.8,81.6,0.6000000000000014,-1.3000000000000114,1,COMFORT
22.5,47.1,0.1999999999999993,-1.6999999999999957,0,COLD
23.8,25.8,0.10000000000000142,-3.8000000000000007,1,COMFORT
23.5,47.9,0.10000000000000142,-0.5,1,COMFORT
22.8,58.9,0.0,0.0,1,COMFORT
24.1,23.2,1.5,-2.900000000000002,1,COMFORT
24.3,67.0,-0.09999999999999787,0.5,1,COMFORT
24.5,25.4,1.1000000000000014,-1.6000000000000014,3,HOT
27.1,52.0,0.0,0.0,2,WARM_HUMID
28.3,60.5,-1.0999999999999979,-1.7999999999999972,3,HOT
21.9,50.0,0.1999999999999993,0.0,1,COMFORT
23.2,26.6,-0.3000000000000007,1.2000000000000028,2,WARM_HUMID
25.8,66.7,-1.5,-5.0,2,WARM_HUMID
25.3,35.6,0.3000000000000007,0.6000000000000014,0,COLD
23.2,56.1,-0.3000000000000007,0.8999999999999986,1,COMFORT
19.0,37.8,0.1999999999999993,-0.30000000000000426,1,COMFORT
22.1,48.8,0.3000000000000007,1.6999999999999957,2,WARM_HUMID
27.1,26.3,1.5,-5.0,1,COMFORT
25.5,55.6,1.5,0.0,3,HOT
25.3,40.7,0.6999999999999993,0.6000000000000014,3,HOT
17.1,63.9,-1.5,4.0,1,COMFORT
28.7,65.5,0.5,-3.0,1,COMFORT
26.0,39.8,0.1999999999999993,-0.30000000000000426,2,WARM_HUMID
25.4,74.8,-0.20000000000000284,-1.6000000000000085,1,COMFORT
23.0,60.0,0.8999999999999986,-1.6000000000000014,2,WARM_HUMID
14.1,43.0,-1.5,-5.0,0,COLD
21.6,37.5,0.8000000000000007,5.0,2,WARM_HUMID
30.2,64.5,0.3000000000000007,-1.5999999999999943,1,COMFORT
19.4,40.7,-0.6000000000000014,1.6000000000000014,0,COLD
24.3,31.7,-0.09999999999999787,0.5999999999999979,0,COLD
28.0,68.5,0.10000000000000142,-1.2999999999999972,0,COLD
23.1,33.0,-0.5999999999999979,0.8999999999999986,1,COMFORT
20.4,39.8,-1.5,5.0,0,COLD
22.4,54.0,0.0,0.0,1,COMFORT
22.9,64.1,-0.20000000000000284,0.5999999999999943,0,COLD
21.3,28.4,0.9000000000000021,-1.8000000000000007,2,WARM_HUMID
29.4,77.5,-0.40000000000000213,0.9000000000000057,3,HOT
24.1,34.0,0.5,1.0,3,HOT
25.3,39.4,1.5,0.10000000000000142,0,COLD
34.8,55.2,0.19999999999999574,-1.0999999999999943,3,HOT
33.7,35.0,1.5,-5.0,1,COMFORT
27.4,53.0,0.5,-1.0,2,WARM_HUMID
27.2,60.8,0.0,0.0,3,HOT
25.7,48.2,0.6999999999999993,-0.3999999999999986,3,HOT
18.6,52.4,0.20000000000000284,-0.3999999999999986,0,COLD
19.2,32.0,-1.5,-3.299999999999997,3,HOT
23.8,41.7,0.1999999999999993,-2.3999999999999986,1,COMFORT
24.0,52.5,-0.3000000000000007,5.0,0,COLD
23.1,73.7,1.2000000000000028,5.0,0,COLD
29.6,74.6,0.7000000000000028,-2.0,2,WARM_HUMID
25.3,55.7,-1.0999999999999979,-3.5,1,COMFORT
22.9,47.7,-0.20000000000000284,0.5,0,COLD
25.1,43.0,0.0,0.0,1,COMFORT
23.6,15.3,-0.09999999999999787,0.3000000000000007,0,COLD
16.6,25.4,-0.5999999999999979,0.6999999999999993,0,COLD
23.4,22.7,-0.40000000000000213,2.1999999999999993,3,HOT
20.2,36.4,-1.5,5.0,1,COMFORT
23.6,34.0,-0.29999999999999716,1.3999999999999986,1,COMFORT
21.6,50.3,0.0,0.0,3,HOT
23.6,48.2,0.0,0.0,1,COMFORT
23.2,52.7,-1.3000000000000007,4.0,1,COMFORT
21.1,21.2,1.5,3.099999999999998,1,COMFORT
22.9,28.5,0.0,1.5,0,COLD
27.7,48.0,0.3999999999999986,0.0,2,WARM_HUMID
28.4,63.0,0.0,0.0,2,WARM_HUMID
27.7,41.7,0.1999999999999993,0.7000000000000028,3,HOT
28.3,79.5,0.10000000000000142,-0.29999999999999716,0,COLD
22.5,24.3,0.10000000000000142,-1.5,1,COMFORT
21.6,33.6,-0.3999999999999986,0.6000000000000014,0,COLD
22.3,45.5,0.10000000000000142,-2.299999999999997,2,WARM_HUMID
30.7,65.7,0.09999999999999787,0.0,3,HOT
28.3,57.3,0.5,-2.200000000000003,1,COMFORT
25.7,53.6,0.0,0.0,3,HOT
25.3,46.6,-0.5999999999999979,1.1000000000000014,1,COMFORT
24.8,39.0,1.5,-4.0,1,COMFORT
27.2,61.5,0.3000000000000007,-0.5,1,COMFORT
26.4,38.1,0.0,0.0,2,WARM_HUMID
23.5,63.0,0.1999999999999993,0.29999999999999716,0,COLD
25.0,50.7,0.10000000000000142,-0.8999999999999986,2,WARM_HUMID
22.6,52.3,0.0,0.0,0,COLD
22.5,50.8,0.3000000000000007,-2.8000000000000043,1,COMFORT
25.4,22.2,1.5,-3.1000000000000014,2,WARM_HUMID
20.4,82.2,-1.2000000000000028,2.4000000000000057,1,COMFORT
19.5,51.0,-0.3999999999999986,2.5,1,COMFORT
24.7,37.4,1.5,5.0,1,COMFORT
27.1,40.8,-1.0999999999999979,-5.0,1,COMFORT
29.9,67.6,0.0,-1.3000000000000114,1,COMFORT
28.3,61.5,-1.5,-5.0,0,COLD
22.5,33.7,0.3000000000000007,5.0,1,COMFORT
22.1,72.4,0.0,0.0,2,WARM_HUMID
23.6,49.9,0.7000000000000028,5.0,3,HOT
17.2,53.0,-0.10000000000000142,0.5,0,COLD
20.3,37.0,-1.5,5.0,0,COLD
29.8,28.5,-0.1999999999999993,0.0,3,HOT
26.9,45.2,0.0,0.0,2,WARM_HUMID
18.5,46.9,-1.5,-5.0,2,WARM_HUMID
24.7,39.5,-0.8000000000000007,0.0,1,COMFORT
23.2,47.9,0.5,0.29999999999999716,0,COLD
21.8,27.8,1.5,-4.400000000000002,1,COMFORT
27.6,82.5,0.0,0.0,1,COMFORT
23.5,75.2,0.0,0.0,1,COMFORT
21.2,70.6,1.5,1.7999999999999972,1,COMFORT
22.3,24.2,0.3000000000000007,1.3999999999999986,1,COMFORT
28.9,58.0,-1.0,-1.0,1,COMFORT
20.3,44.3,-1.0999999999999979,2.0999999999999943,0,COLD
33.0,79.0,1.5,-5.0,3,HOT
22.5,47.6,0.0,0.10000000000000142,0,COLD
27.0,50.3,0.0,0.0,1,COMFORT
24.7,34.7,-0.10000000000000142,0.20000000000000284,1,COMFORT
23.6,47.1,0.10000000000000142,5.0,0,COLD
17.5,69.0,-0.10000000000000142,0.0,0,COLD
28.0,39.8,1.5,-1.4000000000000057,1,COMFORT
29.8,75.5,-0.3999999999999986,3.200000000000003,1,COMFORT
23.1,26.0,-1.0,-2.6999999999999993,0,COLD
20.0,70.5,-1.5,4.900000000000006,0,COLD
34.0,47.6,-0.20000000000000284,0.3999999999999986,2,WARM_HUMID
19.1,71.0,0.0,0.0,1,COMFORT
23.3,25.9,-0.6999999999999993,-0.5,2,WARM_HUMID
26.5,62.0,0.0,0.0,2,WARM_HUMID
23.7,29.4,-0.9000000000000021,3.3999999999999986,1,COMFORT
22.7,23.7,-1.4000000000000021,1.3000000000000007,1,COMFORT
20.8,30.5,0.0,0.0,1,COMFORT
21.9,27.6,-1.5,1.3000000000000007,1,COMFORT
21.9,62.7,0.1999999999999993,5.0,1,COMFORT
24.1,69.7,0.0,0.0,1,COMFORT
25.9,31.1,0.0,-0.29999999999999716,0,COLD
25.3,58.7,-0.5,1.1000000000000014,2,WARM_HUMID
21.3,50.6,-1.5,-3.1000000000000014,0,COLD
23.6,26.2,-0.5999999999999979,-5.0,2,WARM_HUMID
24.2,31.1,0.09999999999999787,0.8000000000000007,1,COMFORT
22.4,56.4,0.29999999999999716,-3.8999999999999986,0,COLD
25.9,49.7,0.3999999999999986,0.7000000000000028,3,HOT
21.6,31.3,-1.5,-3.099999999999998,0,COLD
19.3,33.0,-1.1999999999999993,-5.0,1,COMFORT
27.0,27.8,-1.0,2.0,3,HOT
28.1,39.0,0.0,0.0,1,COMFORT
24.0,38.8,0.10000000000000142,-4.100000000000001,0,COLD
30.6,72.0,0.6000000000000014,-4.299999999999997,0,COLD
24.2,14.2,0.5,0.3999999999999986,1,COMFORT
27.3,48.0,0.0,0.0,1,COMFORT
24.1,46.8,0.3000000000000007,-0.8000000000000043,1,COMFORT
24.9,52.9,0.1999999999999993,-0.7000000000000028,1,COMFORT
21.5,20.2,0.0,0.0,0,COLD
20.1,53.3,0.6000000000000014,-2.1000000000000014,1,COMFORT
23.0,56.8,0.0,0.0,2,WARM_HUMID
26.0,57.7,0.0,0.0,2,WARM_HUMID
22.7,30.6,-1.1000000000000014,2.1000000000000014,2,WARM_HUMID
24.9,23.8,1.5,-3.0,1,COMFORT
20.8,29.6,-0.1999999999999993,-1.5999999999999979,1,COMFORT
26.7,60.0,0.0,0.0,0,COLD
27.1,87.5,0.5,0.7000000000000028,1,COMFORT
29.0,29.6,0.0,-1.3999999999999986,2,WARM_HUMID
25.2,16.8,0.0,0.0,1,COMFORT
23.4,14.2,1.0999999999999979,-5.0,1,COMFORT
25.5,38.7,1.1000000000000014,-5.0,2,WARM_HUMID
19.3,68.7,-1.1999999999999993,5.0,2,WARM_HUMID
20.3,43.3,0.5,-5.0,0,COLD
23.8,23.6,0.6000000000000014,-5.0,1,COMFORT
23.6,47.1,1.2000000000000028,-3.1000000000000014,1,COMFORT
23.0,55.0,-0.3000000000000007,-0.7999999999999972,0,COLD
27.0,64.0,-1.0,0.0,0,COLD
24.9,41.7,-0.20000000000000284,0.10000000000000142,2,WARM_HUMID
21.5,59.8,0.0,0.0,1,COMFORT
23.7,25.1,0.6999999999999993,-4.799999999999997,0,COLD
19.8,33.4,-1.5,5.0,2,WARM_HUMID
20.0,41.0,0.3999999999999986,-2.200000000000003,1,COMFORT
25.9,16.7,1.5,3.1999999999999993,1,COMFORT
22.2,57.3,-1.5,5.0,2,WARM_HUMID
19.6,55.6,-1.5,5.0,1,COMFORT
26.8,60.3,0.6999999999999993,0.5,3,HOT
25.7,46.0,0.5999999999999979,0.0,2,WARM_HUMID
26.1,84.6,0.0,0.0,1,COMFORT
20.3,42.4,0.9000000000000021,-2.3999999999999986,0,COLD
33.3,31.0,1.5,5.0,1,COMFORT
24.7,51.9,0.1999999999999993,-0.5,1,COMFORT
29.5,55.3,0.6000000000000014,-0.10000000000000142,3,HOT
26.4,67.3,-0.10000000000000142,-0.10000000000000853,1,COMFORT
24.9,13.8,1.0,2.6000000000000014,0,COLD
35.0,74.0,1.0,-5.0,3,HOT
22.5,22.7,0.0,0.09999999999999787,1,COMFORT
25.0,39.3,0.10000000000000142,-3.200000000000003,2,WARM_HUMID
26.8,46.0,0.0,0.0,0,COLD
21.7,28.3,0.5,-2.5,3,HOT
23.0,31.1,0.0,0.20000000000000284,0,COLD
21.1,66.3,0.0,0.0,1,COMFORT
22.8,22.4,0.6000000000000014,0.0,2,WARM_HUMID
29.2,83.9,-0.40000000000000213,0.8000000000000114,0,COLD
26.9,46.4,1.5,-2.700000000000003,3,HOT
29.4,65.5,0.5999999999999979,-1.4000000000000057,1,COMFORT
22.9,54.8,0.1999999999999993,0.5999999999999943,0,COLD
22.8,21.5,0.0,-5.0,1,COMFORT
18.8,33.7,-1.3000000000000007,5.0,1,COMFORT
30.2,73.0,-0.1999999999999993,1.0999999999999943,3,HOT
34.0,53.0,0.0,0.0,3,HOT
23.4,39.3,-0.6000000000000014,0.19999999999999574,0,COLD
30.0,62.0,1.0,-1.0,1,COMFORT
20.5,38.1,0.6999999999999993,-0.6999999999999957,2,WARM_HUMID
28.3,53.1,1.0,-0.19999999999999574,3,HOT
23.3,70.0,-0.3000000000000007,5.0,2,WARM_HUMID
25.0,42.4,0.1999999999999993,-0.5,0,COLD
25.6,43.8,0.0,0.0,2,WARM_HUMID
23.1,62.0,-1.5,5.0,2,WARM_HUMID
22.1,44.4,-1.0999999999999979,3.6000000000000014,1,COMFORT
20.3,66.7,0.0,0.0,1,COMFORT
23.5,43.4,-1.5,1.6999999999999957,1,COMFORT
24.6,40.2,0.8000000000000007,-1.8999999999999986,3,HOT
23.4,60.1,-1.4000000000000021,2.5,1,COMFORT
27.2,83.6,0.3999999999999986,2.3999999999999915,3,HOT
22.4,43.8,-0.9000000000000021,1.1999999999999957,1,COMFORT
28.1,26.2,0.3000000000000007,0.0,3,HOT
27.5,67.6,0.0,0.0,1,COMFORT
21.6,71.8,0.0,0.0,1,COMFORT
21.1,66.8,-0.6999999999999993,2.799999999999997,0,COLD
22.7,36.2,0.3999999999999986,-5.0,0,COLD
22.0,47.9,0.5,-4.300000000000004,0,COLD
24.5,53.8,1.1000000000000014,-1.9000000000000057,0,COLD
23.2,49.5,0.0,-1.8999999999999986,2,WARM_HUMID
23.3,48.9,0.0,0.0,2,WARM_HUMID
26.5,34.0,-1.5,-3.0,2,WARM_HUMID
22.5,33.1,1.5,3.3000000000000007,0,COLD
27.8,35.7,1.5,-1.0999999999999943,2,WARM_HUMID
24.0,64.7,0.0,0.29999999999999716,1,COMFORT
23.1,42.4,-0.09999999999999787,-5.0,0,COLD
25.1,62.3,0.7000000000000028,-3.299999999999997,1,COMFORT
23.2,42.3,-0.6000000000000014,0.5999999999999943,1,COMFORT
26.7,32.5,0.09999999999999787,-0.3999999999999986,3,HOT
21.6,71.6,0.0,0.0,1,COMFORT
23.1,63.8,-0.09999999999999787,1.3999999999999986,1,COMFORT
22.6,33.6,0.6000000000000014,-1.1999999999999957,3,HOT
26.2,65.0,-0.10000000000000142,0.0,1,COMFORT
26.6,51.0,1.5,-2.0,1,COMFORT
19.6,41.2,-0.09999999999999787,0.10000000000000142,0,COLD
28.8,61.3,0.0,0.29999999999999716,1,COMFORT
23.5,68.3,-0.3000000000000007,3.5,1,COMFORT
22.6,61.8,-0.1999999999999993,-3.6000000000000085,2,WARM_HUMID
27.1,80.7,0.5,0.7000000000000028,2,WARM_HUMID
23.9,27.4,0.1999999999999993,3.099999999999998,1,COMFORT
23.4,47.7,0.5,0.0,1,COMFORT
23.7,45.0,-0.10000000000000142,4.899999999999999,2,WARM_HUMID
24.1,51.0,0.0,0.0,0,COLD
23.9,42.6,0.1999999999999993,1.2000000000000028,2,WARM_HUMID
22.7,26.9,-0.10000000000000142,-4.900000000000002,1,COMFORT
24.2,71.6,0.0,0.0,1,COMFORT
20.7,56.7,1.5,-3.0999999999999943,0,COLD
23.7,53.5,-1.5,5.0,1,COMFORT
23.5,59.7,-0.8000000000000007,4.0,1,COMFORT
33.9,37.5,1.5,0.3999999999999986,0,COLD
21.6,29.8,-0.6999999999999993,0.1999999999999993,1,COMFORT
24.1,53.7,0.20000000000000284,1.8000000000000043,1,COMFORT
24.0,37.0,0.3000000000000007,0.7000000000000028,2,WARM_HUMID
22.3,45.0,0.6000000000000014,0.0,0,COLD
25.7,60.0,-0.1999999999999993,0.0,1,COMFORT
24.0,28.1,0.3000000000000007,4.800000000000001,0,COLD
25.6,76.8,-0.3999999999999986,-4.0,0,COLD
27.1,64.8,-1.5,4.099999999999994,1,COMFORT
25.8,57.7,0.0,0.0,1,COMFORT
23.5,49.5,0.0,0.7999999999999972,2,WARM_HUMID
29.8,63.6,0.0,-0.10000000000000142,1,COMFORT
22.7,44.7,0.0,-1.8999999999999986,0,COLD
21.7,42.6,0.3000000000000007,1.2000000000000028,0,COLD
25.1,67.5,0.20000000000000284,2.0999999999999943,0,COLD
24.9,44.7,1.5,-0.19999999999999574,1,COMFORT
26.6,26.8,-1.3999999999999986,-2.0,0,COLD
28.5,36.1,-0.5,5.0,0,COLD
22.9,67.7,0.0,0.0,2,WARM_HUMID
24.8,53.0,0.0,0.0,0,COLD
23.1,50.0,0.7000000000000028,-1.0,0,COLD
25.2,52.0,0.0,0.0,1,COMFORT
27.8,80.3,-1.5,5.0,3,HOT
25.3,38.5,0.40000000000000213,1.6000000000000014,0,COLD
25.9,31.8,1.5,-5.0,1,COMFORT
19.5,60.0,0.6000000000000014,5.0,1,COMFORT
22.9,42.6,-0.10000000000000142,1.6000000000000014,0,COLD
24.6,27.7,0.10000000000000142,4.0,1,COMFORT
33.0,79.0,0.0,0.0,3,HOT
31.9,62.3,0.3999999999999986,0.5,3,HOT
30.1,71.7,0.0,0.0,3,HOT
22.1,28.1,0.40000000000000213,-3.6999999999999993,1,COMFORT
27.7,50.0,0.0,0.0,2,WARM_HUMID
23.1,46.9,0.0,-2.6000000000000014,1,COMFORT
13.4,60.1,0.0,-1.2999999999999972,0,COLD
21.3,25.7,0.3000000000000007,-0.3000000000000007,3,HOT
21.5,55.4,0.0,0.0,2,WARM_HUMID
27.7,33.4,1.5,-5.0,2,WARM_HUMID
24.2,71.6,0.0,0.0,1,COMFORT
28.7,46.8,0.0,0.0,2,WARM_HUMID
32.8,76.0,0.8999999999999986,-2.0,3,HOT
22.8,62.4,-0.8000000000000007,1.5,2,WARM_HUMID
29.0,76.8,-0.6000000000000014,-1.0,1,COMFORT
26.4,66.4,0.0,0.0,0,COLD
20.8,29.4,0.6999999999999993,-1.6000000000000014,0,COLD
22.2,27.0,-0.1999999999999993,-1.5,2,WARM_HUMID
26.3,42.2,-0.09999999999999787,-0.5999999999999943,0,COLD
21.2,35.3,-1.5,-2.0,0,COLD
25.5,37.0,0.0,0.0,3,HOT
22.0,31.9,0.1999999999999993,-5.0,2,WARM_HUMID
22.1,54.8,-0.09999999999999787,-1.1000000000000014,1,COMFORT
28.1,39.0,0.0,0.0,0,COLD
23.0,32.9,0.3999999999999986,-1.6000000000000014,3,HOT
24.4,31.9,1.5,-5.0,1,COMFORT
28.5,51.4,-0.1999999999999993,0.19999999999999574,2,WARM_HUMID
20.0,63.8,-1.5,0.0,0,COLD
28.0,70.3,0.0,-0.4000000000000057,0,COLD
26.1,46.4,-0.29999999999999716,1.3999999999999986,1,COMFORT
20.3,34.0,0.0,-5.0,1,COMFORT
34.5,54.6,-1.5,5.0,3,HOT
23.6,52.2,1.0,-4.0,1,COMFORT
29.5,32.1,-1.5,-5.0,1,COMFORT
30.3,27.6,0.10000000000000142,-0.29999999999999716,2,WARM_HUMID
23.4,22.7,0.6999999999999993,-2.400000000000002,1,COMFORT
25.5,43.0,-1.5,3.6000000000000014,1,COMFORT
22.8,35.5,-1.5,3.0,0,COLD
28.3,63.5,0.1999999999999993,0.0,3,HOT
23.4,28.1,0.5999999999999979,-0.5,1,COMFORT
21.6,54.2,0.20000000000000284,1.6000000000000014,2,WARM_HUMID
16.2,70.0,-0.6000000000000014,5.0,0,COLD
26.4,39.5,-0.40000000000000213,-0.29999999999999716,1,COMFORT
22.7,55.7,0.3000000000000007,-0.8999999999999986,1,COMFORT
32.9,41.1,0.19999999999999574,3.8000000000000043,3,HOT
22.8,21.9,-0.5999999999999979,-5.0,1,COMFORT
31.0,35.0,1.5,0.0,0,COLD
20.9,34.6,0.09999999999999787,1.7000000000000028,3,HOT
27.3,79.2,-1.0,-5.0,1,COMFORT
27.2,40.8,0.09999999999999787,0.19999999999999574,1,COMFORT
21.6,19.1,-1.5,-5.0,1,COMFORT
27.5,47.7,0.10000000000000142,-1.0,2,WARM_HUMID
22.8,39.7,-1.5,0.8000000000000043,3,HOT
19.9,36.0,0.1999999999999993,-1.1000000000000014,1,COMFORT
24.5,32.6,1.5,-5.0,1,COMFORT
21.9,27.6,-0.5,2.1000000000000014,1,COMFORT
23.4,65.3,0.0,-3.0,0,COLD
21.7,74.8,0.1999999999999993,-3.0,0,COLD
26.4,20.4,0.8999999999999986,-4.900000000000002,1,COMFORT
22.3,55.6,0.0,0.0,0,COLD
28.2,49.0,0.09999999999999787,-2.0,0,COLD
24.2,66.0,0.1999999999999993,-1.0,1,COMFORT
23.0,47.2,-1.5,2.9000000000000057,0,COLD
23.7,47.0,1.5,-5.0,1,COMFORT
23.2,65.3,0.3000000000000007,1.2000000000000028,0,COLD
22.8,31.3,0.40000000000000213,-2.1999999999999993,1,COMFORT
22.5,32.2,0.5,-0.19999999999999574,1,COMFORT
24.5,41.0,-1.5,4.799999999999997,1,COMFORT
19.9,37.6,-0.3000000000000007,0.0,0,COLD
27.6,81.2,0.5,0.5,1,COMFORT
17.8,67.7,-1.5,5.0,1,COMFORT
23.0,44.6,0.10000000000000142,0.10000000000000142,0,COLD
20.6,38.7,-1.5,5.0,0,COLD
22.9,38.7,0.29999999999999716,-0.7999999999999972,2,WARM_HUMID
24.3,43.5,1.5,-3.799999999999997,1,COMFORT
22.4,41.1,-0.40000000000000213,-0.10000000000000142,1,COMFORT
22.6,39.5,-0.3999999999999986,0.10000000000000142,3,HOT
23.5,47.0,0.1999999999999993,0.10000000000000142,1,COMFORT
22.8,49.8,1.5,3.299999999999997,0,COLD
29.5,70.0,0.0,0.0,2,WARM_HUMID
22.2,52.4,-0.6999999999999993,-0.8000000000000043,0,COLD
20.9,66.9,0.09999999999999787,1.1000000000000085,2,WARM_HUMID
23.7,29.6,-0.6000000000000014,0.3000000000000007,2,WARM_HUMID
26.8,81.2,1.0,1.0,1,COMFORT
19.5,51.8,-0.1999999999999993,0.3999999999999986,0,COLD
23.2,55.6,-0.40000000000000213,0.0,0,COLD
12.8,64.0,0.6000000000000014,-5.0,0,COLD
27.8,51.0,1.3000000000000007,5.0,2,WARM_HUMID
19.3,28.0,0.3000000000000007,-5.0,2,WARM_HUMID
25.8,60.9,0.5,-0.30000000000000426,0,COLD
25.2,43.2,1.5,-5.0,1,COMFORT
19.9,51.4,-1.5,5.0,0,COLD
25.3,56.1,0.0,0.0,2,WARM_HUMID
22.9,29.2,-0.3000000000000007,5.0,2,WARM_HUMID
26.8,46.7,0.6000000000000014,0.4000000000000057,1,COMFORT
22.7,42.6,0.6999999999999993,-3.0,2,WARM_HUMID
35.1,41.8,-1.3999999999999986,-3.1000000000000014,2,WARM_HUMID
23.0,76.1,0.1999999999999993,0.29999999999999716,1,COMFORT
21.0,37.4,0.0,0.0,0,COLD
29.0,79.0,0.0,0.0,2,WARM_HUMID
25.8,53.7,1.0,-4.099999999999994,1,COMFORT
26.8,47.0,0.0,0.0,3,HOT
21.9,50.1,-0.20000000000000284,0.3999999999999986,1,COMFORT
26.8,36.9,-0.09999999999999787,0.3999999999999986,3,HOT
30.2,72.3,1.0999999999999979,-1.5,1,COMFORT
23.4,55.6,0.1999999999999993,0.0,0,COLD
17.9,40.9,-0.8000000000000007,5.0,0,COLD
22.9,54.9,-0.3000000000000007,1.3999999999999986,0,COLD
23.8,53.5,-0.09999999999999787,-0.7999999999999972,1,COMFORT
25.0,52.9,0.3000000000000007,0.29999999999999716,3,HOT
31.2,65.6,-0.6999999999999993,5.0,2,WARM_HUMID
26.3,35.8,1.5,-2.5,2,WARM_HUMID
25.8,42.0,0.0,0.0,1,COMFORT
21.7,43.2,-0.3000000000000007,2.200000000000003,0,COLD
23.3,28.2,-0.8000000000000007,0.09999999999999787,1,COMFORT
27.9,28.8,0.6999999999999993,-1.5,3,HOT
27.3,39.0,0.0,-5.0,1,COMFORT
26.0,59.0,-1.1000000000000014,0.0,3,HOT
24.1,38.8,0.0,0.0,3,HOT
19.8,61.7,-1.5,5.0,3,HOT
28.8,59.0,0.0,0.0,0,COLD
23.5,46.7,1.1000000000000014,-5.0,1,COMFORT
23.2,60.8,0.09999999999999787,0.7999999999999972,2,WARM_HUMID
23.1,52.2,0.3000000000000007,2.4000000000000057,1,COMFORT
24.3,49.0,-0.3999999999999986,2.0,1,COMFORT
29.7,29.0,0.0,0.0,3,HOT
21.8,50.8,-1.5,-0.7000000000000028,1,COMFORT
15.0,26.1,-0.09999999999999964,0.8000000000000007,1,COMFORT
22.4,39.0,-0.6000000000000014,-5.0,0,COLD
25.6,42.9,0.0,-0.10000000000000142,1,COMFORT
21.7,42.0,1.5,-0.20000000000000284,2,WARM_HUMID
24.3,64.1,0.0,0.0,1,COMFORT
30.3,30.4,0.5,-1.7000000000000028,1,COMFORT
26.1,47.0,0.0,0.0,2,WARM_HUMID
30.1,78.2,0.20000000000000284,-0.29999999999999716,1,COMFORT
35.2,15.9,1.5,-5.0,3,HOT
24.8,51.5,0.0,-0.3999999999999986,1,COMFORT
20.1,32.0,-1.5,4.699999999999999,0,COLD
23.5,37.9,0.0,0.19999999999999574,1,COMFORT
23.5,10.4,0.0,-0.40000000000000036,0,COLD
27.8,27.0,1.1000000000000014,3.0,1,COMFORT
21.2,50.1,-0.9000000000000021,1.1000000000000014,1,COMFORT
20.8,84.3,-0.3999999999999986,4.599999999999994,1,COMFORT
15.1,59.0,-1.5,5.0,1,COMFORT
26.9,39.0,0.0,0.0,3,HOT
27.1,52.7,0.10000000000000142,-5.0,0,COLD
25.2,61.8,0.8999999999999986,1.8999999999999986,1,COMFORT
23.8,56.8,0.0,-0.5,1,COMFORT
24.1,39.9,-1.5,5.0,0,COLD
23.5,44.4,-0.5,-1.7000000000000028,1,COMFORT
23.6,52.5,0.7000000000000028,1.2999999999999972,0,COLD
23.6,32.3,1.5,-5.0,1,COMFORT
21.4,22.5,1.5,-5.0,1,COMFORT
22.0,38.8,-0.3000000000000007,5.0,1,COMFORT
23.8,34.0,-0.09999999999999787,0.0,2,WARM_HUMID
28.8,78.7,0.5,-0.20000000000000284,1,COMFORT
26.2,51.0,0.0,0.0,0,COLD
22.5,68.0,0.10000000000000142,5.0,0,COLD
26.1,39.1,-0.8999999999999986,-0.19999999999999574,1,COMFORT
22.4,53.9,-1.2000000000000028,5.0,1,COMFORT
22.9,34.8,0.5999999999999979,0.6999999999999957,3,HOT
20.8,24.8,-1.5,-0.8999999999999986,0,COLD
24.7,54.1,0.1999999999999993,-1.1000000000000014,0,COLD
22.8,52.2,0.6000000000000014,3.700000000000003,2,WARM_HUMID
22.3,30.7,0.0,0.0,1,COMFORT
26.2,37.8,0.3999999999999986,5.0,1,COMFORT
26.4,73.2,0.09999999999999787,0.0,1,COMFORT
18.8,56.5,0.0,0.0,0,COLD
26.6,75.7,0.8000000000000007,0.7999999999999972,1,COMFORT
22.1,45.9,-1.2999999999999972,2.3999999999999986,1,COMFORT
21.3,50.6,-1.5,-3.1000000000000014,2,WARM_HUMID
22.5,20.9,-0.5,-2.900000000000002,0,COLD
20.9,34.6,0.09999999999999787,5.0,0,COLD
23.4,59.9,0.1999999999999993,-0.6000000000000014,0,COLD
31.8,69.5,0.0,-0.29999999999999716,1,COMFORT
25.4,18.0,-0.10000000000000142,0.0,1,COMFORT
27.2,80.7,0.5999999999999979,2.0,1,COMFORT
32.6,14.3,-0.29999999999999716,-1.299999999999999,2,WARM_HUMID
20.6,65.7,-1.5,5.0,0,COLD
22.6,51.7,-0.5999999999999979,0.7000000000000028,1,COMFORT
24.6,25.7,1.5,-2.400000000000002,1,COMFORT
23.0,56.8,0.0,0.0,1,COMFORT
22.9,26.3,-0.9000000000000021,3.8000000000000007,2,WARM_HUMID
30.2,32.0,-1.5,5.0,3,HOT
25.2,51.8,-0.5,1.8999999999999986,1,COMFORT
27.5,67.6,0.0,0.0,1,COMFORT
22.4,30.2,0.5,-0.10000000000000142,0,COLD
30.5,56.9,0.1999999999999993,0.19999999999999574,1,COMFORT
23.0,30.3,1.5,-5.0,1,COMFORT
22.2,44.6,-0.1999999999999993,-0.19999999999999574,3,HOT
27.0,71.0,1.0,5.0,1,COMFORT
28.7,46.0,0.8999999999999986,-1.0,2,WARM_HUMID
24.3,58.0,0.3000000000000007,5.0,1,COMFORT
30.2,73.0,0.0,0.0,3,HOT
29.7,67.7,0.0,0.0,1,COMFORT
22.2,37.2,-1.5,-5.0,1,COMFORT
15.2,60.0,-0.10000000000000142,0.0,0,COLD
23.4,39.0,-0.40000000000000213,-1.5,2,WARM_HUMID
19.3,21.3,-1.5,-5.0,0,COLD
21.7,28.6,1.5,-1.1999999999999993,1,COMFORT
21.1,36.6,-1.5,1.1000000000000014,1,COMFORT
21.5,37.5,0.0,1.2000000000000028,0,COLD
27.9,55.0,0.0,0.0,0,COLD
27.9,36.0,0.0,0.0,1,COMFORT
22.4,29.5,-0.40000000000000213,5.0,1,COMFORT
26.8,52.0,0.5,-5.0,0,COLD
27.9,40.2,0.0,-0.09999999999999432,2,WARM_HUMID
18.5,57.9,0.5,1.0,1,COMFORT
31.9,67.3,0.5,-1.6000000000000085,3,HOT
31.2,69.0,0.0,0.0,2,WARM_HUMID
22.5,48.6,-0.8999999999999986,-3.0,1,COMFORT
22.7,63.9,0.1999999999999993,1.2999999999999972,0,COLD
27.5,49.9,0.1999999999999993,-0.30000000000000426,2,WARM_HUMID
18.4,65.0,-1.5,4.5,1,COMFORT
22.5,43.1,-1.3000000000000007,5.0,0,COLD
21.7,27.5,-0.1999999999999993,2.0,2,WARM_HUMID
11.0,50.8,0.0,0.5,0,COLD
30.6,65.8,0.10000000000000142,0.09999999999999432,3,HOT
23.8,23.6,-1.1999999999999993,0.6000000000000014,1,COMFORT
23.1,49.0,0.0,0.0,0,COLD
28.1,52.8,0.20000000000000284,-0.8000000000000043,1,COMFORT
24.3,66.5,-0.5,2.4000000000000057,0,COLD
25.4,64.0,-0.40000000000000213,1.0,2,WARM_HUMID
23.5,52.1,-0.3000000000000007,2.1000000000000014,2,WARM_HUMID
27.8,51.0,1.1999999999999993,5.0,3,HOT
28.2,47.0,0.0,0.0,2,WARM_HUMID
26.0,53.0,-1.5,1.0,1,COMFORT
25.2,59.2,-1.5,3.200000000000003,3,HOT
27.1,71.0,-1.5,2.0,2,WARM_HUMID
22.1,63.0,0.5,-2.299999999999997,1,COMFORT
22.7,20.8,-0.10000000000000142,-0.09999999999999787,1,COMFORT
26.6,38.6,1.5,-3.1000000000000014,2,WARM_HUMID
25.2,53.9,1.3999999999999986,5.0,1,COMFORT
28.3,87.5,0.6000000000000014,1.5,3,HOT
25.7,56.8,0.3000000000000007,-2.6000000000000014,0,COLD
21.6,43.4,-0.8999999999999986,-2.200000000000003,0,COLD
24.0,51.0,0.5,-1.0,3,HOT
26.5,38.0,0.0,0.0,2,WARM_HUMID
20.0,35.9,1.0,-1.8999999999999986,1,COMFORT
23.4,62.0,0.0,0.0,0,COLD
21.0,34.6,-1.1000000000000014,5.0,1,COMFORT
28.4,67.0,0.0,0.0,1,COMFORT
23.0,23.8,1.1000000000000014,3.1999999999999993,0,COLD
22.4,62.8,-0.6000000000000014,-1.4000000000000057,1,COMFORT
20.6,29.8,-0.3999999999999986,-1.5,2,WARM_HUMID
22.2,54.3,-0.1999999999999993,-0.9000000000000057,1,COMFORT
24.3,50.3,-0.5999999999999979,-2.8000000000000043,1,COMFORT
23.6,60.9,-0.3999999999999986,-5.0,1,COMFORT
24.9,65.4,-0.10000000000000142,-0.6999999999999886,1,COMFORT
18.5,18.6,-1.5,-3.099999999999998,1,COMFORT
25.9,66.7,0.0,0.0,0,COLD
22.9,29.9,1.3999999999999986,5.0,1,COMFORT
27.2,35.0,0.09999999999999787,1.0,0,COLD
23.6,54.5,1.5,-5.0,2,WARM_HUMID
24.7,58.0,0.0,0.0,0,COLD
22.3,41.4,0.8000000000000007,-5.0,0,COLD
24.5,59.1,0.3000000000000007,1.6000000000000014,1,COMFORT
23.1,54.8,-0.29999999999999716,0.6999999999999957,1,COMFORT
16.2,71.6,0.0,5.0,0,COLD
23.5,65.4,-1.5,5.0,2,WARM_HUMID
19.2,53.4,-1.5,5.0,1,COMFORT
21.3,45.1,-0.3999999999999986,0.0,0,COLD
26.6,42.5,1.5,0.29999999999999716,2,WARM_HUMID
23.3,43.5,1.0,-0.5,1,COMFORT
22.9,54.1,0.09999999999999787,5.0,1,COMFORT
22.0,32.1,1.1000000000000014,-4.399999999999999,1,COMFORT
25.3,43.0,0.0,0.0,1,COMFORT
22.9,53.2,0.3999999999999986,1.1000000000000014,0,COLD
21.5,36.0,1.5,-3.700000000000003,1,COMFORT
21.7,26.5,-1.5,-5.0,1,COMFORT
26.8,48.0,0.0,0.0,2,WARM_HUMID
29.0,35.0,0.0,0.0,1,COMFORT
24.4,47.8,1.5,-4.700000000000003,0,COLD
23.3,50.4,0.0,0.19999999999999574,2,WARM_HUMID
22.0,22.6,-0.10000000000000142,-0.1999999999999993,0,COLD
22.1,46.6,0.8000000000000007,5.0,3,HOT
23.0,22.4,-0.3000000000000007,0.0,1,COMFORT
24.8,51.0,0.0,0.0,0,COLD
27.4,59.2,-0.40000000000000213,0.9000000000000057,1,COMFORT
12.8,61.0,0.0,1.7999999999999972,0,COLD
28.4,34.5,0.09999999999999787,-0.5,3,HOT
38.0,81.0,1.0,5.0,3,HOT
24.9,25.1,1.5,-3.299999999999997,1,COMFORT
23.0,32.7,-0.5,1.7000000000000028,1,COMFORT
22.5,35.5,-0.3000000000000007,0.20000000000000284,2,WARM_HUMID
27.2,85.2,-0.9000000000000021,5.0,0,COLD
30.4,75.6,0.0,0.0,1,COMFORT
24.4,73.7,0.29999999999999716,-0.20000000000000284,1,COMFORT
19.4,49.8,-0.8000000000000007,5.0,1,COMFORT
30.5,28.0,0.0,1.3999999999999986,1,COMFORT
28.4,86.6,-1.5,5.0,1,COMFORT
22.7,37.5,-0.10000000000000142,0.3999999999999986,1,COMFORT
25.0,39.2,-0.3000000000000007,0.8000000000000043,3,HOT
22.4,39.0,-1.0,2.299999999999997,1,COMFORT
22.3,20.9,-0.5999999999999979,-5.0,0,COLD
22.1,34.5,0.0,-3.200000000000003,3,HOT
20.8,39.3,0.3000000000000007,-0.20000000000000284,3,HOT
26.9,44.1,-1.0,-0.8999999999999986,3,HOT
22.1,48.3,-1.5,2.1999999999999957,1,COMFORT
26.6,31.7,1.5,-5.0,3,HOT
22.3,39.8,1.0,-4.0,1,COMFORT
20.3,65.7,-0.6999999999999993,5.0,0,COLD
21.8,21.4,1.1999999999999993,-5.0,0,COLD
24.6,48.4,-0.1999999999999993,1.0,0,COLD
22.6,43.9,-0.6999999999999993,0.6000000000000014,1,COMFORT
21.6,69.1,-0.5999999999999979,2.3999999999999915,1,COMFORT
31.7,58.9,0.09999999999999787,-5.0,2,WARM_HUMID
25.8,49.6,0.10000000000000142,-1.2999999999999972,1,COMFORT
21.5,29.1,0.3999999999999986,3.700000000000003,3,HOT
22.4,28.5,0.3999999999999986,0.3000000000000007,0,COLD
21.4,36.0,0.5,-5.0,1,COMFORT
28.6,24.1,0.3000000000000007,-4.299999999999997,1,COMFORT
30.6,66.0,0.6000000000000014,1.0,2,WARM_HUMID
27.6,43.0,0.0,0.0,2,WARM_HUMID
21.6,41.7,-1.5,2.6000000000000014,1,COMFORT
24.4,42.6,0.8999999999999986,-2.5,1,COMFORT
23.2,62.3,-0.5,2.6999999999999957,1,COMFORT
27.5,27.0,-0.10000000000000142,-1.8999999999999986,1,COMFORT
23.7,46.0,1.5,-5.0,1,COMFORT
23.1,46.8,-0.5999999999999979,1.8999999999999986,1,COMFORT
27.7,54.5,0.3000000000000007,-0.5,1,COMFORT
21.3,42.0,0.3000000000000007,4.0,3,HOT
23.1,14.2,-0.29999999999999716,0.09999999999999964,0,COLD
23.0,41.0,0.8000000000000007,-2.1000000000000014,2,WARM_HUMID
24.6,25.3,0.8000000000000007,-5.0,2,WARM_HUMID
24.7,22.1,-0.6999999999999993,1.0,1,COMFORT
23.1,43.2,1.2000000000000028,-2.1999999999999957,1,COMFORT
27.6,51.1,1.5,-5.0,0,COLD
23.4,23.3,1.3999999999999986,-4.899999999999999,3,HOT
16.9,37.5,-1.5,-3.8999999999999986,0,COLD
24.2,28.1,-0.10000000000000142,-2.5,1,COMFORT
27.4,55.0,-0.8000000000000007,2.799999999999997,1,COMFORT
24.4,36.5,1.0999999999999979,-1.6000000000000014,2,WARM_HUMID
23.5,71.8,1.3000000000000007,-2.9000000000000057,1,COMFORT
32.6,63.1,-0.10000000000000142,0.6000000000000014,1,COMFORT
25.8,47.0,0.0,0.0,2,WARM_HUMID
26.1,38.0,0.0,0.0,1,COMFORT
29.2,74.2,-1.1000000000000014,5.0,1,COMFORT
21.0,73.0,-1.5,5.0,1,COMFORT
24.2,61.0,0.5,-2.0,2,WARM_HUMID
24.7,56.2,0.0,0.0,1,COMFORT
23.7,54.4,-0.40000000000000213,0.8999999999999986,3,HOT
29.3,36.7,-1.5,-0.7999999999999972,0,COLD
25.3,48.9,-0.09999999999999787,-2.8999999999999986,1,COMFORT
21.3,32.2,-1.1999999999999993,0.8000000000000043,0,COLD
23.9,55.4,0.0,5.0,1,COMFORT
24.9,65.5,0.0,0.0,1,COMFORT
22.4,65.8,0.0,-2.0,1,COMFORT
26.6,74.9,1.5,-2.0999999999999943,0,COLD
24.7,46.4,0.3000000000000007,-0.8999999999999986,0,COLD
23.5,53.7,1.5,-5.0,3,HOT
21.5,54.1,-1.1999999999999993,2.0,1,COMFORT
23.0,35.1,-0.6000000000000014,0.8000000000000043,3,HOT
23.4,39.1,0.1999999999999993,0.10000000000000142,1,COMFORT
17.2,52.8,0.0,0.0,1,COMFORT
27.2,80.7,0.5999999999999979,2.0,3,HOT
27.7,44.0,0.3000000000000007,-3.0,1,COMFORT
22.8,62.0,0.0,0.0,0,COLD
30.9,66.7,0.09999999999999787,0.9000000000000057,2,WARM_HUMID
21.6,37.1,-0.3999999999999986,3.200000000000003,1,COMFORT
19.2,28.0,-1.5,-5.0,1,COMFORT
26.5,41.4,1.5,-1.6000000000000014,1,COMFORT
26.5,62.9,0.8999999999999986,-1.8999999999999986,1,COMFORT
21.9,60.8,-0.5,1.7999999999999972,0,COLD
22.0,33.5,0.0,-1.0,2,WARM_HUMID
22.5,35.3,0.0,0.0,1,COMFORT
22.1,50.3,-1.5,5.0,1,COMFORT
22.1,55.5,0.10000000000000142,-0.10000000000000142,2,WARM_HUMID
22.2,37.2,-1.5,-5.0,1,COMFORT
19.6,26.9,-0.1999999999999993,1.1999999999999993,3,HOT
22.4,39.0,0.0,0.0,0,COLD
25.3,50.7,0.8000000000000007,2.700000000000003,2,WARM_HUMID
24.0,58.7,0.3000000000000007,-3.0999999999999943,0,COLD
28.7,44.0,0.0,0.0,2,WARM_HUMID
20.7,55.5,1.5,-5.0,0,COLD
21.0,40.5,1.5,-3.799999999999997,0,COLD
23.0,53.7,0.0,0.20000000000000284,1,COMFORT
22.4,54.0,0.0,0.0,0,COLD
22.3,24.0,0.40000000000000213,-2.3000000000000007,1,COMFORT
21.4,27.2,-1.5,-1.1999999999999993,1,COMFORT
29.2,80.4,-0.1999999999999993,1.6000000000000085,1,COMFORT
23.2,19.4,-0.5,1.0,3,HOT
28.1,46.0,0.0,0.0,3,HOT
25.6,50.5,0.3000000000000007,-2.5,1,COMFORT
26.9,32.4,-0.6000000000000014,2.1999999999999993,2,WARM_HUMID
24.0,51.8,0.0,0.0,0,COLD
23.5,51.0,0.3000000000000007,0.0,0,COLD
33.2,40.6,0.0,3.1000000000000014,2,WARM_HUMID
22.6,45.6,-0.09999999999999787,0.5,0,COLD
23.1,21.6,-0.5999999999999979,4.800000000000001,0,COLD
24.8,26.3,0.0,-4.099999999999998,2,WARM_HUMID
19.1,71.0,0.0,0.0,1,COMFORT
22.5,51.5,0.8000000000000007,-2.8999999999999986,1,COMFORT
22.7,40.6,-1.1000000000000014,5.0,2,WARM_HUMID
25.8,42.0,0.0,0.0,1,COMFORT
22.3,19.9,0.0,0.0,0,COLD
23.2,27.7,-0.10000000000000142,2.3999999999999986,2,WARM_HUMID
25.1,62.5,0.6000000000000014,-3.299999999999997,1,COMFORT
25.0,64.0,0.10000000000000142,5.0,1,COMFORT
31.5,66.2,-0.5,3.700000000000003,3,HOT
25.6,57.0,-1.5,5.0,2,WARM_HUMID
22.9,27.8,0.3999999999999986,2.1000000000000014,3,HOT
26.3,37.6,1.4000000000000021,-2.799999999999997,0,COLD
23.7,25.1,1.3000000000000007,-1.0999999999999979,1,COMFORT
25.1,47.3,0.0,0.19999999999999574,3,HOT
24.8,33.4,-0.5999999999999979,-2.0,2,WARM_HUMID
22.4,19.5,0.1999999999999993,-5.0,0,COLD
29.0,61.1,0.6000000000000014,-2.8999999999999986,1,COMFORT
27.3,73.0,1.5,5.0,2,WARM_HUMID
29.0,78.4,0.10000000000000142,4.1000000000000085,2,WARM_HUMID
28.3,24.7,0.0,1.8000000000000007,1,COMFORT
23.0,29.0,-0.6000000000000014,0.0,0,COLD
19.5,47.3,-0.6000000000000014,5.0,0,COLD
27.2,76.4,0.5999999999999979,0.7000000000000028,3,HOT
25.2,32.3,0.1999999999999993,-0.20000000000000284,0,COLD
24.9,42.4,0.0,0.0,1,COMFORT
22.0,36.2,-1.5,-3.0999999999999943,1,COMFORT
23.1,57.0,0.0,0.0,1,COMFORT
25.2,27.5,0.09999999999999787,-0.5,1,COMFORT
33.8,30.0,0.0,0.0,3,HOT
23.4,37.9,0.5,3.1000000000000014,0,COLD
23.8,33.6,0.0,-1.0,1,COMFORT
21.2,38.2,-1.1000000000000014,-0.09999999999999432,0,COLD
29.9,60.3,0.0,5.0,2,WARM_HUMID
28.4,75.3,1.5,5.0,1,COMFORT
26.6,26.0,1.5,-5.0,3,HOT
24.0,62.7,1.0,5.0,3,HOT
21.2,61.9,-1.5,5.0,1,COMFORT
17.2,48.3,-1.5,5.0,1,COMFORT
21.4,39.8,-0.10000000000000142,-0.30000000000000426,2,WARM_HUMID
22.1,33.7,-0.5999999999999979,3.700000000000003,1,COMFORT
18.4,53.5,-1.5,3.299999999999997,0,COLD
24.8,47.9,0.0,1.0,2,WARM_HUMID
26.6,86.8,0.5,2.200000000000003,1,COMFORT
29.2,76.4,0.0,0.0,1,COMFORT
21.7,60.3,0.0,0.0,1,COMFORT
22.3,43.9,-0.6999999999999993,1.3999999999999986,1,COMFORT
25.7,63.2,0.3000000000000007,-0.6999999999999957,1,COMFORT
21.3,52.9,-1.5,5.0,1,COMFORT
26.1,62.9,-0.6999999999999993,0.8999999999999986,2,WARM_HUMID
26.5,54.0,0.0,0.0,1,COMFORT
25.9,33.8,1.5,-5.0,1,COMFORT
23.2,18.2,0.0,0.0,1,COMFORT
21.9,44.3,-1.3000000000000007,5.0,3,HOT
21.7,32.0,-0.1999999999999993,3.1999999999999993,0,COLD
21.7,47.7,-1.5,-5.0,0,COLD
20.4,48.8,0.09999999999999787,5.0,1,COMFORT
31.1,56.2,1.4000000000000021,-5.0,2,WARM_HUMID
29.0,45.2,-1.5,5.0,1,COMFORT
17.3,50.0,-1.5,5.0,0,COLD
24.1,51.1,-0.09999999999999787,1.6000000000000014,0,COLD
22.0,40.1,1.0,-2.8999999999999986,0,COLD
30.8,28.8,-1.3000000000000007,-5.0,2,WARM_HUMID
19.2,31.8,0.8000000000000007,-0.9000000000000021,0,COLD
25.8,40.7,1.5,5.0,1,COMFORT
25.3,61.0,0.0,0.0,0,COLD
25.2,31.2,-0.10000000000000142,0.3999999999999986,1,COMFORT
29.1,74.7,0.0,0.0,1,COMFORT
24.0,28.9,0.0,2.099999999999998,1,COMFORT
23.8,54.2,0.6999999999999993,5.0,2,WARM_HUMID
27.0,53.8,0.10000000000000142,0.8999999999999986,2,WARM_HUMID
28.1,68.0,0.0,0.0,1,COMFORT
29.6,56.3,0.10000000000000142,0.29999999999999716,2,WARM_HUMID
26.0,58.0,-0.5,5.0,2,WARM_HUMID
21.9,43.7,0.0,0.0,1,COMFORT
23.9,25.7,-0.6000000000000014,0.3999999999999986,0,COLD
26.0,43.0,-1.0,5.0,1,COMFORT
18.5,32.0,-1.5,5.0,1,COMFORT
31.5,71.6,-0.3000000000000007,0.5999999999999943,3,HOT
22.3,44.6,-0.3000000000000007,0.5,1,COMFORT
23.9,24.0,-0.8000000000000007,0.1999999999999993,0,COLD
24.7,58.4,0.0,0.0,0,COLD
22.0,47.5,0.6999999999999993,-0.3999999999999986,1,COMFORT
21.5,59.8,0.0,0.0,0,COLD
22.7,20.1,0.6999999999999993,0.6000000000000014,2,WARM_HUMID
31.0,47.0,0.0,0.0,1,COMFORT
22.8,51.8,-1.1999999999999993,-2.6000000000000014,1,COMFORT
21.3,36.8,0.0,-1.2000000000000028,1,COMFORT
18.3,50.5,-1.1999999999999993,5.0,0,COLD
25.1,62.3,0.7000000000000028,-3.299999999999997,1,COMFORT
26.7,31.5,-1.1999999999999993,0.6999999999999993,3,HOT
21.3,18.7,-0.3000000000000007,-5.0,1,COMFORT
23.0,28.5,-1.0,-0.8999999999999986,1,COMFORT
22.8,36.0,-0.1999999999999993,0.7999999999999972,0,COLD
30.7,64.7,0.3000000000000007,0.20000000000000284,3,HOT
21.6,23.8,-0.3999999999999986,-1.3999999999999986,1,COMFORT
21.7,60.3,0.0,0.0,2,WARM_HUMID
23.4,52.4,0.8999999999999986,-2.3000000000000043,2,WARM_HUMID
15.4,42.4,-1.5,5.0,1,COMFORT
16.0,58.0,0.0,-4.0,3,HOT
27.8,47.0,0.0,0.0,0,COLD
22.5,52.6,0.0,0.0,0,COLD
23.6,19.0,0.0,0.0,1,COMFORT
34.6,10.6,-0.19999999999999574,0.1999999999999993,0,COLD
26.5,43.8,-0.1999999999999993,5.0,2,WARM_HUMID
24.4,36.5,-0.10000000000000142,-3.299999999999997,2,WARM_HUMID
29.8,65.0,0.0,0.0,1,COMFORT
16.0,40.0,-1.5,-2.0,1,COMFORT
21.8,81.4,-0.1999999999999993,0.8000000000000114,0,COLD
22.0,22.7,0.0,0.09999999999999787,3,HOT
19.7,69.5,-1.5,5.0,0,COLD
31.1,55.7,0.0,1.5,1,COMFORT
23.8,26.5,0.10000000000000142,-5.0,2,WARM_HUMID
26.9,45.3,0.8999999999999986,3.5999999999999943,1,COMFORT
17.2,59.3,-1.5,-5.0,1,COMFORT
25.3,33.3,0.6999999999999993,-2.5,0,COLD
30.8,64.4,0.5,-2.0999999999999943,0,COLD
20.6,33.7,-1.5,-5.0,1,COMFORT
21.2,37.5,0.09999999999999787,0.5,1,COMFORT
24.0,64.2,0.0,0.0,0,COLD
24.8,38.4,0.9000000000000021,5.0,2,WARM_HUMID
26.3,60.5,0.0,-0.10000000000000142,3,HOT
27.3,30.3,-0.09999999999999787,0.6000000000000014,3,HOT
26.9,69.3,-0.3000000000000007,2.0,2,WARM_HUMID
24.0,39.4,1.0,-3.5,2,WARM_HUMID
25.6,53.0,0.0,0.0,0,COLD
22.9,25.6,-1.2000000000000028,1.6000000000000014,0,COLD
26.3,51.0,0.0,0.0,0,COLD
23.8,23.7,0.0,0.0,1,COMFORT
24.7,58.4,0.0,0.0,2,WARM_HUMID
26.5,56.2,1.1000000000000014,-3.299999999999997,2,WARM_HUMID
26.1,66.7,-0.5,1.2999999999999972,0,COLD
27.2,80.7,0.5999999999999979,2.0,3,HOT
22.3,64.9,-1.5,5.0,1,COMFORT
19.9,38.6,-1.0,0.0,1,COMFORT
33.7,58.0,0.0,0.0,2,WARM_HUMID
26.8,64.2,0.1999999999999993,-0.7000000000000028,2,WARM_HUMID
31.8,68.6,0.0,-0.10000000000000853,1,COMFORT
28.0,39.9,1.3999999999999986,-2.3000000000000043,2,WARM_HUMID
26.8,46.0,0.0,0.0,0,COLD
23.4,39.1,0.09999999999999787,-1.6999999999999957,1,COMFORT
22.0,33.4,0.0,0.0,3,HOT
26.2,32.0,-1.1000000000000014,5.0,1,COMFORT
23.3,35.7,0.6999999999999993,-1.0999999999999943,2,WARM_HUMID
30.1,72.1,-0.1999999999999993,0.8999999999999915,1,COMFORT
28.5,51.1,0.0,-0.29999999999999716,2,WARM_HUMID
20.1,42.4,0.3000000000000007,0.0,2,WARM_HUMID
22.9,43.3,-0.10000000000000142,0.5999999999999943,2,WARM_HUMID
18.5,31.9,-1.5,4.099999999999998,2,WARM_HUMID
24.6,23.8,0.20000000000000284,-1.0999999999999979,3,HOT
25.7,73.0,0.09999999999999787,-0.20000000000000284,3,HOT
30.4,62.0,1.2999999999999972,-3.0,1,COMFORT
22.3,40.1,-0.5,-0.29999999999999716,1,COMFORT
27.5,51.1,0.6000000000000014,5.0,3,HOT
20.3,56.9,-1.0,5.0,1,COMFORT
26.5,53.4,-0.3999999999999986,0.0,2,WARM_HUMID
22.9,70.9,0.0,4.300000000000011,1,COMFORT
23.9,25.0,1.5,-5.0,1,COMFORT
33.0,61.0,0.0,0.0,3,HOT
27.3,79.2,-1.0,-5.0,2,WARM_HUMID
21.3,29.6,-1.5,-5.0,0,COLD
28.8,71.0,-0.5,-2.0,2,WARM_HUMID
20.7,60.7,-1.5,5.0,0,COLD
23.7,40.0,-0.10000000000000142,0.0,0,COLD
24.6,62.7,0.10000000000000142,5.0,1,COMFORT
23.7,21.6,0.8999999999999986,-0.8999999999999986,2,WARM_HUMID
21.3,22.8,0.0,0.0,2,WARM_HUMID
19.4,35.4,1.5,-3.3000000000000043,0,COLD
26.6,54.2,-0.09999999999999787,2.0,2,WARM_HUMID
24.0,42.5,-1.5,-5.0,3,HOT
30.1,33.1,0.0,0.0,1,COMFORT
25.8,41.5,1.5,-5.0,0,COLD
27.7,45.7,0.8000000000000007,-2.5,3,HOT
27.4,42.0,0.09999999999999787,-1.0,0,COLD
25.2,63.0,0.0,0.0,1,COMFORT
25.1,72.0,-0.5999999999999979,-3.0,2,WARM_HUMID
24.6,30.2,-1.5,-5.0,0,COLD
27.7,76.0,0.0,0.0,2,WARM_HUMID
12.8,64.4,0.0,-1.6999999999999886,0,COLD
23.4,39.3,-0.20000000000000284,-0.7000000000000028,2,WARM_HUMID
22.4,50.9,0.6999999999999993,-5.0,0,COLD
20.8,55.1,0.0,0.8999999999999986,1,COMFORT
27.3,45.0,1.5,-4.700000000000003,2,WARM_HUMID
16.2,48.8,-0.6000000000000014,3.0,0,COLD
28.4,38.9,-0.6000000000000014,5.0,2,WARM_HUMID
28.9,78.6,1.2999999999999972,-2.5,3,HOT
21.9,61.1,0.0,0.0,1,COMFORT
29.1,49.0,1.4000000000000021,-3.0,2,WARM_HUMID
21.1,55.4,0.0,0.0,1,COMFORT
22.0,40.5,0.8000000000000007,-2.0,3,HOT
23.5,50.2,0.3999999999999986,5.0,1,COMFORT
19.0,62.3,-1.5,5.0,2,WARM_HUMID
35.4,45.0,-1.5,5.0,3,HOT
27.3,73.3,0.0,0.0,0,COLD
23.2,24.0,0.0,-0.10000000000000142,0,COLD
22.1,65.8,0.0,0.0,0,COLD
28.7,67.0,0.0,0.0,0,COLD
21.2,61.6,0.0,0.0,0,COLD
25.6,54.2,0.40000000000000213,-1.2999999999999972,2,WARM_HUMID
16.0,56.0,0.0,5.0,3,HOT
20.4,54.2,-1.2000000000000028,4.0,1,COMFORT
32.0,66.4,-0.20000000000000284,0.7000000000000028,3,HOT
21.3,62.0,0.1999999999999993,-5.0,0,COLD
16.0,46.0,1.0,-5.0,3,HOT
28.6,83.5,-1.3999999999999986,5.0,3,HOT
24.0,46.3,-0.1999999999999993,5.0,1,COMFORT
20.8,52.7,-0.3000000000000007,-1.8999999999999986,2,WARM_HUMID
19.9,39.5,0.0,0.0,0,COLD
23.6,57.8,-0.29999999999999716,-5.0,1,COMFORT
30.1,39.9,-1.0,0.5,0,COLD
22.3,57.5,-1.3000000000000007,-3.0,1,COMFORT
16.0,41.7,-1.5,5.0,1,COMFORT
25.6,52.3,0.10000000000000142,0.7999999999999972,3,HOT
18.7,67.0,0.0,0.0,1,COMFORT
24.9,56.9,1.5,-5.0,2,WARM_HUMID
24.5,20.9,1.0,-0.6000000000000014,0,COLD
23.7,28.6,0.6999999999999993,4.700000000000003,0,COLD
25.3,32.4,-0.09999999999999787,-3.5,1,COMFORT
22.3,29.8,-0.09999999999999787,-1.5,0,COLD
25.6,42.6,-1.5,3.8999999999999986,2,WARM_HUMID
20.7,28.0,-1.5,-1.1000000000000014,2,WARM_HUMID
25.3,20.3,0.0,0.0,3,HOT
24.8,35.6,1.5,-0.29999999999999716,2,WARM_HUMID
18.0,68.0,0.0,-2.0,0,COLD
18.3,54.1,-0.1999999999999993,1.1000000000000014,0,COLD
26.8,63.8,0.0,0.0,1,COMFORT
25.3,56.1,0.1999999999999993,1.8999999999999986,1,COMFORT
24.5,70.0,0.10000000000000142,-0.7000000000000028,3,HOT
29.3,32.8,0.40000000000000213,3.3999999999999986,1,COMFORT
31.2,19.6,0.09999999999999787,-1.2999999999999972,2,WARM_HUMID
22.3,45.2,0.10000000000000142,-0.3999999999999986,2,WARM_HUMID
20.5,52.2,0.1999999999999993,5.0,3,HOT
27.6,48.0,0.0,0.0,1,COMFORT
21.4,53.2,0.0,0.0,3,HOT
28.3,81.8,-1.0999999999999979,4.5,1,COMFORT
23.8,56.6,0.0,0.0,0,COLD
22.6,40.4,-0.09999999999999787,0.7999999999999972,3,HOT
25.1,48.6,0.9000000000000021,-1.5,1,COMFORT
22.9,41.8,-0.6000000000000014,0.29999999999999716,3,HOT
29.0,78.9,0.0,0.0,1,COMFORT
22.2,23.1,0.09999999999999787,0.3000000000000007,1,COMFORT
24.3,24.6,-0.8999999999999986,-4.099999999999998,3,HOT
22.5,57.0,-1.5,5.0,1,COMFORT
23.6,40.5,0.10000000000000142,-0.6000000000000014,0,COLD
28.8,71.0,0.0,0.0,2,WARM_HUMID
23.5,50.6,0.0,0.0,2,WARM_HUMID
22.9,17.3,1.2999999999999972,0.3000000000000007,1,COMFORT
25.9,56.7,0.0,-2.1999999999999957,1,COMFORT
22.2,51.0,0.09999999999999787,0.20000000000000284,0,COLD
27.4,55.0,-0.8000000000000007,2.799999999999997,2,WARM_HUMID
22.6,32.0,0.0,2.3000000000000007,2,WARM_HUMID
27.0,64.8,0.0,-0.20000000000000284,1,COMFORT
22.1,47.6,-0.29999999999999716,-0.3999999999999986,1,COMFORT
27.0,24.6,1.5,-5.0,3,HOT
31.3,53.0,1.5,-5.0,3,HOT
25.0,52.9,0.0,1.1999999999999957,2,WARM_HUMID
29.0,36.0,0.0,0.0,2,WARM_HUMID
21.4,82.7,0.09999999999999787,-0.20000000000000284,0,COLD
31.3,28.2,0.8000000000000007,-2.1000000000000014,1,COMFORT
26.3,73.0,-1.5,-2.700000000000003,1,COMFORT
23.6,56.1,0.0,-2.1999999999999957,1,COMFORT
23.5,45.8,0.3000000000000007,-0.6000000000000014,1,COMFORT
22.0,35.5,0.0,0.0,1,COMFORT
23.2,27.4,0.0,0.0,0,COLD
27.0,59.1,-1.5,4.5,1,COMFORT
22.3,68.0,-0.8000000000000007,2.9000000000000057,2,WARM_HUMID
25.2,64.0,0.0,0.0,0,COLD
24.0,42.2,0.0,2.8000000000000043,2,WARM_HUMID
22.0,39.2,0.6000000000000014,-0.3999999999999986,1,COMFORT
23.2,27.9,0.3000000000000007,-0.3000000000000007,1,COMFORT
27.3,49.3,0.10000000000000142,-0.7000000000000028,3,HOT
32.6,20.8,-1.0,2.400000000000002,2,WARM_HUMID
25.1,33.9,1.3000000000000007,-0.10000000000000142,1,COMFORT
22.5,29.0,1.1000000000000014,-1.1999999999999993,2,WARM_HUMID
24.0,22.4,0.0,0.0,1,COMFORT
26.6,48.2,0.0,0.0,3,HOT
28.8,28.0,0.0,0.0,1,COMFORT
18.9,63.1,-1.5,5.0,1,COMFORT
24.0,62.0,0.0,0.0,1,COMFORT
20.8,39.6,0.6999999999999993,-2.3999999999999986,0,COLD
21.8,32.1,-0.6999999999999993,-5.0,1,COMFORT
25.0,42.3,0.1999999999999993,0.19999999999999574,1,COMFORT
27.0,57.0,-0.10000000000000142,1.0,1,COMFORT
30.1,61.8,0.0,0.0,1,COMFORT
27.8,52.0,0.0,0.0,3,HOT
23.5,21.5,0.6999999999999993,-2.6000000000000014,3,HOT
27.5,67.6,0.0,0.0,1,COMFORT
26.6,58.4,-0.29999999999999716,-0.10000000000000142,3,HOT
24.6,56.4,-0.1999999999999993,-5.0,1,COMFORT
23.9,60.8,-1.3000000000000007,3.5,2,WARM_HUMID
27.1,61.8,0.0,0.19999999999999574,1,COMFORT
22.1,30.5,0.0,0.0,2,WARM_HUMID
22.8,22.4,-0.09999999999999787,-1.9000000000000021,0,COLD
28.1,27.7,-1.0999999999999979,-2.0,1,COMFORT
24.5,31.9,1.5,-5.0,1,COMFORT
25.8,63.9,0.0,-0.5000000000000071,2,WARM_HUMID
24.1,62.7,0.0,0.0,1,COMFORT
23.0,56.8,0.0,0.0,1,COMFORT
30.4,73.9,1.5,0.6000000000000085,1,COMFORT
26.9,57.0,0.0,0.0,2,WARM_HUMID
30.0,72.0,0.0,5.0,2,WARM_HUMID
20.0,44.0,0.6999999999999993,5.0,0,COLD
22.4,21.0,0.1999999999999993,-1.8000000000000007,0,COLD
21.7,28.3,-1.5,1.5,1,COMFORT
12.8,38.9,0.6000000000000014,-1.7000000000000028,1,COMFORT
30.4,71.9,0.0,0.0,3,HOT
32.4,72.5,0.7999999999999972,-1.0,3,HOT
26.4,56.0,0.0,0.0,0,COLD
33.8,58.8,1.5,5.0,0,COLD
23.6,39.2,1.0,-1.5999999999999943,3,HOT
28.5,59.7,-0.5,2.5,1,COMFORT
22.0,31.4,0.3999999999999986,-5.0,3,HOT
19.8,44.3,-1.5,3.799999999999997,0,COLD
24.2,57.2,-1.5,-0.09999999999999432,0,COLD
24.5,73.7,-0.1999999999999993,0.5,1,COMFORT
22.7,29.4,0.8999999999999986,5.0,1,COMFORT
22.3,55.4,0.0,0.0,3,HOT
29.6,35.0,0.10000000000000142,-3.0,2,WARM_HUMID
20.0,62.1,0.0,0.0,1,COMFORT
27.2,48.0,0.0,0.0,1,COMFORT
23.5,57.7,-0.3000000000000007,5.0,0,COLD
31.6,21.2,0.40000000000000213,-0.8000000000000007,2,WARM_HUMID
22.6,56.2,-1.2999999999999972,3.8000000000000043,1,COMFORT
23.2,50.0,1.5,-3.0,0,COLD
23.5,26.9,0.6000000000000014,-3.8000000000000007,0,COLD
21.4,47.9,0.0,5.0,0,COLD
25.1,63.4,0.10000000000000142,-0.6000000000000014,2,WARM_HUMID
26.6,35.9,-1.1999999999999993,3.1000000000000014,2,WARM_HUMID
21.4,48.5,-1.5,1.5,1,COMFORT
29.5,39.0,0.6999999999999993,-1.0,3,HOT
21.0,56.0,1.5,-2.0,1,COMFORT
20.4,67.5,1.5,-1.2000000000000028,2,WARM_HUMID
24.7,58.0,0.0,0.0,0,COLD
30.5,70.1,0.0,0.0,1,COMFORT
28.6,36.0,0.0,0.0,3,HOT
24.8,58.5,-0.1999999999999993,2.3999999999999986,2,WARM_HUMID
19.8,35.3,-1.5,2.3999999999999986,1,COMFORT
26.8,47.4,0.5,2.8999999999999986,1,COMFORT
27.9,33.5,-1.0,5.0,1,COMFORT
27.1,61.6,-0.09999999999999787,0.20000000000000284,1,COMFORT
25.8,66.2,0.0,0.0,2,WARM_HUMID
28.9,20.9,0.09999999999999787,-0.9000000000000021,1,COMFORT
24.8,54.0,0.0,0.0,3,HOT
19.6,58.2,0.8000000000000007,-4.599999999999994,1,COMFORT
24.9,55.9,-0.10000000000000142,1.1000000000000014,1,COMFORT
32.0,46.0,1.5,-5.0,3,HOT
20.4,51.1,0.0,0.0,1,COMFORT
38.0,81.0,0.0,0.0,3,HOT
25.2,53.0,0.0,0.0,1,COMFORT
25.1,67.5,0.20000000000000284,2.0999999999999943,1,COMFORT
34.4,39.0,0.19999999999999574,0.0,2,WARM_HUMID
26.6,51.0,0.0,0.0,3,HOT
26.1,47.5,-0.5999999999999979,4.100000000000001,1,COMFORT
24.4,55.6,-0.10000000000000142,0.0,0,COLD
30.6,74.6,0.9000000000000021,-1.3000000000000114,1,COMFORT
23.4,54.8,-1.4000000000000021,5.0,1,COMFORT
22.0,59.9,0.0,0.6999999999999957,0,COLD
23.9,51.3,0.0,0.19999999999999574,3,HOT
22.4,35.0,0.0,0.0,0,COLD
23.1,75.8,0.20000000000000284,-0.29999999999999716,1,COMFORT
27.2,67.3,0.09999999999999787,2.5,1,COMFORT
23.8,41.4,1.5,-5.0,0,COLD
22.9,42.3,0.1999999999999993,0.0,1,COMFORT
25.5,52.5,-0.10000000000000142,0.3999999999999986,1,COMFORT
23.5,50.3,0.3999999999999986,-0.4000000000000057,2,WARM_HUMID
23.6,25.7,0.6000000000000014,0.0,3,HOT
21.6,55.8,0.0,0.0,1,COMFORT
24.4,31.0,1.2999999999999972,-2.5,3,HOT
23.4,30.2,-0.3000000000000007,-5.0,1,COMFORT
29.9,64.0,1.5,0.0,1,COMFORT
29.5,61.7,0.0,1.2000000000000028,3,HOT
24.5,18.7,1.5,-5.0,2,WARM_HUMID
23.2,25.8,0.5999999999999979,0.1999999999999993,2,WARM_HUMID
24.6,55.6,-0.5999999999999979,0.0,1,COMFORT
17.4,61.0,-1.5,5.0,1,COMFORT
24.0,79.9,0.10000000000000142,-0.6999999999999886,1,COMFORT
23.1,33.4,1.5,-5.0,1,COMFORT
29.2,77.7,0.09999999999999787,2.700000000000003,2,WARM_HUMID
24.8,63.9,-0.3000000000000007,2.799999999999997,1,COMFORT
23.5,57.9,0.0,0.0,0,COLD
22.4,44.4,0.1999999999999993,-0.20000000000000284,2,WARM_HUMID
32.9,38.5,-1.5,5.0,2,WARM_HUMID
23.5,23.0,-0.1999999999999993,0.0,0,COLD
29.7,12.0,-0.10000000000000142,-0.09999999999999964,1,COMFORT
10.1,26.3,-1.5,1.0,0,COLD
33.5,52.3,-0.20000000000000284,-0.4000000000000057,1,COMFORT
32.8,24.7,1.5,2.5,2,WARM_HUMID
30.8,73.6,-1.1999999999999993,5.0,3,HOT
26.1,18.6,0.0,0.0,1,COMFORT
21.6,31.1,-1.5,-5.0,1,COMFORT
25.4,72.9,0.0,0.5,1,COMFORT
32.0,70.4,-0.10000000000000142,0.0,1,COMFORT
23.7,26.9,-0.1999999999999993,0.0,1,COMFORT
26.6,37.3,1.5,-5.0,1,COMFORT
19.8,66.0,0.6000000000000014,5.0,2,WARM_HUMID
29.9,66.0,0.5,-5.0,3,HOT
22.0,53.2,0.0,-3.1999999999999957,1,COMFORT
25.2,46.7,0.09999999999999787,-1.2999999999999972,1,COMFORT
23.2,76.4,-0.10000000000000142,0.20000000000000284,1,COMFORT
22.3,30.3,-1.1999999999999993,2.5,2,WARM_HUMID
26.3,53.0,0.0,0.0,0,COLD
30.1,36.0,0.10000000000000142,0.0,1,COMFORT
23.1,49.7,0.20000000000000284,-0.09999999999999432,1,COMFORT
24.1,40.8,-0.09999999999999787,-0.5,1,COMFORT
25.5,62.4,-0.1999999999999993,0.3999999999999986,1,COMFORT
24.7,23.1,-0.3000000000000007,-3.0,1,COMFORT
28.5,47.0,0.0,0.0,1,COMFORT
23.5,55.6,-0.3999999999999986,0.0,2,WARM_HUMID
25.8,45.5,1.5,0.3999999999999986,3,HOT
18.2,50.7,-1.0,5.0,2,WARM_HUMID
26.6,32.3,-1.0999999999999979,-5.0,2,WARM_HUMID
23.4,39.6,0.5,-1.6999999999999957,0,COLD
21.2,51.0,0.6999999999999993,-1.8999999999999986,1,COMFORT
21.1,34.2,0.5,-0.29999999999999716,0,COLD
26.9,54.0,0.0,0.0,0,COLD
20.3,25.2,-0.5999999999999979,0.8000000000000007,2,WARM_HUMID
23.3,68.7,-0.1999999999999993,1.2000000000000028,2,WARM_HUMID
33.8,34.0,0.0,0.0,3,HOT
19.0,57.7,0.8000000000000007,-1.8999999999999986,0,COLD
23.3,30.5,0.5,0.0,1,COMFORT
22.4,22.7,0.0,0.0,1,COMFORT
22.9,46.3,-0.9000000000000021,3.1999999999999957,0,COLD
18.9,29.1,-0.10000000000000142,-2.0,2,WARM_HUMID
25.0,53.0,0.10000000000000142,-0.29999999999999716,1,COMFORT
24.1,62.7,0.0,0.0,1,COMFORT
23.0,30.0,1.5,-3.299999999999997,2,WARM_HUMID
21.3,20.2,0.10000000000000142,0.5,1,COMFORT
22.2,59.5,1.5,5.0,2,WARM_HUMID
16.2,50.0,0.29999999999999893,-1.5,1,COMFORT
23.6,51.7,0.0,0.0,2,WARM_HUMID
26.2,39.3,1.5,5.0,2,WARM_HUMID
23.6,48.2,0.5,-1.6999999999999957,1,COMFORT
25.2,34.8,1.5,-5.0,3,HOT
30.5,70.9,0.1999999999999993,-0.8999999999999915,1,COMFORT
21.6,40.5,0.10000000000000142,-2.299999999999997,1,COMFORT
22.5,71.1,0.0,2.0,1,COMFORT
34.5,36.6,1.5,-5.0,3,HOT
22.6,34.6,0.3000000000000007,-0.3999999999999986,2,WARM_HUMID
22.4,26.6,-0.20000000000000284,0.6000000000000014,3,HOT
23.0,23.4,0.5,-1.4000000000000021,1,COMFORT
24.0,25.7,0.3000000000000007,3.3999999999999986,1,COMFORT
31.3,69.1,0.10000000000000142,-1.0,3,HOT
31.5,50.0,1.5,5.0,3,HOT
22.4,28.5,-0.20000000000000284,-5.0,2,WARM_HUMID
26.1,18.6,0.0,0.0,1,COMFORT
22.2,57.3,0.0,-5.0,0,COLD
19.8,26.9,0.1999999999999993,4.099999999999998,1,COMFORT
26.5,36.2,1.0,-1.2999999999999972,3,HOT
22.6,39.6,0.3000000000000007,-0.5,1,COMFORT
27.0,48.8,0.0,0.0,0,COLD
20.9,56.8,0.0,0.0,1,COMFORT
19.7,43.0,0.0,0.29999999999999716,2,WARM_HUMID
22.5,34.3,0.5,2.0999999999999943,0,COLD
25.4,54.0,0.0,0.0,0,COLD
23.4,31.0,-1.0,0.0,0,COLD
24.3,45.1,0.1999999999999993,-3.5,0,COLD
24.4,45.3,0.6999999999999993,1.0999999999999943,2,WARM_HUMID
23.6,69.8,0.3000000000000007,2.799999999999997,1,COMFORT
17.0,75.7,-0.6000000000000014,5.0,0,COLD
24.3,65.5,0.0,0.0,1,COMFORT
26.0,59.4,0.10000000000000142,-0.20000000000000284,1,COMFORT
21.6,10.4,0.0,0.0,2,WARM_HUMID
21.1,41.8,1.5,3.0999999999999943,2,WARM_HUMID
22.6,62.0,-0.1999999999999993,1.0,0,COLD
34.8,38.0,0.0,0.0,3,HOT
26.5,57.0,0.6999999999999993,-5.0,3,HOT
28.1,28.8,-0.1999999999999993,-2.8999999999999986,1,COMFORT
22.7,43.6,-0.3000000000000007,4.700000000000003,1,COMFORT
26.5,74.4,0.0,0.0,2,WARM_HUMID
26.3,45.0,0.0,0.0,2,WARM_HUMID
25.2,57.6,-1.5,5.0,3,HOT
20.7,71.6,0.0,0.0,1,COMFORT
25.2,52.7,-1.5,-3.6999999999999957,3,HOT
19.3,41.1,-1.5,-2.1000000000000014,1,COMFORT
20.2,42.0,0.3999999999999986,0.10000000000000142,1,COMFORT
39.0,70.0,1.0,0.0,3,HOT
22.4,39.8,0.09999999999999787,-0.5,3,HOT
23.6,25.0,0.3000000000000007,-1.3999999999999986,2,WARM_HUMID
24.1,51.0,0.0,0.0,0,COLD
28.8,74.9,0.0,0.0,1,COMFORT
26.7,38.8,-1.4000000000000021,5.0,3,HOT
23.0,20.0,0.1999999999999993,0.3000000000000007,3,HOT
22.3,31.0,-0.6999999999999993,-0.1999999999999993,1,COMFORT
22.3,39.8,-1.5,5.0,0,COLD
27.6,53.7,-0.8999999999999986,-0.29999999999999716,1,COMFORT
30.5,63.1,-0.1999999999999993,0.20000000000000284,0,COLD
29.1,53.7,0.6000000000000014,-0.29999999999999716,1,COMFORT
26.4,60.0,0.0,0.0,1,COMFORT
23.2,43.9,-0.5,5.0,2,WARM_HUMID
22.3,68.6,-0.3000000000000007,-2.0,2,WARM_HUMID
21.8,52.5,0.0,0.0,3,HOT
24.6,29.7,-0.1999999999999993,0.09999999999999787,2,WARM_HUMID
25.2,74.4,-1.1000000000000014,-5.0,2,WARM_HUMID
23.7,36.1,0.3000000000000007,-1.8999999999999986,2,WARM_HUMID
23.2,21.5,-0.40000000000000213,-0.8999999999999986,0,COLD
26.3,42.7,1.5,-5.0,0,COLD
20.4,39.5,0.5999999999999979,-5.0,1,COMFORT
25.1,32.4,0.10000000000000142,0.19999999999999574,1,COMFORT
32.7,15.3,1.5,-5.0,2,WARM_HUMID
22.4,21.5,-1.5,-1.8999999999999986,1,COMFORT
22.7,35.8,-1.1000000000000014,5.0,1,COMFORT
23.9,39.0,0.0,0.0,0,COLD
24.1,63.6,0.9000000000000021,0.0,1,COMFORT
25.0,41.5,1.5,-4.600000000000001,1,COMFORT
28.2,35.0,0.0,0.0,1,COMFORT
25.6,82.0,-0.6999999999999993,5.0,2,WARM_HUMID
22.0,41.6,-0.3999999999999986,0.10000000000000142,1,COMFORT
30.0,52.0,1.5,-2.0,1,COMFORT
19.7,25.6,0.3000000000000007,-5.0,0,COLD
20.4,65.3,-1.5,-5.0,0,COLD
22.2,24.6,-0.10000000000000142,-5.0,1,COMFORT
31.7,21.0,1.5,-4.0,1,COMFORT
22.8,72.9,-0.09999999999999787,0.10000000000000853,1,COMFORT
24.5,44.9,0.0,0.0,1,COMFORT
23.7,28.2,0.5999999999999979,-0.10000000000000142,1,COMFORT
22.5,23.3,1.5,-1.6999999999999993,1,COMFORT
22.1,26.8,-1.3999999999999986,-5.0,0,COLD
35.7,34.0,0.0,0.0,3,HOT
29.7,39.0,0.5,-2.0,2,WARM_HUMID
28.8,61.4,0.0,0.0,1,COMFORT
23.8,49.8,0.1999999999999993,-0.10000000000000142,1,COMFORT
24.3,54.7,1.0,-3.299999999999997,0,COLD
26.9,59.0,-0.40000000000000213,2.0,1,COMFORT
24.8,58.8,-0.6999999999999993,3.0999999999999943,1,COMFORT
25.5,36.3,1.5,5.0,3,HOT
22.0,36.8,-1.0,5.0,1,COMFORT
11.6,70.4,-0.5999999999999996,4.300000000000011,0,COLD
33.5,40.6,-0.3999999999999986,1.1000000000000014,3,HOT
16.3,26.9,0.0,2.6999999999999993,0,COLD
28.3,66.0,0.0,0.0,3,HOT
26.4,28.0,-1.5,-0.5,3,HOT
23.4,62.0,0.0,3.0,1,COMFORT
23.0,48.7,1.5,-5.0,2,WARM_HUMID
22.7,33.1,0.0,0.0,1,COMFORT
30.5,46.0,1.0,-1.7999999999999972,2,WARM_HUMID
24.1,55.6,0.0,0.0,1,COMFORT
21.8,72.4,-1.5,5.0,0,COLD
19.8,50.8,0.5,-2.4000000000000057,1,COMFORT
24.4,47.2,1.5,1.1000000000000014,2,WARM_HUMID
23.4,62.0,0.1999999999999993,-1.0,1,COMFORT
26.4,66.4,0.0,0.0,1,COMFORT
23.3,56.5,0.0,0.0,2,WARM_HUMID
18.5,53.0,-0.5,0.7000000000000028,0,COLD
23.5,27.9,-0.6000000000000014,-2.200000000000003,2,WARM_HUMID
15.0,54.0,-1.5,5.0,1,COMFORT
22.7,61.4,1.5,-2.8999999999999986,2,WARM_HUMID
25.2,43.0,0.0,0.0,2,WARM_HUMID
29.9,75.0,-0.6000000000000014,5.0,0,COLD
29.8,74.7,0.0,0.0,2,WARM_HUMID
19.0,37.6,0.0,0.3999999999999986,3,HOT
28.5,34.0,1.5,5.0,1,COMFORT
20.4,33.7,-1.5,-4.5,0,COLD
22.3,34.5,-0.8000000000000007,5.0,0,COLD
23.5,30.5,1.3000000000000007,0.0,0,COLD
20.1,42.5,0.5,-0.5,1,COMFORT
26.2,51.0,0.0,-1.0,0,COLD
26.5,62.3,0.3999999999999986,-2.0,1,COMFORT
24.1,63.5,0.7000000000000028,-2.5999999999999943,0,COLD
20.7,52.6,0.1999999999999993,1.1000000000000014,1,COMFORT
25.0,23.7,0.3000000000000007,-3.0,0,COLD
22.7,34.1,0.3000000000000007,-4.100000000000001,0,COLD
23.4,26.9,0.1999999999999993,0.8999999999999986,2,WARM_HUMID
26.0,56.2,0.10000000000000142,-0.5,0,COLD
22.3,66.1,0.0,-0.5,1,COMFORT
30.9,59.2,1.5,-5.0,1,COMFORT
19.6,71.0,1.5,0.0,0,COLD
23.1,22.6,1.5,-1.7999999999999972,3,HOT
24.7,63.2,-1.3000000000000007,3.1000000000000014,1,COMFORT
24.5,31.3,-1.3000000000000007,2.900000000000002,1,COMFORT
25.2,55.0,-0.10000000000000142,4.100000000000001,2,WARM_HUMID
26.0,84.8,0.0,0.0,0,COLD
28.4,53.0,0.0,0.0,1,COMFORT
22.0,59.9,0.8000000000000007,2.799999999999997,0,COLD
22.4,34.8,0.3999999999999986,0.29999999999999716,0,COLD
23.2,53.0,-1.4000000000000021,-5.0,0,COLD
29.8,62.3,0.10000000000000142,-0.4000000000000057,1,COMFORT
21.5,69.4,0.1999999999999993,0.30000000000001137,1,COMFORT
23.2,64.3,0.0,0.6999999999999957,2,WARM_HUMID
24.7,63.3,0.0,0.0,3,HOT
22.8,50.2,-0.09999999999999787,5.0,0,COLD
21.9,28.6,0.3999999999999986,-1.0,0,COLD
22.0,26.5,0.0,0.0,0,COLD
25.6,67.0,0.0,0.0,0,COLD
28.7,27.0,-0.10000000000000142,-5.0,2,WARM_HUMID
22.0,40.7,0.0,-0.7999999999999972,0,COLD
25.1,72.0,-1.5,2.0,1,COMFORT
23.9,39.7,0.29999999999999716,-1.3999999999999986,0,COLD
24.0,30.5,0.6999999999999993,0.0,0,COLD
27.0,59.8,-0.3000000000000007,1.5,1,COMFORT
29.8,62.1,0.5,1.0,2,WARM_HUMID
24.7,66.7,0.6999999999999993,1.0,0,COLD
23.7,73.5,0.3999999999999986,-0.5,0,COLD
24.5,38.0,0.0,0.0,1,COMFORT
16.2,65.2,-0.6000000000000014,5.0,1,COMFORT
34.3,19.0,1.5,-5.0,3,HOT
22.8,31.8,-1.3999999999999986,2.8000000000000007,0,COLD
27.5,29.0,0.0,0.0,0,COLD
33.9,50.0,0.0,-5.0,3,HOT
35.0,74.0,-1.5,5.0,3,HOT
24.3,38.2,-0.8999999999999986,-2.799999999999997,2,WARM_HUMID
23.4,31.6,0.3999999999999986,-5.0,1,COMFORT
23.7,28.9,0.5999999999999979,-1.4000000000000021,1,COMFORT
28.8,28.0,0.0,0.0,1,COMFORT
20.5,73.4,0.0,0.0,3,HOT
20.0,70.5,0.10000000000000142,5.0,0,COLD
22.5,62.6,0.0,-0.10000000000000142,0,COLD
22.9,60.3,1.5,-5.0,2,WARM_HUMID
23.4,75.7,0.29999999999999716,0.0,1,COMFORT
22.3,22.7,-0.6999999999999993,-2.900000000000002,2,WARM_HUMID
37.0,81.0,-1.0,5.0,3,HOT
31.0,59.1,0.0,0.0,1,COMFORT
26.1,37.7,0.40000000000000213,-2.299999999999997,3,HOT
24.5,51.0,0.0,0.0,0,COLD
27.2,83.6,0.3999999999999986,2.3999999999999915,0,COLD
24.2,48.5,0.5999999999999979,-0.5,1,COMFORT
22.1,42.1,-0.5999999999999979,-0.6999999999999957,0,COLD
29.8,31.3,1.5,-1.4999999999999964,3,HOT
28.4,25.4,0.3999999999999986,-5.0,1,COMFORT
23.1,52.1,0.10000000000000142,-0.5,1,COMFORT
19.8,41.9,-0.5,1.2999999999999972,1,COMFORT
26.6,38.9,0.0,5.0,3,HOT
26.2,47.0,0.0,0.0,0,COLD
25.9,56.7,0.0,-2.1999999999999957,1,COMFORT
20.8,20.4,1.5,-5.0,1,COMFORT
21.9,31.0,0.5,-5.0,1,COMFORT
35.3,15.5,-1.1000000000000014,0.09999999999999964,3,HOT
22.3,57.2,0.0,0.0,1,COMFORT
27.5,64.7,1.5,5.0,3,HOT
20.7,29.6,-0.3000000000000007,-1.5999999999999979,1,COMFORT
23.3,47.0,0.0,0.0,1,COMFORT
31.7,70.5,0.0,0.0,2,WARM_HUMID
29.2,53.0,0.0,1.0,1,COMFORT
23.9,55.4,-0.10000000000000142,0.8999999999999986,1,COMFORT
17.7,25.4,-1.5,-5.0,1,COMFORT
26.8,64.0,0.0,0.0,0,COLD
22.2,41.2,-0.8000000000000007,-0.5999999999999943,2,WARM_HUMID
23.2,59.3,0.09999999999999787,0.0,1,COMFORT
22.6,32.2,0.0,-3.1999999999999957,1,COMFORT
26.3,71.0,0.0,0.0,0,COLD
23.6,25.4,-0.09999999999999787,0.29999999999999716,0,COLD
23.0,24.7,-1.0,-4.699999999999999,2,WARM_HUMID
32.5,38.2,0.0,1.4000000000000057,2,WARM_HUMID
24.0,24.3,1.5,-1.1999999999999993,2,WARM_HUMID
26.9,63.0,0.0,0.0,1,COMFORT
22.7,26.1,0.0,0.0,2,WARM_HUMID
22.0,59.2,0.0,-0.6999999999999957,0,COLD
23.4,48.4,0.1999999999999993,-1.6000000000000014,0,COLD
38.0,64.0,1.0,-5.0,3,HOT
24.3,25.8,0.3000000000000007,-0.3999999999999986,1,COMFORT
22.1,35.9,1.5,-5.0,0,COLD
29.9,73.4,0.09999999999999787,0.20000000000000284,1,COMFORT
30.8,35.9,-0.3999999999999986,5.0,2,WARM_HUMID
41.8,45.8,1.5,1.5,0,COLD
22.2,41.2,1.0,0.9000000000000057,1,COMFORT
23.7,17.0,-0.6000000000000014,-1.3000000000000007,1,COMFORT
27.3,43.0,0.0,0.0,1,COMFORT
22.4,53.3,0.09999999999999787,-0.7000000000000028,2,WARM_HUMID
23.2,33.4,0.0,0.0,0,COLD
29.6,35.0,0.0,0.0,1,COMFORT
32.1,68.4,0.20000000000000284,1.1000000000000085,1,COMFORT
30.5,30.9,-0.5,-2.6000000000000014,2,WARM_HUMID
28.1,44.2,0.20000000000000284,-0.7999999999999972,2,WARM_HUMID
25.0,51.0,-1.5,-5.0,3,HOT
23.3,36.0,1.5,-3.0,2,WARM_HUMID
21.8,52.0,-1.5,4.600000000000001,0,COLD
22.3,45.2,1.5,-3.299999999999997,0,COLD
30.0,71.0,0.0,0.0,1,COMFORT
22.2,42.1,-0.3000000000000007,0.10000000000000142,2,WARM_HUMID
28.0,55.0,0.0,0.0,1,COMFORT
18.0,49.6,-1.5,5.0,1,COMFORT
23.4,41.0,-1.5,3.200000000000003,1,COMFORT
22.5,63.7,1.3000000000000007,-4.0,0,COLD
20.4,35.3,-1.5,-0.20000000000000284,0,COLD
22.0,32.0,0.0,3.6999999999999993,1,COMFORT
23.0,41.7,0.0,0.0,1,COMFORT
23.1,56.5,0.8000000000000007,-5.0,2,WARM_HUMID
22.6,43.6,1.4000000000000021,-5.0,0,COLD
24.1,69.1,-0.7999999999999972,0.19999999999998863,2,WARM_HUMID
19.9,28.4,-0.40000000000000213,-4.5,1,COMFORT
32.4,63.3,1.5,5.0,1,COMFORT
22.3,44.2,0.0,0.20000000000000284,3,HOT
22.8,27.7,0.10000000000000142,-2.0,1,COMFORT
27.0,46.0,0.0,0.0,3,HOT
29.6,59.8,0.10000000000000142,-0.4000000000000057,3,HOT
21.8,42.8,0.6999999999999993,-1.3000000000000043,1,COMFORT
23.7,42.6,0.0,0.0,1,COMFORT
20.6,48.0,-1.0,1.8999999999999986,0,COLD
30.3,29.0,1.5,-5.0,3,HOT
26.1,46.1,0.0,0.0,1,COMFORT
23.5,50.3,-0.6999999999999993,3.5,1,COMFORT
26.9,72.8,0.0,0.0,0,COLD
24.5,29.4,0.10000000000000142,3.599999999999998,2,WARM_HUMID
28.2,68.0,0.0,0.0,1,COMFORT
23.5,32.7,0.0,1.8000000000000043,0,COLD
18.5,46.0,-1.5,2.200000000000003,1,COMFORT
19.6,42.8,-1.5,3.1999999999999957,1,COMFORT
26.3,31.6,-0.5,-0.1999999999999993,3,HOT
25.8,59.1,0.0,0.0,3,HOT
21.6,55.8,0.0,0.0,2,WARM_HUMID
23.5,42.0,0.0,0.0,0,COLD
22.7,51.3,0.3999999999999986,-1.2000000000000028,1,COMFORT
23.5,55.1,0.0,0.0,3,HOT
21.1,56.4,0.0,0.0,1,COMFORT
19.7,56.5,0.0,1.0,0,COLD
33.1,60.5,1.3000000000000007,0.3999999999999986,1,COMFORT
21.7,27.9,-1.5,-5.0,0,COLD
21.8,36.7,0.6999999999999993,-5.0,0,COLD
23.5,24.4,0.5,-3.3000000000000007,2,WARM_HUMID
21.0,30.7,0.0,0.0,1,COMFORT
22.1,22.8,-0.5999999999999979,-1.5,0,COLD
27.8,61.9,0.3000000000000007,-1.2000000000000028,0,COLD
22.7,24.3,-0.10000000000000142,-2.5,0,COLD
24.3,45.2,0.0,0.20000000000000284,1,COMFORT
21.7,26.8,0.3999999999999986,-5.0,0,COLD
30.5,68.6,-0.8999999999999986,-0.30000000000001137,0,COLD
28.5,51.4,-0.1999999999999993,0.19999999999999574,2,WARM_HUMID
23.3,55.6,-0.1999999999999993,0.0,1,COMFORT
22.6,35.6,0.5,0.8999999999999986,3,HOT
21.7,47.0,0.0,0.0,1,COMFORT
21.9,32.2,-0.20000000000000284,-3.8999999999999986,1,COMFORT
34.8,50.3,-1.5,4.5,2,WARM_HUMID
24.6,65.1,0.3000000000000007,0.0,1,COMFORT
28.3,72.3,0.5,2.299999999999997,2,WARM_HUMID
23.0,40.1,-0.3999999999999986,2.3999999999999986,1,COMFORT
23.6,32.9,0.7000000000000028,0.0,1,COMFORT
24.8,32.5,1.5,-5.0,0,COLD
19.6,73.8,-0.6999999999999993,-1.4000000000000057,0,COLD
20.1,65.0,0.0,0.0,1,COMFORT
23.7,33.8,-0.8000000000000007,5.0,1,COMFORT
23.2,68.0,0.8000000000000007,2.9000000000000057,1,COMFORT
23.2,48.6,-1.3000000000000007,-5.0,1,COMFORT
26.9,42.2,-0.8000000000000007,3.4000000000000057,2,WARM_HUMID
19.0,63.0,0.0,0.0,1,COMFORT
28.5,52.8,-0.6000000000000014,2.3999999999999986,3,HOT
23.0,26.7,-0.5,-5.0,0,COLD
23.1,53.9,-0.6999999999999993,4.100000000000001,1,COMFORT
24.0,31.0,0.6999999999999993,0.0,1,COMFORT
24.0,31.0,1.1000000000000014,0.6999999999999993,1,COMFORT
24.3,37.4,0.40000000000000213,-1.7000000000000028,0,COLD
22.3,41.0,-0.8000000000000007,4.5,0,COLD
19.6,43.0,-0.1999999999999993,-5.0,1,COMFORT
25.2,68.3,0.8000000000000007,4.200000000000003,1,COMFORT
20.6,24.6,-0.6999999999999993,-2.299999999999997,1,COMFORT
27.1,18.0,1.5,-2.8999999999999986,1,COMFORT
25.3,49.8,-0.6999999999999993,-1.5,1,COMFORT
25.2,31.3,0.0,0.0,1,COMFORT
23.8,69.5,-1.0,5.0,1,COMFORT
30.2,29.4,-0.3000000000000007,-1.5,0,COLD
23.1,25.7,0.3000000000000007,0.3999999999999986,2,WARM_HUMID
26.4,57.0,0.0,0.0,3,HOT
23.2,49.4,0.0,0.0,1,COMFORT
30.0,71.2,-0.6000000000000014,0.9000000000000057,1,COMFORT
25.3,48.9,0.6999999999999993,-1.0,1,COMFORT
27.5,64.0,0.0,0.0,0,COLD
24.0,50.3,-0.10000000000000142,-0.4000000000000057,1,COMFORT
20.0,43.0,1.5,-5.0,1,COMFORT
28.2,48.0,-1.5,0.0,3,HOT
28.3,35.9,0.0,0.0,2,WARM_HUMID
22.8,54.9,-1.5,5.0,2,WARM_HUMID
23.2,62.2,0.0,0.0,1,COMFORT
24.5,42.3,0.5,-1.4000000000000057,1,COMFORT
26.7,73.0,-1.3000000000000007,-4.0,2,WARM_HUMID
21.2,40.3,0.0,-5.0,3,HOT
22.6,28.0,1.3000000000000007,-3.6999999999999993,3,HOT
26.5,70.6,-1.1000000000000014,-5.0,2,WARM_HUMID
22.4,72.0,0.09999999999999787,0.7999999999999972,0,COLD
23.3,36.2,-0.5,2.200000000000003,2,WARM_HUMID
21.0,38.0,0.0,0.0,2,WARM_HUMID
23.3,31.8,-0.3999999999999986,-5.0,0,COLD
22.4,43.3,0.5,0.8999999999999986,0,COLD
24.0,40.2,0.0,0.5,2,WARM_HUMID
30.8,81.0,0.10000000000000142,5.0,1,COMFORT
27.3,51.9,-1.5,5.0,1,COMFORT
23.5,46.5,0.1999999999999993,0.10000000000000142,1,COMFORT
30.8,51.8,-1.5,5.0,1,COMFORT
23.7,63.5,-0.3000000000000007,1.8999999999999986,0,COLD
21.6,45.0,-0.7999999999999972,-5.0,0,COLD
22.4,59.2,-0.10000000000000142,0.0,0,COLD
11.0,56.0,0.0,-0.5,0,COLD
22.9,40.7,-0.10000000000000142,-3.1999999999999957,1,COMFORT
23.1,29.5,1.5,-5.0,1,COMFORT
29.9,74.5,0.0,0.0,0,COLD
24.6,41.8,-0.5999999999999979,-5.0,1,COMFORT
23.6,40.3,0.0,0.0,2,WARM_HUMID
25.3,61.0,0.0,0.0,1,COMFORT
28.8,64.7,0.6000000000000014,-1.0,3,HOT
28.4,56.6,0.29999999999999716,-0.6999999999999957,1,COMFORT
22.9,62.9,0.09999999999999787,-1.8000000000000043,1,COMFORT
25.3,61.2,-0.6999999999999993,5.0,1,COMFORT
21.8,58.3,-0.8999999999999986,-5.0,0,COLD
23.3,28.9,-1.0,-0.9000000000000021,3,HOT
23.7,40.2,-0.10000000000000142,0.5,0,COLD
22.9,47.6,0.1999999999999993,-0.3999999999999986,2,WARM_HUMID
29.8,74.7,0.3000000000000007,-5.0,2,WARM_HUMID
23.1,32.4,-0.29999999999999716,1.3999999999999986,3,HOT
28.0,68.0,-1.1999999999999993,5.0,1,COMFORT
24.1,62.5,0.0,1.3999999999999986,0,COLD
21.9,44.5,-0.6000000000000014,0.10000000000000142,1,COMFORT
26.0,56.2,0.10000000000000142,-0.5,1,COMFORT
32.9,51.0,-0.10000000000000142,1.0,2,WARM_HUMID
23.7,23.6,-1.5,1.8000000000000007,3,HOT
23.4,29.1,0.3999999999999986,3.0,0,COLD
27.1,64.8,0.6000000000000014,3.5999999999999943,2,WARM_HUMID
23.0,26.1,1.3000000000000007,-2.799999999999997,3,HOT
23.4,14.1,0.29999999999999716,3.4000000000000004,0,COLD
24.3,51.4,1.5,-5.0,0,COLD
23.8,52.9,-1.1999999999999993,4.399999999999999,1,COMFORT
28.3,53.0,0.0,0.0,1,COMFORT
26.2,47.9,-0.6000000000000014,0.6000000000000014,1,COMFORT
35.0,33.0,0.7999999999999972,-4.0,1,COMFORT
18.5,70.0,0.6000000000000014,5.0,1,COMFORT
22.5,52.2,0.0,0.0,0,COLD
22.4,33.0,1.0999999999999979,-5.0,2,WARM_HUMID
22.0,67.6,0.10000000000000142,-0.30000000000001137,1,COMFORT
21.8,45.6,-0.1999999999999993,0.6000000000000014,0,COLD
26.8,34.0,0.1999999999999993,0.20000000000000284,2,WARM_HUMID
20.6,41.8,0.3000000000000007,-0.9000000000000057,0,COLD
23.4,62.0,0.0,0.0,1,COMFORT
28.6,59.0,-0.29999999999999716,0.0,1,COMFORT
25.7,65.6,-0.10000000000000142,0.0,1,COMFORT
30.6,76.8,1.5,-1.2999999999999972,0,COLD
23.2,25.7,0.6999999999999993,0.0,3,HOT
24.1,36.3,-0.5,-1.4000000000000057,2,WARM_HUMID
31.3,16.8,1.5,-0.8000000000000007,2,WARM_HUMID
21.4,52.4,-1.5,5.0,1,COMFORT
22.1,41.9,-0.6999999999999993,3.299999999999997,2,WARM_HUMID
32.1,58.0,-0.5,0.0,2,WARM_HUMID
30.4,41.5,0.29999999999999716,0.6000000000000014,2,WARM_HUMID
24.5,39.3,-0.6999999999999993,-0.7000000000000028,1,COMFORT
28.7,50.0,0.5,-5.0,0,COLD
17.9,38.0,-1.3000000000000007,5.0,1,COMFORT
31.3,71.5,0.10000000000000142,0.5,3,HOT
21.6,47.6,0.10000000000000142,-0.10000000000000142,2,WARM_HUMID
22.7,49.6,-0.1999999999999993,-3.6999999999999957,1,COMFORT
24.0,57.2,0.0,0.0,1,COMFORT
25.8,59.1,0.0,0.0,2,WARM_HUMID
20.7,71.6,0.0,0.0,1,COMFORT
29.1,43.0,-1.5,3.1000000000000014,1,COMFORT
23.6,40.3,0.0,0.0,3,HOT
23.0,62.5,-1.5,-5.0,1,COMFORT
27.7,34.8,-0.5,1.3999999999999986,2,WARM_HUMID
31.6,66.0,1.5,5.0,2,WARM_HUMID
23.7,55.5,0.09999999999999787,0.20000000000000284,1,COMFORT
25.8,31.1,-1.5,5.0,3,HOT
21.5,69.3,-1.5,5.0,1,COMFORT
23.8,69.0,0.10000000000000142,0.4000000000000057,1,COMFORT
29.6,74.8,0.0,0.0,1,COMFORT
20.2,62.0,0.0,0.0,1,COMFORT
23.4,37.8,0.0,-1.5,3,HOT
32.2,71.2,1.5,-5.0,1,COMFORT
19.7,56.2,0.0,0.0,2,WARM_HUMID
20.2,49.5,0.0,0.0,0,COLD
30.2,67.5,0.0,0.0,2,WARM_HUMID
24.5,23.3,1.0,-1.1999999999999993,2,WARM_HUMID
24.3,24.5,0.0,0.0,1,COMFORT
22.9,58.7,0.09999999999999787,-2.8999999999999986,0,COLD
27.3,53.0,-0.8000000000000007,-3.0,1,COMFORT
29.0,77.6,-0.10000000000000142,-1.5,1,COMFORT
23.8,41.0,0.0,0.0,1,COMFORT
25.8,66.7,-1.5,-5.0,1,COMFORT
20.0,33.0,-0.1999999999999993,-5.0,0,COLD
22.3,47.5,0.0,0.0,0,COLD
22.1,29.1,-0.3999999999999986,-2.6999999999999993,0,COLD
32.8,53.0,0.0,-2.0,2,WARM_HUMID
25.1,73.8,0.8000000000000007,2.0999999999999943,1,COMFORT
28.0,33.7,0.3000000000000007,-0.3999999999999986,1,COMFORT
21.5,59.8,0.0,0.0,1,COMFORT
20.2,37.2,0.0,0.0,0,COLD
24.8,55.5,0.0,0.20000000000000284,2,WARM_HUMID
25.7,57.2,0.0,0.0,1,COMFORT
25.9,59.8,0.3999999999999986,1.6999999999999957,0,COLD
24.6,44.0,0.0,0.0,0,COLD
23.0,49.4,0.0,0.0,1,COMFORT
26.3,62.0,0.3000000000000007,-2.799999999999997,1,COMFORT
21.5,59.8,0.0,0.0,1,COMFORT
21.1,41.3,-0.3999999999999986,5.0,1,COMFORT
30.5,70.1,0.0,0.0,2,WARM_HUMID
21.3,34.4,-0.6999999999999993,5.0,1,COMFORT
24.1,20.8,-0.7999999999999972,0.10000000000000142,1,COMFORT
35.0,40.0,0.29999999999999716,-1.0,3,HOT
24.5,22.6,1.1999999999999993,-3.6999999999999993,3,HOT
23.6,22.1,-0.6999999999999993,-3.6999999999999993,1,COMFORT
32.3,45.8,1.5,-0.9000000000000057,2,WARM_HUMID
31.2,44.2,-0.9000000000000021,5.0,2,WARM_HUMID
21.9,35.6,-1.5,5.0,0,COLD
24.2,46.7,0.0,-0.09999999999999432,0,COLD
25.1,65.0,-0.29999999999999716,0.4000000000000057,1,COMFORT
29.2,46.8,-1.1000000000000014,0.7999999999999972,2,WARM_HUMID
25.3,39.8,0.1999999999999993,2.3999999999999986,1,COMFORT
23.0,42.5,0.8999999999999986,-0.7999999999999972,2,WARM_HUMID
19.1,35.9,1.1000000000000014,-5.0,0,COLD
24.6,25.6,0.7000000000000028,-0.6999999999999993,2,WARM_HUMID
25.9,56.7,0.0,-2.1999999999999957,1,COMFORT
21.2,29.6,-0.5,-0.5999999999999979,0,COLD
22.9,57.4,0.09999999999999787,0.7999999999999972,1,COMFORT
30.2,73.5,0.5,0.29999999999999716,2,WARM_HUMID
23.2,26.3,0.0,0.0,1,COMFORT
26.8,44.0,1.5,-2.3999999999999986,2,WARM_HUMID
25.3,44.0,0.9000000000000021,-1.2999999999999972,1,COMFORT
28.7,51.2,0.1999999999999993,0.10000000000000142,1,COMFORT
28.0,77.0,-1.0,-1.0,3,HOT
29.2,57.9,0.5,-0.8999999999999986,1,COMFORT
20.2,40.6,-1.5,5.0,1,COMFORT
27.6,51.0,-1.5,-5.0,1,COMFORT
28.7,67.9,1.0999999999999979,2.1000000000000085,2,WARM_HUMID
29.6,70.8,0.0,0.0,1,COMFORT
21.6,71.6,0.0,0.0,3,HOT
24.1,38.8,0.0,0.0,1,COMFORT
29.9,27.0,0.0,0.0,1,COMFORT
28.6,60.2,-0.09999999999999787,0.20000000000000284,1,COMFORT
24.6,33.4,0.0,0.19999999999999574,1,COMFORT
21.4,50.1,-0.7000000000000028,5.0,2,WARM_HUMID
23.9,40.8,0.8999999999999986,-2.200000000000003,0,COLD
21.8,36.4,1.5,4.699999999999999,3,HOT
25.4,59.4,0.1999999999999993,1.1999999999999957,1,COMFORT
21.6,56.4,-1.1999999999999993,-2.200000000000003,1,COMFORT
25.8,38.6,0.6000000000000014,-1.6000000000000014,1,COMFORT
30.1,54.0,-0.6999999999999993,-5.0,1,COMFORT
23.9,46.6,1.1999999999999993,-2.3999999999999986,1,COMFORT
21.1,29.2,-0.5,-5.0,0,COLD
20.8,45.9,0.0,0.0,1,COMFORT
25.4,59.6,1.5,-5.0,2,WARM_HUMID
27.1,44.1,1.5,-5.0,3,HOT
21.3,39.9,-0.09999999999999787,-2.5,0,COLD
27.6,37.0,0.0,0.0,2,WARM_HUMID
23.8,75.0,-1.5,5.0,1,COMFORT
24.2,48.0,0.0,0.0,2,WARM_HUMID
23.4,30.3,-0.40000000000000213,0.0,1,COMFORT
27.2,67.3,0.09999999999999787,2.5,1,COMFORT
17.8,50.1,-1.5,0.6000000000000014,0,COLD
22.9,34.5,-0.40000000000000213,1.6000000000000014,1,COMFORT
22.5,53.1,0.0,0.5,1,COMFORT
25.6,48.2,0.0,0.0,3,HOT
30.3,11.7,1.5,-0.3000000000000007,2,WARM_HUMID
20.8,57.6,-1.5,5.0,2,WARM_HUMID
24.9,31.1,1.5,-3.1000000000000014,3,HOT
24.0,59.4,-0.8999999999999986,1.7999999999999972,1,COMFORT
27.6,49.0,0.0,0.0,0,COLD
34.5,32.0,0.6000000000000014,3.0,3,HOT
29.9,53.4,0.0,0.0,3,HOT
23.1,30.6,0.0,0.0,0,COLD
24.4,52.6,-0.20000000000000284,5.0,2,WARM_HUMID
22.9,22.5,-0.20000000000000284,0.8999999999999986,1,COMFORT
25.1,49.2,0.9000000000000021,2.3000000000000043,2,WARM_HUMID
32.8,64.7,0.9999999999999964,-0.7999999999999972,1,COMFORT
22.4,48.0,-1.1000000000000014,3.799999999999997,2,WARM_HUMID
25.6,50.5,0.10000000000000142,0.10000000000000142,0,COLD
23.0,29.3,0.3000000000000007,-4.400000000000002,3,HOT
23.7,49.0,0.3000000000000007,0.0,1,COMFORT
21.3,41.8,-1.5,-5.0,1,COMFORT
23.8,24.9,1.5,-1.9000000000000021,2,WARM_HUMID
21.6,71.8,0.0,0.0,2,WARM_HUMID
30.1,75.2,-0.1999999999999993,1.5,1,COMFORT
25.3,61.2,-0.6999999999999993,5.0,1,COMFORT
22.5,59.0,0.3000000000000007,-2.0,0,COLD
21.5,33.7,0.1999999999999993,0.8000000000000043,1,COMFORT
24.7,45.2,-0.6000000000000014,-0.29999999999999716,1,COMFORT
27.1,52.1,0.10000000000000142,-2.0,1,COMFORT
25.0,54.0,-0.10000000000000142,1.0,1,COMFORT
27.2,28.1,-0.1999999999999993,-0.6999999999999993,3,HOT
22.7,28.6,-0.6999999999999993,1.0,3,HOT
26.7,60.0,0.0,2.5,3,HOT
29.3,88.5,0.0,0.0,2,WARM_HUMID
37.0,75.0,0.0,-5.0,3,HOT
23.7,22.4,0.3999999999999986,0.0,1,COMFORT
33.0,63.1,0.0,0.10000000000000142,3,HOT
18.9,69.0,-1.5,0.7000000000000028,1,COMFORT
17.2,52.8,0.0,0.0,2,WARM_HUMID
23.3,29.9,0.6000000000000014,0.7999999999999972,3,HOT
23.4,65.0,0.0,1.5,2,WARM_HUMID
22.7,42.3,0.5999999999999979,-0.6000000000000014,1,COMFORT
25.2,52.3,0.09999999999999787,-0.5,1,COMFORT
23.1,32.4,-0.29999999999999716,1.5999999999999979,1,COMFORT
23.6,35.8,0.0,0.3999999999999986,2,WARM_HUMID
23.0,37.4,0.0,-5.0,1,COMFORT
22.8,19.7,1.0,-5.0,2,WARM_HUMID
23.8,39.0,0.0,0.0,0,COLD
24.7,44.0,-1.5,1.0,1,COMFORT
19.4,48.1,0.0,0.0,1,COMFORT
22.8,35.0,-1.5,-5.0,0,COLD
24.1,34.7,-1.5,5.0,1,COMFORT
20.5,41.1,-1.5,5.0,1,COMFORT
21.0,47.8,-1.5,5.0,1,COMFORT
38.0,81.0,-1.0,5.0,3,HOT
22.1,40.8,1.5,5.0,0,COLD
24.3,47.7,-0.8999999999999986,-4.799999999999997,2,WARM_HUMID
28.9,54.0,0.0,0.0,1,COMFORT
20.6,49.9,1.5,-2.5,1,COMFORT
24.4,31.0,0.8999999999999986,-2.5,2,WARM_HUMID
23.0,32.1,0.8999999999999986,-2.8999999999999986,3,HOT
21.5,31.7,1.3999999999999986,-2.900000000000002,1,COMFORT
27.4,37.0,-0.5,0.0,1,COMFORT
21.9,30.4,-1.5,1.0999999999999979,1,COMFORT
23.6,51.7,0.0,0.0,2,WARM_HUMID
26.0,31.5,0.3000000000000007,-5.0,0,COLD
24.8,66.1,0.0,0.19999999999998863,2,WARM_HUMID
21.6,33.0,-1.5,5.0,1,COMFORT
25.2,61.8,-0.1999999999999993,-0.20000000000000284,0,COLD
38.0,81.0,1.5,5.0,3,HOT
21.4,40.6,1.0,-1.5,1,COMFORT
27.7,54.5,0.3000000000000007,-0.5,1,COMFORT
29.0,81.5,0.1999999999999993,-0.5,0,COLD
29.0,35.0,-0.10000000000000142,-1.0,1,COMFORT
24.6,58.1,0.9000000000000021,5.0,0,COLD
25.5,75.1,0.8999999999999986,5.0,0,COLD
26.7,38.4,0.8000000000000007,5.0,1,COMFORT
28.4,44.7,1.1999999999999993,1.7000000000000028,1,COMFORT
20.9,49.3,0.0,0.0,0,COLD
24.5,76.2,0.10000000000000142,0.7999999999999972,0,COLD
21.3,33.5,1.5,-0.5,2,WARM_HUMID
21.7,32.0,-1.1000000000000014,3.6999999999999993,0,COLD
26.1,51.6,0.10000000000000142,-0.8999999999999986,1,COMFORT
27.0,54.0,0.0,0.0,3,HOT
23.3,34.6,0.0,-2.0,1,COMFORT
23.6,42.4,0.3000000000000007,-2.0,1,COMFORT
28.8,54.6,-0.09999999999999787,-0.10000000000000142,1,COMFORT
29.0,33.0,0.0,0.0,1,COMFORT
21.7,60.9,1.1999999999999993,-0.8000000000000043,2,WARM_HUMID
24.5,31.0,0.1999999999999993,0.0,1,COMFORT
28.5,61.5,-1.5,5.0,3,HOT
23.7,63.4,-0.10000000000000142,0.19999999999999574,1,COMFORT
18.4,13.0,0.5999999999999979,0.09999999999999964,1,COMFORT
28.0,30.4,1.1999999999999993,-0.8000000000000007,3,HOT
28.4,58.3,0.0,0.0,3,HOT
28.2,48.0,0.0,0.0,0,COLD
21.9,64.0,0.0,0.0,1,COMFORT
20.7,43.5,-0.10000000000000142,0.6000000000000014,2,WARM_HUMID
23.0,39.1,-0.10000000000000142,0.10000000000000142,1,COMFORT
29.0,27.8,1.0,1.6999999999999993,1,COMFORT
21.9,61.1,0.0,0.0,1,COMFORT
22.3,58.4,0.0,0.0,3,HOT
25.5,56.0,1.1999999999999993,0.0,1,COMFORT
31.3,53.0,1.1999999999999993,-5.0,1,COMFORT
29.9,61.0,0.0,0.0,1,COMFORT
26.7,54.0,0.0,0.0,1,COMFORT
29.4,74.6,0.3999999999999986,1.7999999999999972,1,COMFORT
35.4,44.9,0.29999999999999716,-2.0,2,WARM_HUMID
21.7,36.0,0.5,-0.29999999999999716,0,COLD
29.6,65.9,0.20000000000000284,-5.0,3,HOT
25.4,64.0,1.0999999999999979,1.6000000000000014,2,WARM_HUMID
26.6,51.9,-1.5,-5.0,1,COMFORT
28.6,65.0,-1.5,5.0,2,WARM_HUMID
31.1,74.7,-0.29999999999999716,5.0,1,COMFORT
26.0,42.2,-1.5,-2.799999999999997,1,COMFORT
23.0,38.0,-1.3999999999999986,5.0,0,COLD
28.0,58.3,-1.5,-0.9000000000000057,1,COMFORT
29.0,77.2,0.1999999999999993,-1.2999999999999972,2,WARM_HUMID
28.2,48.0,0.0,0.0,2,WARM_HUMID
25.1,39.3,0.3000000000000007,1.0,1,COMFORT
21.0,73.0,-0.6999999999999993,-1.0,0,COLD
25.8,10.3,-0.1999999999999993,0.0,1,COMFORT
25.6,53.8,0.3000000000000007,0.8999999999999986,1,COMFORT
23.6,45.5,0.10000000000000142,0.0,1,COMFORT
18.5,67.8,-1.5,5.0,0,COLD
25.6,56.0,0.0,0.0,1,COMFORT
21.4,25.5,-1.2000000000000028,-5.0,0,COLD
27.4,48.5,-1.5,-5.0,1,COMFORT
27.0,58.0,1.5,5.0,3,HOT
29.9,72.0,1.0,5.0,1,COMFORT
30.7,67.0,0.0,1.2000000000000028,0,COLD
22.1,46.2,0.40000000000000213,0.10000000000000142,1,COMFORT
25.4,47.2,1.5,-0.29999999999999716,1,COMFORT
22.0,19.8,-0.6999999999999993,-5.0,2,WARM_HUMID
26.1,36.5,0.20000000000000284,4.399999999999999,1,COMFORT
25.0,69.4,0.0,0.0,1,COMFORT
23.2,48.6,0.1999999999999993,0.3999999999999986,1,COMFORT
23.2,53.1,0.8999999999999986,-0.6000000000000014,0,COLD
23.9,60.3,-1.3000000000000007,5.0,3,HOT
23.0,73.1,-0.3999999999999986,4.799999999999997,1,COMFORT
21.1,46.0,-1.1999999999999993,1.0,0,COLD
23.2,67.2,0.3000000000000007,0.0,0,COLD
20.7,27.7,-0.6000000000000014,-1.5,1,COMFORT
23.4,34.5,-1.3000000000000007,3.0,2,WARM_HUMID
23.8,40.2,-1.5,2.9000000000000057,1,COMFORT
24.4,27.3,-1.4000000000000021,-3.6999999999999993,1,COMFORT
29.4,70.9,0.6999999999999993,-2.5999999999999943,1,COMFORT
27.3,44.0,0.0,0.0,3,HOT
21.5,40.5,-1.5,1.3999999999999986,0,COLD
24.0,27.1,0.6000000000000014,0.0,2,WARM_HUMID
34.5,49.8,-0.10000000000000142,1.8999999999999986,3,HOT
26.7,68.4,0.1999999999999993,0.4000000000000057,1,COMFORT
22.3,23.6,-0.1999999999999993,-1.3999999999999986,1,COMFORT
25.2,65.7,0.0,2.0,0,COLD
21.2,43.5,1.1999999999999993,-5.0,1,COMFORT
19.9,32.1,0.09999999999999787,2.6000000000000014,0,COLD
23.3,45.5,1.0,-5.0,1,COMFORT
20.8,29.6,0.10000000000000142,-0.29999999999999716,1,COMFORT
24.0,28.1,0.8999999999999986,-1.0,1,COMFORT
22.5,28.4,-0.8999999999999986,-1.8000000000000007,0,COLD
25.4,66.0,0.0,0.0,0,COLD
33.1,57.4,-0.3999999999999986,2.799999999999997,1,COMFORT
25.2,51.9,-0.3000000000000007,1.8999999999999986,2,WARM_HUMID
24.7,41.5,1.5,2.200000000000003,1,COMFORT
22.4,29.8,0.1999999999999993,-2.8000000000000007,1,COMFORT
21.6,40.0,-1.5,-0.29999999999999716,1,COMFORT
23.4,41.0,1.2999999999999972,5.0,0,COLD
31.3,68.6,0.0,0.09999999999999432,2,WARM_HUMID
20.9,59.5,-1.0,3.3999999999999986,1,COMFORT
23.7,46.1,0.09999999999999787,-3.6999999999999957,1,COMFORT
22.8,49.0,0.0,0.0,2,WARM_HUMID
23.8,55.6,-0.3000000000000007,0.0,1,COMFORT
28.5,51.4,0.0,0.0,3,HOT
20.1,28.6,0.5,-5.0,1,COMFORT
25.1,42.5,-0.1999999999999993,1.0,1,COMFORT
28.7,40.8,1.5,-5.0,1,COMFORT
19.5,51.0,-0.3000000000000007,2.3999999999999986,1,COMFORT
21.1,48.4,0.0,0.0,1,COMFORT
22.8,42.8,0.0,2.799999999999997,0,COLD
25.5,75.1,0.8999999999999986,5.0,0,COLD
23.0,63.0,-1.5,5.0,1,COMFORT
27.3,49.0,0.0,0.0,0,COLD
22.5,32.0,0.10000000000000142,0.3999999999999986,1,COMFORT
24.3,14.1,-0.5,-2.0999999999999996,1,COMFORT
26.3,24.8,0.3000000000000007,-3.599999999999998,0,COLD
22.0,29.2,0.0,4.899999999999999,2,WARM_HUMID
21.9,28.0,-1.5,-5.0,1,COMFORT
22.8,67.0,-0.5999999999999979,2.0,0,COLD
28.7,75.4,0.0,0.0,0,COLD
24.0,19.6,0.8999999999999986,-3.0,2,WARM_HUMID
23.3,28.9,-1.0,0.7999999999999972,1,COMFORT
28.7,46.0,0.0,0.0,2,WARM_HUMID
22.7,27.1,-1.5,-4.5,1,COMFORT
23.4,39.9,-0.20000000000000284,-2.3000000000000043,0,COLD
24.4,66.2,-0.40000000000000213,1.4000000000000057,0,COLD
30.5,30.5,1.1999999999999993,-1.0,2,WARM_HUMID
27.4,14.2,-0.3000000000000007,0.0,3,HOT
24.6,32.8,0.6000000000000014,-1.3000000000000043,0,COLD
28.8,65.8,0.0,0.0,1,COMFORT
23.5,63.0,-0.3999999999999986,-1.0,2,WARM_HUMID
30.7,51.3,1.5,-1.6000000000000014,1,COMFORT
33.5,64.6,0.6000000000000014,0.29999999999999716,3,HOT
27.4,45.0,0.0,0.0,0,COLD
21.6,47.9,-0.09999999999999787,-0.30000000000000426,0,COLD
22.3,57.1,-1.5,5.0,3,HOT
16.8,64.0,-1.0,-3.700000000000003,1,COMFORT
24.5,26.4,-0.6999999999999993,-0.20000000000000284,2,WARM_HUMID
26.0,56.0,-1.0,0.0,3,HOT
23.4,39.5,0.0,-0.8999999999999986,1,COMFORT
26.4,52.9,0.0,-0.30000000000000426,1,COMFORT
29.4,58.0,-0.10000000000000142,2.0,1,COMFORT
20.9,56.8,0.0,0.0,1,COMFORT
23.3,28.4,-0.3000000000000007,-2.1000000000000014,3,HOT
26.8,41.0,-1.5,5.0,0,COLD
23.2,23.2,0.5,2.3999999999999986,3,HOT
29.0,43.4,-0.8000000000000007,3.0,1,COMFORT
25.7,59.5,0.0,0.0,2,WARM_HUMID
23.8,39.0,0.0,0.0,1,COMFORT
23.2,69.0,0.0,0.0,0,COLD
24.4,53.0,-1.0,5.0,0,COLD
25.8,19.3,0.0,0.0,3,HOT
23.5,50.9,0.0,-0.5,0,COLD
23.6,21.1,0.0,0.0,3,HOT
22.0,69.2,-0.1999999999999993,0.4000000000000057,0,COLD
23.7,28.2,0.8000000000000007,1.0999999999999979,0,COLD
27.6,55.0,0.0,0.0,1,COMFORT
28.9,28.4,-0.8000000000000007,5.0,1,COMFORT
29.1,28.0,0.0,0.0,2,WARM_HUMID
24.3,46.5,1.1000000000000014,5.0,0,COLD
33.6,64.9,1.0,-0.8999999999999915,2,WARM_HUMID
21.2,53.7,0.5,-1.8999999999999986,0,COLD
23.2,45.1,-0.10000000000000142,-1.3999999999999986,1,COMFORT
25.0,26.5,1.1000000000000014,-3.1000000000000014,0,COLD
21.8,44.3,-0.5999999999999979,1.0999999999999943,1,COMFORT
23.5,29.6,0.10000000000000142,1.0,0,COLD
24.7,24.2,-0.5,-1.5,3,HOT
23.2,43.0,1.0,-2.6000000000000014,1,COMFORT
37.4,60.6,1.5,-1.0,0,COLD
21.4,28.4,1.0,-1.8000000000000007,1,COMFORT
24.7,56.2,0.0,0.0,1,COMFORT
29.8,42.0,0.0,0.0,2,WARM_HUMID
24.1,89.0,0.3000000000000007,4.0,1,COMFORT
21.9,53.2,0.0,0.0,0,COLD
24.1,57.2,1.0,-2.299999999999997,2,WARM_HUMID
23.4,60.7,1.0999999999999979,-3.0,2,WARM_HUMID
19.4,39.6,-0.6000000000000014,-2.5,0,COLD
27.8,32.2,0.10000000000000142,-0.8999999999999986,3,HOT
22.7,29.3,-1.5,5.0,2,WARM_HUMID
25.0,64.0,0.0,0.0,1,COMFORT
19.4,53.6,-1.2000000000000028,5.0,0,COLD
31.0,38.8,0.1999999999999993,-1.5,2,WARM_HUMID
22.8,64.9,0.3000000000000007,2.3000000000000043,0,COLD
30.0,73.9,1.0,5.0,2,WARM_HUMID
27.9,69.0,0.0,0.0,1,COMFORT
25.0,33.6,0.0,0.0,0,COLD
32.2,37.0,0.0,0.0,3,HOT
16.0,52.0,-1.5,-5.0,1,COMFORT
27.4,68.3,0.0,0.7000000000000028,2,WARM_HUMID
15.1,37.2,-1.5,5.0,0,COLD
22.4,28.5,0.09999999999999787,-5.0,3,HOT
18.1,57.4,0.9000000000000021,-2.1000000000000014,0,COLD
32.1,53.0,-0.29999999999999716,3.0,2,WARM_HUMID
22.0,44.0,1.1999999999999993,-5.0,0,COLD
24.4,37.9,-0.40000000000000213,-1.2000000000000028,2,WARM_HUMID
23.6,30.5,0.40000000000000213,0.0,1,COMFORT
25.8,59.1,0.0,0.0,1,COMFORT
23.1,48.0,0.20000000000000284,-1.0,2,WARM_HUMID
26.4,43.1,0.8999999999999986,-2.3999999999999986,1,COMFORT
11.8,55.6,0.20000000000000107,-2.6000000000000014,0,COLD
20.2,43.0,1.5,-5.0,1,COMFORT
21.8,48.8,-1.5,3.799999999999997,0,COLD
16.8,71.4,-0.3000000000000007,5.0,0,COLD
19.5,31.9,-0.3000000000000007,-2.700000000000003,0,COLD
25.5,34.7,0.6000000000000014,0.4000000000000057,1,COMFORT
21.1,59.4,0.0,0.0,3,HOT
24.1,62.7,0.0,0.0,2,WARM_HUMID
22.3,70.9,0.10000000000000142,1.2000000000000028,0,COLD
24.9,61.4,-0.8000000000000007,-2.6999999999999957,1,COMFORT
24.8,73.2,0.0,0.0,2,WARM_HUMID
11.0,57.4,0.0,1.7999999999999972,0,COLD
28.1,79.2,-0.09999999999999787,0.6000000000000085,1,COMFORT
23.6,60.4,0.0,0.0,3,HOT
22.7,33.3,0.6999999999999993,-3.5,2,WARM_HUMID
22.6,48.3,0.0,0.0,3,HOT
27.4,59.2,0.0,0.0,3,HOT
24.8,40.1,-1.0,0.20000000000000284,2,WARM_HUMID
23.9,32.4,0.5,1.5999999999999979,3,HOT
22.4,28.5,0.0,3.0,0,COLD
32.3,45.0,0.3999999999999986,-2.0,3,HOT
24.1,39.0,0.20000000000000284,1.0,2,WARM_HUMID
22.6,65.0,-1.5,-0.20000000000000284,0,COLD
30.6,74.0,0.0,2.4000000000000057,1,COMFORT
24.7,30.1,-1.5,-0.29999999999999716,2,WARM_HUMID
27.4,47.0,0.0,0.0,2,WARM_HUMID
23.0,25.7,-1.1000000000000014,0.8000000000000007,1,COMFORT
23.2,42.0,0.3000000000000007,-2.6000000000000014,0,COLD
24.9,49.0,0.5,-3.299999999999997,1,COMFORT
18.6,49.8,0.0,0.0,0,COLD
25.8,49.0,0.0,0.0,0,COLD
21.8,59.1,0.40000000000000213,-1.5,1,COMFORT
22.1,29.0,1.1000000000000014,-2.1999999999999993,2,WARM_HUMID
20.6,54.8,1.4000000000000021,-0.6000000000000014,1,COMFORT
24.5,42.5,-0.3000000000000007,5.0,0,COLD
28.2,52.2,0.09999999999999787,-0.5999999999999943,1,COMFORT
22.0,43.9,1.5,-5.0,2,WARM_HUMID
29.8,56.9,-0.1999999999999993,0.19999999999999574,1,COMFORT
21.4,35.9,-0.10000000000000142,-0.5,0,COLD
24.1,68.1,1.0,0.5999999999999943,1,COMFORT
12.2,73.4,0.5999999999999996,-0.3999999999999915,0,COLD
11.6,58.2,-1.5,5.0,0,COLD
23.5,50.0,0.3999999999999986,-1.0,0,COLD
23.0,61.3,0.3000000000000007,-0.10000000000000142,1,COMFORT
21.4,48.4,0.0,0.0,1,COMFORT
22.7,54.4,0.1999999999999993,0.8999999999999986,0,COLD
26.9,36.8,1.5,-5.0,3,HOT
25.3,43.1,0.1999999999999993,1.8000000000000043,2,WARM_HUMID
30.6,61.3,0.0,0.0,2,WARM_HUMID
23.8,25.3,-0.8999999999999986,0.10000000000000142,2,WARM_HUMID
25.8,57.7,0.0,0.0,0,COLD
24.8,51.5,0.5,-0.3999999999999986,1,COMFORT
26.4,62.0,-0.5,-1.0,1,COMFORT
22.5,45.8,0.1999999999999993,1.5,1,COMFORT
23.4,28.8,0.3999999999999986,-4.9999999999999964,2,WARM_HUMID
20.8,25.7,-0.5999999999999979,3.1999999999999993,0,COLD
20.2,30.2,-1.3000000000000007,-4.099999999999998,2,WARM_HUMID
22.6,26.3,-0.5,0.6000000000000014,2,WARM_HUMID
16.1,37.3,-1.5,2.6999999999999957,0,COLD
22.9,35.6,0.0,-0.10000000000000142,2,WARM_HUMID
24.0,52.5,1.5,-5.0,1,COMFORT
21.4,34.2,0.5,0.0,0,COLD
22.0,37.5,-1.5,-2.6000000000000014,0,COLD
22.9,42.6,-0.20000000000000284,0.20000000000000284,1,COMFORT
22.8,42.4,0.0,-2.8999999999999986,1,COMFORT
23.7,69.0,0.0,0.0,0,COLD
21.9,22.0,0.09999999999999787,-5.0,0,COLD
24.1,50.0,0.0,0.0,1,COMFORT
30.0,72.0,0.0,0.0,3,HOT
22.0,26.4,0.5,-1.0,1,COMFORT
21.8,36.4,1.0,4.299999999999997,2,WARM_HUMID
22.7,31.8,-0.1999999999999993,-0.8000000000000007,2,WARM_HUMID
40.0,71.0,1.5,-5.0,3,HOT
21.5,20.2,0.0,0.0,1,COMFORT
21.7,47.8,-1.0,-3.0,1,COMFORT
16.6,45.1,-0.5,0.8999999999999986,1,COMFORT
22.5,31.9,-1.0,5.0,2,WARM_HUMID
27.1,33.1,-1.2999999999999972,-5.0,3,HOT
22.1,57.3,0.10000000000000142,4.899999999999999,1,COMFORT
22.1,37.7,-0.29999999999999716,0.8000000000000043,1,COMFORT
22.0,32.2,-1.5,5.0,0,COLD
30.2,60.0,0.0,0.0,3,HOT
23.5,28.2,-0.5,1.8000000000000007,2,WARM_HUMID
30.8,65.9,0.0,0.0,1,COMFORT
22.8,58.1,-0.5999999999999979,-3.6999999999999957,2,WARM_HUMID
27.6,64.3,-0.29999999999999716,1.0,3,HOT
25.0,58.6,-0.1999999999999993,1.3000000000000043,1,COMFORT
20.1,29.8,-0.5999999999999979,-5.0,1,COMFORT
19.0,36.8,-0.8000000000000007,2.0,0,COLD
21.2,34.8,-0.10000000000000142,-2.700000000000003,1,COMFORT
19.7,56.2,0.0,0.0,3,HOT
21.7,34.5,-0.6999999999999993,2.5,0,COLD
17.7,24.8,-0.10000000000000142,1.4000000000000021,0,COLD
26.2,12.1,-1.5,-5.0,2,WARM_HUMID
28.0,31.9,0.10000000000000142,-5.0,0,COLD
23.3,52.4,-0.09999999999999787,5.0,0,COLD
21.5,57.3,-0.1999999999999993,0.19999999999999574,1,COMFORT
24.1,42.7,1.0,-2.5,1,COMFORT
26.4,66.8,0.09999999999999787,-0.10000000000000853,1,COMFORT
21.9,56.2,1.5,-5.0,2,WARM_HUMID
21.9,46.6,-0.8000000000000007,-0.7999999999999972,1,COMFORT
22.5,32.9,0.3999999999999986,-3.1000000000000014,2,WARM_HUMID
23.0,39.2,0.3999999999999986,0.0,1,COMFORT
24.2,58.6,-0.6999999999999993,2.8000000000000043,1,COMFORT
22.7,36.0,0.1999999999999993,-2.200000000000003,0,COLD
27.0,55.6,0.0,-0.19999999999999574,1,COMFORT
23.8,63.5,0.9000000000000021,-0.20000000000000284,1,COMFORT
25.9,58.9,0.09999999999999787,-2.0,1,COMFORT
23.8,64.0,-0.5,4.0,2,WARM_HUMID
26.2,73.0,-0.8000000000000007,-0.29999999999999716,0,COLD
22.1,72.4,0.0,0.0,2,WARM_HUMID
27.6,74.3,-0.09999999999999787,-5.0,0,COLD
33.9,60.4,-0.10000000000000142,-0.8000000000000043,3,HOT
27.8,68.9,-0.09999999999999787,0.20000000000000284,1,COMFORT
22.0,29.9,-1.3999999999999986,3.0,0,COLD
28.5,48.8,0.0,0.0,1,COMFORT
24.1,50.5,1.5,-4.0,1,COMFORT
26.4,52.7,0.5,1.2000000000000028,1,COMFORT
28.5,51.4,0.0,0.0,3,HOT
23.3,52.4,0.0,5.0,1,COMFORT
23.1,29.8,-0.7999999999999972,3.1000000000000014,2,WARM_HUMID
23.5,62.8,0.0,0.0,1,COMFORT
24.9,38.6,1.0,4.600000000000001,3,HOT
23.2,65.6,0.3999999999999986,-2.6000000000000085,0,COLD
23.2,43.4,-0.40000000000000213,1.0,1,COMFORT
29.3,79.4,-0.5999999999999979,-0.19999999999998863,0,COLD
29.8,63.7,0.1999999999999993,0.0,1,COMFORT
24.3,70.7,0.6999999999999993,-2.5999999999999943,1,COMFORT
22.3,60.1,0.40000000000000213,-0.29999999999999716,1,COMFORT
21.3,31.9,0.0,-5.0,1,COMFORT
28.1,23.7,0.3000000000000007,0.0,0,COLD
20.6,63.4,-1.2999999999999972,5.0,1,COMFORT
22.1,32.5,1.1000000000000014,1.8000000000000007,1,COMFORT
14.6,61.4,0.0,3.1000000000000014,0,COLD
23.6,76.5,1.0,5.0,0,COLD
23.8,26.6,0.0,0.0,1,COMFORT
30.1,27.6,0.9000000000000021,5.0,3,HOT
27.8,35.0,-0.1999999999999993,-2.0,0,COLD
17.6,59.8,-1.5,5.0,0,COLD
26.2,40.8,1.5,5.0,1,COMFORT
27.9,31.0,0.0,0.0,1,COMFORT
23.6,33.5,0.0,0.0,2,WARM_HUMID
23.9,48.4,-0.10000000000000142,5.0,2,WARM_HUMID
22.5,27.5,0.0,0.5,2,WARM_HUMID
23.8,29.5,1.5,-1.5,2,WARM_HUMID
24.1,58.7,0.5,3.8000000000000043,3,HOT
26.0,57.7,0.0,0.0,1,COMFORT
26.2,66.6,0.1999999999999993,-0.20000000000000284,1,COMFORT
30.9,46.3,-1.5,0.5,3,HOT
23.7,51.3,-1.0,-5.0,1,COMFORT
21.7,24.5,-1.5,3.6999999999999993,0,COLD
23.7,48.5,-0.10000000000000142,-0.10000000000000142,1,COMFORT
24.3,65.1,0.6999999999999993,0.09999999999999432,1,COMFORT
19.0,65.0,0.8000000000000007,0.0,1,COMFORT
24.6,32.0,0.0,0.0,2,WARM_HUMID
23.0,19.7,0.0,-2.8000000000000007,3,HOT
28.5,63.7,-0.1999999999999993,1.0,1,COMFORT
35.0,40.0,1.5,-2.0,2,WARM_HUMID
25.8,57.7,0.0,0.0,1,COMFORT
25.1,47.1,0.7000000000000028,-2.3999999999999986,0,COLD
24.0,43.1,-0.5,2.1000000000000014,0,COLD
21.2,46.5,-1.5,-5.0,0,COLD
22.4,50.3,-0.6000000000000014,-5.0,2,WARM_HUMID
29.8,76.0,0.0,0.5999999999999943,1,COMFORT
28.4,81.0,0.0,0.0,3,HOT
29.2,65.2,-0.5,2.8000000000000043,1,COMFORT
23.5,47.4,0.6000000000000014,-5.0,1,COMFORT
18.5,49.9,-1.5,0.19999999999999574,0,COLD
24.3,18.3,0.0,0.0,3,HOT
23.5,77.0,-0.5,0.7000000000000028,0,COLD
23.6,51.9,-1.0,2.0,0,COLD
31.3,54.0,1.5,-5.0,3,HOT
20.3,41.9,0.0,1.2999999999999972,1,COMFORT
25.8,64.4,0.6000000000000014,2.6000000000000085,2,WARM_HUMID
29.8,66.0,0.0,1.4000000000000057,1,COMFORT
31.1,38.7,0.0,0.0,2,WARM_HUMID
31.3,67.0,-1.5,-2.0,1,COMFORT
33.0,55.5,0.10000000000000142,-0.20000000000000284,3,HOT
22.7,33.8,-0.9000000000000021,-5.0,1,COMFORT
25.1,25.2,1.5,4.0,1,COMFORT
23.2,26.9,1.3999999999999986,-1.6000000000000014,0,COLD
24.5,54.8,-1.5,5.0,1,COMFORT
21.3,33.1,-0.1999999999999993,-4.399999999999999,0,COLD
23.6,36.9,1.5,-5.0,0,COLD
19.6,31.2,-0.1999999999999993,-3.400000000000002,0,COLD
32.3,56.5,0.09999999999999432,-0.3999999999999986,3,HOT
24.4,54.2,0.0,0.0,1,COMFORT
26.3,57.0,-1.5,5.0,2,WARM_HUMID
22.9,28.0,-0.7000000000000028,0.3999999999999986,1,COMFORT
31.7,58.6,-0.10000000000000142,-0.7999999999999972,0,COLD
25.1,70.0,-0.09999999999999787,-0.20000000000000284,1,COMFORT
20.5,60.4,1.5,-1.3000000000000043,1,COMFORT
28.8,55.0,1.5,-5.0,0,COLD
22.5,25.0,0.3000000000000007,0.5,1,COMFORT
28.8,77.6,-0.5999999999999979,0.0,1,COMFORT
23.9,37.9,1.0999999999999979,-0.3999999999999986,1,COMFORT
19.5,57.7,0.0,0.0,0,COLD
20.7,28.1,-1.5,-5.0,1,COMFORT
21.9,80.0,0.0,0.20000000000000284,1,COMFORT
24.8,59.2,0.3000000000000007,0.8000000000000043,3,HOT
22.0,31.1,1.1000000000000014,-0.7999999999999972,0,COLD
20.1,30.0,0.0,0.0,0,COLD
29.8,82.9,0.0,1.6000000000000085,3,HOT
21.3,48.6,-1.5,-5.0,0,COLD
19.3,34.8,0.3000000000000007,-2.200000000000003,2,WARM_HUMID
18.4,47.9,-1.5,-5.0,0,COLD
22.6,34.5,0.10000000000000142,0.0,3,HOT
24.0,40.5,-1.5,-5.0,1,COMFORT
22.9,34.6,1.5,5.0,3,HOT
25.5,51.4,0.1999999999999993,-1.0,0,COLD
28.3,53.0,0.0,0.0,2,WARM_HUMID
21.5,52.7,-0.3000000000000007,5.0,0,COLD
27.9,47.9,0.09999999999999787,-3.8999999999999986,1,COMFORT
22.7,35.9,0.5999999999999979,-1.3999999999999986,3,HOT
23.9,52.5,-0.10000000000000142,1.0,1,COMFORT
22.4,41.3,0.1999999999999993,-0.20000000000000284,1,COMFORT
26.6,44.4,0.6000000000000014,0.29999999999999716,1,COMFORT
21.8,52.5,0.0,0.0,0,COLD
29.8,71.7,0.0,1.0,1,COMFORT
26.7,44.5,0.1999999999999993,-0.29999999999999716,1,COMFORT
24.5,58.4,0.3999999999999986,-2.8999999999999986,1,COMFORT
26.5,73.0,-0.3999999999999986,1.7999999999999972,1,COMFORT
22.7,42.1,0.09999999999999787,5.0,0,COLD
23.5,55.0,0.3999999999999986,-5.0,0,COLD
25.9,66.7,0.0,0.0,1,COMFORT
23.0,43.2,0.1999999999999993,0.30000000000000426,1,COMFORT
24.1,62.7,0.0,0.0,1,COMFORT
23.6,56.1,0.40000000000000213,-5.0,2,WARM_HUMID
24.5,21.0,1.1000000000000014,-5.0,1,COMFORT
20.3,43.4,0.0,0.0,0,COLD
21.1,39.8,1.0,3.0,2,WARM_HUMID
21.3,35.6,1.5,-2.0,1,COMFORT
21.0,46.4,1.5,-5.0,0,COLD
19.6,43.0,-0.1999999999999993,-5.0,1,COMFORT
23.1,54.3,-0.7999999999999972,3.1999999999999957,3,HOT
27.2,67.3,0.09999999999999787,2.5,0,COLD
17.7,61.0,-0.5,5.0,0,COLD
21.0,73.0,1.5,5.0,2,WARM_HUMID
25.8,61.7,0.1999999999999993,-0.09999999999999432,1,COMFORT
24.2,56.7,-1.5,5.0,3,HOT
30.4,23.2,0.0,-2.6000000000000014,0,COLD
27.0,39.6,0.5,-5.0,2,WARM_HUMID
24.0,70.0,0.1999999999999993,-0.20000000000000284,1,COMFORT
23.0,52.0,0.0,-1.0,1,COMFORT
22.5,52.2,0.0,0.0,3,HOT
27.0,29.5,0.0,1.1000000000000014,1,COMFORT
23.3,51.4,-0.09999999999999787,5.0,0,COLD
23.0,23.8,0.0,2.0,0,COLD
11.6,51.3,0.5999999999999996,0.0,0,COLD
22.5,22.8,0.10000000000000142,4.400000000000002,0,COLD
22.7,33.1,0.3000000000000007,0.10000000000000142,0,COLD
27.5,46.0,0.0,0.0,3,HOT
23.2,24.1,-0.10000000000000142,0.20000000000000284,1,COMFORT
24.4,64.7,0.09999999999999787,-5.0,1,COMFORT
23.3,46.3,0.0,1.0999999999999943,1,COMFORT
19.0,71.3,0.6999999999999993,5.0,0,COLD
24.3,48.0,0.0,0.0,0,COLD
20.6,23.7,-0.6999999999999993,0.8999999999999986,0,COLD
19.8,45.3,-1.5,5.0,0,COLD
19.8,38.8,0.6999999999999993,4.599999999999994,2,WARM_HUMID
20.4,39.6,0.0,0.8999999999999986,1,COMFORT
28.5,53.0,0.10000000000000142,-2.0,1,COMFORT
25.6,64.0,0.0,0.0,0,COLD
25.4,33.8,-0.5,-0.6000000000000014,0,COLD
23.1,74.6,0.40000000000000213,3.799999999999997,2,WARM_HUMID
28.5,38.7,0.3999999999999986,-1.0999999999999943,3,HOT
16.2,43.7,0.0,5.0,0,COLD
23.1,55.6,-1.5,0.0,0,COLD
24.0,57.0,0.0,0.0,3,HOT
24.3,66.0,-0.3000000000000007,0.4000000000000057,1,COMFORT
25.2,60.6,-1.0,0.3999999999999986,1,COMFORT
20.2,39.2,0.0,0.0,1,COMFORT
23.1,21.0,0.0,-5.0,1,COMFORT
20.1,46.5,-1.0999999999999979,-0.8999999999999986,0,COLD
23.6,49.8,0.0,5.0,1,COMFORT
20.5,47.4,0.0,1.6000000000000014,2,WARM_HUMID
27.2,43.0,0.0,0.0,1,COMFORT
20.4,43.7,-1.5,2.5,1,COMFORT
20.1,65.0,0.0,0.0,1,COMFORT
27.5,67.6,0.0,0.0,1,COMFORT
20.3,42.4,0.9000000000000021,-2.3999999999999986,2,WARM_HUMID
21.7,27.0,0.0,0.0,1,COMFORT
24.3,19.2,1.5,-5.0,1,COMFORT
30.3,78.3,0.0,-1.0,3,HOT
25.2,27.1,1.5,-4.799999999999997,3,HOT
23.2,13.7,0.0,0.0,0,COLD
23.3,23.3,1.5,-5.0,2,WARM_HUMID
23.6,21.9,-0.6999999999999993,-0.9000000000000021,0,COLD
21.0,37.1,-0.1999999999999993,3.8999999999999986,1,COMFORT
23.1,38.5,1.5,-5.0,0,COLD
23.1,25.4,0.7000000000000028,-0.3000000000000007,3,HOT
21.8,41.6,0.0,0.0,1,COMFORT
23.6,42.9,0.6000000000000014,1.1999999999999957,0,COLD
24.2,71.6,0.0,0.0,1,COMFORT
25.2,26.1,0.0,-5.0,3,HOT
22.9,22.4,-0.3000000000000007,1.0999999999999979,1,COMFORT
23.1,54.1,-0.09999999999999787,-2.1999999999999957,0,COLD
21.3,29.6,0.5,-2.299999999999997,0,COLD
26.2,53.9,0.8999999999999986,1.5,1,COMFORT
24.8,36.1,-0.8000000000000007,-3.1000000000000014,1,COMFORT
22.7,39.8,1.1999999999999993,0.0,1,COMFORT
20.6,61.5,-1.5,5.0,0,COLD
22.0,38.0,-0.10000000000000142,0.10000000000000142,1,COMFORT
26.0,46.4,1.1999999999999993,5.0,0,COLD
25.5,38.3,0.10000000000000142,4.0,0,COLD
21.5,36.4,-1.1999999999999993,1.6000000000000014,1,COMFORT
28.8,75.5,0.0,0.0,1,COMFORT
18.7,39.9,-1.0,4.799999999999997,1,COMFORT
25.0,51.7,1.5,-2.0999999999999943,1,COMFORT
22.7,44.0,0.0,0.0,0,COLD
30.2,61.0,0.1999999999999993,-5.0,2,WARM_HUMID
26.5,73.3,0.3999999999999986,5.0,1,COMFORT
24.9,19.9,0.0,0.0,1,COMFORT
29.9,60.2,0.5999999999999979,-0.7999999999999972,2,WARM_HUMID
20.6,61.9,1.5,-5.0,1,COMFORT
19.6,62.6,1.5,5.0,0,COLD
22.9,32.9,0.5,-0.6000000000000014,1,COMFORT
18.2,62.0,0.5999999999999979,-5.0,1,COMFORT
22.5,41.5,0.1999999999999993,3.1000000000000014,1,COMFORT
30.9,69.1,0.29999999999999716,1.0999999999999943,2,WARM_HUMID
25.8,46.4,1.5,-5.0,1,COMFORT
25.8,66.0,0.0,0.0,0,COLD
22.3,19.7,0.10000000000000142,-4.5,0,COLD
21.4,37.2,-0.10000000000000142,1.2000000000000028,0,COLD
24.0,27.1,0.6000000000000014,-1.7999999999999972,2,WARM_HUMID
21.6,60.5,0.0,0.0,2,WARM_HUMID
28.1,14.1,0.7000000000000028,-0.09999999999999964,2,WARM_HUMID
23.1,12.7,-0.5999999999999979,1.299999999999999,1,COMFORT
23.0,30.1,-0.1999999999999993,-2.299999999999997,0,COLD
36.0,32.5,0.7999999999999972,-0.8999999999999986,3,HOT
23.2,19.1,-0.6000000000000014,-2.3999999999999986,1,COMFORT
28.7,75.4,0.0,0.0,1,COMFORT
21.0,36.6,0.0,0.0,1,COMFORT
25.2,42.0,-0.1999999999999993,0.8999999999999986,2,WARM_HUMID
23.2,43.1,0.09999999999999787,-0.6000000000000014,1,COMFORT
25.0,58.2,0.10000000000000142,-0.5,1,COMFORT
24.7,70.8,0.0,0.0,1,COMFORT
28.9,44.0,-0.10000000000000142,1.0,2,WARM_HUMID
28.1,52.8,0.20000000000000284,-0.8000000000000043,2,WARM_HUMID
21.3,30.4,-1.5,-0.8000000000000007,1,COMFORT
23.4,52.4,-0.6000000000000014,5.0,0,COLD
22.0,30.1,0.1999999999999993,2.3000000000000007,3,HOT
18.8,33.9,-1.5,2.6999999999999993,0,COLD
19.4,30.0,1.5,-5.0,0,COLD
29.5,68.8,0.10000000000000142,1.7000000000000028,2,WARM_HUMID
27.1,54.0,1.5,5.0,0,COLD
27.5,47.8,0.3000000000000007,-0.7000000000000028,2,WARM_HUMID
23.3,32.1,0.0,-5.0,2,WARM_HUMID
23.9,51.9,-0.20000000000000284,1.6000000000000014,1,COMFORT
23.3,59.2,-0.09999999999999787,-0.09999999999999432,2,WARM_HUMID
24.4,43.6,0.1999999999999993,1.3999999999999986,3,HOT
18.1,61.7,0.40000000000000213,1.3000000000000043,1,COMFORT
25.6,36.7,0.9000000000000021,-4.599999999999994,2,WARM_HUMID
22.1,78.0,-1.5,-1.0,0,COLD
22.0,56.0,-0.3000000000000007,1.0,0,COLD
23.3,51.3,0.40000000000000213,2.5,0,COLD
20.0,51.0,1.5,-4.0,1,COMFORT
29.0,58.0,0.0,-1.0,1,COMFORT
22.1,36.9,0.7000000000000028,5.0,2,WARM_HUMID
24.9,40.9,1.5,-5.0,2,WARM_HUMID
24.6,42.9,0.0,0.0,1,COMFORT
23.5,50.0,0.0,0.0,2,WARM_HUMID
22.1,48.3,0.7000000000000028,4.299999999999997,2,WARM_HUMID
25.8,62.5,0.0,-1.3999999999999986,3,HOT
22.9,25.1,-0.10000000000000142,0.10000000000000142,2,WARM_HUMID
23.0,48.4,0.3000000000000007,-1.8000000000000043,0,COLD
22.7,27.1,1.5,-0.6999999999999993,2,WARM_HUMID
28.3,62.8,-1.5,5.0,3,HOT
25.1,47.7,-0.09999999999999787,0.30000000000000426,0,COLD
23.4,27.5,1.5,-2.3000000000000007,2,WARM_HUMID
22.6,39.6,-0.6999999999999993,3.3999999999999986,1,COMFORT
21.7,42.9,1.5,-0.3999999999999986,2,WARM_HUMID
12.2,67.7,0.0,0.4000000000000057,0,COLD
26.4,57.0,-1.5,5.0,1,COMFORT
24.3,55.6,1.5,-4.199999999999996,1,COMFORT
27.5,48.0,0.0,0.0,0,COLD
20.6,54.2,-1.5,5.0,2,WARM_HUMID
23.0,62.0,-1.5,2.0,0,COLD
28.8,55.3,1.3000000000000007,0.29999999999999716,0,COLD
22.9,38.9,0.0,-2.3000000000000043,2,WARM_HUMID
11.0,53.2,0.5999999999999996,-1.3999999999999986,0,COLD
24.1,55.2,1.0,-3.0,2,WARM_HUMID
23.3,39.4,1.5,-0.5,2,WARM_HUMID
22.3,34.2,0.0,-2.8999999999999986,1,COMFORT
23.6,50.0,0.0,0.0,0,COLD
21.1,59.4,0.0,0.0,1,COMFORT
26.1,54.0,-0.29999999999999716,-5.0,3,HOT
21.4,57.4,-0.10000000000000142,0.6999999999999957,2,WARM_HUMID
33.5,65.2,0.5,-1.0999999999999943,0,COLD
28.5,52.0,-0.8000000000000007,-5.0,2,WARM_HUMID
21.5,40.4,0.1999999999999993,-1.1000000000000014,2,WARM_HUMID
27.4,68.3,0.0,0.0,0,COLD
22.8,58.9,0.0,0.0,1,COMFORT
27.2,61.8,-0.10000000000000142,0.6999999999999957,1,COMFORT
23.0,47.4,-0.3999999999999986,2.5,2,WARM_HUMID
21.9,66.1,0.1999999999999993,-2.1000000000000085,0,COLD
26.8,41.1,1.5,0.0,2,WARM_HUMID
31.0,27.7,0.3000000000000007,-0.5,2,WARM_HUMID
20.5,55.0,0.0,0.0,0,COLD
22.3,28.7,-1.5,0.09999999999999787,1,COMFORT
22.2,51.1,0.1999999999999993,-4.0,0,COLD
22.9,26.2,-0.3000000000000007,-0.9000000000000021,0,COLD
22.3,33.5,0.0,0.0,1,COMFORT
31.4,67.6,0.0,0.0,3,HOT
22.2,44.0,-0.8000000000000007,1.7999999999999972,0,COLD
26.1,44.0,0.0,0.0,0,COLD
23.2,40.8,-0.9000000000000021,3.299999999999997,1,COMFORT
26.8,47.0,-0.6999999999999993,-1.0,1,COMFORT
21.0,28.6,-0.3000000000000007,0.10000000000000142,0,COLD
23.6,72.5,-1.2999999999999972,5.0,3,HOT
20.0,34.6,0.0,0.10000000000000142,1,COMFORT
25.8,43.4,-1.3999999999999986,5.0,3,HOT
23.4,30.4,0.3999999999999986,-3.1000000000000014,1,COMFORT
22.7,40.6,-1.1000000000000014,5.0,2,WARM_HUMID
25.7,57.2,0.0,0.0,1,COMFORT
22.7,75.8,-0.10000000000000142,-0.7999999999999972,1,COMFORT
27.0,50.0,-1.5,4.0,2,WARM_HUMID
22.5,28.7,1.3000000000000007,0.3000000000000007,2,WARM_HUMID
24.7,34.3,1.5,-5.0,0,COLD
20.0,32.5,-1.5,-5.0,3,HOT
27.4,47.0,0.0,0.0,2,WARM_HUMID
24.5,56.0,-1.5,3.5,0,COLD
22.5,18.8,0.0,-0.5,0,COLD
29.8,63.8,0.0,0.19999999999999574,1,COMFORT
29.6,72.3,0.10000000000000142,-5.0,3,HOT
23.4,30.4,-0.10000000000000142,-0.40000000000000213,1,COMFORT
23.6,34.0,-0.29999999999999716,0.0,1,COMFORT
25.6,42.1,0.8000000000000007,-1.8999999999999986,1,COMFORT
18.1,36.1,-1.0999999999999979,-0.6000000000000014,1,COMFORT
25.8,55.6,0.3000000000000007,0.0,0,COLD
24.3,25.2,1.5,-1.6000000000000014,1,COMFORT
28.5,35.1,1.5,-4.100000000000001,2,WARM_HUMID
22.5,41.6,-0.5,1.2000000000000028,1,COMFORT
30.2,76.1,0.0,0.29999999999999716,3,HOT
22.0,24.2,0.5,0.1999999999999993,1,COMFORT
23.1,43.6,-0.09999999999999787,-0.3999999999999986,1,COMFORT
23.1,28.1,-0.5999999999999979,-3.099999999999998,0,COLD
21.4,52.0,0.7999999999999972,-1.7999999999999972,1,COMFORT
22.9,48.5,0.29999999999999716,-0.6000000000000014,1,COMFORT
23.1,21.6,0.40000000000000213,-5.0,0,COLD
25.8,57.7,0.0,0.0,1,COMFORT
19.3,42.2,1.4000000000000021,-3.5999999999999943,1,COMFORT
33.0,57.4,0.5,-0.5,3,HOT
22.0,57.8,1.5,5.0,1,COMFORT
25.4,22.5,0.5999999999999979,0.0,3,HOT
23.2,57.3,0.3000000000000007,-0.7000000000000028,1,COMFORT
24.6,25.2,-1.5,-3.900000000000002,2,WARM_HUMID
23.1,28.4,-0.09999999999999787,0.3999999999999986,1,COMFORT
21.8,21.5,-0.8000000000000007,-1.6000000000000014,2,WARM_HUMID
26.0,57.0,-0.8999999999999986,-0.5,2,WARM_HUMID
29.5,73.6,-1.1000000000000014,3.299999999999997,3,HOT
20.8,61.8,-0.5999999999999979,1.3999999999999986,2,WARM_HUMID
26.3,41.0,-0.3999999999999986,-5.0,3,HOT
24.6,55.0,0.0,-3.0,1,COMFORT
24.3,60.3,0.0,0.19999999999999574,1,COMFORT
25.4,52.8,-0.9000000000000021,4.799999999999997,2,WARM_HUMID
33.0,61.0,0.0,0.0,3,HOT
25.5,46.3,0.3000000000000007,0.3999999999999986,2,WARM_HUMID
22.9,33.2,-0.5,-4.0,0,COLD
37.8,45.9,0.29999999999999716,-5.0,3,HOT
24.0,62.8,0.0,0.5999999999999943,0,COLD
28.0,50.5,-0.6000000000000014,5.0,1,COMFORT
24.0,65.5,0.6999999999999993,-1.0,2,WARM_HUMID
21.2,33.2,0.6999999999999993,-2.0,1,COMFORT
22.6,48.1,-1.5,0.10000000000000142,3,HOT
28.8,23.2,0.0,-0.3000000000000007,1,COMFORT
28.0,47.0,0.0,0.0,2,WARM_HUMID
24.7,70.8,0.0,0.0,1,COMFORT
22.7,33.8,0.5,-2.5,3,HOT
22.4,35.9,-0.20000000000000284,5.0,1,COMFORT
20.1,20.2,-1.0,-1.0,1,COMFORT
23.5,47.6,0.6999999999999993,-1.3999999999999986,1,COMFORT
23.9,29.8,-1.1000000000000014,-0.5,1,COMFORT
21.3,57.6,-1.5,1.3000000000000043,1,COMFORT
25.1,42.0,0.20000000000000284,-0.7999999999999972,1,COMFORT
23.9,51.5,0.09999999999999787,-0.8999999999999986,1,COMFORT
22.6,22.4,0.20000000000000284,0.7999999999999972,1,COMFORT
25.6,77.9,1.4000000000000021,5.0,1,COMFORT
21.5,42.0,0.0,5.0,0,COLD
24.9,65.4,-0.10000000000000142,-0.6999999999999886,1,COMFORT
23.5,38.5,-0.3999999999999986,-1.8999999999999986,1,COMFORT
25.3,54.9,-0.3000000000000007,2.1999999999999957,3,HOT
20.6,39.8,-1.5,5.0,3,HOT
29.6,54.3,0.3000000000000007,-2.6000000000000014,3,HOT
23.2,62.2,0.0,0.0,0,COLD
22.9,41.2,-0.7000000000000028,3.0,0,COLD
26.5,67.4,0.1999999999999993,-0.3999999999999915,3,HOT
22.5,47.6,-0.5,2.0,3,HOT
23.1,24.6,0.20000000000000284,0.20000000000000284,3,HOT
25.9,29.0,1.5,-2.3999999999999986,2,WARM_HUMID
23.4,40.4,0.0,0.0,0,COLD
23.8,41.6,-1.5,4.899999999999999,1,COMFORT
25.6,69.7,-0.09999999999999787,0.29999999999999716,1,COMFORT
18.6,58.3,0.0,0.0,0,COLD
25.8,60.9,0.5,-0.30000000000000426,1,COMFORT
32.8,68.7,1.5,-5.0,0,COLD
14.9,33.8,0.0,-0.6000000000000014,0,COLD
19.4,39.2,1.0999999999999979,0.9000000000000057,0,COLD
21.6,60.5,0.0,0.0,0,COLD
23.2,50.8,0.5999999999999979,-1.7000000000000028,1,COMFORT
22.9,51.9,-1.5,-2.3999999999999986,0,COLD
21.6,33.8,0.7000000000000028,-2.0,0,COLD
18.0,52.9,0.1999999999999993,-0.8000000000000043,1,COMFORT
24.5,28.0,1.5,3.8999999999999986,2,WARM_HUMID
22.8,39.0,0.1999999999999993,-0.7000000000000028,1,COMFORT
26.0,36.3,0.6000000000000014,-0.6000000000000014,2,WARM_HUMID
27.5,19.7,-0.6000000000000014,-3.1000000000000014,3,HOT
19.7,31.5,0.0,0.0,0,COLD
25.7,57.2,0.0,0.0,2,WARM_HUMID
19.7,41.1,1.5,5.0,0,COLD
22.2,50.5,-1.5,5.0,0,COLD
19.0,40.9,-0.5,1.8999999999999986,0,COLD
36.0,81.0,-1.0,5.0,3,HOT
23.8,34.3,0.40000000000000213,-0.9000000000000057,0,COLD
22.5,70.0,-0.3999999999999986,-4.0,1,COMFORT
20.4,57.6,0.0,0.0,2,WARM_HUMID
23.7,57.6,-1.0,3.3999999999999986,1,COMFORT
22.5,28.1,-0.1999999999999993,-5.0,1,COMFORT
28.5,74.1,-1.1999999999999993,3.1999999999999886,1,COMFORT
26.1,36.2,-0.09999999999999787,2.5,2,WARM_HUMID
30.1,60.5,0.20000000000000284,-0.10000000000000142,2,WARM_HUMID
23.2,24.0,0.0,0.0,0,COLD
26.3,50.3,-1.5,5.0,2,WARM_HUMID
23.8,27.3,0.8000000000000007,0.40000000000000213,1,COMFORT
23.2,48.8,0.09999999999999787,-2.200000000000003,0,COLD
24.0,64.0,0.0,0.0,1,COMFORT
24.1,43.3,-0.6999999999999993,5.0,3,HOT
23.4,60.9,0.0,0.0,1,COMFORT
21.7,28.6,-1.5,4.400000000000002,0,COLD
21.4,57.2,-0.40000000000000213,-0.19999999999999574,3,HOT
24.1,44.7,1.5,-5.0,2,WARM_HUMID
22.6,32.0,0.0,-3.799999999999997,3,HOT
23.3,49.1,-0.8000000000000007,-5.0,0,COLD
21.2,70.8,-1.5,-5.0,0,COLD
23.4,23.6,0.8999999999999986,-2.3999999999999986,0,COLD
22.8,25.7,-0.5999999999999979,-1.5,1,COMFORT
28.6,50.7,0.0,0.0,3,HOT
20.1,35.6,-0.09999999999999787,0.0,1,COMFORT
23.8,61.8,-0.8000000000000007,2.5999999999999943,2,WARM_HUMID
30.3,65.6,-0.3000000000000007,2.999999999999993,3,HOT
25.6,50.0,-1.0,2.0,3,HOT
23.8,57.9,-1.1999999999999993,5.0,1,COMFORT
22.7,33.4,1.5,-5.0,1,COMFORT
20.2,51.5,-0.9000000000000021,4.200000000000003,1,COMFORT
29.2,57.1,1.0,-1.3999999999999986,3,HOT
19.6,51.8,-1.5,4.5,2,WARM_HUMID
28.7,63.2,0.09999999999999787,1.3000000000000043,2,WARM_HUMID
20.7,50.9,1.5,-3.200000000000003,0,COLD
21.6,35.9,-1.3999999999999986,-5.0,1,COMFORT
25.8,47.0,0.0,0.0,1,COMFORT
29.1,56.0,0.10000000000000142,0.0,1,COMFORT
33.7,27.6,0.0,0.0,2,WARM_HUMID
24.6,52.1,0.10000000000000142,0.7000000000000028,2,WARM_HUMID
20.9,40.3,0.09999999999999787,0.5,1,COMFORT
22.3,41.7,0.0,-0.5999999999999943,3,HOT
23.4,31.9,0.8999999999999986,-1.7000000000000028,1,COMFORT
27.2,80.7,0.5999999999999979,2.0,1,COMFORT
21.8,46.3,-1.5,5.0,0,COLD
19.2,19.3,0.0,0.0,1,COMFORT
26.6,64.9,-0.09999999999999787,-0.5999999999999943,1,COMFORT
24.2,55.4,0.0,0.7999999999999972,1,COMFORT
24.9,36.5,0.0,-4.899999999999999,2,WARM_HUMID
23.4,50.8,0.1999999999999993,-0.30000000000000426,0,COLD
20.9,48.6,-0.6000000000000014,2.1000000000000014,2,WARM_HUMID
21.1,21.2,0.0,0.0,0,COLD
22.4,79.9,1.1999999999999993,-5.0,1,COMFORT
18.4,33.3,0.0,-5.0,0,COLD
23.6,38.5,0.0,-5.0,1,COMFORT
28.9,40.0,0.0,0.0,1,COMFORT
34.8,22.4,1.5,-3.6000000000000014,1,COMFORT
31.4,68.0,0.0,0.0,3,HOT
22.4,25.0,0.1999999999999993,0.3999999999999986,1,COMFORT
30.3,70.5,-0.8000000000000007,0.5,3,HOT
22.7,56.2,-0.1999999999999993,0.0,0,COLD
23.1,41.4,0.8000000000000007,-2.0,1,COMFORT
24.1,63.0,-0.1999999999999993,0.3999999999999986,1,COMFORT
31.3,61.0,0.0,0.0,2,WARM_HUMID
31.0,28.0,1.5,-2.0,1,COMFORT
23.5,26.7,0.3000000000000007,0.09999999999999787,0,COLD
22.7,27.5,0.0,-0.8999999999999986,2,WARM_HUMID
21.5,45.0,1.5,0.0,0,COLD
22.5,55.5,-1.5,-0.7000000000000028,1,COMFORT
25.5,22.7,0.8000000000000007,-5.0,1,COMFORT
24.3,45.5,-1.5,5.0,3,HOT
20.8,59.0,0.0,0.0,1,COMFORT
23.0,24.6,-1.5,-2.1999999999999993,1,COMFORT
27.7,39.1,1.5,-1.6000000000000014,1,COMFORT
29.9,12.2,1.0999999999999979,-3.200000000000001,1,COMFORT
24.3,47.8,-1.5,5.0,0,COLD
25.2,59.7,-0.6000000000000014,-5.0,1,COMFORT
