temperature_c,humidity_pct,delta_temp,delta_humi,comfort_class,comfort_label
33.0,42.0,0.10319225453799764,-0.6041818952987164,2,WARM_HUMID
27.7,38.8,0.08683695356593493,0.3462641275123246,2,WARM_HUMID
30.1,28.6,0.2775067017813881,-0.0881735004698754,2,WARM_HUMID
21.0,76.1,-0.05420877910552537,0.037050972908938336,0,COLD
19.0,37.0,0.17732531491240075,-0.20651577632281704,0,COLD
31.5,26.0,0.13414153675652443,0.5102406089248676,2,WARM_HUMID
17.6,59.8,-0.17534713653187495,0.38272509636411506,0,COLD
23.6,38.5,-0.07010858985587416,-0.09985538752836237,1,COMFORT
21.3,44.5,-0.22493941448390517,-0.13047474551013402,1,COMFORT
23.2,32.8,0.06751743823760782,-0.32663736954506556,1,COMFORT
22.7,36.7,-0.02105600034171374,-0.2804350743708179,1,COMFORT
29.7,75.7,-0.08840048468777705,-0.5715636797468265,2,WARM_HUMID
25.7,53.6,-0.1214987229987075,0.19667642373844887,2,WARM_HUMID
27.5,51.1,-0.19486335523882042,1.0844360677160743,2,WARM_HUMID
27.3,19.9,-0.01538194959921947,-0.6056814002983336,2,WARM_HUMID
18.6,46.3,0.049794589284983044,-0.3477193654725337,0,COLD
27.5,67.6,-0.33091442239547886,-0.03879015269108808,1,COMFORT
21.6,36.5,0.07690076490928272,-0.13737161611627627,1,COMFORT
17.8,55.6,0.1592062126044923,-0.16289009263379994,0,COLD
24.0,39.5,-0.05445232699892597,0.32943641440604504,1,COMFORT
27.2,50.0,0.2442594934692807,0.27944062148595594,1,COMFORT
19.2,44.7,0.08610628963260451,0.017692501598631893,0,COLD
19.5,27.8,0.18250852387469202,0.001326057013321609,1,COMFORT
27.1,56.0,0.14637250790170636,-0.021716127156962032,1,COMFORT
25.2,36.3,0.0046606259035509605,-0.4749754003643809,2,WARM_HUMID
18.5,20.0,-0.21445863645455568,-1.060798313061519,0,COLD
25.1,44.6,-0.08819062228149108,-0.4045790819755977,1,COMFORT
33.0,45.8,-0.34276880668876925,-0.2196126537060583,3,HOT
25.1,26.1,-0.017286717307761133,0.12411481529598467,2,WARM_HUMID
20.2,52.4,-0.19156198828213303,0.28667105317491093,0,COLD
26.4,39.1,0.10828099402033838,-0.7710314626170118,2,WARM_HUMID
24.6,58.0,0.12952923637822816,0.7420253429300884,1,COMFORT
22.3,53.3,0.1576190246018902,-0.14398058687896673,1,COMFORT
26.4,33.9,-0.11716920286519328,0.5031913987912441,2,WARM_HUMID
36.7,38.7,0.04905738845793523,0.03776032178349107,3,HOT
27.7,81.1,0.01953500851486714,-0.3408542107014425,2,WARM_HUMID
29.0,43.0,-0.20503180476231317,0.3795805776735445,2,WARM_HUMID
36.4,40.4,0.0019368837343231168,-0.10653991345772396,3,HOT
20.6,32.6,0.11100363791701466,-0.43805586664392104,0,COLD
29.6,56.0,0.14178173019172252,0.5349667885551858,2,WARM_HUMID
24.1,69.7,0.11490544712262592,0.2565004957634185,1,COMFORT
21.6,75.4,-0.20740120570187318,0.07351332159313058,0,COLD
28.1,55.2,-0.04855241310617816,0.38249193062211484,1,COMFORT
24.0,34.0,0.28758893017561077,-0.47125781462060456,1,COMFORT
18.7,28.7,0.18327070274650523,-0.10399080552766644,0,COLD
15.7,65.7,0.012993161995015656,0.28391877519629166,0,COLD
23.1,57.1,-0.011737793765001451,-0.3356011070146259,1,COMFORT
19.5,31.3,-0.07637591377678016,-0.014073083447320826,0,COLD
23.2,41.8,-0.08874959077347683,-0.5635213803782627,1,COMFORT
31.3,21.1,0.015142045543437153,-0.0682290209243448,2,WARM_HUMID
27.4,60.8,0.04513200747376879,-0.39026379181841203,2,WARM_HUMID
19.9,37.2,-0.02587243041728521,-0.46253260735142665,0,COLD
29.9,27.0,0.11280924521902834,-0.4524164424917112,2,WARM_HUMID
34.0,39.0,0.23150461946623246,-0.4112186163896967,3,HOT
24.5,29.1,-0.055253047581678025,0.1555044111378684,1,COMFORT
16.6,58.0,-0.1625719495553612,-0.2240695060245126,0,COLD
18.0,50.1,0.17658131811253722,-0.3071108216166302,0,COLD
12.8,60.5,-0.05164756788659419,0.15265352355633663,0,COLD
33.8,42.0,0.013089985904753706,0.35634094678342904,3,HOT
23.7,32.9,0.05212328762113785,-0.4616348384822973,1,COMFORT
30.8,20.0,-0.07164683739060078,-0.0839753223156427,2,WARM_HUMID
29.5,40.3,0.0195194157147063,-0.349277162113133,2,WARM_HUMID
23.8,46.0,0.08353120835522183,0.6904367004558303,1,COMFORT
27.7,38.0,-0.22442382197469746,0.6921201758502895,2,WARM_HUMID
23.6,39.1,0.01691234071151245,0.20639772991088623,1,COMFORT
22.2,26.3,-0.009200123451066066,-0.5734246041008627,1,COMFORT
19.5,39.2,-0.292869487993996,0.3165152909834938,0,COLD
20.5,41.6,-0.0630596891098744,0.2904509887632011,1,COMFORT
29.9,59.1,0.052919181128042614,0.5540764506823018,2,WARM_HUMID
25.4,33.2,-0.03627561836233707,0.38101880645617286,2,WARM_HUMID
28.0,84.8,-0.031835145242332004,0.1917716129712542,1,COMFORT
20.9,29.6,-0.16272368564482523,-0.5097872698294296,0,COLD
10.1,51.5,-0.07517657054295526,0.5227147222826808,0,COLD
29.9,29.0,0.4279718005686605,0.4358973104078257,2,WARM_HUMID
26.6,38.6,-0.1779333392266564,-0.6071631799372748,2,WARM_HUMID
30.8,78.3,0.33244245645842824,-0.446850818562404,3,HOT
28.1,36.5,0.24020137840676725,0.25679358276836045,2,WARM_HUMID
19.8,36.5,0.08277232264813927,-0.45479142372707976,0,COLD
24.5,32.6,-0.03308438016134842,0.49207942476339483,2,WARM_HUMID
10.0,54.0,-0.05275113642656571,-0.291246740529523,0,COLD
13.8,54.7,-0.16631473431074925,0.11125514518319335,0,COLD
20.6,38.3,-0.047777878003175345,-0.2655262320026652,1,COMFORT
16.6,55.8,-0.05798279400131704,0.2389175246143639,0,COLD
29.7,62.4,0.24539779126251723,0.3588287670385209,2,WARM_HUMID
33.8,56.5,0.00936475549911644,-0.1644313198479822,3,HOT
23.7,53.4,-0.24140942362055284,-0.14486207288615915,1,COMFORT
20.6,69.0,0.1380281668091648,-0.02316141565120217,1,COMFORT
32.7,69.3,-0.09668403874382143,0.2324005494738891,3,HOT
27.9,51.0,-0.12055118519545961,0.18804245720014034,2,WARM_HUMID
21.6,21.2,0.0536495623194157,0.2419138102494036,1,COMFORT
36.8,39.0,-0.3425389594527772,0.3249186864691793,3,HOT
26.8,31.0,-0.08796227233331601,0.21160031791324208,2,WARM_HUMID
21.5,32.7,0.12497570556313624,0.6259492422704455,1,COMFORT
21.8,30.3,-0.15113694891521362,0.356875810740535,1,COMFORT
33.4,58.0,0.0734061841841877,-0.17036928919343566,3,HOT
19.9,37.2,-0.17209425518411678,-0.14452255357017008,0,COLD
32.9,65.0,-0.18844037173655173,0.0683997198224898,2,WARM_HUMID
29.1,28.0,-0.22973029728654645,-0.6667102351011862,1,COMFORT
25.7,67.1,0.27998424837899544,0.1632502924431053,1,COMFORT
19.0,60.6,0.005054274750824825,0.42610449014711826,0,COLD
23.1,67.7,0.11022100304340161,0.40577495862930296,1,COMFORT
20.8,29.4,0.20819898040651447,0.3176327115688907,0,COLD
16.6,57.9,0.18830246704327125,-0.0699521373930969,0,COLD
23.3,51.3,-0.1605453623571967,0.40503237693574895,1,COMFORT
17.4,24.5,0.19668356619778263,-0.364869480459455,0,COLD
22.1,45.1,0.14831027559311274,-0.01963747209357915,1,COMFORT
29.2,54.1,-0.2654265354528708,-0.7525383075358608,2,WARM_HUMID
29.0,29.2,-0.17279963213687147,-0.8267928339933583,2,WARM_HUMID
19.0,50.9,-0.06095080960502037,0.5150099444783999,0,COLD
15.7,48.8,0.03164026552949013,0.5429983412329586,0,COLD
34.2,50.4,0.08688342226162638,0.5256458351237003,3,HOT
24.1,22.9,0.0210713052769546,0.7701611665381162,2,WARM_HUMID
34.0,39.0,0.23150461946623246,-0.4112186163896967,3,HOT
28.6,65.0,0.05530997209762795,0.17663944688487088,2,WARM_HUMID
32.5,45.0,0.16315112567364895,0.13762732450429077,3,HOT
29.2,44.0,0.26673720585070687,0.035602123872149026,2,WARM_HUMID
19.9,38.9,0.10013221205549935,-0.6044081928221858,0,COLD
16.8,65.2,-0.1826134328483664,0.12260558183978952,0,COLD
29.7,61.0,-0.12558936465745504,0.21199486512293686,2,WARM_HUMID
27.3,53.3,-0.02361389059527365,0.42695924111431655,2,WARM_HUMID
31.4,48.3,-0.014435982807021401,-0.38699165342137687,2,WARM_HUMID
26.3,64.0,0.06616567265505317,-0.4977093911496875,1,COMFORT
25.9,33.5,0.035783629731270646,0.957004901067032,2,WARM_HUMID
32.9,46.0,0.13632714917756752,0.0662754119075865,3,HOT
22.9,22.4,-0.2110079148839337,-0.12582029233193284,1,COMFORT
30.6,66.0,0.049657645715797165,0.12265248858764971,2,WARM_HUMID
25.1,60.8,-0.14739602202087607,-0.11733661393886513,1,COMFORT
23.7,32.6,0.16842721425740423,0.003300031384604134,1,COMFORT
24.4,46.6,0.15133537852476978,0.4584581465335815,1,COMFORT
33.0,50.0,-0.24027829408271645,-0.1663370566264329,3,HOT
33.3,22.4,-0.09260309704570888,-0.31722447449741314,3,HOT
31.6,67.0,0.2514655968412924,-0.14913645929680025,2,WARM_HUMID
24.3,47.0,-0.09075879205799216,-0.012153660195188595,1,COMFORT
28.3,53.0,-0.036861459612891646,0.07290257524915465,2,WARM_HUMID
26.3,34.6,0.06486187128094045,0.3087470407610558,2,WARM_HUMID
31.1,69.2,0.25905775773349055,-0.010028146394085426,2,WARM_HUMID
22.3,26.2,-0.0744776718857414,0.493089346697858,1,COMFORT
26.6,48.0,0.04917317592646279,-0.7271538131221669,1,COMFORT
26.4,80.2,-0.07837813941144553,-0.09440547207666074,1,COMFORT
22.6,62.2,0.1629824084028917,0.5444638964065684,1,COMFORT
34.9,53.6,0.057766204818956925,-0.08966893385468312,3,HOT
22.5,34.5,-0.13921978407746774,0.49343926549636213,1,COMFORT
12.8,69.7,-0.20271820606620852,-0.2673266206237356,0,COLD
32.8,56.0,-0.27901653308358804,0.21010087553127008,3,HOT
33.8,48.0,-0.28884555353708324,0.2810756693165494,3,HOT
39.1,41.0,-0.14001319000654003,-0.07541672969226175,3,HOT
19.6,25.3,-0.2275880790858158,0.08440919825782411,0,COLD
25.3,53.2,0.2055301411375519,0.12086879264027182,2,WARM_HUMID
27.1,43.0,0.13560263321419716,-0.12112255464751726,1,COMFORT
33.5,40.0,0.15917160075119371,0.18994889927480996,3,HOT
29.0,41.4,-0.1817701985129563,0.47163307160457424,2,WARM_HUMID
31.0,85.0,0.1591053005955878,-0.10071685075293624,3,HOT
31.4,60.7,0.00620786434606714,0.26503595908310246,2,WARM_HUMID
15.1,37.2,-0.2949072619451877,-0.4725282520933897,0,COLD
15.4,56.7,0.07917590248733807,0.4599556411856585,0,COLD
11.2,72.1,0.021538473821923827,-0.8508909398432536,0,COLD
31.4,69.7,-0.12120695988464134,-0.5322881299211987,2,WARM_HUMID
30.1,36.5,-0.16596818433522273,0.2942392962791952,2,WARM_HUMID
25.5,30.8,0.07858530098181024,-0.4355889056258641,2,WARM_HUMID
25.2,64.1,0.03976710080721169,0.3010434616522637,1,COMFORT
20.3,67.0,0.008746579289279133,0.35322823065303244,1,COMFORT
27.8,44.1,0.08457248390797562,-0.2510564350652904,2,WARM_HUMID
18.8,37.5,0.22390839430374446,-0.0782700157979125,0,COLD
25.5,41.0,0.1759135267901167,-0.7957474608035611,1,COMFORT
24.9,25.7,-0.08861569468204555,0.4621764776710724,2,WARM_HUMID
11.0,54.6,-0.0018195745713209409,-0.22152729791674985,0,COLD
27.6,38.0,-0.22507148237445024,-0.4751951439369177,2,WARM_HUMID
17.3,61.8,0.026849738861021055,0.005728895322386556,0,COLD
23.6,51.5,0.07755414672371365,-0.32407385770948327,1,COMFORT
16.1,25.3,-0.056480565403959675,0.2345408337635998,1,COMFORT
31.3,68.5,-0.06161633840590458,0.0128985093036278,2,WARM_HUMID
26.7,54.0,0.18955600164820027,-0.04155426262203033,1,COMFORT
33.2,62.0,-0.029277214668584066,0.9236234525291511,3,HOT
27.0,26.3,-0.10679537240415014,-0.15724430958609306,1,COMFORT
26.0,33.8,0.18950622233950767,0.16169854929254834,2,WARM_HUMID
19.9,46.1,0.09615756109711165,0.5476904359276396,0,COLD
21.8,44.6,0.27305494475824477,0.6360420194131285,1,COMFORT
22.8,52.2,-0.025512540650176913,-0.41306371001439707,1,COMFORT
32.8,36.0,-0.04556066462444683,-0.1969458991447421,3,HOT
34.5,39.0,0.093362252884419,0.12132758117787551,3,HOT
20.7,34.0,0.0995074573271078,-0.30250095471376437,1,COMFORT
20.4,35.1,-0.16874988638896649,-0.39318156477788097,0,COLD
22.0,59.2,0.047482415477789544,-0.023591759765417646,1,COMFORT
24.4,32.1,-0.02538799287414206,-0.26493293837205417,2,WARM_HUMID
20.7,31.4,-0.3256375196583781,0.30173017312628553,0,COLD
15.1,71.6,-0.128752222423919,0.3876253748095523,0,COLD
29.4,48.0,-0.06356395230340549,-0.4349284647518601,2,WARM_HUMID
12.8,48.8,-0.27060904484222253,0.084102193827767,0,COLD
27.0,28.0,0.21832970749616312,-0.17311383003816921,2,WARM_HUMID
29.6,49.0,0.08472635379001837,0.040098667888928796,2,WARM_HUMID
38.2,44.9,-0.158339439954309,-0.042166388411014936,3,HOT
23.6,52.7,0.03526403872240252,0.017793048935085688,1,COMFORT
27.6,50.0,0.29459988539826515,-0.1253736926665344,2,WARM_HUMID
22.4,63.1,-0.1462518467095444,-0.26420638256661233,1,COMFORT
18.2,38.7,-0.17442034464760303,-0.082838441919196,0,COLD
33.0,50.0,-0.24027829408271645,-0.1663370566264329,3,HOT
20.5,30.6,0.11661151736365295,0.15844086951698502,1,COMFORT
16.8,43.2,-0.0029750412473435097,-0.102027590586177,0,COLD
29.9,58.0,-0.10963950599128786,0.22966467386322564,2,WARM_HUMID
31.8,71.5,0.07069440954478907,-0.05571800077538755,2,WARM_HUMID
20.2,37.4,0.28185759357971507,-0.12815792614055488,0,COLD
27.5,51.6,-0.15649163911660754,0.20396113262663015,2,WARM_HUMID
28.5,51.1,-0.29743515679635363,0.27026980665293915,2,WARM_HUMID
32.2,70.1,-0.3956874083473292,0.010293297783557587,2,WARM_HUMID
33.2,27.0,0.25169987747907313,0.14712108100076157,2,WARM_HUMID
22.3,70.0,-0.043859249373505944,0.1974559401724917,1,COMFORT
31.5,25.7,0.2811636670399866,0.8248749022800189,2,WARM_HUMID
20.2,32.2,-0.23042339766027606,-0.2594001188017074,0,COLD
17.2,53.0,-0.1583558124365934,0.10583813055385885,0,COLD
28.5,37.0,0.031692553841920906,0.15031114212861094,2,WARM_HUMID
34.8,46.6,-0.6236600816098697,-0.474195640291206,3,HOT
23.9,35.3,0.08264883620519012,-0.3441133159386413,1,COMFORT
23.7,50.7,0.024244215916880103,-0.6024788930702079,1,COMFORT
27.2,37.0,-0.15238182404849673,-0.4208938213161808,2,WARM_HUMID
23.0,36.7,-0.2713901571882387,-0.4344873213541857,1,COMFORT
29.7,60.0,0.011393290187413111,-0.5271689844415014,2,WARM_HUMID
26.9,40.5,0.10355409368668671,-0.13653817607283583,2,WARM_HUMID
19.7,29.6,0.1508597479591107,0.10068020691284447,0,COLD
22.7,44.5,-0.06707345762380389,-0.34838325550077576,1,COMFORT
24.1,45.8,0.12394438293504245,0.1656498111355493,1,COMFORT
24.6,46.2,-0.08041235247142776,-0.42940275427666796,1,COMFORT
15.4,57.0,-0.02596595209432394,-0.08812818177108789,0,COLD
19.5,36.9,0.049647600939976215,0.19681198332756095,0,COLD
18.3,52.7,0.16208392551508735,-0.2164352565128822,1,COMFORT
25.8,57.7,0.14804420378304248,0.07036329153585012,1,COMFORT
31.0,37.8,0.1035899186500086,0.2895089940497157,2,WARM_HUMID
32.4,64.0,0.020258355717553623,-0.20672441774186612,2,WARM_HUMID
21.5,25.1,-0.08536570975872522,0.40844852733114395,1,COMFORT
17.6,59.8,-0.07393273685755775,0.41341979865221834,0,COLD
11.6,50.8,-0.2366653112164795,0.2719016218275191,0,COLD
31.8,65.2,0.01008085010899884,0.5916481292002181,3,HOT
19.2,45.0,0.1727376536310045,0.25262272611276687,0,COLD
23.0,48.5,0.2222766043448841,0.6422239237596243,1,COMFORT
30.9,72.0,0.12441083717752337,-0.19825205146825797,2,WARM_HUMID
32.7,43.0,-0.17485261366346044,0.013950367100750925,3,HOT
23.2,69.0,-0.12906200479259286,-0.469517018701221,1,COMFORT
27.8,89.3,-0.0001606700306121278,-0.03163734807063156,0,COLD
33.4,50.7,-0.09386057452352893,0.039831328016788986,3,HOT
17.3,33.4,0.19106650389123697,-0.10905574319066598,0,COLD
27.2,21.0,-0.08018227726438844,-0.5064575031569538,2,WARM_HUMID
27.1,46.3,-0.17012567179166857,0.8955258093088725,1,COMFORT
29.9,72.4,0.25946810811843646,0.44526424690156674,2,WARM_HUMID
29.7,40.5,0.1663546689427293,-0.4198619256276751,2,WARM_HUMID
26.1,84.6,-0.15266016426653545,-0.4817308572976403,1,COMFORT
24.8,65.1,-0.013349404542711373,-0.12561126067335684,1,COMFORT
12.8,64.8,-0.03208645646627687,0.5084264823807871,0,COLD
24.7,52.6,0.06780276372343312,0.5474532345301709,1,COMFORT
27.5,39.5,0.06900144996915714,0.018725948282367687,2,WARM_HUMID
19.6,62.6,-0.0990221801004714,-0.48786500175292935,1,COMFORT
18.0,58.1,-0.047683183739635496,0.02519734180357602,0,COLD
33.8,51.4,-0.16666147973744935,0.4290078248440266,3,HOT
18.5,27.8,-0.167465929725038,0.8846598716818929,0,COLD
19.7,26.9,0.05004563856070963,-0.6416798257845528,0,COLD
20.8,29.6,0.00026211904112759943,-0.4903489293055381,0,COLD
33.4,64.6,-0.2153932467042024,-0.24540293096842355,2,WARM_HUMID
31.9,66.5,-0.03538071968005158,-0.3697799968596198,3,HOT
31.5,70.1,-0.17246898418830922,-0.4531487416117477,2,WARM_HUMID
13.0,15.0,-0.15070047356020497,0.05063131624966415,0,COLD
21.1,29.3,-0.07362096997446302,0.1441146896798669,0,COLD
33.1,53.4,-0.022266957466541986,-0.3412659889701317,3,HOT
35.4,46.9,-0.1082998308777203,0.12825019603248744,3,HOT
20.2,31.4,-0.2620048451189679,0.9617392509858935,0,COLD
15.7,67.7,0.15927869137574618,0.030884169422816056,0,COLD
23.8,57.0,0.08504545547586898,-0.5808304293640948,1,COMFORT
19.4,39.9,0.16982375910710207,-0.04635161026002492,0,COLD
11.2,72.1,0.021538473821923827,-0.8508909398432536,0,COLD
34.5,43.0,-0.06660893410341846,0.02504569841627102,3,HOT
32.3,41.1,0.08814824053181426,0.7799719681881293,2,WARM_HUMID
32.1,65.8,-0.01833032265611151,0.27189990171855577,3,HOT
31.2,69.0,-0.016572508027549292,0.2379846798928282,2,WARM_HUMID
18.6,49.8,-0.03299987610401928,-1.1896353787458238,0,COLD
20.1,30.0,0.054286175454148225,0.5240171209831596,0,COLD
19.2,43.1,0.15453745409543504,0.47787607456966175,0,COLD
16.6,57.9,-0.10285123763851953,0.4209919888216147,0,COLD
18.9,61.0,0.1985643094252935,-0.3598743132271803,0,COLD
31.3,33.0,-0.04717630833219915,-0.7173582424946329,2,WARM_HUMID
26.8,39.8,-0.16790863196188646,-0.07921958232851335,2,WARM_HUMID
26.7,29.8,-0.04222701857808041,0.7046643471771994,2,WARM_HUMID
23.2,62.2,5.735844401379944e-05,0.506392530513644,1,COMFORT
19.9,36.2,0.16462393808216988,-0.9016170497185785,0,COLD
23.7,45.7,-0.21255866155837685,-0.4422068666072189,1,COMFORT
27.7,33.3,-0.16463278065640438,0.34195092620080797,2,WARM_HUMID
29.7,35.0,0.010245807045141078,-0.7308198632363686,2,WARM_HUMID
20.0,30.5,0.02683975934072412,-0.37795247769468454,0,COLD
16.2,61.8,-0.09649814301097442,-0.3060317496551071,0,COLD
24.8,26.9,-0.017769809559464216,-0.3648650873933627,2,WARM_HUMID
30.2,43.0,-0.1031214939605288,-0.04910036829651129,2,WARM_HUMID
29.2,67.2,0.0008186766421970928,0.03089050361395942,1,COMFORT
19.4,41.0,0.051130618701942125,-0.12320896889236879,0,COLD
17.2,62.3,-0.23957503916041267,0.023844918869924923,0,COLD
28.3,51.0,0.07509985820718144,-0.4281332573019591,2,WARM_HUMID
25.2,83.0,0.15406054509662084,-0.2520744274204371,3,HOT
16.6,58.0,-0.10840150132978799,-0.3357469722682051,0,COLD
18.9,59.2,-0.1153743477963226,-0.5956315645772328,0,COLD
23.6,36.3,0.13006776167653675,-0.03444416138841613,1,COMFORT
33.2,67.5,0.04451587606263525,-0.4990554925985917,3,HOT
21.7,59.1,0.04792742351750973,0.5298897675994261,1,COMFORT
24.8,27.1,-0.0349714192121144,0.5439873092533777,2,WARM_HUMID
18.3,38.3,0.2505032982480337,-0.2714792457735785,0,COLD
26.7,31.5,-0.15305140496628497,0.5434245201665344,2,WARM_HUMID
25.8,40.0,-0.12379379412462965,0.026556776406023726,2,WARM_HUMID
28.9,20.9,0.13477675568273467,0.47522137696053135,1,COMFORT
15.6,52.8,0.047604394988304204,-0.16186708952980988,0,COLD
19.7,37.2,0.011606142414125034,0.3815312015539649,0,COLD
19.0,37.6,-0.3643668505749969,0.5902280287365967,0,COLD
18.7,34.9,0.1829299403922388,0.2263257288443279,0,COLD
34.9,36.3,-0.07870485230671184,-0.30050316216982603,3,HOT
30.2,74.3,-0.06374223269288923,-0.3314826892890532,2,WARM_HUMID
23.5,25.1,0.08725051744185096,0.4635136145349769,1,COMFORT
27.8,52.0,-0.14500528360539897,-0.42155057881934416,2,WARM_HUMID
29.2,67.2,-0.22913714120336384,0.17932691646785748,1,COMFORT
35.0,74.0,-0.1818573325794956,-0.10550423587531682,3,HOT
21.0,29.1,0.0462648571394402,-0.504204120347605,0,COLD
29.6,35.0,0.24358274892167284,0.4635913314013981,2,WARM_HUMID
28.5,72.1,-0.0975512071746078,-0.18202858321225981,2,WARM_HUMID
20.7,71.6,0.28652705141615675,-0.6852124104072904,1,COMFORT
31.9,46.0,0.12830011723225457,-0.04945829187684031,3,HOT
22.9,48.3,0.1060276478516539,-0.07535614911293868,1,COMFORT
18.6,46.3,0.049794589284983044,-0.3477193654725337,0,COLD
15.7,40.6,-0.08562263247759429,-0.14421014990211853,0,COLD
27.1,39.1,0.20041676084273838,-0.2617156114214054,2,WARM_HUMID
24.4,26.5,-0.0012984070595309127,-0.13309417425932527,2,WARM_HUMID
25.6,74.8,0.03409888602347855,-0.890492842271231,1,COMFORT
22.4,41.3,0.16091687004433664,-0.3623173315223333,1,COMFORT
20.4,36.8,-0.07902910659775537,-0.011357385960134617,0,COLD
26.5,41.0,-0.11805544183999483,0.34001234706199973,2,WARM_HUMID
24.4,63.8,0.23300654850179067,-0.5205116372092247,1,COMFORT
26.3,26.3,0.04227383677396314,-0.24104805119859393,2,WARM_HUMID
26.3,25.9,-0.23458938973509808,-0.3941889675207011,2,WARM_HUMID
39.0,70.0,0.1643342494601061,-0.11749862154711808,3,HOT
19.3,58.3,-0.0934989512784059,-0.7568275132063254,0,COLD
17.2,26.5,-0.022073295782529073,0.952229270081287,0,COLD
24.8,23.9,-0.11360390490157408,0.10692942423032277,2,WARM_HUMID
25.4,30.0,0.0784828516765405,0.8285294347945218,2,WARM_HUMID
12.2,67.7,-0.29063534644649336,0.582793067844321,0,COLD
24.5,38.3,-0.0831761323827769,-0.08137206613623747,1,COMFORT
19.3,57.9,0.10325545565146817,0.08237891779078044,0,COLD
22.0,37.7,-0.0661157203498844,0.10810649771899988,1,COMFORT
23.5,26.8,0.034212979250843725,-0.1006011793369408,1,COMFORT
27.1,31.0,0.10964957590944914,1.063023974177498,2,WARM_HUMID
30.3,27.6,-0.292740436932433,0.058017867639585996,2,WARM_HUMID
23.0,41.4,0.016903148031925722,0.11483793978798751,1,COMFORT
25.3,56.1,-0.02817663342634885,0.37998445487551513,1,COMFORT
22.9,25.0,0.014464556929275662,-0.2809007783302015,1,COMFORT
24.4,21.0,0.07553592466149787,0.1333051731873127,2,WARM_HUMID
21.6,56.4,-0.12967993234656666,0.4340174650483144,1,COMFORT
10.1,51.5,-0.07517657054295526,0.5227147222826808,0,COLD
19.9,51.4,-0.041176030062013154,0.15929386214513155,0,COLD
23.2,29.6,0.274463902727442,0.2091449733297981,1,COMFORT
31.4,65.0,0.10993171870736834,0.4997919950432831,2,WARM_HUMID
40.0,75.0,0.15862271663987376,-0.10293970419782794,3,HOT
31.9,66.8,-0.3117779623335784,-0.39345876894540976,3,HOT
26.8,67.2,-0.18369688114784447,0.44670972867456,1,COMFORT
27.1,35.0,0.08946617063726289,0.6305576565750748,2,WARM_HUMID
23.6,40.3,0.3044649663836388,-0.7536576196145752,1,COMFORT
23.3,32.9,-0.08570432638676688,0.025486407158216443,1,COMFORT
18.3,42.4,-0.12136164345200988,-0.759925356447895,0,COLD
22.5,48.8,0.0052243898811736925,-0.4541874241807616,1,COMFORT
26.6,41.0,0.12106838949559655,-0.004807941823429763,2,WARM_HUMID
19.2,34.9,-0.17135730375591607,0.1777537208353866,0,COLD
23.4,46.4,-0.15102526750668216,-0.3404718528413536,1,COMFORT
25.0,30.5,-0.03297730521391094,0.824038814691834,1,COMFORT
28.4,58.3,-0.15990389567834384,0.18693612292154987,2,WARM_HUMID
19.6,31.3,-0.10262652956989714,-0.7064788508018269,0,COLD
28.5,51.4,-0.034255160958896656,-0.06369208173743368,2,WARM_HUMID
27.9,63.4,0.06568749070680059,-0.4123990993365725,2,WARM_HUMID
28.0,61.0,0.07126059742597492,0.134415221326666,2,WARM_HUMID
30.2,73.6,0.08176394803025254,0.26214169368672047,2,WARM_HUMID
29.5,53.4,0.06553586556199179,0.1861236269717052,2,WARM_HUMID
20.2,35.6,-0.09039660834724635,0.02189227979998755,0,COLD
26.2,33.7,-0.04431673289731001,0.14465821321308295,2,WARM_HUMID
25.0,53.0,0.0588951173476452,-0.1518486406148658,1,COMFORT
30.0,66.9,0.3721022540158313,0.7648956066612967,2,WARM_HUMID
23.2,29.6,0.040550870687862235,0.40536242032916425,1,COMFORT
22.5,48.4,0.09100591500830234,0.02502125224181805,1,COMFORT
22.2,65.2,-0.06612672179434105,0.004220075116415082,1,COMFORT
23.6,60.4,-0.048659663839593865,0.6058332641798431,1,COMFORT
23.8,42.9,0.04711942446759989,-0.40205880311440834,1,COMFORT
33.3,55.6,0.08976992713556291,-0.4457363621639099,3,HOT
34.4,40.7,-0.1912919307869036,-0.05922606761358992,3,HOT
22.3,24.6,0.016210665355675166,0.6285047128969365,1,COMFORT
22.3,39.6,0.05559209579217836,0.5729650641746024,1,COMFORT
12.2,59.2,0.10810750321049883,0.3023263360629836,0,COLD
15.7,68.9,0.15670490064846695,0.45133672102059696,0,COLD
22.1,57.3,-0.05585807781339678,-0.5904206519910384,1,COMFORT
11.0,51.8,0.26345635938195994,0.2687304125862973,0,COLD
22.2,61.5,0.02403889299624983,0.22483059333901176,1,COMFORT
28.7,51.3,-0.09869371914982669,0.37792265568462297,2,WARM_HUMID
23.1,45.6,0.08280739222601648,-0.0453561202535641,1,COMFORT
34.0,46.0,-0.00023932089776978726,-0.4414803727959067,3,HOT
36.4,45.0,-0.06814980921609089,-0.3483542463224447,3,HOT
31.2,39.3,0.1165405054397275,-0.667871725172135,2,WARM_HUMID
25.6,27.0,-0.1168255564230652,-0.22653965406651141,2,WARM_HUMID
37.0,75.0,-0.05428210697668631,-0.6638986476797499,3,HOT
22.9,44.3,0.13397825208108774,-0.6620899902048458,1,COMFORT
28.9,38.7,0.09649213070673818,-0.6792283640968928,2,WARM_HUMID
21.9,25.0,-0.028863024341971473,-0.6755489541509528,1,COMFORT
22.6,35.7,0.2356882103778014,0.0685811338564536,1,COMFORT
28.7,29.5,0.13413491617514023,-0.12572666245690298,2,WARM_HUMID
19.3,35.2,0.22065432302023533,0.28546247744233416,0,COLD
17.9,38.4,0.16005762858723266,-0.06001535357498786,0,COLD
26.5,65.9,-0.25849990926823624,0.23833809163311148,1,COMFORT
17.7,60.0,-0.233753466708078,0.20131524713038607,0,COLD
28.8,23.2,0.0014720610594606482,0.22519723490113275,1,COMFORT
21.0,29.8,-0.10513622750741704,0.3588472813356849,0,COLD
20.2,35.0,0.34763212125240794,-0.9630785809995626,0,COLD
19.1,56.0,0.08451802824018588,0.16563536233936424,1,COMFORT
22.6,69.3,-0.11075280069868326,-0.1873339313257196,1,COMFORT
19.9,52.8,-0.10265976515607485,0.06923949331609912,0,COLD
24.4,67.7,0.11217988030889735,-0.015619837671643145,2,WARM_HUMID
28.1,73.3,-0.0690335605376029,-0.09672048852433898,2,WARM_HUMID
32.9,20.0,0.07442987810449744,-0.019667331132790157,3,HOT
18.8,38.4,0.20807933115150273,-0.6774530810476225,0,COLD
12.2,69.7,-0.09553141423972865,0.13100958282757003,0,COLD
22.3,15.0,0.12754728038242796,-0.9067607722296475,1,COMFORT
30.5,75.0,0.1352065074643379,0.8986955165966859,2,WARM_HUMID
21.0,38.0,0.27731200491140623,0.2883574612867201,1,COMFORT
18.3,37.8,0.11089832974876199,-0.0758465851906552,0,COLD
30.3,77.0,-0.10963913044558528,0.30183147059263743,2,WARM_HUMID
26.8,37.4,-0.08035135749896259,0.3246839217295223,2,WARM_HUMID
19.1,57.3,0.3980714943251855,-0.34091078448154405,0,COLD
19.6,45.4,-0.04471734864426909,0.2213700844573038,0,COLD
22.4,52.4,-0.0431902486848146,-0.705822354628242,1,COMFORT
22.6,35.5,0.08870119817590583,0.4448506660405512,1,COMFORT
20.1,52.4,-0.22253426325539424,0.5168449672473897,0,COLD
17.6,59.8,0.0643559351351323,-0.1985445272509016,0,COLD
27.0,73.3,-0.07202543763108513,-1.1004358619718648,1,COMFORT
20.9,29.6,-0.08560480057966263,0.22767521162679324,0,COLD
33.3,34.5,-0.10651014678066639,0.2707752531893776,3,HOT
16.5,23.1,0.12415961249761241,-0.5274149057310845,0,COLD
21.0,44.8,-0.08340206110834006,0.26962197521842307,1,COMFORT
21.9,53.2,-0.04550132609164764,0.642902229423974,1,COMFORT
23.1,50.0,-0.021750376148663264,-0.10488737833442935,1,COMFORT
36.2,46.5,0.1782952323688802,0.17807216756319216,3,HOT
24.3,63.8,-0.2648565905231313,-0.656198077256475,1,COMFORT
13.5,51.5,0.02328690780874189,0.2574349011488455,0,COLD
16.2,60.1,0.03454411824447028,-0.0739931407600964,0,COLD
20.2,46.2,0.1164353982724253,0.008919022113583776,0,COLD
25.7,41.1,0.19477724257835763,0.03858580823111936,1,COMFORT
20.6,36.5,-0.027220170920524613,0.5824938970124777,0,COLD
30.3,46.0,0.15727239765758885,-0.5186243183734788,2,WARM_HUMID
22.1,34.5,0.22049216342862604,-0.9396827291883707,1,COMFORT
25.0,36.0,0.13534824810288415,0.7648814546297307,2,WARM_HUMID
23.7,55.6,0.07501692444313,0.2890279879180639,1,COMFORT
23.2,23.1,0.026243639137130327,-0.599238024239887,1,COMFORT
22.7,57.1,-0.18074045550235882,0.4304207875736736,1,COMFORT
19.2,33.8,-0.1493364649796083,-0.3466289723794563,0,COLD
36.0,69.0,0.1735799565230387,-0.07938137656478274,3,HOT
22.4,74.0,-0.038116306739753796,0.10641193404581673,1,COMFORT
21.1,55.5,-0.1309037903871014,-0.07745187150943533,1,COMFORT
23.0,81.7,-0.16109967678692957,-0.2244640550534187,3,HOT
29.6,21.0,0.08265255903394492,-0.3815029046004239,2,WARM_HUMID
28.2,26.9,0.10055499120492976,0.7968135063541435,2,WARM_HUMID
23.2,37.0,-0.016528079038821916,-0.0024207118906607963,1,COMFORT
20.6,36.2,-0.14013919358284974,-0.0963099658236832,0,COLD
33.8,41.5,0.12263278909267564,0.1281235628016753,3,HOT
27.7,53.9,-0.21907513491277317,-0.003933053633883824,2,WARM_HUMID
22.6,64.0,-0.27690373287624237,-0.02804868759858651,1,COMFORT
30.4,56.7,-0.01042005099564962,-0.19614256350499637,2,WARM_HUMID
29.8,75.4,-0.07553485439179701,-0.4381959465236717,2,WARM_HUMID
26.0,66.0,-0.30099428971705344,0.27107669770833914,1,COMFORT
29.8,41.6,0.05808785892220077,-0.34725359311985066,2,WARM_HUMID
22.6,69.7,-0.07653710186306888,-0.24120920013265978,1,COMFORT
19.1,33.4,-0.24642158711799286,-0.357935759377654,0,COLD
37.9,46.8,0.0006001890354893097,0.49339439471685553,3,HOT
23.2,45.8,0.15977474194673846,0.7415854745159745,1,COMFORT
23.2,19.1,-0.004138943519115552,-0.15736411913618611,1,COMFORT
22.8,55.0,-0.3501503729039715,-0.5191647219489831,1,COMFORT
20.7,36.3,0.175599244397649,-0.2810250997758969,0,COLD
31.1,71.3,-0.024227044932917507,-0.32771556760084364,2,WARM_HUMID
21.8,35.8,-0.017688656932329662,0.30645605916106494,1,COMFORT
25.2,57.9,0.1649656571672217,0.15618526463433513,1,COMFORT
33.5,54.2,0.25430559703367633,-0.2525414958520149,3,HOT
15.5,63.0,-0.11432376945393298,-0.09879346166669592,0,COLD
30.0,85.0,0.011372597928432853,0.46160793972267977,3,HOT
30.8,63.5,0.19277237848894704,-0.05132633464325799,2,WARM_HUMID
24.0,60.1,0.12362285451834579,-0.2716369907887114,1,COMFORT
27.4,54.0,-0.05389624188176434,0.23519268986114691,2,WARM_HUMID
21.8,56.9,-0.017344564266744994,0.16041997570798167,1,COMFORT
35.3,39.3,-0.05289295656829376,-0.24658749829532597,3,HOT
31.2,72.0,-0.17582595705396573,-0.20947507792567782,2,WARM_HUMID
25.2,41.9,0.012293362247997715,-0.10646637128896673,1,COMFORT
12.0,40.0,-0.03338476061571199,-0.722934776535489,0,COLD
26.9,22.2,-0.047739024646479854,-0.0362925578992142,2,WARM_HUMID
31.7,67.1,0.12097133325033979,-0.2991281207119849,2,WARM_HUMID
28.1,28.5,0.15406438045260637,0.8955447183815812,2,WARM_HUMID
33.0,60.0,-0.17816576379737947,0.3897106844314358,3,HOT
31.0,78.0,-0.1363592823041972,-0.8385805260101491,3,HOT
25.6,32.6,-0.12522448658200097,0.3938201987895261,2,WARM_HUMID
37.1,43.3,0.0031038874281389536,-0.5752039877308092,3,HOT
33.9,28.0,0.12480547539208231,-0.07357793793372397,2,WARM_HUMID
28.1,86.6,0.12954082603294317,-0.203572987581521,0,COLD
31.8,61.8,-0.2317364054389673,-0.3135774041880069,3,HOT
30.0,19.8,0.048698735325377746,-0.5126414943974372,2,WARM_HUMID
18.2,51.3,0.003411892075150844,-0.0870668993036158,0,COLD
35.9,38.8,0.05917869453108322,0.2633247113446801,3,HOT
21.8,22.5,0.10798208754855018,0.45105191430516584,1,COMFORT
28.5,51.1,-0.0056824542200518266,0.056891044585966326,2,WARM_HUMID
24.6,22.4,-0.08446216155785605,-0.5477095680384599,2,WARM_HUMID
25.2,35.3,-0.08288752621838287,-0.11055286287336617,2,WARM_HUMID
19.8,49.8,0.1293428575202389,0.19381705104116323,1,COMFORT
17.5,58.0,0.05817863151233936,-0.007107311612114813,1,COMFORT
24.6,33.2,-0.2731426547313434,-0.04998247006228604,2,WARM_HUMID
25.2,35.7,0.03634713861770718,0.000349742504718798,2,WARM_HUMID
23.2,21.1,-0.0010618695002480986,0.5083675325025797,1,COMFORT
24.3,34.4,-0.13184706162312906,0.30404504720392345,2,WARM_HUMID
23.2,69.1,0.20923787030565372,-0.028351010844899355,1,COMFORT
16.0,68.0,-0.2947151968113655,0.2949450748985597,0,COLD
26.2,70.7,-0.008014213769214526,-0.3034480363356354,1,COMFORT
16.3,55.4,0.20292008023450878,-0.04423988281429378,0,COLD
10.4,53.2,0.1373640831543151,0.7083556342477023,0,COLD
20.6,32.6,0.11100363791701466,-0.43805586664392104,0,COLD
23.3,39.3,0.0318465276125141,-0.20850572470910894,1,COMFORT
26.3,59.0,-0.02647892620888431,-0.06764373160767574,1,COMFORT
14.1,75.0,0.060877133925522575,0.9038021571150792,0,COLD
32.5,69.5,-0.19107529203758794,-0.2679745342456063,3,HOT
20.8,30.5,-0.13448783109707874,-0.2710912919965264,0,COLD
19.5,39.8,0.050711727789656005,-0.47513422925643484,0,COLD
19.2,33.9,-0.02995630609232697,0.1793890815870075,0,COLD
27.8,57.5,0.29102349477525935,0.07638348232707598,2,WARM_HUMID
36.5,41.1,0.24348354820708137,0.39990454079540877,3,HOT
17.2,73.9,0.06461099009727761,-0.29897074929417083,0,COLD
23.4,28.6,0.04384697704524335,-0.5550455702222225,1,COMFORT
31.6,32.0,-0.011146027730547741,0.13682512062691912,2,WARM_HUMID
26.3,57.0,-0.09143616596596925,-0.363052552921566,1,COMFORT
21.3,29.6,-0.06555997300404225,0.3442100256948042,1,COMFORT
19.7,46.4,0.26269584823321396,-0.7987360124118869,0,COLD
21.9,35.5,0.027809563256476936,-0.6719544329520861,1,COMFORT
16.3,58.6,0.21190384950113436,0.10779945349643301,0,COLD
18.7,28.3,0.0003288858340464975,-0.20693928733763173,0,COLD
14.0,57.9,0.06468124097486376,-1.1228006561036727,0,COLD
27.9,91.7,0.0013935102460041864,-0.19348297211153154,0,COLD
24.1,48.8,0.0011461628904698557,-0.1465517495998638,1,COMFORT
22.6,44.1,-0.0692963396956926,0.32412198115724605,1,COMFORT
24.5,34.1,0.3002380898723545,0.10345246533312143,2,WARM_HUMID
28.9,77.1,0.24556826850025584,0.4292696474870553,1,COMFORT
16.8,58.0,-0.04439513595723902,0.09648355558270477,0,COLD
19.1,46.1,0.2082996780153723,0.1850971027099498,0,COLD
24.2,21.5,0.006334715588584212,-0.5993209359367323,2,WARM_HUMID
16.4,36.5,0.06035867535423081,-0.12812022449892016,0,COLD
29.9,69.1,-0.035918264064837564,0.28428787375449044,1,COMFORT
32.0,66.3,0.017627642873714492,0.012541840760392067,3,HOT
28.1,60.0,0.016214494700591168,0.17567473028883268,2,WARM_HUMID
24.3,67.8,-0.01748814246499989,-0.12833231851631335,2,WARM_HUMID
27.0,80.4,0.13603058019154274,-0.259291000791874,2,WARM_HUMID
35.0,50.3,0.0009429284837229491,0.7166551009439226,3,HOT
23.0,32.5,-0.05839795844779715,0.34255678884315305,1,COMFORT
23.2,18.2,0.11707808135045365,0.10633626775043235,1,COMFORT
20.2,31.0,-0.09331912205345834,-0.46626478231628604,0,COLD
30.2,72.6,-0.043027871347833604,-0.3230099049343941,2,WARM_HUMID
19.6,32.0,0.1520761741602212,-0.41071070545665833,0,COLD
17.4,39.9,0.027251974068173715,0.47882720713515914,0,COLD
23.2,59.7,0.116819184573424,0.37830730276326685,1,COMFORT
31.0,36.0,-0.12288814942214348,0.642632867047785,2,WARM_HUMID
12.8,59.2,-0.021863367834588223,-0.27139638588664083,0,COLD
20.2,42.0,-0.1868853525163833,0.7254102273265641,1,COMFORT
12.2,56.9,0.16833704916534123,-0.4189082136558048,0,COLD
29.1,49.0,-0.15440572622731072,0.08110455565681379,2,WARM_HUMID
28.1,76.0,-0.03333351814353962,0.3262040617211308,2,WARM_HUMID
35.5,47.0,-0.0242051623802168,-0.4822803006776519,3,HOT
25.4,38.2,-0.2635303049102253,-0.23192082142163084,1,COMFORT
28.9,63.0,-0.21385425104625602,0.17860501982948773,2,WARM_HUMID
20.1,31.0,0.01304299351678035,-0.0456290900707017,0,COLD
29.6,63.5,-0.2641320027713223,0.04139593425804097,1,COMFORT
20.7,58.4,-0.04705154453870886,-0.2287671239506803,1,COMFORT
33.5,56.4,-0.10851558347446318,0.6884719186045889,3,HOT
31.0,41.2,-0.11537631515913124,0.3059247087573086,2,WARM_HUMID
24.3,59.6,-0.28435637858170293,0.12158947716704692,1,COMFORT
20.6,27.8,-0.07079022661229968,0.12925081781953682,1,COMFORT
18.0,27.9,-0.10411112327242737,0.3353863079837611,0,COLD
21.3,44.0,0.008368444292483042,0.6080084132829476,1,COMFORT
27.2,60.8,0.0080993822579854,0.029785684599556352,2,WARM_HUMID
13.0,65.0,-0.1793362992335168,-0.12987889985367074,0,COLD
30.4,42.7,-0.08767488234329254,0.41211716643505936,2,WARM_HUMID
30.0,57.0,-0.03056813541251267,-1.385923658959343,2,WARM_HUMID
27.5,32.8,0.15841518775049834,0.1491327166275853,2,WARM_HUMID
31.1,44.0,0.03723382611155127,0.9593887999548798,2,WARM_HUMID
32.2,65.7,-0.0045551682187192685,-0.27735169463504894,3,HOT
17.2,73.9,-0.011909457207824062,-0.5644569228942559,0,COLD
36.0,81.0,0.1633291930364144,0.13799767670720584,3,HOT
32.4,69.3,0.20462068086007565,-0.05163671718142035,3,HOT
35.0,63.0,0.1823304393997555,0.3191508888289054,3,HOT
21.5,32.7,0.023352788543644278,0.12047729768198079,1,COMFORT
23.6,53.1,-0.145219289677849,-1.1834297870549488,1,COMFORT
38.0,70.0,0.07203194544419633,-0.5064571531942607,3,HOT
23.7,51.5,0.053448908142719034,-0.3555113607658351,1,COMFORT
24.5,25.0,-0.08613231778594546,-0.22645991485186814,2,WARM_HUMID
18.6,26.7,-0.11161631485290767,0.11654556820533508,0,COLD
21.2,34.6,-0.0742984472975806,-0.4629070406866088,1,COMFORT
30.5,29.9,-0.08731451026698693,-0.4474186609055668,2,WARM_HUMID
20.3,36.0,0.005834177435436576,-0.10654722691995265,0,COLD
21.0,56.1,-0.34550560985286227,0.23370010486422013,1,COMFORT
30.0,76.2,-0.18036387116596853,-0.17067029511643414,2,WARM_HUMID
25.2,64.8,0.0199566680501229,0.07743756469671614,1,COMFORT
16.0,70.0,-0.08080390222021903,0.22175593443917868,0,COLD
21.0,43.6,0.1362033993804287,-0.11638301671290965,1,COMFORT
30.7,62.4,-0.23222049972334108,-0.21548112716099302,2,WARM_HUMID
27.1,35.7,-0.18733670786643872,-0.006049237785040794,2,WARM_HUMID
27.4,40.7,-0.30356239673612023,-0.6143755270963943,2,WARM_HUMID
17.3,30.0,-0.12638159090830267,0.38723427470023214,2,WARM_HUMID
27.0,36.0,-0.08686861644536197,-0.2623065412874771,2,WARM_HUMID
25.2,43.4,-0.1664922503682408,-0.8956969345943895,1,COMFORT
23.0,24.5,-0.04015571159935658,-0.47526346870783176,1,COMFORT
23.0,30.2,0.11898735415908757,-0.02241737026188246,1,COMFORT
23.4,35.9,0.11163297683987375,0.08598647210366056,1,COMFORT
27.8,35.0,-0.10383754938988445,-0.06013592114981184,2,WARM_HUMID
11.0,82.0,-0.11601223899225238,0.26403271728404104,0,COLD
29.8,74.8,0.01973274602662435,0.16006708106811046,2,WARM_HUMID
19.8,36.1,0.005047493780329703,0.26242732656348394,0,COLD
25.8,48.8,0.2937184964969035,0.6667981635499372,1,COMFORT
26.5,39.2,-0.07074230453262632,-0.21044882196680859,2,WARM_HUMID
20.5,49.1,-0.033569130350330025,-0.08427317283321764,1,COMFORT
22.2,66.9,-0.22872509325878268,0.23319547353655237,1,COMFORT
25.1,36.3,-0.06785521269576984,0.49145370826350776,2,WARM_HUMID
24.9,43.6,0.07215835862126907,-0.572344826219557,1,COMFORT
32.0,61.9,-0.01463908352316214,0.233008544599428,3,HOT
25.0,63.6,0.06190338584448858,0.09345518399649846,1,COMFORT
30.3,62.6,-0.10217704638398735,-0.022642326326216714,2,WARM_HUMID
26.7,48.8,0.1662423786678028,0.3410899504483524,1,COMFORT
21.6,71.8,-0.009548227583711216,-0.43363138996121625,1,COMFORT
28.5,35.3,-0.06415105872516358,0.20280558835587226,2,WARM_HUMID
20.5,20.3,-0.022625069439012678,0.2920454506257321,0,COLD
20.9,30.5,-0.3126497432014201,0.35194012660594376,0,COLD
19.9,38.8,-0.10389603376513241,-0.6428837214292704,0,COLD
26.9,56.0,-0.08478228442059765,0.9195381357506472,1,COMFORT
22.8,56.9,-0.0543288533378193,-0.17427892751902305,1,COMFORT
23.8,18.5,0.04573463949061491,-0.3294811876017129,1,COMFORT
23.3,45.7,0.2009721578648417,-0.49652708427427117,1,COMFORT
18.9,59.2,-0.0794989397555213,0.19872453739037357,0,COLD
23.5,55.6,-0.07992544031698859,0.405171771451197,1,COMFORT
24.7,33.6,0.07094674883002842,0.24725066628108158,2,WARM_HUMID
34.1,40.2,0.035451732343655125,-0.14306697180257538,3,HOT
36.5,52.3,-0.11064275438601583,0.5072197296265376,2,WARM_HUMID
24.5,44.9,0.24405430705156803,0.1262615677531886,1,COMFORT
19.5,45.3,0.17686026383216688,-0.03878495624578052,0,COLD
29.3,58.8,0.13529197835270593,-0.0822865146362669,2,WARM_HUMID
22.5,24.5,0.3369506321423182,0.5290433062862792,1,COMFORT
17.9,37.2,0.14076171358099376,0.3271858903322455,0,COLD
36.1,44.1,0.03379300794376459,0.23310307473667097,3,HOT
23.0,21.6,0.11901649432414652,0.7383000629735165,1,COMFORT
33.5,62.0,0.15706986267699183,0.08901606191058062,3,HOT
26.4,40.9,0.03598091284270876,0.8381049176804205,2,WARM_HUMID
20.1,30.5,0.028395159127139576,-0.17056398251200963,0,COLD
18.5,43.4,-0.010084546079419688,0.5323550393703769,0,COLD
22.7,28.6,0.06061492730014244,-0.1481691907449739,1,COMFORT
19.5,31.9,-0.15607276473687487,0.13541367478519492,0,COLD
18.0,40.1,0.09858428691934139,-0.12465253877225967,0,COLD
25.6,35.7,0.30535296427822073,0.06540087519430592,1,COMFORT
20.6,31.3,0.15032889807048816,-0.22551214574384232,0,COLD
22.2,31.9,-0.16870965870413307,0.19533961815494028,1,COMFORT
24.3,25.2,0.0005373902749174924,-0.12121357453777558,2,WARM_HUMID
27.8,28.0,-0.07903103267963667,-0.24411113384311323,2,WARM_HUMID
32.0,64.5,0.07604645187422125,-0.3751246580225388,2,WARM_HUMID
26.1,29.6,0.07625799863906653,-0.019966903216183222,2,WARM_HUMID
20.8,29.5,-0.09174861127114925,0.8819643753026292,0,COLD
23.6,19.0,0.11440076184972259,-0.02123689271261414,1,COMFORT
24.8,41.0,0.12162077921986328,-0.34976811423604237,1,COMFORT
30.4,69.5,0.04640856636897303,0.30226052805358106,2,WARM_HUMID
16.8,55.6,-0.3361972279766022,-0.3967522409870185,0,COLD
34.0,86.0,-0.041478385974118744,0.19608171457016188,3,HOT
34.4,39.0,0.055695403953884066,0.25946054214322656,3,HOT
19.3,35.2,-0.06427066052828673,0.2527054957193066,0,COLD
30.0,85.0,-0.004756872866369212,-0.40292589912861443,3,HOT
17.8,42.5,0.07219728450993994,-0.4593043956240472,0,COLD
19.6,45.4,-0.27849544674801646,0.40740336740721617,0,COLD
27.7,38.1,-0.0025201973966610626,-0.7027072904632905,2,WARM_HUMID
32.1,61.4,0.21355471879551655,-0.10536531502120812,3,HOT
30.0,41.0,-0.07888195138428059,0.13023251436201,2,WARM_HUMID
29.8,32.5,-0.06434710760586296,-0.3025068340397547,2,WARM_HUMID
30.8,72.3,-0.1593574509570224,-0.2192598010182687,2,WARM_HUMID
16.8,58.8,0.259630288623703,0.19601549995242365,0,COLD
34.8,43.9,0.2383599431367806,0.5604919467240748,3,HOT
29.2,83.9,0.016953106544824268,0.317925021734983,1,COMFORT
33.5,62.0,0.15706986267699183,0.08901606191058062,3,HOT
35.4,48.4,-0.030173662523796115,-0.041299752904012166,3,HOT
32.1,72.0,0.2771588931312517,-0.145129595546094,2,WARM_HUMID
23.5,21.9,-0.0920631965248892,0.5283816332672605,1,COMFORT
10.0,54.0,0.016140515433442613,-0.22316648976669362,0,COLD
12.2,53.7,0.06668050551251682,-0.3446504948185974,0,COLD
29.7,40.0,0.0315454560332993,-0.1580876732942431,2,WARM_HUMID
14.5,84.0,-0.03730851361237988,0.12866792895480383,3,HOT
23.8,56.0,0.10979834784757865,0.14546453508783866,1,COMFORT
19.5,64.0,0.10175578202249304,0.1321131024180949,1,COMFORT
28.3,54.9,-0.39536981579070135,-0.13013095875575506,2,WARM_HUMID
16.2,47.3,-0.2271663387871945,-0.18778065364527372,0,COLD
23.8,39.7,-0.07524273275343368,0.20590127633428384,1,COMFORT
24.2,29.5,-0.030211756311378707,-0.19242657360907534,1,COMFORT
30.0,31.4,0.0842566541877665,0.2477821787811114,2,WARM_HUMID
19.4,26.3,0.026514554995831028,-0.5918641657887403,0,COLD
27.3,73.0,0.12299279810946281,-0.20703785314150636,2,WARM_HUMID
33.8,30.0,0.0003431904215256074,0.475045622518657,3,HOT
20.2,52.4,-0.19156198828213303,0.28667105317491093,0,COLD
29.3,62.0,-0.031904022752775776,-0.3201371778282489,2,WARM_HUMID
29.4,67.0,0.2027212274916013,-0.29437184794831855,2,WARM_HUMID
37.0,74.0,-0.09144071150170457,0.4876105498420829,3,HOT
25.4,32.9,0.004556801461943825,0.1934724867099845,2,WARM_HUMID
20.2,46.2,0.21088918552095923,0.3314187605777399,0,COLD
12.2,60.1,-0.13362976318856357,-0.7262170851290277,0,COLD
30.0,52.0,-0.11496294244080976,0.2876091980290034,2,WARM_HUMID
27.9,45.0,0.08806715956064749,-0.03974861999865218,2,WARM_HUMID
20.5,50.0,0.045904992354526525,-0.005341222126870925,1,COMFORT
22.2,57.4,0.03903634232849145,0.046209132057299505,1,COMFORT
25.4,39.6,-0.309151745262369,0.6068752278395224,1,COMFORT
19.5,57.7,0.11104096497054193,-0.4022870951423856,0,COLD
19.5,37.6,-0.09209784824835181,-0.5441808525795385,0,COLD
14.6,63.1,0.13261382414721973,0.06196225702432334,0,COLD
20.8,29.4,-0.1521916240205049,-0.30901792708878373,0,COLD
29.9,77.8,-0.028155240881105527,-0.226808507925887,2,WARM_HUMID
26.6,78.7,0.019273687322955705,-0.02656199346468129,2,WARM_HUMID
28.6,65.0,-0.0576105100192262,0.057600670708300473,2,WARM_HUMID
20.4,31.4,0.04917314164803624,-0.3288984942336186,0,COLD
20.5,36.3,0.0948388790095192,-0.3027451516250843,0,COLD
19.6,50.2,0.11101175485579297,-0.4681952949823882,1,COMFORT
33.5,46.8,0.07991363246060205,0.3850153418608153,3,HOT
24.7,24.3,-0.1048899983804913,0.6493257174851466,2,WARM_HUMID
20.6,29.8,0.04809945716439603,0.3086112680373154,1,COMFORT
24.4,34.4,0.28290619456724136,-0.6491793014911267,2,WARM_HUMID
21.1,67.5,-0.11794178215310654,-0.2695881533357683,1,COMFORT
12.2,47.8,-0.02088353945893661,-0.3444985985310355,0,COLD
15.7,61.4,-0.14623870293065863,-0.07803353742566041,0,COLD
27.1,22.0,-0.044891337623023046,-0.8887429454659108,2,WARM_HUMID
21.6,22.4,-0.09166275937150765,-0.10807164694786485,1,COMFORT
25.9,29.2,0.09841348902412836,-0.1846825296879806,2,WARM_HUMID
33.8,38.8,-0.1304418318364224,-0.12847830023259318,3,HOT
29.8,45.3,-0.0890783985176203,0.32270256013985715,2,WARM_HUMID
32.4,50.0,0.13685680566278705,0.20956158215176457,2,WARM_HUMID
28.3,65.0,-0.14363534325228178,-0.21845195398118872,2,WARM_HUMID
19.0,40.9,0.12457577829502373,0.30913925680852,0,COLD
23.8,22.4,0.540838602549567,-0.10070417716835403,2,WARM_HUMID
38.1,44.0,-0.22704812616934766,-0.5531821859801059,3,HOT
30.0,28.1,0.0045208117576299636,0.18929366988656118,2,WARM_HUMID
31.2,31.5,0.2708031688688886,0.4335132752244542,2,WARM_HUMID
22.5,52.6,-0.04432212208511734,-0.4308689908883587,1,COMFORT
19.1,38.0,-0.10853397829189128,-0.8898956887128773,0,COLD
28.3,34.4,-0.23543541316308012,0.24067753596183672,2,WARM_HUMID
28.6,50.6,0.046459016870400334,-0.6388479907565063,2,WARM_HUMID
27.4,72.8,-0.052888964559661085,0.08871911192833529,2,WARM_HUMID
35.8,15.4,0.01657203144991674,0.09365667663391591,3,HOT
22.8,46.1,-0.014337233013966121,0.07705042203755615,1,COMFORT
34.3,58.5,0.13419861775380074,-0.16444397818739648,3,HOT
27.6,82.5,-0.042156339058258094,-0.2086240870200119,2,WARM_HUMID
28.9,59.2,0.046198130930944895,-0.9505059757992653,2,WARM_HUMID
33.4,50.1,0.1890215449738762,-0.210822642772954,3,HOT
26.0,64.4,-0.04647324724882295,0.1952820205243168,1,COMFORT
24.5,68.7,-0.10514606971472719,-0.1246560426482502,2,WARM_HUMID
18.3,61.0,-0.022086419493486862,0.05944814348878189,0,COLD
17.5,66.2,0.19519491371713965,-0.3448923622495885,0,COLD
36.1,51.4,0.039975476273604774,-0.4953733639087964,3,HOT
29.9,60.3,-0.03796302615211662,0.19991500311197954,2,WARM_HUMID
27.9,37.3,-0.09232533656639491,0.22854833605094563,2,WARM_HUMID
19.6,33.0,0.0021017590411887286,-0.31422594434902495,0,COLD
36.7,44.2,0.06752149503380325,0.01991835449394404,3,HOT
22.7,54.0,-0.19673263519235323,0.0369434056260738,1,COMFORT
27.8,39.0,0.05822520501509133,-0.32977536726867984,2,WARM_HUMID
29.7,55.1,0.2021759084134007,0.23547848973819555,2,WARM_HUMID
28.1,52.9,-0.2531951900917274,0.1476968960329036,2,WARM_HUMID
23.1,22.9,-0.05261663618623709,0.07733049961402505,1,COMFORT
22.6,66.9,0.12423529319341904,0.2501649858928234,1,COMFORT
22.4,58.3,-0.035341124301206735,0.20686550919969898,1,COMFORT
33.8,42.0,0.04341983623818163,-0.7431449754989145,3,HOT
22.4,70.0,-0.06457528679689176,-0.2400775267471596,1,COMFORT
16.9,54.7,0.2676381389530299,-0.4251227254915668,0,COLD
24.1,34.0,0.2932090435522845,-0.2665565668910505,1,COMFORT
22.3,33.5,-0.10333061609843643,0.32178733738734516,1,COMFORT
23.0,34.0,-0.23106151985032514,0.04955996412238131,1,COMFORT
22.6,29.4,0.07813049491199454,-0.2546315906256832,1,COMFORT
21.9,30.5,0.11332106518002674,-0.18721791648075786,1,COMFORT
15.1,47.3,0.1007598223260641,0.3942386476414402,0,COLD
23.8,22.4,0.1424933199498741,-0.1439442968945148,2,WARM_HUMID
17.8,49.0,-0.02258825091129518,-0.07465532804186856,0,COLD
18.3,34.0,-0.08085336807515972,-0.06852525237858778,0,COLD
25.0,23.0,-0.1281321551576821,0.11411966632103841,2,WARM_HUMID
29.8,61.2,0.007684017369407615,-0.0367754168637564,2,WARM_HUMID
24.2,54.5,-0.15862720054401472,0.5789139050387074,1,COMFORT
29.8,60.4,0.14730164791823852,-0.12771651281822718,2,WARM_HUMID
27.6,76.2,-0.05979638851730378,-0.3168271175353592,2,WARM_HUMID
18.0,48.6,0.1906015710919337,0.9352898687319264,0,COLD
19.6,31.3,0.17339234047929017,0.2026780774863165,0,COLD
26.3,38.0,0.14640610790339198,0.012924497996670462,2,WARM_HUMID
24.2,51.8,-0.11174681512275829,-0.0758230938118895,1,COMFORT
24.6,25.7,0.2974358535137306,-0.24306966099341643,2,WARM_HUMID
26.6,78.7,0.04150744633798525,0.4559396919734778,2,WARM_HUMID
31.7,35.1,0.07290736058239776,0.09686453532537834,2,WARM_HUMID
24.1,71.0,0.043628154758620176,0.28152427897569926,1,COMFORT
16.2,64.0,0.12741039219464867,-0.38063219886720184,0,COLD
31.0,93.0,-0.09318016311585169,0.26734802550754805,3,HOT
22.0,31.8,0.12994765522618237,0.16436286572756953,1,COMFORT
27.8,74.4,-0.057637085464695564,-0.044836959797407996,2,WARM_HUMID
31.6,25.7,0.09189887209197571,-0.0356027681703304,2,WARM_HUMID
20.2,35.1,-0.12490988366376678,0.32240124979544404,0,COLD
19.8,53.0,0.010539581006068255,-0.09912756138775786,0,COLD
33.2,60.6,0.11791444801565626,-0.41370901143059496,3,HOT
24.0,24.0,-0.13206414553849039,0.3530453639837827,1,COMFORT
24.1,26.9,-0.0927756388595297,-0.2952593574196261,1,COMFORT
35.1,55.8,0.1747988398834922,-0.44804691453449763,3,HOT
20.9,83.9,0.11388980227207247,0.13819980463813575,1,COMFORT
35.6,37.0,0.0870591003144255,-0.8526826737182115,3,HOT
34.0,74.0,-0.0005956879730101256,-0.5852403199007961,3,HOT
25.1,35.2,-0.053753175747781844,-0.3599834679072472,2,WARM_HUMID
26.4,89.3,-0.07641340051568364,0.5242527043125099,0,COLD
25.9,34.1,-0.08241100165419626,-0.743046769160622,2,WARM_HUMID
34.2,50.4,0.15240383278155556,0.5978309219147743,3,HOT
17.7,56.8,0.13621088112046187,0.6398357236867258,0,COLD
24.7,53.0,-0.2450829575513518,-0.14516114353664436,1,COMFORT
22.3,55.8,0.43086919552060904,-0.282874870768298,1,COMFORT
11.0,71.9,0.12331662709242193,-0.3404308746500586,0,COLD
25.7,38.8,0.25132462440161935,-0.19537145179807303,1,COMFORT
32.0,68.7,-0.003625713953731294,0.008388183995480344,2,WARM_HUMID
33.3,41.0,0.09868937027502718,0.6270876254198541,3,HOT
26.2,41.0,-0.17968168388832725,-0.21194844467104867,2,WARM_HUMID
33.1,43.0,0.2329532875988002,-0.42719244359751535,3,HOT
30.1,72.4,-0.17102957966341772,1.0559793618375222,2,WARM_HUMID
18.3,36.2,0.2697986191847936,0.14405437608488234,0,COLD
20.3,37.0,0.02556231263896679,-0.5028376937951698,0,COLD
24.3,34.8,0.09935816861052045,-0.3919787012101844,2,WARM_HUMID
26.8,62.5,-0.08107176595007283,-0.42902288412725875,1,COMFORT
19.6,37.6,-0.16216640217361694,0.25958263276097765,0,COLD
16.2,48.8,-0.053699203942272324,0.25627275022665097,0,COLD
22.6,60.2,0.03266799669204619,-0.541621546616476,1,COMFORT
33.9,36.7,0.19808759926895106,0.3864368295425135,3,HOT
19.2,36.2,-0.020142784993316006,-0.021159018965901086,0,COLD
18.9,46.7,0.06231403328242535,-0.6349966209413378,0,COLD
24.9,64.9,0.07105331279245984,0.0734718148928401,1,COMFORT
26.8,32.3,0.25497465067623604,-0.4386154487185989,2,WARM_HUMID
38.0,70.0,0.10379414899885323,-0.7991808603896438,3,HOT
10.9,81.7,-0.05508871362545962,-0.48367924847271815,0,COLD
27.3,48.0,-0.06239503919210379,-0.18457381992279254,1,COMFORT
35.5,45.7,-0.3100436007426801,0.04404247270780942,3,HOT
26.4,20.4,0.2689417931045895,-0.07999456363542906,1,COMFORT
21.0,47.8,-0.10071731058808055,0.04313749376669548,1,COMFORT
23.2,41.7,-0.06830136347179688,0.9968401380781264,1,COMFORT
16.5,66.0,-0.0796254608572024,-0.13179305860290969,0,COLD
20.4,39.1,-0.025969232961960624,-0.7147035426373396,1,COMFORT
20.7,31.4,-0.015059815492176202,0.12276926984351944,0,COLD
25.1,65.0,0.11209423036420094,-0.33414527888169665,1,COMFORT
24.1,54.5,-0.19169016363019672,-0.48920188446659774,1,COMFORT
17.9,63.9,0.19363755799745846,0.5829329273681569,0,COLD
20.2,32.7,0.1723983519113981,-0.12053283190021086,0,COLD
19.1,36.5,-0.2551135404801878,-0.4853413321977413,0,COLD
28.4,34.0,-0.17816478598762903,-0.06065967130157757,2,WARM_HUMID
21.9,68.8,0.05973193176397259,0.15449633716822575,1,COMFORT
18.7,29.4,-0.023461391818920405,-0.4250538982887242,0,COLD
22.4,47.7,-0.15878986913864526,0.6591118803094695,1,COMFORT
25.8,66.2,-0.03101478788720194,0.7516533892051953,1,COMFORT
22.4,38.0,0.14738810719669299,-0.25474485365917365,1,COMFORT
24.3,49.5,-0.1319465513326861,-0.18140922800058068,1,COMFORT
34.0,38.7,0.0741949798777875,0.4796419853614131,3,HOT
17.2,52.8,0.17703289269359607,0.06890696949699615,0,COLD
23.7,35.7,0.15819309427309775,0.35232225141443607,1,COMFORT
17.2,73.9,0.06461099009727761,-0.29897074929417083,0,COLD
30.3,70.8,-0.0811554414262929,0.891690997806589,2,WARM_HUMID
34.7,44.8,-0.17343466812854763,0.15690059274698187,3,HOT
28.4,48.0,-0.27543080596549446,-0.08934251090668593,1,COMFORT
14.4,40.1,0.16238055130243648,0.2856388043547626,0,COLD
32.0,69.0,-0.21886647953403274,-0.09058698188302679,2,WARM_HUMID
30.8,24.8,-0.14422840309938215,-0.08678423552285794,2,WARM_HUMID
24.2,22.9,0.10874255303199809,0.2682116950792685,2,WARM_HUMID
17.0,38.5,-0.05632500601133564,0.017873060604917498,0,COLD
22.7,47.7,-0.0744404150852738,-0.04528628638656654,1,COMFORT
33.6,54.3,-0.0884406903757912,-0.233800564666457,3,HOT
29.6,64.6,-0.2827107187025091,0.012289388749170752,1,COMFORT
23.3,32.9,0.09849667868057674,-0.38994762872112276,1,COMFORT
31.5,63.9,-0.1740030572914933,0.07769544815798463,2,WARM_HUMID
20.2,46.2,-0.1683992350499721,-0.17902920503820993,0,COLD
22.7,44.2,0.34597093158103004,1.1306174546646648,1,COMFORT
26.7,43.9,0.13842877829149247,-0.20898084560997307,1,COMFORT
30.3,71.2,-0.1877675197278957,0.46074765145730173,2,WARM_HUMID
24.8,22.1,-0.06070437852949895,-1.0000844024169115,2,WARM_HUMID
23.9,21.5,0.014415975807681216,0.14638002214441584,2,WARM_HUMID
22.0,57.2,0.05028281866245994,-0.38461687352694957,1,COMFORT
30.4,68.7,0.2434979206332847,0.33306154944369576,2,WARM_HUMID
24.0,27.8,-0.019550093842530775,0.94653579242157,1,COMFORT
34.0,74.0,-0.0975985827983818,0.0021465088048030338,3,HOT
28.0,39.5,-0.019562224022566754,-0.02381439426373042,2,WARM_HUMID
22.9,26.0,-0.04741196241056726,-0.6536596152703207,1,COMFORT
30.0,66.8,-0.02311444981010512,0.014196452707784218,2,WARM_HUMID
24.5,35.0,0.368980797754407,0.20555501108186555,1,COMFORT
34.3,46.5,-0.1800507338240575,0.6334531852683188,3,HOT
21.3,33.5,0.18741282746097984,-0.4154521254887664,1,COMFORT
33.2,27.0,0.12030640080882081,0.09466751148520236,2,WARM_HUMID
38.0,74.0,0.11811099671735564,-0.5865286591245674,3,HOT
32.1,66.1,-0.11515052314572131,0.407923316589581,3,HOT
33.0,78.0,-0.22229765628029274,0.21755136904903677,3,HOT
31.4,65.9,-0.15020737264953266,0.5382803889817277,2,WARM_HUMID
20.6,42.3,0.008827296887686178,0.6107970847411316,1,COMFORT
16.8,21.1,0.07182713598266026,-0.30723121779905627,0,COLD
19.5,41.0,-0.21432992256744934,0.5417606881181627,0,COLD
22.0,37.0,-0.17151708381852043,0.48837060837632207,1,COMFORT
36.1,24.7,0.023600162823825696,-0.42099548099299283,3,HOT
25.3,36.3,-0.05868174210629775,-0.075434723897985,1,COMFORT
34.1,55.7,-0.14810434647667142,0.18183686294801416,3,HOT
25.8,60.8,0.07377216016319439,0.1931178623328551,1,COMFORT
22.2,36.6,0.3804428338559153,-0.5932972462064717,1,COMFORT
26.9,32.0,0.07911707550052935,0.034926408716697485,2,WARM_HUMID
27.4,18.6,0.25262556095109484,-0.010495762663930097,1,COMFORT
24.6,39.6,-0.0009241759355481481,0.5625073018601623,1,COMFORT
35.6,38.0,-0.21410641706108505,-0.8509911476404837,3,HOT
12.8,69.7,-0.14130828177991867,0.24575222197966556,0,COLD
21.3,58.8,-0.2142185691676932,0.3834850019375109,1,COMFORT
24.7,25.2,-0.14652598730947203,0.477886992583446,2,WARM_HUMID
14.5,33.0,-0.08226749723564931,-0.2008184198935397,0,COLD
19.2,50.2,-0.06149725991033418,-0.33055992329559636,0,COLD
25.4,32.9,0.057301080817914456,-0.6126093438699728,2,WARM_HUMID
24.3,41.9,0.10175237319874607,0.4195919339377957,1,COMFORT
34.8,43.9,0.2383599431367806,0.5604919467240748,3,HOT
23.0,54.7,-0.05370022895351769,0.15062610583175687,1,COMFORT
33.7,48.5,0.0669861295914839,-0.3806699817589264,3,HOT
16.2,60.5,0.0070524589258571056,-0.2638559440716989,0,COLD
22.9,24.3,-0.15139451895088304,0.06174520220857926,1,COMFORT
25.2,59.7,-0.08905937905286129,-0.7780246647478831,1,COMFORT
22.5,50.2,-0.07491283411857334,0.015878527285250032,1,COMFORT
27.5,29.0,-0.19039957448200487,-1.118751077276692,1,COMFORT
32.2,21.0,-0.04965782531255365,0.09316086846864913,2,WARM_HUMID
32.1,58.9,0.19778121964579107,0.1967047538129335,2,WARM_HUMID
22.9,26.8,0.19356379869252932,0.030177641544440106,1,COMFORT
20.4,31.3,-0.053513472865018195,0.711981420870076,0,COLD
32.8,62.6,-0.12616820513405885,-0.39142918679546657,3,HOT
24.9,17.9,-0.15985066309208776,0.4434874463889651,2,WARM_HUMID
27.7,45.8,-0.15617709573840713,0.25726357759711643,1,COMFORT
28.3,45.3,0.06422515912671917,0.11229353127678827,2,WARM_HUMID
19.8,52.8,0.11954038884878936,-0.0417253572292974,0,COLD
34.0,56.0,0.08896518869525756,-0.28602805099993284,3,HOT
31.0,78.0,0.16597228585585103,0.19328355366436878,3,HOT
25.1,73.8,-0.06888179835195568,-0.15132823888767544,1,COMFORT
16.9,44.8,-0.14024194577257088,0.10905108303544375,0,COLD
32.0,85.0,0.03658815912340898,0.5437727840670596,3,HOT
23.3,55.6,-0.308874072553848,-0.29637814194562034,1,COMFORT
17.6,59.8,-0.15269241692027255,0.9076260291787712,0,COLD
16.5,36.0,-0.20254486480984488,0.3311649571543973,0,COLD
22.1,46.9,-0.18592929375321465,0.035410664548424474,1,COMFORT
35.3,39.3,-0.05289295656829376,-0.24658749829532597,3,HOT
22.6,39.2,-0.0074058486161420875,0.008923550684355632,1,COMFORT
33.3,59.7,-0.07294843144637034,-0.33314279836517513,3,HOT
22.5,37.6,-0.11332483247009237,-0.34761863885785915,1,COMFORT
26.7,54.5,-0.1286354614734012,0.4885892967655632,1,COMFORT
28.5,51.4,0.16120131712917798,0.9159091633177324,2,WARM_HUMID
27.8,52.0,0.1771484857958508,0.48970309900340053,2,WARM_HUMID
38.7,29.0,0.019143123314908236,-0.47475648614457655,3,HOT
22.3,27.8,-0.17624674384084976,-0.37570813699409095,1,COMFORT
28.5,73.0,0.11944595072327999,0.3801512618220041,2,WARM_HUMID
22.7,39.8,0.08474557035056367,0.5031663095833505,1,COMFORT
28.0,39.9,0.04985584998359772,0.4590972824726096,2,WARM_HUMID
30.7,72.7,-0.07166466228373608,0.0918287574281846,2,WARM_HUMID
30.0,25.7,-0.09462696044207831,-0.09262672918839093,2,WARM_HUMID
22.3,33.5,0.2488655907397577,-0.3183314883441044,1,COMFORT
22.6,54.2,-0.1056436349825315,0.48810627680739016,1,COMFORT
11.6,48.3,-0.02289297580050025,0.16939442696592222,0,COLD
19.1,46.2,0.11894424081682124,-0.40280161685809646,0,COLD
26.5,38.5,0.00025615443693599127,-0.4596062368916378,2,WARM_HUMID
30.9,62.7,0.018069586415665206,-0.6594828192944495,2,WARM_HUMID
29.2,79.5,-0.16267059353681754,-0.004709632143427684,2,WARM_HUMID
17.5,37.2,0.18582498525222693,-0.44828703144582704,0,COLD
32.5,35.5,-0.0012855251441205382,0.03781329408291823,2,WARM_HUMID
26.0,63.0,0.04028884182948854,-0.13824841278148647,1,COMFORT
26.9,46.4,0.20954528500736444,-0.13383581472543132,1,COMFORT
17.1,37.2,-0.01849673985992408,-0.0492572822425165,0,COLD
27.9,59.6,-0.37488666895778316,0.5102040730087384,2,WARM_HUMID
16.2,69.0,0.011045833941035957,0.22405180272670894,0,COLD
23.0,25.5,-0.05088278899696783,-0.8072275285337954,1,COMFORT
23.0,48.5,0.20246052354341235,-0.09232485382544077,1,COMFORT
20.7,31.2,0.011649537798918188,0.1706715858345803,0,COLD
38.1,44.0,-0.22704812616934766,-0.5531821859801059,3,HOT
27.0,34.5,-0.03675976305648911,0.06291932453658408,2,WARM_HUMID
35.0,74.0,0.0066966522691066215,1.3030788580493387,3,HOT
23.6,25.7,-0.042675615697711375,-0.4120493665040429,1,COMFORT
37.0,39.4,0.07176958504867229,0.07534366605176601,3,HOT
27.1,65.0,0.059428102840925943,-0.11073252717442378,1,COMFORT
18.2,56.7,0.23921429835657954,0.5891599595084064,0,COLD
29.0,55.0,0.043304044391978554,-0.1936048991528493,2,WARM_HUMID
24.0,36.8,0.11713322920033958,-0.37536860988670306,1,COMFORT
25.8,66.7,0.08427325183071636,-0.23222193999317686,1,COMFORT
26.6,41.0,0.27007667722662804,0.4954696031208484,2,WARM_HUMID
29.5,76.5,-0.053549980885372384,0.4092402385748787,2,WARM_HUMID
19.6,22.8,-0.1325109240503052,0.40699483594236885,0,COLD
23.8,21.3,-0.04336711868751208,0.36486146586845297,2,WARM_HUMID
22.2,33.0,0.08501620218558184,-0.0809777937100134,1,COMFORT
26.5,57.5,-0.1954343836680664,0.2723182380670574,2,WARM_HUMID
23.2,80.7,-0.26337794221164396,-0.808314276613778,1,COMFORT
21.9,80.3,-0.16622953705569507,0.28655417363468527,1,COMFORT
32.0,43.4,-0.10231702675280385,-0.3458755596302522,2,WARM_HUMID
28.9,79.9,-0.03926710835140602,-0.4653268671287827,2,WARM_HUMID
19.1,60.3,-0.00500510094873805,0.6126898556273641,0,COLD
23.4,24.0,-0.15019584257100993,-0.3695131945645864,1,COMFORT
29.5,27.0,-0.2542760522444446,-0.22071358168732935,2,WARM_HUMID
20.1,52.4,-0.22253426325539424,0.5168449672473897,0,COLD
25.9,56.7,-0.20784240813467234,0.11260703844228999,1,COMFORT
26.6,78.7,0.03282652859428499,0.14697529824450828,2,WARM_HUMID
23.8,27.2,0.08611119797302064,-0.48606192749409055,1,COMFORT
25.8,60.0,-0.010924336898530916,-0.04619813710310672,1,COMFORT
29.4,29.0,-0.13744813786101295,0.2059900540086677,2,WARM_HUMID
26.8,31.7,0.14637388647577862,-0.42631198486184857,2,WARM_HUMID
26.4,42.0,0.0200518257356435,-0.5354884821270626,1,COMFORT
31.8,38.2,-0.22961867158056248,-0.43341788003257764,3,HOT
36.4,34.5,0.12575629335556995,-0.017532291834570977,3,HOT
32.1,48.8,-0.008726987928242613,-0.17615968290549136,3,HOT
28.9,85.0,-0.17906212683508269,-0.12628066543800454,1,COMFORT
26.3,82.2,0.2512265490806367,0.48388899194158014,1,COMFORT
31.0,56.2,0.16886837858439896,-0.5135723158203103,2,WARM_HUMID
26.8,31.9,0.007043450717205475,0.5970255131945,2,WARM_HUMID
28.6,36.0,0.23731751269553508,-0.5236466302102469,2,WARM_HUMID
21.3,68.3,-0.13056780249294508,0.5038823344757924,0,COLD
26.0,59.0,-0.24992838570399106,0.18287135093356066,1,COMFORT
34.8,36.1,-0.10675700377183249,-0.38217533539097975,3,HOT
34.4,48.3,0.20868421921087843,0.11682085252035708,3,HOT
29.5,58.4,0.04440843127373209,-0.3906218959586789,2,WARM_HUMID
26.3,33.2,-0.1981918385608012,-0.036681230540360474,2,WARM_HUMID
26.9,39.0,-0.10230432552630021,0.9584691563660552,2,WARM_HUMID
24.3,42.0,-0.08251729244048082,-0.6634581619938246,1,COMFORT
20.3,54.5,-0.1093204097756918,0.012910798529714287,1,COMFORT
37.0,63.0,0.0929542267045676,-0.02018416882564542,3,HOT
19.6,73.0,0.05196263605697192,0.40002971559281647,0,COLD
32.3,41.6,0.18921706990638834,-0.12788967917923152,2,WARM_HUMID
27.7,39.1,0.008476597269833455,0.3387744566860332,2,WARM_HUMID
26.5,33.4,-0.11934721120569963,0.6461128397600902,2,WARM_HUMID
24.0,27.6,0.04072317991125204,0.5714714847209595,1,COMFORT
19.8,37.1,-0.1832530719352613,0.37405541043645224,0,COLD
23.4,21.7,-0.04109250248553066,0.29348597413309946,1,COMFORT
29.0,49.0,0.007329010548855649,0.12206068843627747,2,WARM_HUMID
29.8,62.1,0.04606958661335716,-0.540384257210987,2,WARM_HUMID
35.6,35.2,0.0439761100194603,0.34807694096761393,3,HOT
23.1,42.1,0.07746089225867232,0.2218453754549853,1,COMFORT
24.9,67.0,-0.3257357107140671,0.21876680716292804,1,COMFORT
32.5,39.6,-0.03513658464393104,-0.45385192443253825,3,HOT
32.9,20.0,0.07442987810449744,-0.019667331132790157,3,HOT
18.3,66.9,-0.0011728764437935564,0.33866132261532256,0,COLD
18.5,37.2,-0.09230809646437697,0.03395847605822091,0,COLD
23.2,28.2,0.018479026523194574,0.11516702030944458,1,COMFORT
22.9,25.7,-0.13401570935190743,0.21578877694050036,1,COMFORT
20.6,63.8,0.049414334599271845,0.16239694026247578,1,COMFORT
34.8,31.0,0.11813301102075716,-0.2615421910371592,3,HOT
17.0,46.5,0.2174120653495302,-0.25703703564865127,0,COLD
22.8,22.4,0.021842549524033687,-0.6993072141571964,1,COMFORT
20.6,55.8,0.2877715172254893,0.6074373211098455,1,COMFORT
18.7,28.3,0.0003288858340464975,-0.20693928733763173,0,COLD
39.0,87.0,-0.17592062957682383,-0.2148693553615112,3,HOT
37.9,46.8,0.0006001890354893097,0.49339439471685553,3,HOT
26.1,37.8,-0.07393255175360076,0.03619019417954666,1,COMFORT
28.5,48.6,-0.008489274322568345,0.334420799073322,1,COMFORT
18.8,34.0,0.04627549408289031,-0.17472837824382942,0,COLD
25.7,57.2,-0.07210228452741572,0.18542108437181107,1,COMFORT
29.6,60.4,0.007316192166528934,0.4992122322412558,2,WARM_HUMID
19.4,58.0,-0.20001482181743527,-0.680862125426465,0,COLD
29.6,48.3,0.0434335356317194,0.15983086964587326,2,WARM_HUMID
21.5,67.0,0.2180001338817604,0.21999467973904296,0,COLD
31.7,68.3,-0.021101546430657016,0.5075998286909237,2,WARM_HUMID
30.7,57.3,-0.30207371344216166,0.394993762149066,2,WARM_HUMID
25.4,60.3,0.20587557354812802,0.266484713452212,1,COMFORT
28.5,84.4,-0.12381686439282219,0.3709214315701117,1,COMFORT
32.3,69.1,0.007673464303147099,0.15402211183449208,3,HOT
29.9,68.8,0.028060340696489976,0.0320620299933511,2,WARM_HUMID
37.4,25.3,-0.18210243417235886,-0.14886659260870053,3,HOT
24.7,73.8,0.03141369901353089,0.12348177918414152,1,COMFORT
19.0,50.7,0.12064154970253621,0.34587234540616907,0,COLD
31.3,57.9,-0.09820929171532754,-0.5415847299147475,2,WARM_HUMID
19.1,49.6,-0.08393865298714451,-0.07947432588853022,0,COLD
28.3,35.9,0.014060059199108322,-0.27406689538705353,2,WARM_HUMID
30.9,37.0,-0.06316773335848436,0.18625977029530977,2,WARM_HUMID
37.2,41.6,0.11862203748164157,0.17356065540264676,3,HOT
34.3,58.5,0.13419861775380074,-0.16444397818739648,3,HOT
27.1,22.0,-0.09330398115423677,-0.4378283328450643,2,WARM_HUMID
25.8,60.0,-0.03351941779887763,0.06328605260566184,1,COMFORT
16.7,50.0,-0.14518774800360756,-0.019085019694613733,0,COLD
24.3,24.8,0.2591812769666258,-0.734651945653541,2,WARM_HUMID
32.6,45.3,0.20114256336154365,-0.18325681176982359,3,HOT
29.7,75.0,-0.18686492461704343,0.419847135737863,2,WARM_HUMID
25.9,21.1,-0.06274007622886739,-0.7034589667079706,2,WARM_HUMID
28.1,62.2,0.23434904144183785,-0.10593040440311625,2,WARM_HUMID
22.7,49.0,-0.21728871219503162,-0.07902245830665625,1,COMFORT
26.0,34.7,-0.03553689021661285,0.3520217528523838,2,WARM_HUMID
19.0,43.8,-0.18923873380955394,0.17538300114566685,0,COLD
19.0,50.2,-0.1051934356187325,0.7485668376949168,0,COLD
25.3,55.2,0.08284412399412698,0.25623756097109873,1,COMFORT
24.4,67.7,0.25211784792963055,-0.10391043615429879,2,WARM_HUMID
23.2,42.7,-0.0578508895682804,-0.08486602564992268,1,COMFORT
24.3,42.5,-0.14033572952166842,-0.014347248158015111,1,COMFORT
27.5,19.8,-0.025743261411070886,-0.048377224309727955,2,WARM_HUMID
23.6,59.0,-0.010584348426369163,0.7107109550771591,1,COMFORT
30.7,63.6,0.15546177685486193,-0.3467390093058515,2,WARM_HUMID
21.7,32.3,0.01837116126984934,0.043453617583787886,1,COMFORT
22.0,36.2,-0.0004563731149211138,-0.6902248284281034,1,COMFORT
37.7,25.0,-0.0950335983053429,0.5705113784260724,3,HOT
24.4,50.3,-0.08780820171353389,-0.5114726472242801,1,COMFORT
32.9,48.8,-0.015695632519034965,-0.045377466812441744,2,WARM_HUMID
23.6,39.7,-0.07672096039201483,0.06749512555524995,1,COMFORT
21.7,44.8,0.1660065636430976,0.6604173861753514,1,COMFORT
24.0,49.3,-0.042556009254709766,-0.055909228195395615,1,COMFORT
27.9,51.4,-0.09456677861897697,-0.008736653324601723,2,WARM_HUMID
40.0,94.0,-0.1421277227275463,0.09023168145610724,3,HOT
25.5,20.5,-0.11635940585456339,-0.013553379122535137,2,WARM_HUMID
30.3,19.8,0.26393091662884827,-0.6403717312903449,2,WARM_HUMID
19.0,39.1,-0.07636094992225934,0.037389200835620626,0,COLD
20.0,35.9,-0.05886053792247623,-0.40643477308652093,0,COLD
32.8,54.0,-0.045562840704494505,-0.39625979160373936,3,HOT
31.5,37.8,-0.24432045113454962,-0.21607732285837966,2,WARM_HUMID
17.9,31.2,0.13075576965920654,0.16179875293630278,0,COLD
21.8,39.0,0.23960959398324347,-0.5789564729186533,1,COMFORT
12.8,67.3,-0.007091967983613741,-0.16576422421230677,0,COLD
12.2,65.7,-0.060937959847802925,0.051125981614772435,0,COLD
20.3,37.0,0.02190159146635904,0.6075273259851011,0,COLD
28.1,52.8,0.044183246866229035,-0.07327062095045386,2,WARM_HUMID
25.8,72.4,-0.13027855387322534,0.2978615731483898,1,COMFORT
24.8,40.7,-0.0833100599163508,0.03080612536811951,1,COMFORT
23.0,52.7,-0.06700902985842432,0.7473380951335844,1,COMFORT
27.0,48.8,0.03893934700484308,-0.09947870168932216,1,COMFORT
34.4,39.3,-0.3962879112650039,0.6298677241286667,3,HOT
18.0,56.0,-0.0513761699410633,0.5898019384341501,0,COLD
24.7,69.0,-0.009797002622744555,-0.02649491151065307,2,WARM_HUMID
35.0,74.0,0.002964071066790658,0.008807899041454431,3,HOT
33.9,59.3,0.08118451006255527,-1.0055283699633104,3,HOT
19.7,29.1,0.06149830468170829,0.20322121720359132,0,COLD
14.0,47.8,0.08352726163483366,-0.0952408809654634,0,COLD
21.3,33.9,0.1271641817015518,0.6705573863774695,1,COMFORT
16.1,35.8,0.005032739522736391,0.12944579061429326,0,COLD
26.9,39.0,0.1286489434803029,0.3418594987802963,2,WARM_HUMID
22.9,67.2,0.021321528201403164,-0.25819119833135334,1,COMFORT
22.9,38.9,-0.08701761942690188,0.4504041247346877,1,COMFORT
18.5,50.8,0.23251182359416386,0.4322983640817591,0,COLD
20.8,29.4,-0.1985016498186339,-0.1417951230477643,0,COLD
18.7,30.0,0.053683673911071164,0.16657635462669448,0,COLD
32.4,52.1,0.0716029590778971,-0.32285433302327204,2,WARM_HUMID
22.8,38.6,0.05623752515269908,-0.5962574477999952,1,COMFORT
23.7,87.0,-0.01842661319801023,-0.03523958878381016,0,COLD
21.4,49.1,-0.3643939451510233,0.14627605277497688,1,COMFORT
20.1,36.2,-0.0012859338580650628,0.36224645893919405,0,COLD
29.1,41.7,0.03422809334414331,0.23008000615601337,2,WARM_HUMID
31.7,68.2,0.17372267100346875,0.42299308856315715,2,WARM_HUMID
16.8,38.9,0.1534611355111356,-0.10151594234251225,0,COLD
11.0,66.9,0.18728315959479575,-0.28441671189883905,0,COLD
16.7,69.0,0.1044206517616213,0.4222613499975859,1,COMFORT
33.8,30.0,-0.13211311344040952,0.39010157139855733,3,HOT
24.6,56.6,-0.09816686003269606,-0.6322392259987238,1,COMFORT
22.5,16.6,0.13301390799024462,0.7347302195864978,1,COMFORT
26.0,23.7,0.18160788055982538,-0.04037690233288707,2,WARM_HUMID
18.2,38.7,-0.17442034464760303,-0.082838441919196,0,COLD
23.2,63.6,0.08919199141354717,-0.428087441149306,1,COMFORT
23.2,25.7,-0.18872200922729868,-0.26508587132249406,1,COMFORT
22.4,32.0,-0.06231757245581242,-0.997157621239802,1,COMFORT
22.5,49.1,0.042578593474329005,0.0814108974609698,1,COMFORT
23.6,35.5,-0.049829175046378175,0.05167810650261062,1,COMFORT
21.2,28.7,0.0758873082000841,0.6542123225746246,1,COMFORT
26.6,37.3,0.3088408267947412,0.34685248405224944,2,WARM_HUMID
29.0,35.0,-0.2532756714571898,0.8818754277054763,2,WARM_HUMID
33.0,83.0,-0.05072971899952516,0.15823598850596599,3,HOT
20.1,51.1,0.06834005152700211,-0.17440975504639292,0,COLD
22.3,30.5,-0.2049297506503376,-0.8230997948330947,1,COMFORT
31.0,58.6,-0.08853219183007342,0.1354450580352963,2,WARM_HUMID
30.1,80.0,0.00020299536984628172,0.1676254040229358,2,WARM_HUMID
25.9,38.2,-0.06960468243829408,-0.04224508468838183,1,COMFORT
29.8,60.0,0.1951187901770205,-0.31741534475636235,2,WARM_HUMID
23.8,21.3,-0.041515370559653375,-0.312573602256836,2,WARM_HUMID
30.9,72.0,-0.1770515159048417,0.014571522129185485,2,WARM_HUMID
33.5,54.6,-0.04385625615132057,0.5433496140923129,3,HOT
22.0,43.4,-0.05135712830079369,-0.09504573287909462,1,COMFORT
27.8,51.0,0.06984262579181312,0.7871659649075031,2,WARM_HUMID
27.8,41.0,0.2162717812661626,0.6711152558280222,2,WARM_HUMID
15.1,71.6,-0.128752222423919,0.3876253748095523,0,COLD
23.9,26.3,-0.08196114291955095,-0.11540418004209525,1,COMFORT
21.6,55.8,-0.13071058403670197,-0.6951683264134103,1,COMFORT
32.1,67.5,0.18426997356353136,-0.6039579507582928,2,WARM_HUMID
27.6,76.2,0.0931892676376772,0.21884931343414982,2,WARM_HUMID
26.3,60.0,-0.08202884118605881,-0.33739711762122465,1,COMFORT
29.2,51.0,0.07197405530502494,0.02656707899730782,2,WARM_HUMID
24.3,16.7,-0.33774912717191574,0.39418247397479933,2,WARM_HUMID
25.1,73.8,-0.24319917657890067,0.7769358823312542,1,COMFORT
37.0,70.0,0.20393809399351798,0.7376279531308627,3,HOT
36.3,32.0,-0.025455604715231263,-0.12584672790402365,3,HOT
31.0,59.1,-0.1616615902395515,-1.023834113338637,2,WARM_HUMID
25.8,59.1,0.3004798570633161,-0.16189489625607645,1,COMFORT
20.5,36.8,-0.12616268104010148,-0.5400163552254184,0,COLD
23.8,29.0,-0.18361639394651627,-0.007005127462412993,1,COMFORT
16.1,43.8,-0.15893827255531262,-0.20011230452939147,0,COLD
25.2,24.1,-0.3029172412601608,-0.6250720920985917,2,WARM_HUMID
26.4,34.1,-0.2727960849035325,-0.7865672777524274,2,WARM_HUMID
33.9,25.3,0.3090659681568897,0.20094306879433765,3,HOT
25.9,58.9,0.10085755737470446,-0.22531938127986662,1,COMFORT
21.0,48.6,-0.07692778869194325,-0.04877186449486337,1,COMFORT
23.7,40.2,0.14322889409249215,0.3369410045561053,1,COMFORT
32.5,30.0,0.20070894049537855,-0.08806823516684098,2,WARM_HUMID
22.9,40.0,0.015982913594343298,-0.14356156990204083,1,COMFORT
34.5,54.6,0.08626535099543815,0.12559052310165839,3,HOT
30.2,29.3,0.22272402610858663,0.0929468926549916,2,WARM_HUMID
16.8,69.3,-0.08520876485389052,0.5092683074211671,0,COLD
25.0,53.0,0.07192613220024129,0.20868221985444052,1,COMFORT
20.0,35.1,-0.17263726656172593,-0.07586977271466831,0,COLD
24.4,34.5,0.05593558648376779,-0.09860425041712129,2,WARM_HUMID
31.4,67.0,-0.1431569584953943,0.6107334184376243,2,WARM_HUMID
34.7,28.7,0.06943691692396697,-0.11342074186324452,2,WARM_HUMID
27.6,54.0,-0.22736161724958479,-0.15409605567896806,2,WARM_HUMID
30.0,28.8,-0.12437277566267017,-0.6866044843222595,2,WARM_HUMID
21.3,34.2,0.13600185475542087,0.10971685621751988,1,COMFORT
19.4,46.6,-0.1539132141342244,-0.022884427099934358,0,COLD
24.0,23.7,0.25567785988680714,-0.22261729674202801,1,COMFORT
31.2,40.1,-0.09985401973403203,0.2840465991136266,2,WARM_HUMID
33.0,43.0,-0.15136855225309107,0.2981975540279926,3,HOT
27.0,42.5,0.13208228436526684,0.17243058197359706,2,WARM_HUMID
34.6,27.8,-0.101720145298119,-0.12585827151062273,2,WARM_HUMID
18.8,33.9,0.08972619044858507,0.04480722282142151,0,COLD
25.1,50.0,0.4114669308695618,-0.27175758797914906,1,COMFORT
22.7,29.7,-0.22080337371185113,-0.577777472907775,1,COMFORT
23.0,41.4,0.07232537735159565,-0.09739574030024392,1,COMFORT
25.8,20.2,-0.05021291566909295,0.31629029848440976,2,WARM_HUMID
25.6,31.8,0.1620672490243781,-0.729577238236191,2,WARM_HUMID
18.5,46.9,0.09922854407183718,0.6528208693502373,0,COLD
14.6,61.4,-0.19480869613836707,-0.19413649559014637,0,COLD
32.1,65.9,0.047068534616869655,-0.6160047453708433,3,HOT
27.4,49.4,0.1085683109885085,-0.05518246936554414,2,WARM_HUMID
29.7,72.4,-0.13121643363815516,-0.23338422598996475,1,COMFORT
34.9,55.3,-0.18998082434174576,-1.0630932719156345,3,HOT
18.8,36.0,0.13493981069691097,0.30595239340231606,0,COLD
22.2,47.1,-0.083106657613212,0.2675690721205826,1,COMFORT
36.0,69.0,0.17796470409269258,-0.40746672819643703,3,HOT
19.6,30.5,-0.15795310150472,0.18826454431916684,0,COLD
24.9,70.0,0.15990835423181918,-0.5452947947485554,1,COMFORT
11.6,61.4,-0.12661637838701728,0.1677948998089247,0,COLD
24.3,30.7,-0.024714442644451436,-0.04734944367837056,1,COMFORT
26.8,32.2,-0.026287422961483748,0.12913149212562017,2,WARM_HUMID
19.6,45.4,-0.04471734864426909,0.2213700844573038,0,COLD
28.2,52.2,0.377685269078373,0.4939135833704047,2,WARM_HUMID
24.5,24.2,-0.05976727300763123,-0.7082550830711338,2,WARM_HUMID
21.5,63.6,-0.28313906035563674,0.2957621166454653,1,COMFORT
31.8,28.0,0.12361298708163954,0.22220487143389303,2,WARM_HUMID
19.2,35.5,-0.12389645461622366,-0.21510326106352454,0,COLD
22.3,43.7,-0.01733562627099021,0.14036847305027117,1,COMFORT
35.4,49.9,0.030552229340816264,-0.11727484697920494,3,HOT
19.4,47.1,-0.17535355338290515,-0.46247264009593236,1,COMFORT
22.0,48.8,0.12186523512358823,-0.9195838203699549,1,COMFORT
25.1,39.0,-0.0547982326968163,-0.019323474202399136,1,COMFORT
33.0,60.0,-0.17816576379737947,0.3897106844314358,3,HOT
29.7,17.2,-0.028122223123692336,0.35571057888038576,1,COMFORT
31.3,52.6,-0.030725506498438346,0.013273000468330166,2,WARM_HUMID
10.4,50.8,0.029436270975278848,-0.2419343370720479,0,COLD
24.0,38.8,0.019611578852737465,-0.41117671891378227,1,COMFORT
24.3,68.0,0.1610867019373168,0.5676542655551401,2,WARM_HUMID
19.7,31.3,-0.1443934916411367,-0.41747682744093706,0,COLD
22.5,44.1,-0.08108934240941672,-0.6938702534332584,1,COMFORT
32.0,66.3,-0.10437144159392482,-0.2510321903097234,3,HOT
17.5,51.3,0.1390311577994112,-0.27302711985811595,0,COLD
31.2,20.0,0.1770961368678217,0.2881524173431426,2,WARM_HUMID
25.7,59.5,0.16793930048583666,-0.27928405747365764,1,COMFORT
21.5,67.0,0.2180001338817604,0.21999467973904296,0,COLD
30.2,60.0,-0.10729555638899523,-0.25623122435786255,2,WARM_HUMID
30.3,71.9,-0.09438600891695349,-0.10834279456949861,2,WARM_HUMID
11.6,70.4,0.19121289089876775,-1.0343974594445704,0,COLD
21.0,29.8,0.20937925461781465,-0.34482853990738016,0,COLD
37.0,63.0,-0.15130995532142874,-0.2158368216345962,3,HOT
36.2,45.2,0.20395796121404636,0.0014596403557845267,3,HOT
16.2,54.0,0.09118204996796397,-0.4386950363482397,0,COLD
18.2,36.8,-0.13997617605788773,0.12928681157262414,0,COLD
26.7,41.0,-0.1285158140740189,-0.30757462403373026,2,WARM_HUMID
21.8,32.0,-0.2854825317450157,-0.10747375373215794,1,COMFORT
14.1,43.0,-0.052029598188691586,-0.22840462609629594,0,COLD
12.2,64.4,0.18745351760950857,0.45464698392210834,0,COLD
34.9,45.7,-0.22025331158115674,0.49464589938073983,3,HOT
22.1,40.8,0.1269941041801528,-0.012290459454050932,1,COMFORT
18.0,35.7,0.1287526849508085,0.02802076771933736,0,COLD
27.6,19.5,0.07939366987571983,-0.19907513294734697,2,WARM_HUMID
37.1,47.4,-0.08232807894483794,0.2652179542373464,3,HOT
30.1,61.0,-0.26792265205422566,-0.6254454057669424,2,WARM_HUMID
23.9,40.5,-0.06685151098521142,0.049810375198282464,1,COMFORT
17.0,75.7,-0.22547326043994026,-0.4978918333116351,0,COLD
20.7,30.5,0.1010209194237346,0.1714591243622659,1,COMFORT
19.9,37.2,-0.02587243041728521,-0.46253260735142665,0,COLD
19.5,57.7,-0.0006070701943342161,-0.5424049495410531,0,COLD
12.8,61.8,-0.03867132479483241,0.29011505500524176,0,COLD
22.4,47.3,-0.16472795756672245,0.018095816746833842,1,COMFORT
34.4,54.4,0.1316043313809713,-0.05686041695785432,3,HOT
30.8,68.2,0.0855471098467332,-0.7670950950134214,2,WARM_HUMID
27.2,61.0,0.07723253941145583,-0.5344633668394236,2,WARM_HUMID
32.8,36.0,-0.04556066462444683,-0.1969458991447421,3,HOT
21.0,24.9,0.3316864425423842,0.23282410068382642,1,COMFORT
13.8,36.7,-0.30273511671467945,-0.18471668632493096,0,COLD
33.0,79.0,0.029434003145188452,0.14731365736339097,3,HOT
18.3,66.7,0.08275203483839542,0.13870579588264154,0,COLD
24.3,39.2,-0.19352511216771853,0.46593910968571334,1,COMFORT
24.5,59.9,-0.2091568614552338,-0.4630951115579281,1,COMFORT
24.5,68.4,0.0378420329061004,-0.6091674456129504,2,WARM_HUMID
27.6,47.3,0.046626366122471265,0.7009437433739114,1,COMFORT
24.1,59.8,0.08914212232908635,-0.6970123442265972,1,COMFORT
24.5,22.1,-0.17691798116075153,-0.1088069397672816,2,WARM_HUMID
13.8,36.7,0.2039077834846116,-0.6216859337910715,0,COLD
22.2,50.6,0.2631064575490296,-0.1257526034535336,1,COMFORT
17.8,37.6,0.041730689403146976,0.8135499861564638,0,COLD
33.4,58.8,0.019906920596495684,0.10887452540460492,3,HOT
21.8,40.5,0.18490012469723566,0.13078410923849307,1,COMFORT
19.3,69.3,0.11606247810049264,0.15080922535096494,1,COMFORT
22.8,28.3,-0.09932192278791752,-0.07646534599834223,1,COMFORT
30.4,56.4,-0.03971984135195696,0.3688278708812318,2,WARM_HUMID
33.4,52.9,-0.14841715274242495,0.4472693787050559,3,HOT
31.0,21.8,-0.22951963931149977,-0.29928774336535563,2,WARM_HUMID
18.7,28.3,0.0003288858340464975,-0.20693928733763173,0,COLD
28.0,59.5,0.0164764639700716,-0.544052146828469,2,WARM_HUMID
18.9,62.0,-0.07129553995606348,0.03098337915673352,1,COMFORT
19.6,73.0,-0.052791967386108155,-0.14596465470870568,0,COLD
22.0,27.0,0.12786616688908975,-0.1339488991205865,1,COMFORT
15.4,27.7,0.2155389978991765,0.2718265590454461,0,COLD
22.4,22.5,-0.10553137381030421,-0.1923766401919738,1,COMFORT
19.1,49.8,-0.07262160045418342,0.5319340000136972,0,COLD
25.9,20.1,-0.09928170654433248,0.21130508833959324,2,WARM_HUMID
21.5,48.0,0.2167275430889712,0.06737704568263835,1,COMFORT
34.2,37.0,-0.13645405967193847,0.3903645929836341,3,HOT
14.0,39.5,-0.06652144126800418,0.13478771615647017,0,COLD
21.0,42.0,0.3444828092512458,-0.033697522360899165,1,COMFORT
29.5,67.0,0.05649848881609183,0.1893232024316096,2,WARM_HUMID
23.7,38.9,-0.11860914654191292,-0.343986509869682,1,COMFORT
24.0,45.8,0.24814804483552444,0.20837735990275258,1,COMFORT
24.8,36.0,0.07556962616261212,0.5376850947512936,2,WARM_HUMID
33.5,39.2,0.03225351913079513,-0.07358512436676336,3,HOT
21.6,37.1,0.2562020716893421,0.4836922008291682,1,COMFORT
18.4,54.0,0.28448743837294604,0.07011261340142036,1,COMFORT
21.3,48.4,-0.12294055010741442,0.4968332715940802,1,COMFORT
27.2,83.6,0.043715739613972765,-0.27142711498669314,2,WARM_HUMID
19.5,35.1,-0.1096639248892602,-0.30003968215342325,0,COLD
30.7,42.1,0.2731062884886553,0.14548083026962502,2,WARM_HUMID
13.4,62.3,0.07364205518492452,-0.3669890978500321,0,COLD
29.2,63.5,-0.13146948495351474,0.04043999425411564,2,WARM_HUMID
26.6,48.0,0.051067232511168854,-0.08994305337631846,1,COMFORT
30.7,20.0,0.17613198211383455,0.5345491665129768,2,WARM_HUMID
24.3,25.5,0.04374333759947774,-0.4428701559908773,2,WARM_HUMID
27.6,71.6,-0.06048302966368594,-0.46048689445917995,2,WARM_HUMID
34.2,30.0,0.13369555303046332,-0.08781693652400893,3,HOT
18.4,70.0,-0.17286667021633015,-0.3990626639448117,2,WARM_HUMID
22.7,54.4,-0.23834499732164532,-0.12903758747804614,1,COMFORT
24.5,20.9,0.19477677895863194,-0.6975686283316075,2,WARM_HUMID
34.2,37.0,0.031563449913163025,0.6018431905995615,3,HOT
18.7,19.0,0.016893316281925985,0.12356137814247459,0,COLD
27.5,59.6,0.27173054373608574,0.8394825362144721,2,WARM_HUMID
19.7,38.6,-0.09637982532093556,0.7375530304119253,0,COLD
13.4,52.7,-0.055309617093891664,0.16336262911663565,0,COLD
14.7,28.1,0.24173317954659196,-0.2818001203919038,0,COLD
19.8,45.3,0.02141273810196413,0.07052978631618237,0,COLD
13.4,59.2,0.06148554660593541,-0.09506973252755693,0,COLD
16.6,55.8,-0.05798279400131704,0.2389175246143639,0,COLD
19.2,36.4,0.020902681184839265,0.6734300277636946,0,COLD
21.8,59.0,-0.19135662708137247,-0.5577694970570869,1,COMFORT
33.4,58.0,0.1069497645258582,0.043220821106364334,3,HOT
19.4,30.0,0.0027864054939720213,-0.04551146116117971,0,COLD
27.8,52.0,-0.18443243916786253,-0.05270947980244748,2,WARM_HUMID
33.6,61.1,-0.09805360304943854,-0.9224451967985362,3,HOT
19.5,36.0,-0.0457207525961023,0.3227664028838478,0,COLD
28.3,67.9,-0.02112278970637273,-0.32007378268054837,1,COMFORT
25.5,54.8,0.088863151108096,0.3527299781834323,2,WARM_HUMID
19.6,62.6,0.055337580436237,0.16689204166956945,1,COMFORT
20.9,62.8,-0.150854263097729,0.07249496644002194,1,COMFORT
30.0,33.0,0.07244481604624989,-0.23978223941734852,2,WARM_HUMID
23.8,56.6,0.049822780926517415,0.24045791499913244,1,COMFORT
25.1,49.9,0.03679376139554029,0.265053021479511,1,COMFORT
18.3,32.8,0.009384593443822012,-0.36892373528920985,0,COLD
15.6,65.9,0.055496882082112044,0.3216346647437589,0,COLD
19.8,37.1,0.1442050474104624,-0.9050052574963838,0,COLD
31.5,45.4,0.21130142976609695,-0.04897653205127981,2,WARM_HUMID
22.9,62.4,-0.13826887767338927,-0.682413000080175,1,COMFORT
30.2,66.9,-0.14229153323032,0.8637136409550061,2,WARM_HUMID
17.6,59.8,-0.15269241692027255,0.9076260291787712,0,COLD
27.3,79.2,-0.0582359524134987,-0.5384715505055195,1,COMFORT
14.1,36.5,0.042676797378246735,-0.630871209491783,0,COLD
27.1,31.1,-0.21577772288170347,0.8969826272068198,2,WARM_HUMID
26.3,31.1,0.1602441017850041,0.11730730634271323,2,WARM_HUMID
25.1,35.1,-5.783251037005504e-06,0.044758727010902305,2,WARM_HUMID
22.9,45.5,0.2097462083334222,-0.7441415299101248,1,COMFORT
20.1,29.8,0.08277713709637652,0.40341344940787666,0,COLD
25.6,48.0,0.10783707558050228,-0.32747284762102086,1,COMFORT
26.5,37.0,-0.11619224550278728,0.02096923041181217,2,WARM_HUMID
25.5,53.7,0.09420200848740053,-0.3929727670818519,2,WARM_HUMID
19.5,36.3,-0.046247155381477084,0.467854583453577,0,COLD
36.0,75.0,0.0742356723705057,0.5175105340557381,3,HOT
17.3,28.8,0.025947119307361342,-0.19591852384907893,0,COLD
25.3,54.2,0.07877539698932526,-0.77804954801875,2,WARM_HUMID
34.8,43.9,0.2383599431367806,0.5604919467240748,3,HOT
39.4,32.0,-0.10651921007335349,0.5153518589430269,3,HOT
28.6,45.9,-0.02038095725456943,0.22971564627617436,2,WARM_HUMID
16.2,62.3,0.2712416985421722,-0.8757325853730503,0,COLD
26.3,41.0,-0.15976704946130588,0.07658339053003703,2,WARM_HUMID
30.2,28.5,0.08574130662106734,-0.4938239862458648,2,WARM_HUMID
28.6,60.2,0.23487688346392335,0.3075775587805765,2,WARM_HUMID
21.2,30.8,-0.24396461383748652,-0.2587922090719743,0,COLD
26.1,40.2,0.056813842911696194,-0.4179143328825678,2,WARM_HUMID
34.0,40.0,-0.127663374060524,0.05572298776468409,3,HOT
22.9,39.6,0.02441949271498688,-0.5447596683265599,1,COMFORT
34.3,15.3,0.2640942051936739,-0.13079335139078327,3,HOT
25.2,64.0,0.09848304129507446,0.05711091200780886,1,COMFORT
25.3,55.2,-0.0662317116206838,0.015699058181051623,1,COMFORT
24.0,51.8,0.24027402311688886,0.23565472579151128,1,COMFORT
18.3,45.3,-0.2107365608342975,1.0460830009007984,0,COLD
25.6,23.6,-0.13065047677836508,0.4881281958247547,2,WARM_HUMID
30.4,39.9,0.26344750249531784,-0.22705595307690266,2,WARM_HUMID
39.0,43.0,0.1825750702344966,0.3836647020543721,3,HOT
16.8,66.5,0.0898200147279378,0.4211345913623068,0,COLD
37.0,81.0,-0.2367438999581275,0.24584884552457834,3,HOT
14.4,40.1,0.05762402669512163,-0.4255994747953562,0,COLD
20.7,53.8,0.13215124895631297,-0.2141155049522984,1,COMFORT
16.4,65.4,0.04294173346228264,0.047272451300661676,0,COLD
25.3,80.9,0.015218224349903874,-0.09108083652862668,0,COLD
23.0,22.4,-0.12873240476574402,0.39000542632374363,1,COMFORT
38.2,48.0,0.06131180867740355,0.04223458346808351,3,HOT
32.9,69.6,0.09546762870389129,0.37130980838555994,3,HOT
30.5,29.9,-0.09517819851509121,-0.25226419057325783,2,WARM_HUMID
32.6,45.5,-0.3149073346452546,-0.3328511317079883,3,HOT
11.6,69.7,0.1348134932405422,0.31171263795335397,0,COLD
33.6,40.8,-0.19157172108172232,-0.4834942062160765,3,HOT
29.6,29.0,0.06099330513340111,0.20212861491560058,2,WARM_HUMID
18.5,36.7,0.06607196960808255,-0.27059376481331093,0,COLD
35.7,21.0,0.015438029997323847,0.9803850752564607,3,HOT
21.9,44.3,0.0706602249320475,-0.19355504418363195,1,COMFORT
33.5,46.8,0.07991363246060205,0.3850153418608153,3,HOT
15.4,56.5,-0.09430053705462906,-0.6233922053199805,0,COLD
24.5,46.7,0.06459978501220423,-0.11454838022645308,1,COMFORT
29.4,48.8,-0.12983650215111503,0.020193250728387645,2,WARM_HUMID
30.6,56.8,0.18952969370992823,0.5638976141066631,2,WARM_HUMID
31.1,43.9,-0.1406294336997218,-0.594158045449153,2,WARM_HUMID
36.4,43.8,-0.2312908258544319,0.30184350438008567,3,HOT
24.3,23.4,-0.03488781159661042,-0.05658096311008984,2,WARM_HUMID
18.3,36.2,0.2697986191847936,0.14405437608488234,0,COLD
18.2,41.0,-0.07161093473967241,-0.6717159615506951,0,COLD
25.2,59.7,-0.2856831755907094,0.9042732672149637,1,COMFORT
19.5,39.3,-0.07173489117876426,0.3684586278735229,0,COLD
31.9,30.5,-0.056115679134587974,-0.24227468107237404,2,WARM_HUMID
21.7,57.0,0.11649937418829664,-0.17876328264701066,1,COMFORT
22.4,66.8,-0.12020284220204178,0.26395479762492596,1,COMFORT
28.1,64.9,-0.11243889837644493,-0.18742986599126465,2,WARM_HUMID
14.0,31.1,0.001935614059608838,0.05815469602778598,0,COLD
29.3,76.4,0.3280970340130235,-0.26323569058764335,2,WARM_HUMID
19.2,37.6,0.10613877329619294,0.27378225269579487,0,COLD
20.2,87.0,0.017416607209343783,-0.364111804262514,0,COLD
32.0,61.9,0.07836678163900414,0.4297647024494813,3,HOT
25.0,30.4,-0.14966344186604014,-0.4707601901803049,1,COMFORT
32.1,38.6,-0.25936965595003497,0.8616001552165315,3,HOT
30.0,56.0,0.21526310988333533,0.08133228310907174,2,WARM_HUMID
22.1,31.9,-0.3192022069393279,-0.3728177536371909,1,COMFORT
35.0,62.0,0.26146428567674,-0.415115296593637,3,HOT
23.3,55.0,-0.24221634619365687,0.25360977072221774,1,COMFORT
25.4,33.0,-0.3158470412760487,-0.5132474346498269,2,WARM_HUMID
28.2,16.7,0.18385051421722343,-0.128938127246386,2,WARM_HUMID
23.0,81.7,-0.1268043306570332,0.05042006439687002,3,HOT
24.2,28.8,-0.04082568404697281,-0.2501416507285625,1,COMFORT
29.9,43.2,0.20653326805750497,0.4297180951682932,2,WARM_HUMID
37.0,81.0,-0.14569166637726327,0.05556430157108949,3,HOT
11.0,64.0,-0.06234206257675872,-0.12165945801273506,0,COLD
30.8,73.9,0.21326086267828054,-0.6232596120637179,2,WARM_HUMID
31.4,64.8,-0.13836653154809075,-0.3591906310347662,2,WARM_HUMID
22.0,41.4,-0.16725078168407803,-0.16084116681431407,1,COMFORT
19.2,43.6,-0.026306952648147086,-0.027617562459062963,0,COLD
28.4,38.9,0.25775459936458134,0.062200469824729814,1,COMFORT
23.4,63.8,-0.07864294501093093,-0.26790456751761,1,COMFORT
26.4,39.9,-0.14434735391853337,0.16458337752647637,2,WARM_HUMID
11.6,54.6,-0.04440802466099402,-0.016700081346052026,0,COLD
19.0,37.0,0.08978926371665882,-0.55292309055348,0,COLD
23.5,60.2,0.06651366542744398,-0.005964235310378279,1,COMFORT
18.4,65.7,0.2992158324188052,-0.03290298561534055,0,COLD
28.9,62.0,0.29887730297521775,-0.1533503832258848,2,WARM_HUMID
20.6,31.7,0.09263565754772562,0.032054318358704384,0,COLD
24.3,28.2,0.07122024260096525,0.43893685394038817,1,COMFORT
17.4,58.4,0.019687058949081317,-0.259704284582694,1,COMFORT
31.0,71.5,0.04946061723391823,0.47166089688803253,2,WARM_HUMID
30.6,63.4,-0.18469362202585546,0.024867439733546395,2,WARM_HUMID
23.8,61.8,-0.36928648056613167,0.2674918001648345,1,COMFORT
18.6,68.8,0.13525930457104107,-0.11226941673319896,1,COMFORT
26.3,57.8,-0.07387715526755223,-0.005600612010884109,2,WARM_HUMID
31.0,41.6,0.1277207796295885,-0.06486050228855234,2,WARM_HUMID
26.1,27.0,-0.03364784563171572,-0.43319512241842234,1,COMFORT
30.3,31.2,-0.10757728510837071,0.9216410717210155,2,WARM_HUMID
32.0,67.0,-0.03343379723167548,-0.11298349257884109,2,WARM_HUMID
27.6,42.0,0.05972208976838057,0.198854883807491,2,WARM_HUMID
25.5,44.1,-0.08308642667602607,-0.5032489310099458,1,COMFORT
26.8,44.6,-0.012410311396064341,0.06412825513482805,1,COMFORT
16.7,44.2,-0.17557723951933632,0.4886360582485457,0,COLD
20.4,44.5,0.16662832768432256,-0.19773937854166304,1,COMFORT
23.0,61.3,0.18202939483111522,0.7871876976160628,1,COMFORT
21.7,19.1,-0.2875010789673233,0.10203429649601144,0,COLD
24.8,41.8,0.15087670513211726,-0.4407434007317737,1,COMFORT
30.2,75.1,0.08434450797273983,0.21835622914558384,2,WARM_HUMID
30.0,38.9,0.2144799823605846,-0.04820709777440208,2,WARM_HUMID
10.8,74.2,0.11249075894172578,0.3902430857305892,1,COMFORT
15.4,57.0,0.045964062883222946,-0.40082219761311466,0,COLD
23.4,73.3,0.05311833279725223,0.6489325238738742,1,COMFORT
20.7,31.4,-0.3256375196583781,0.30173017312628553,0,COLD
25.1,41.2,-0.02417589661059942,-0.3528560336007784,1,COMFORT
33.0,62.0,0.1250887352837348,1.0640254236528806,3,HOT
22.5,50.8,-0.00463427607088494,-0.207784976523589,1,COMFORT
26.1,60.8,0.3906540644273409,-0.002480517185774217,1,COMFORT
26.2,49.8,0.10393088317650112,0.5796764440043178,2,WARM_HUMID
25.7,46.6,-0.18815023128933864,0.2548332132079517,1,COMFORT
23.8,47.0,0.19761017544859777,0.18553356174438385,1,COMFORT
26.0,40.0,0.208531132352597,-0.21366401364963125,2,WARM_HUMID
18.5,37.3,-0.1190189594825207,-0.6441775083811395,0,COLD
36.2,43.7,-0.04543461371195274,0.2291488136937883,3,HOT
19.9,38.8,-0.23501969362274752,0.2880183760041356,0,COLD
16.2,43.7,0.0874889790314998,-0.22011790510318516,0,COLD
24.7,67.8,0.30829464862448935,-0.5944686590188811,2,WARM_HUMID
37.0,43.0,0.10251258468583371,-0.957780379836367,3,HOT
22.7,55.2,-0.019073789531232642,-0.07054333399155478,1,COMFORT
22.2,26.3,0.1015083740959427,0.10690911867626716,1,COMFORT
29.9,66.1,0.012538881294811649,-0.16910352983039983,2,WARM_HUMID
24.5,60.1,-0.0674028622528677,0.16399918124824778,1,COMFORT
21.3,56.5,0.16609094580057063,0.37046252830510684,1,COMFORT
19.6,40.2,-0.14340878275250918,0.14323174505635736,0,COLD
30.7,22.5,0.042043693794886046,0.6519527258171673,1,COMFORT
17.1,58.0,0.06751833956330228,0.2926479787989315,0,COLD
17.3,46.8,0.08181822515862941,0.060223496296774495,0,COLD
24.5,34.4,0.14143413533540516,0.4878341317367772,2,WARM_HUMID
37.5,45.0,-0.05433625466360694,-0.0674421158871506,2,WARM_HUMID
29.6,67.9,0.05537417424778651,-0.15037592554602308,2,WARM_HUMID
34.4,34.0,0.14333908352556002,-0.34556843265097437,2,WARM_HUMID
29.1,47.8,0.07334842959900674,0.1743366335154939,2,WARM_HUMID
23.3,67.9,0.06722869683477727,-0.10543913595888395,1,COMFORT
31.6,71.0,-0.0357366452847681,-0.2722789323080431,2,WARM_HUMID
29.2,75.8,0.005635028806087848,-0.3394930360121031,1,COMFORT
19.1,80.0,0.28536448207067966,-0.3453530224621393,0,COLD
30.1,33.1,0.26977201307071763,0.537619122303807,2,WARM_HUMID
36.2,50.0,-0.06044381032366188,0.004059742686964978,3,HOT
21.0,30.7,-0.3199776641442216,0.29692717490866544,0,COLD
30.8,31.0,0.009722626814875424,-0.3950065834343009,2,WARM_HUMID
28.7,67.0,-0.026153138685425376,0.3326418025235818,1,COMFORT
28.0,61.0,0.07101111235686997,0.3549444908835294,2,WARM_HUMID
30.4,63.6,-0.17533383203723962,-0.17824331037490654,2,WARM_HUMID
33.2,61.0,-0.07652040921422829,0.5303956737348458,3,HOT
25.0,26.5,-0.14065150750873062,-0.9458044130281181,2,WARM_HUMID
20.9,30.5,-0.11496996465296816,0.7097096520297129,0,COLD
24.2,33.6,0.050967453320884516,0.0778137559053267,1,COMFORT
17.3,46.0,-0.20069375236588263,-0.05083930227405125,0,COLD
21.6,46.1,0.053069476198798385,-0.0063959732376355554,1,COMFORT
30.5,54.6,-0.4177798172934765,0.14033591617962723,2,WARM_HUMID
19.6,46.8,-0.09643874622624739,0.4426731463528665,0,COLD
25.1,46.0,-0.04929277136234769,0.017482805194971807,1,COMFORT
25.3,64.8,0.17525450267239137,-0.15490757300313068,1,COMFORT
18.8,36.0,0.2015319759933077,0.2630211719958303,0,COLD
29.8,78.1,-0.039784312833705315,0.5318521394369499,2,WARM_HUMID
22.0,43.4,-0.1333644365544829,-0.5296478037833364,1,COMFORT
28.5,48.0,0.0010594737942264678,0.01123308598565623,1,COMFORT
30.3,29.0,-0.035387479396818584,0.04766588626492687,2,WARM_HUMID
22.5,26.5,0.11297349163292993,-0.5328362422794702,1,COMFORT
31.7,69.4,0.30028836888725413,-0.1657055994952041,2,WARM_HUMID
35.1,23.0,-0.10921156467829816,-0.10077514271181916,3,HOT
18.5,33.1,0.09203042659248369,-0.1274333009662424,0,COLD
18.9,62.0,-0.022490961870325454,-0.7237533147825662,1,COMFORT
28.9,59.5,-0.13593008910598128,-0.5750163697198016,2,WARM_HUMID
25.0,64.0,-0.04946147383048017,0.2146857592452352,1,COMFORT
30.9,70.6,0.2507489154972917,0.3018403380374148,2,WARM_HUMID
22.2,25.9,0.20691190795392794,-0.5990535911899475,1,COMFORT
25.2,38.0,-0.08709724538309266,0.38729971998473917,1,COMFORT
37.0,39.0,0.3448784985987812,-0.8124170699693641,3,HOT
17.1,31.0,-0.18973332661540626,-0.568778100697893,0,COLD
22.4,26.4,-0.2694474547238243,0.4513797102185444,1,COMFORT
20.3,32.9,0.02182888173104613,0.49623692872610836,0,COLD
22.6,39.9,-0.04928856815905641,-0.09421937090418538,1,COMFORT
18.0,36.5,-0.2597486285958982,0.7808107640231912,0,COLD
11.6,55.6,-0.14497469973685836,-0.31467846412682293,0,COLD
30.2,40.0,0.11120867113115158,-0.2495481545912564,2,WARM_HUMID
27.7,49.6,-0.08532190385413178,0.09511334153011711,2,WARM_HUMID
24.7,63.3,-0.08283758942066766,0.06642999963418582,1,COMFORT
11.6,53.2,-0.013129869270492653,0.619450362695422,0,COLD
17.1,31.0,-0.27594568088434546,0.12550300263165562,0,COLD
20.6,32.9,0.15474346693074603,0.29871229949182737,0,COLD
12.8,48.8,-0.23098894814296878,0.3070588517035733,0,COLD
12.5,78.0,-0.29835512942569437,-1.0861980610359971,3,HOT
18.7,65.3,0.06493905980567362,0.17132338375429934,0,COLD
24.9,60.7,0.201988930420022,0.45944432598467455,1,COMFORT
19.3,37.2,-0.15027221933435828,0.9967991527427144,0,COLD
32.7,69.3,-0.09668403874382143,0.2324005494738891,3,HOT
23.4,25.6,0.03507846157256558,-0.38108986080488627,1,COMFORT
24.7,24.1,-0.008384469992039326,0.1582285988169474,2,WARM_HUMID
22.0,22.4,0.05062834922517862,0.3403429475221722,1,COMFORT
28.3,87.5,-0.09711390861692294,-0.05463837950649987,2,WARM_HUMID
23.0,30.2,0.03979527682337026,-0.4475278743498975,1,COMFORT
26.5,70.6,0.12293841006429906,-0.04820066011919724,1,COMFORT
21.0,44.1,-0.04981782154220427,-0.18798724981875312,1,COMFORT
19.6,29.9,0.20090941836587356,0.41627313854961207,0,COLD
33.9,25.3,0.3090659681568897,0.20094306879433765,3,HOT
20.2,35.1,-0.2151068790979653,-0.3395693645008251,0,COLD
18.4,25.5,-0.014041353504954975,0.101132777738041,0,COLD
29.6,35.0,0.35915428508736763,-0.48871698211341874,2,WARM_HUMID
19.4,38.5,-0.01647961846529035,0.053431735495641175,0,COLD
35.2,55.0,-0.13848498691663563,0.07386752553958473,3,HOT
37.0,46.3,-0.14457628156504257,0.002544097485788446,3,HOT
26.6,32.3,-0.2112647235552541,-0.24853073472697998,2,WARM_HUMID
24.1,65.3,-0.004349213405102095,0.14624306724831704,1,COMFORT
18.5,36.6,0.23864120378311576,-0.14996768251421214,0,COLD
27.8,77.0,-0.06557763751937414,0.020629974529375306,2,WARM_HUMID
22.9,50.5,0.2420660831911181,0.144837401109319,1,COMFORT
27.7,86.0,-0.21422536210717616,0.6304585366279843,2,WARM_HUMID
18.7,42.9,-0.004539458639547863,-0.02748311352629574,0,COLD
26.0,24.2,-0.004519076160193412,0.06465931712543917,2,WARM_HUMID
17.2,36.8,0.19832685487184998,0.2993614623452566,0,COLD
27.4,54.6,0.2637948324184692,-0.1316473839840235,2,WARM_HUMID
25.5,53.7,0.16602993673644992,0.42492373083289836,2,WARM_HUMID
20.4,31.8,0.0013590080635132765,-0.6675430201734043,0,COLD
18.3,38.3,0.2505032982480337,-0.2714792457735785,0,COLD
20.2,30.2,-0.19036525825979747,0.5146495246703301,0,COLD
26.1,48.5,-0.08222443184102232,0.07448796391560882,1,COMFORT
34.0,46.0,0.28835828212463566,-0.18531023848207726,3,HOT
25.8,48.4,-0.12542806718074873,-0.41596149101165303,1,COMFORT
15.4,57.0,-0.03172530102753104,-1.142625315309776,0,COLD
24.1,62.7,-0.19145894933920818,-0.29436067409044114,1,COMFORT
32.0,61.9,-0.14859811162488576,0.7498777101877195,3,HOT
27.0,38.0,0.20604878177444366,0.05404576416488524,2,WARM_HUMID
25.3,26.0,0.09332175277659238,0.008401614259214747,2,WARM_HUMID
30.3,46.0,0.0253039117214088,0.27175857976465084,2,WARM_HUMID
25.0,51.8,0.029534131938302066,0.828159326727964,1,COMFORT
21.7,43.2,-0.07146750928916143,-0.4330936461082672,1,COMFORT
16.5,61.0,-0.08197817410628681,0.4468781287369316,1,COMFORT
31.4,67.0,0.20307008172178245,0.16802634298525754,2,WARM_HUMID
20.5,60.4,0.06350655913230312,-0.00035876121089754463,1,COMFORT
29.2,38.0,0.1874428357945,0.12113936469502301,2,WARM_HUMID
27.2,60.8,0.23322962070215092,-0.6691167396599821,2,WARM_HUMID
19.6,73.0,0.05196263605697192,0.40002971559281647,0,COLD
29.6,67.0,0.17283204946030029,-0.006335695288917524,2,WARM_HUMID
35.1,41.8,0.14304731682473334,0.5599510564330065,3,HOT
24.4,51.7,-0.10642592321650725,-0.5278932901541458,1,COMFORT
30.1,18.0,-0.18794996357525906,-0.050242810592881895,2,WARM_HUMID
22.7,20.9,-0.14767103300592968,0.25719726585922875,1,COMFORT
29.8,64.4,0.04917280737239758,-0.0069111621394255425,1,COMFORT
23.0,45.7,-0.04683497646571068,-0.003903151904260264,1,COMFORT
22.8,19.7,-0.16462720051577528,-0.0015574078941163751,1,COMFORT
17.0,34.8,0.2352299535791229,-0.6747693358433893,0,COLD
23.2,24.2,-0.07733456656511133,0.7576302700675566,1,COMFORT
26.9,59.7,-0.04122451542654253,0.16336067729120468,2,WARM_HUMID
26.4,66.4,-0.2143796883934286,0.6974438638704336,1,COMFORT
31.0,75.8,0.07039809966979567,-0.09034124953808395,2,WARM_HUMID
20.7,71.6,-0.09216707962631146,0.41291122122475654,1,COMFORT
28.7,60.0,-0.2974876260490047,-0.31064178910362644,2,WARM_HUMID
29.2,39.2,-0.001085597017430342,0.15998648416132333,2,WARM_HUMID
15.7,72.0,-0.002839729960416018,0.7074924668723725,0,COLD
38.2,20.2,-0.021171047916575373,0.18668440725851063,2,WARM_HUMID
15.8,38.7,-0.049781720954059784,-0.7164944837099094,0,COLD
19.5,57.7,0.02583246130179811,0.15206775756690982,0,COLD
28.1,53.2,-0.11872884135848069,0.29631970826078274,2,WARM_HUMID
27.0,42.6,-0.028604933902338526,-0.05260722998436049,2,WARM_HUMID
30.9,37.0,-0.10719919848571606,-0.6008426019039471,2,WARM_HUMID
36.0,75.0,-0.10782437426168179,-0.07781230962383365,3,HOT
33.5,44.2,0.11738377753643384,0.11023608641682175,3,HOT
20.4,54.6,-0.09125695263838877,-0.2570472298161734,1,COMFORT
27.3,37.6,0.10298647567663756,0.7220978560580218,2,WARM_HUMID
15.0,48.0,-0.09128877083539177,-0.5249531332958327,0,COLD
25.8,57.7,-0.257510311180317,-0.016683040664726565,1,COMFORT
27.5,41.5,-0.0022459542840378654,-0.08545996817916245,2,WARM_HUMID
31.5,35.8,0.10476794619677735,0.2555649451787454,2,WARM_HUMID
21.7,60.1,0.23950359295470355,-0.11996784811633616,1,COMFORT
19.4,29.9,0.0220957820952668,-0.3561310250816945,0,COLD
14.6,48.3,-0.038900415680702786,0.03881700407442558,0,COLD
15.7,66.1,-0.12976325913729206,-0.09669296367797874,0,COLD
24.5,23.5,-0.03089644179450695,0.2912282556041977,2,WARM_HUMID
21.6,66.1,0.0419851658416394,-0.21368628536805337,1,COMFORT
22.0,55.4,-0.041787708563507206,-0.7233181774567106,1,COMFORT
29.7,49.0,-0.06864767783363349,-0.3808468887556313,2,WARM_HUMID
34.6,58.8,-0.09357603730308905,-0.40955147025955024,3,HOT
23.6,56.3,0.004743296086537166,0.4421446952778627,1,COMFORT
28.8,56.4,-0.06746982837846438,0.03379535455203507,2,WARM_HUMID
32.5,44.2,0.24600684427457706,0.24725097514348893,3,HOT
17.9,57.5,-0.132389592921527,-0.21434214106609029,0,COLD
30.8,30.0,-0.12695395798304593,-0.03476455518566565,2,WARM_HUMID
19.7,31.5,0.037281765767848085,-0.7041454669105242,0,COLD
18.7,44.0,-0.006438298254148252,0.13863012808515338,0,COLD
19.7,51.1,-0.03809917935806962,0.3612074420374102,1,COMFORT
14.6,49.8,-0.14609423331532198,-0.17464747893330257,0,COLD
11.6,69.7,-0.15137155347570086,0.235958085720122,0,COLD
21.2,30.8,-0.14878072150302912,-0.6399727492612247,0,COLD
33.5,89.0,0.16933299512885217,0.16517424603961303,3,HOT
29.5,57.0,-0.20689788420217908,0.3398473247319713,2,WARM_HUMID
32.0,61.9,-0.14859811162488576,0.7498777101877195,3,HOT
21.7,47.8,0.039616895090750615,0.6709250199100398,1,COMFORT
19.8,32.8,0.11838337485907091,-0.19865796341228695,0,COLD
24.8,41.2,0.004442638100109243,-0.11180548625114782,1,COMFORT
20.2,37.2,-0.15495289917430988,0.10091778198352191,0,COLD
31.6,72.5,0.27053357932330063,-0.21838365470129026,2,WARM_HUMID
24.9,39.8,0.09631815058148759,0.2451780954282361,1,COMFORT
35.2,54.6,-0.0896991421437858,0.30921432608225613,3,HOT
20.8,29.6,-0.0849998408113444,-0.5544818262764902,0,COLD
23.1,28.3,0.05997883265563119,0.3662552751983576,1,COMFORT
24.5,22.9,0.12078136937438744,0.49087556567985824,2,WARM_HUMID
28.9,51.0,-0.09526332360924407,0.6499192739200774,2,WARM_HUMID
24.9,47.2,0.0632377084883339,-0.7253460648996796,1,COMFORT
34.4,39.0,-0.06823765300036382,-0.6463480902740877,3,HOT
22.5,27.1,0.13599750121849136,0.08916471837994859,1,COMFORT
23.7,29.6,-0.20517379464259414,0.6174465871157077,1,COMFORT
18.7,42.9,-0.004539458639547863,-0.02748311352629574,0,COLD
24.9,35.4,-0.1042925533267043,-0.386303982644677,2,WARM_HUMID
27.5,64.0,-0.18289266997832906,0.10345763371101109,2,WARM_HUMID
27.4,47.0,-0.06300415909412438,-0.04912574269929146,1,COMFORT
16.2,69.7,0.003431351044638996,-0.7695136371228078,0,COLD
28.2,50.0,0.10621630150328856,0.2787340330472496,1,COMFORT
12.5,78.0,-0.29835512942569437,-1.0861980610359971,3,HOT
35.6,36.0,0.27533207828659795,-0.2657661201766273,3,HOT
26.7,34.2,0.16172038952262932,-0.25714954886691405,2,WARM_HUMID
22.8,45.0,-0.0995970419562693,0.46953480199113734,1,COMFORT
36.4,46.3,0.13973736198423678,0.11854693078041074,3,HOT
26.4,55.5,0.10548273822851159,-0.11502476719911059,1,COMFORT
24.2,71.6,-0.14136136455649617,-0.8044578282905637,1,COMFORT
25.8,32.6,0.27542263366704994,-0.2801268873352965,2,WARM_HUMID
22.3,56.9,-0.14156494233002456,0.3315043296334131,1,COMFORT
17.8,55.6,0.1592062126044923,-0.16289009263379994,0,COLD
21.5,64.3,-0.3071448823996589,-0.12274526487674903,1,COMFORT
17.7,50.5,-0.14884045696919923,-0.47838409864950027,0,COLD
13.5,51.5,0.4019443040850004,-0.4063665072107123,0,COLD
18.7,42.9,-0.004539458639547863,-0.02748311352629574,0,COLD
30.9,68.5,0.11295061188066971,0.13646394235184353,2,WARM_HUMID
31.2,16.1,0.1763181018508702,0.3935681053551241,2,WARM_HUMID
23.4,52.6,-0.1027494225189589,0.42333355623630786,1,COMFORT
28.0,28.1,0.11280116166563497,0.08428376835933868,2,WARM_HUMID
18.0,50.8,-0.01728667072993813,0.0264932563358046,0,COLD
26.8,29.6,0.31872922464001485,-0.25472403897606505,2,WARM_HUMID
26.5,34.6,0.025619835590070358,0.30510879877702846,2,WARM_HUMID
36.8,39.0,-0.3425389594527772,0.3249186864691793,3,HOT
14.0,52.7,0.22549263863506172,1.0128324364285426,0,COLD
20.3,31.1,-0.035139568420093636,-0.17252976023305178,0,COLD
27.3,43.4,-0.23623199811941017,-0.12806681183958465,1,COMFORT
28.0,36.0,-0.31133820136178,-0.3542303715993458,2,WARM_HUMID
14.6,69.7,-0.003301171563477349,-0.27923064351637694,0,COLD
31.0,28.0,0.06662974909360078,-0.3382197100551515,2,WARM_HUMID
36.4,23.5,0.16179779189395888,0.8714845219748195,3,HOT
21.0,64.1,0.10547344746294263,-0.23699735917345863,1,COMFORT
22.1,38.7,0.1681333541533833,-0.273097403822665,1,COMFORT
35.6,38.0,-0.14001320958008873,0.20398351058916886,3,HOT
16.8,48.3,0.16120667740894992,0.1422909213691245,0,COLD
31.4,15.7,0.3054873535008121,0.005031860894284057,2,WARM_HUMID
17.2,73.9,-0.11376958843962974,0.28980796828845246,0,COLD
29.0,79.0,-0.24394138080604957,0.13316571190627247,2,WARM_HUMID
22.5,62.1,-0.08200708632383269,-0.7759142853603228,1,COMFORT
20.0,30.5,0.13254101789912534,-0.612933237561326,0,COLD
29.1,56.5,0.06403603374756901,-0.11313370120154492,2,WARM_HUMID
24.4,54.9,-0.19591545923645745,-0.09453857813372782,1,COMFORT
22.7,43.2,0.032985057110314735,-0.12198235628780801,1,COMFORT
22.5,51.7,0.23714196479312555,-0.5557519986943091,1,COMFORT
24.7,58.4,0.04554478663262438,-0.3687107316528173,1,COMFORT
23.7,29.1,-0.17822004597429283,0.7403300094669962,1,COMFORT
25.4,44.8,-0.042429295315038196,-0.7131577897271331,1,COMFORT
15.4,56.5,-0.04893505566620394,0.3363655192165749,0,COLD
10.0,68.0,0.1682925737872837,-0.17870201067156355,0,COLD
28.9,39.1,0.19354092181097302,0.04689321655899472,2,WARM_HUMID
24.0,54.4,0.06544257573975894,0.15196137429901657,1,COMFORT
30.8,54.3,-0.02387574895725686,0.11350818184395323,2,WARM_HUMID
16.5,54.0,-0.002411082924311187,0.4813751619164026,0,COLD
33.4,58.0,0.0734061841841877,-0.17036928919343566,3,HOT
26.3,67.2,-0.028920809532725626,0.21155411330746046,1,COMFORT
29.6,76.5,-0.12345599668236602,0.5515633725654457,2,WARM_HUMID
27.4,42.0,-0.1682626654283832,-0.1032933765380161,2,WARM_HUMID
12.8,58.3,0.15989474934126477,0.1629513478706987,0,COLD
19.6,22.8,0.18784199182738381,0.4192877990661763,0,COLD
18.2,35.5,0.19283733515425192,-0.39287897749779366,0,COLD
19.1,49.6,-0.08393865298714451,-0.07947432588853022,0,COLD
23.9,50.1,0.2144684730008123,-0.12163781361357391,1,COMFORT
16.2,34.5,-0.19736846244200276,-0.5424165994441597,0,COLD
11.6,56.0,-0.12233207125427985,0.24020807580909362,0,COLD
31.7,34.0,0.21904166284721846,0.019348737336728025,2,WARM_HUMID
26.0,57.7,-0.21004130803148213,-0.5878272697753515,1,COMFORT
20.1,29.8,-0.2229671456850625,-0.2500633757906044,0,COLD
19.4,36.1,-0.1994698502525776,-0.2993669572718518,0,COLD
27.7,38.7,-0.07976635514424558,-0.6279224582943614,2,WARM_HUMID
29.3,84.4,0.108821557336044,0.4432116831491983,2,WARM_HUMID
31.7,71.6,-0.25314928192002933,0.17757690923875744,2,WARM_HUMID
17.5,42.7,-0.2586092716302053,-0.18543254207214088,0,COLD
18.3,63.2,-0.15051507161373434,-0.14394598899102354,1,COMFORT
22.6,39.5,0.38970194454344403,0.13664952198025168,1,COMFORT
21.2,30.8,-0.03214920992173706,-0.35607734333639357,0,COLD
22.3,57.5,0.039200430768290336,0.36688245929693114,1,COMFORT
23.3,48.9,0.11959325989818342,-0.3066129760652103,1,COMFORT
22.7,20.6,0.157471678706763,0.5429246656565389,1,COMFORT
20.2,37.7,0.11731730608105276,0.060786962072623844,0,COLD
16.0,52.0,-0.42695614744902205,0.030174399262477176,0,COLD
22.9,43.5,-0.08799236033396286,-0.005691786639813,1,COMFORT
22.1,39.6,0.04405590765251365,0.15244079398804922,1,COMFORT
27.2,61.0,0.04865103150223023,-0.454930412526043,2,WARM_HUMID
21.7,19.3,0.10790367354819627,-1.0591045392658762,0,COLD
30.2,57.0,-0.1446300107134867,0.10335136498331852,2,WARM_HUMID
34.6,58.8,-0.09357603730308905,-0.40955147025955024,3,HOT
27.2,26.5,-0.15369929204225347,-0.8957285790227634,1,COMFORT
34.8,43.9,0.2383599431367806,0.5604919467240748,3,HOT
26.0,55.3,-0.047864061876304494,-0.3415419817500761,1,COMFORT
24.7,39.8,-0.07714034573559612,-0.09285170694059337,1,COMFORT
26.6,36.2,-0.30711557786561255,0.07989076268914617,2,WARM_HUMID
25.9,64.0,0.17442578663024788,-0.17948247352749047,1,COMFORT
17.5,37.5,0.03237739955557473,-0.3368778803170976,0,COLD
19.9,38.4,0.12721307382013866,-0.2568379336856856,0,COLD
34.8,46.1,-0.192669234938165,-0.4414532113530252,3,HOT
21.7,68.2,0.30641063272425956,-0.02583551486962439,0,COLD
27.5,49.9,-0.03921260715978495,0.06128192694011524,2,WARM_HUMID
22.1,23.8,-0.11033556689709825,-0.36607753531392356,1,COMFORT
27.5,50.0,-0.15769839396276697,-0.01900058401857596,2,WARM_HUMID
22.8,64.9,0.19254476902549678,-0.7993382487870438,1,COMFORT
24.0,40.6,-0.014233608078952013,-0.7831098476061099,1,COMFORT
34.8,53.9,0.05907402294442167,0.17389040396323355,3,HOT
23.9,34.3,-0.09134972927281712,0.2969700048136522,1,COMFORT
22.5,37.4,-0.15544609766068768,0.42187591018336335,1,COMFORT
17.5,65.2,-0.007129844255883318,-0.4065492291937816,0,COLD
32.2,53.0,0.2092379115516024,-0.3397718918242272,3,HOT
30.7,30.1,-0.09520838320186457,-0.25094629278674957,2,WARM_HUMID
28.9,55.0,-0.068832639430341,0.1663271883300218,2,WARM_HUMID
23.9,34.8,0.30681597043456843,-0.4886907645021724,1,COMFORT
25.4,53.6,0.07799028874307323,-0.04632579913255266,2,WARM_HUMID
35.2,55.3,0.19384406203270613,0.08525513335051749,3,HOT
17.1,50.1,-0.05529290486785494,0.0552460366533472,0,COLD
33.4,61.0,0.13782069700535354,-0.47299209174616613,3,HOT
18.3,33.0,-0.07342004930129861,0.5586796541443698,0,COLD
33.2,52.9,0.007606309341835683,0.08751680126772443,3,HOT
24.5,56.8,0.20141214049751485,0.2261066154927261,1,COMFORT
34.4,42.0,-0.2640197048120301,0.07558595661033916,3,HOT
22.5,49.6,0.2343740242675048,0.1869458871666403,1,COMFORT
35.4,28.8,0.07421899235028115,0.11209727829920642,3,HOT
34.2,50.4,0.08688342226162638,0.5256458351237003,3,HOT
32.4,46.0,-0.40632467462286526,0.3624049212623314,3,HOT
32.1,36.5,0.13492128777272644,-0.2115918321566853,2,WARM_HUMID
16.0,70.0,-0.058653947664833256,0.4130827240135646,0,COLD
29.9,68.0,-0.044644859401936667,0.1341256460706994,2,WARM_HUMID
17.7,41.1,0.051790576441843324,-0.8782733894586443,0,COLD
19.3,35.2,0.22065432302023533,0.28546247744233416,0,COLD
26.5,38.1,0.28772956723631815,-0.3647133721202909,2,WARM_HUMID
32.3,64.0,0.26284056651354337,-0.1250893689178543,2,WARM_HUMID
26.3,84.2,-0.2611345739490778,0.20510240712297959,0,COLD
26.9,58.0,0.1496816577902858,0.32088484807611967,2,WARM_HUMID
18.3,54.2,0.007914724241145412,0.7150406154735016,1,COMFORT
32.2,65.7,-0.0045551682187192685,-0.27735169463504894,3,HOT
26.9,35.9,-0.09238664750715944,0.40524996156620063,2,WARM_HUMID
19.1,37.4,0.11490219830354292,0.040567010307156294,0,COLD
22.2,24.1,0.13534886416955788,-0.47161490632487757,1,COMFORT
23.9,26.9,0.03947692864819844,-0.03866497749142542,1,COMFORT
32.1,15.6,-0.15990482574415207,0.284876954818821,2,WARM_HUMID
11.6,62.7,0.07974133532010717,-0.02968987558502097,0,COLD
19.5,41.0,-0.21432992256744934,0.5417606881181627,0,COLD
26.8,31.0,-0.039877411962918864,-0.1379095936430112,2,WARM_HUMID
20.8,42.4,0.08637512403067245,0.5510562858301137,1,COMFORT
22.8,40.5,-0.2782875809328995,0.6334818496762626,1,COMFORT
26.6,30.9,-0.12594546932336476,0.11803920799357714,2,WARM_HUMID
23.9,67.0,0.07630875348449008,-0.8301155539325267,1,COMFORT
31.6,68.0,-0.10440440363058891,0.2761149413191575,2,WARM_HUMID
27.4,71.2,0.06384430705548179,-0.031151617676194274,2,WARM_HUMID
22.9,25.0,-0.13495522334810225,-0.06533284375998291,1,COMFORT
33.4,46.0,-0.045639265484404216,-0.7799630603811655,3,HOT
23.5,42.1,-0.04885417218676487,0.1416736717971513,1,COMFORT
29.0,35.0,0.13612524646790788,1.1088885945032956,2,WARM_HUMID
28.0,21.0,-0.11522913525082233,-0.0933064095210516,2,WARM_HUMID
27.7,39.8,-0.09567130392899038,0.2609299571251619,2,WARM_HUMID
16.8,45.4,0.01245572997199552,-0.06877898839533682,0,COLD
29.8,63.6,0.054857045931461755,-0.46640837888383085,1,COMFORT
35.4,49.9,-0.012156382289720056,-0.16776590885424783,3,HOT
26.0,49.7,-0.001975464886500787,0.4288833875888123,2,WARM_HUMID
20.3,39.0,-0.17390875046770218,0.13171679220899393,1,COMFORT
31.9,59.2,-0.10762890018044349,-0.42001832180838905,2,WARM_HUMID
23.6,56.8,0.14869554188616046,0.43723303296011223,1,COMFORT
16.6,42.4,0.2028059048961489,0.39676528290292623,0,COLD
22.5,41.7,-0.14644792345385566,-0.38588219445197836,1,COMFORT
32.8,36.0,-0.14426172260917605,0.3317675520107265,3,HOT
38.9,31.0,-0.12569702770139132,-0.08510569284156583,3,HOT
12.8,67.7,-0.07039748946320876,0.39978185450834935,0,COLD
26.0,72.0,0.07955038755219998,-0.19451866763439268,1,COMFORT
29.6,76.0,-0.09141517181908619,-0.09051437401815848,2,WARM_HUMID
30.9,66.7,-0.0751843511165181,-0.057145623776118516,2,WARM_HUMID
24.6,23.5,-0.1051731456426892,0.5345729530153985,2,WARM_HUMID
15.7,71.6,-0.071704684374616,-0.8430674543319852,0,COLD
33.0,68.0,0.223674960642027,0.0863995881765276,3,HOT
29.0,53.0,-0.062414678095578074,-0.108296470510258,2,WARM_HUMID
24.5,35.4,0.09461200299832818,-0.12909888115687448,1,COMFORT
31.7,54.3,0.1964486132426048,-0.9096399108123736,2,WARM_HUMID
31.3,71.5,0.1397333594924938,-0.5097337595684237,2,WARM_HUMID
33.7,55.0,0.07728390706038872,0.6166602699267257,3,HOT
19.7,37.2,0.049143932599262245,0.34093266283977147,0,COLD
31.5,34.0,0.08567691093288131,0.14609094759619243,2,WARM_HUMID
19.1,45.1,0.1184497996909254,-0.04418808102328435,0,COLD
14.6,74.9,0.021396020783449505,-0.16335268415478887,0,COLD
21.2,31.1,0.07955041784707696,-0.2733716861996491,1,COMFORT
19.9,30.8,0.1121319188679689,-0.35222001799419633,0,COLD
29.2,76.4,-0.15666542952116694,0.1690800931468589,1,COMFORT
26.8,41.6,0.04044055410948662,0.23180940714129006,2,WARM_HUMID
18.4,39.2,0.26632362738600723,-0.24336799779955542,0,COLD
36.6,43.2,0.10138293636173631,0.7292417306443678,3,HOT
32.1,46.3,0.1856565662096413,0.18181488498245774,3,HOT
19.1,46.6,-0.14211343425276882,-0.47562779675768435,0,COLD
25.8,41.0,0.23324440915886474,-0.013773271539293329,2,WARM_HUMID
19.2,59.2,0.14047256659806767,-0.0006012954732340718,0,COLD
36.9,41.5,0.27883031765290345,-0.43286688223539466,3,HOT
24.0,33.0,-0.27482427951832844,0.7693645697725803,1,COMFORT
25.2,58.1,-0.06122640464311974,-0.6280431130256765,1,COMFORT
21.4,37.0,0.02655668566497889,-0.7729635747801402,1,COMFORT
32.3,43.2,-0.016579605289399876,-0.4487746806366765,3,HOT
17.8,63.0,-0.24263458827934317,-0.2647895489293326,0,COLD
23.4,64.0,0.02529132105916688,0.3332129807388198,1,COMFORT
26.6,80.0,-0.2876363637406095,-1.05559829081567,1,COMFORT
34.5,21.9,-0.1142183335145776,0.7666414911499978,3,HOT
18.9,59.0,-0.30294327524928827,0.2838734596973338,0,COLD
35.8,38.4,0.3437657573641173,0.3235676058906325,3,HOT
19.5,36.6,-0.020783612464646974,0.3915778609003293,0,COLD
30.6,64.4,0.24033895173259306,-0.33461416157274165,2,WARM_HUMID
25.1,34.7,-0.133607297365538,-0.27597209624978686,1,COMFORT
37.0,50.0,0.0343577684862829,-0.6269810120086643,0,COLD
25.1,55.0,0.06244151836964746,0.4139611393645109,1,COMFORT
32.8,53.0,0.07017348637970519,-0.40480710274341497,3,HOT
41.8,45.8,-0.051502275164876876,0.19347623162596564,0,COLD
32.8,56.7,0.05344623240402711,0.585262239092645,3,HOT
29.8,63.6,-0.042416698488411085,-0.31094300828422095,1,COMFORT
28.1,40.0,-0.1645715474443221,0.18484198679393474,2,WARM_HUMID
16.3,58.0,-0.04464638039947443,-0.044314121238038934,0,COLD
33.5,53.8,-0.08971372329959135,-0.9773542545979685,3,HOT
31.0,45.0,0.14223913796970786,-0.19181671779124548,2,WARM_HUMID
19.6,58.2,0.053668660348274104,0.09305001002404256,0,COLD
25.8,66.7,-0.023611466652606567,-0.2843673573944868,1,COMFORT
24.0,63.5,-0.13787348620786413,-0.381085666983494,1,COMFORT
18.3,38.4,0.1318886842365126,0.3248260785270372,0,COLD
17.7,46.9,-0.035178438912147884,0.21061896609181177,0,COLD
21.4,28.4,-0.16340831361920605,0.13570857310124299,1,COMFORT
33.0,79.0,-0.13360710315590835,0.960953918638322,3,HOT
28.2,41.9,0.31165987331527584,0.305661818511379,2,WARM_HUMID
28.2,79.9,0.07808474883573481,0.280515572564477,2,WARM_HUMID
19.8,38.8,0.053770519514019434,0.1910843159113327,0,COLD
28.9,63.8,-0.15661281336219457,0.9873214934088962,2,WARM_HUMID
28.9,63.0,0.10230780985689299,0.07209078878710261,2,WARM_HUMID
22.0,49.0,0.03987828120744929,0.16932518096187996,1,COMFORT
25.6,28.7,-0.09517936252472788,0.6047217327992642,2,WARM_HUMID
24.6,32.9,-0.2619586380322403,-0.4913577499723533,2,WARM_HUMID
24.4,33.9,-0.010047973326707304,0.47117241698968837,2,WARM_HUMID
19.2,34.9,-0.17135730375591607,0.1777537208353866,0,COLD
17.9,45.9,0.005018601743711027,-0.09049027798103862,0,COLD
30.2,29.3,0.02460883150857243,0.6519753415394764,2,WARM_HUMID
37.0,63.0,0.12249679778349298,0.5346429547899504,3,HOT
24.2,32.7,0.16263889302041082,0.04168423856473252,1,COMFORT
31.6,40.0,0.05304219834323264,-0.16554065005557975,2,WARM_HUMID
19.6,73.0,0.08439256148134965,0.20780943727890377,0,COLD
28.0,75.0,-0.0010314430155407984,-0.20739702123559037,2,WARM_HUMID
36.0,75.0,-0.10782437426168179,-0.07781230962383365,3,HOT
30.9,69.3,-0.09674446357467827,0.6447188821480431,2,WARM_HUMID
26.7,45.5,-0.22752876247624776,0.1315317160977922,1,COMFORT
22.0,24.5,0.1449809713854768,0.042967038590926654,1,COMFORT
20.2,37.4,0.28185759357971507,-0.12815792614055488,0,COLD
27.1,42.0,-0.017180976787892682,-0.06914413654983294,2,WARM_HUMID
27.7,86.0,0.00872028120899344,0.798438367419381,2,WARM_HUMID
10.4,53.2,0.1373640831543151,0.7083556342477023,0,COLD
34.0,49.4,-0.09195403954273361,0.23123598185244298,3,HOT
22.3,44.1,-0.0978067870099785,0.24248417821984425,1,COMFORT
19.3,39.2,-0.18090335571121782,-0.7314183959856306,0,COLD
18.8,38.8,0.09218947013499541,0.2504616933852441,0,COLD
16.2,61.8,-0.23189310533492852,0.004924185665994389,0,COLD
23.8,23.5,0.07342539060610025,0.1694688102590762,1,COMFORT
30.7,64.9,-0.0549957751172535,-0.3313002231387402,2,WARM_HUMID
26.8,59.0,-0.06934129330575636,-0.31162893629724164,2,WARM_HUMID
17.9,42.9,0.22017756674959646,-0.7048011745193138,0,COLD
30.1,40.0,-0.014750944019212483,0.7614149603347622,2,WARM_HUMID
19.5,37.0,0.20401680157602187,0.23651024504895607,0,COLD
27.4,63.0,-0.005346222344622535,0.42866384549957104,2,WARM_HUMID
37.0,75.0,0.10849798468539436,-0.09034422459361639,3,HOT
32.0,67.4,-0.16237345137658862,-0.34423877341879455,2,WARM_HUMID
17.4,34.6,0.0816873601190442,0.2575658021941682,0,COLD
11.6,57.9,-0.14515760808622014,-0.5703609605648441,0,COLD
28.7,51.2,0.03405445796752373,-0.31964610679511013,2,WARM_HUMID
25.2,35.3,-0.07101078883416218,0.22342848358693446,2,WARM_HUMID
27.3,24.6,-0.08743942433989012,0.13334295144521816,1,COMFORT
19.5,45.4,0.019728409511723485,0.4601148875845671,0,COLD
24.9,27.6,-0.05124277001554741,0.5286571426491771,2,WARM_HUMID
22.8,23.9,-0.278608035883219,0.5274454332351256,1,COMFORT
28.5,51.4,0.03850218004352435,0.015199784507629384,2,WARM_HUMID
29.3,41.4,-0.08266664710984213,0.2778533436415925,2,WARM_HUMID
29.0,80.0,-0.0714233092703874,-0.016984238408327103,2,WARM_HUMID
24.7,30.7,0.052946786212716576,0.4387924724681517,1,COMFORT
21.4,67.8,-0.16836245156896734,0.2736991903915815,0,COLD
21.6,58.0,-0.04553464878988726,-0.4275762854269619,1,COMFORT
35.8,44.8,0.03317232452414822,-0.31632457802732183,3,HOT
24.5,49.2,-0.14862860164570413,0.1005620104446991,1,COMFORT
15.3,24.3,-0.0989617292672141,-0.2101507099127265,0,COLD
24.2,22.7,0.06442232045684719,-0.198000980802977,2,WARM_HUMID
27.6,49.0,0.12973937214402614,0.43316788558683944,1,COMFORT
18.0,20.5,0.18829847842964076,0.1798646508205166,1,COMFORT
30.0,84.0,0.07713725315560231,0.40659629884386467,3,HOT
23.2,31.6,-0.1836664597870909,-0.022970217179234143,1,COMFORT
19.8,39.5,-0.26448550483552274,0.04991152387896805,1,COMFORT
22.3,33.4,-0.06541039770695464,-0.5643401085753393,1,COMFORT
21.0,30.0,-0.003691874131933289,0.33539161695220443,0,COLD
25.5,55.6,-0.22868728666289664,0.15504790812988062,1,COMFORT
22.7,48.3,0.04667102275175635,-0.20971126009421123,1,COMFORT
16.8,44.8,-0.2677588302728483,0.2664808335597261,0,COLD
10.0,82.0,0.18516854681470366,0.5528469406217144,0,COLD
17.4,39.4,0.010903419455314976,0.15594215266271572,0,COLD
19.2,38.0,0.09275653807600497,0.7963628219903185,0,COLD
24.8,68.4,-0.07165838297337469,-0.41764617202189874,1,COMFORT
20.8,34.7,-0.004931172772865124,-0.2812697002773243,1,COMFORT
28.1,39.0,-0.058226522781184314,0.08708828091584274,2,WARM_HUMID
26.0,60.0,-0.06823888709017148,-0.09991566048144963,1,COMFORT
25.2,60.6,-0.031372247635302594,-1.0226587463798362,1,COMFORT
26.7,33.9,0.040841517181649724,0.43734573377696234,2,WARM_HUMID
38.0,70.0,0.026522521675210905,-0.3256440549807913,3,HOT
29.2,40.0,0.11362427240062282,-0.04485394324088357,2,WARM_HUMID
21.6,43.9,0.049194386058723324,0.3511055500451554,1,COMFORT
27.4,71.2,0.022957974013434596,0.17541725371892974,2,WARM_HUMID
19.1,38.9,-0.06565827779488577,0.40257524083284485,0,COLD
35.7,34.0,-0.00827730391080263,-0.23759539845447464,3,HOT
22.7,70.0,-0.1915568039126989,0.11900182005400373,1,COMFORT
19.5,44.1,-0.36909279333340966,-0.3925987993730001,1,COMFORT
25.8,59.1,0.3529072733054082,0.2721742241875775,1,COMFORT
22.8,70.0,-0.07417124077051898,-0.5114961016274467,1,COMFORT
28.6,57.0,-0.034408611610204164,0.17710226831254341,1,COMFORT
20.3,31.3,-0.23421483894725734,1.355643207085146,0,COLD
16.9,53.1,0.21757769608053668,0.9087554505661913,0,COLD
24.8,16.1,0.11722049644059436,-0.5605349365201717,2,WARM_HUMID
26.6,44.9,0.07057647710678351,-0.19483669771315282,1,COMFORT
19.0,43.6,-0.14872905616569482,0.27473333316272847,0,COLD
27.7,20.6,-0.08619495480082344,0.10763605445771587,2,WARM_HUMID
28.3,66.7,0.16521639515439093,0.557640910716439,1,COMFORT
35.6,45.3,-0.22575664351930042,-0.2458592492295796,3,HOT
30.3,76.6,-0.09204517235528344,0.7339837020640374,2,WARM_HUMID
26.4,30.9,0.12691777039439006,0.25852788675556265,2,WARM_HUMID
33.5,60.3,-0.13151283472068478,0.21286349375178482,3,HOT
26.2,33.0,0.03781189344395496,-0.10992794733062095,2,WARM_HUMID
35.8,42.9,-0.0021797581040917183,0.47868361257610587,3,HOT
20.5,36.8,-0.2027020831884371,0.9777800539432099,0,COLD
19.5,35.2,0.15187809522154647,-0.17950469379524753,0,COLD
31.2,35.7,-0.18106752539824814,0.5536323740999965,2,WARM_HUMID
32.0,22.8,-0.12058805163591317,-0.19357411324805907,2,WARM_HUMID
30.7,64.7,0.02634624020424742,-0.36326434316961814,2,WARM_HUMID
32.4,46.0,0.2905212224519501,-0.3374195726002547,3,HOT
20.8,34.6,0.06400422634565613,0.3222723807346231,1,COMFORT
25.6,59.8,0.2719292654715417,-0.08559712867838111,1,COMFORT
12.2,72.0,-0.041308807571179995,-0.22628990423520237,0,COLD
22.6,29.7,-0.07469963338405027,-0.00821853941557605,1,COMFORT
23.2,50.9,0.25559488241661554,0.2663317438168833,1,COMFORT
34.1,52.7,0.1146139687888238,0.17764573561011657,3,HOT
25.1,35.4,-0.0037952382844437327,-0.4556635115662198,2,WARM_HUMID
32.6,69.2,0.17927781036046464,0.04026421555765471,3,HOT
29.5,61.0,-0.22863019503935572,-0.26417287867212386,2,WARM_HUMID
20.0,31.7,0.013826125235882603,-0.13964928990100334,0,COLD
35.0,67.0,-0.13529476937582074,0.042154714410866094,3,HOT
27.3,46.0,-0.1954267145287118,-0.07339916792300084,1,COMFORT
21.1,29.3,0.051314922233607244,-0.600184173786076,0,COLD
31.1,71.0,0.2228714762938043,-0.2727604216203045,2,WARM_HUMID
34.2,37.0,-0.13645405967193847,0.3903645929836341,3,HOT
34.9,36.3,-0.07870485230671184,-0.30050316216982603,3,HOT
24.1,36.3,-0.15361366908741111,-0.672352345765521,1,COMFORT
36.5,44.9,0.17768206539642156,-0.7775094621171468,3,HOT
35.7,36.8,0.0587746087319124,-0.07616300154695822,3,HOT
21.3,49.2,0.14584157727717148,-0.10974941834590896,1,COMFORT
18.8,36.8,0.056668722894897806,0.29958147641862337,0,COLD
36.3,36.6,0.40767395659037525,0.5195197922001751,3,HOT
30.3,33.0,-0.12095653936770746,-0.04576130858968119,2,WARM_HUMID
19.5,37.6,-0.09209784824835181,-0.5441808525795385,0,COLD
19.4,36.0,-0.00855919371467339,0.02176520568023008,0,COLD
19.6,75.9,0.07373368791038803,-0.24703174644994874,0,COLD
24.4,25.0,-0.09966528773751339,-0.16340370469420795,2,WARM_HUMID
27.3,31.7,0.07403326257381865,-0.0014905766060458424,2,WARM_HUMID
32.5,38.2,0.3746779389610345,-0.6061645316501767,3,HOT
25.3,44.0,0.03581837385397703,-0.24583207611570912,1,COMFORT
16.9,54.0,0.32913923180289956,0.11908810416159105,0,COLD
23.6,25.7,-0.16726155576147209,0.1368420485096648,1,COMFORT
26.8,85.1,0.1661440688256556,-0.23245499962524382,0,COLD
25.3,28.0,0.08123743979991178,0.022944100576223696,2,WARM_HUMID
18.9,46.2,0.05011416009849629,0.594294765239169,0,COLD
20.1,51.1,0.06834005152700211,-0.17440975504639292,0,COLD
32.8,61.0,-0.03746922167674278,-0.0490874395022775,3,HOT
22.8,22.2,-0.19521898195395532,0.16538912071815887,1,COMFORT
19.6,38.8,0.02135668687656994,-0.23638082850170727,0,COLD
28.6,61.6,-0.09454508367763781,-0.14085109134700355,2,WARM_HUMID
31.7,66.2,0.10104792942193834,0.16704187287503522,2,WARM_HUMID
23.0,32.3,0.03584168319629915,-0.34790180480750965,1,COMFORT
23.8,22.5,0.22529078231977,-0.5547312869697625,2,WARM_HUMID
26.7,84.0,0.07747250064124878,-0.18198194621443653,0,COLD
17.4,56.8,0.20829469787902583,0.12217003381611467,0,COLD
18.5,22.8,-0.1735494683496546,0.4446221634046412,0,COLD
23.2,44.9,0.07639670474206077,-0.3604187112728923,1,COMFORT
24.8,37.0,-0.16860124542888766,-0.4197352835285997,2,WARM_HUMID
32.8,36.0,-0.16585933132231506,-0.04838535594290996,3,HOT
30.4,71.4,-0.11592505963334457,0.32241389330224846,2,WARM_HUMID
33.6,62.0,0.021692468809675552,-0.1298563607010907,3,HOT
28.6,62.8,-0.08948798877042827,0.031612453014315416,2,WARM_HUMID
33.0,79.0,0.09500871651684688,0.4278267913846976,3,HOT
21.1,65.0,0.13218425882944446,-0.08602777545373401,1,COMFORT
22.0,22.4,0.20633954464563128,0.07594355043922933,1,COMFORT
27.6,42.1,0.1696072671829542,0.08347504103214387,2,WARM_HUMID
32.0,66.7,-0.02147613540900659,0.08272387687502551,3,HOT
28.2,85.7,-0.2129786301877459,0.29085677548746325,0,COLD
25.3,41.4,-0.2381733212479571,-0.2889962484890437,1,COMFORT
31.5,44.3,-0.02083012610782815,0.4703444740785619,2,WARM_HUMID
29.4,29.0,-0.03340810511649105,-0.36864424512280214,2,WARM_HUMID
28.8,40.0,-0.08797934136086069,0.3481911349009551,2,WARM_HUMID
21.9,20.9,-0.05054943951787182,0.5025743040173307,1,COMFORT
21.2,29.4,-0.02692947509638806,-0.6539797141065868,0,COLD
37.8,45.9,-0.09579119530377384,-0.2485555160795614,3,HOT
23.0,31.3,0.06635770849118416,-0.4071853535377156,1,COMFORT
27.2,60.8,0.03912831107558373,-0.09326081463768589,2,WARM_HUMID
32.0,86.0,-0.07753429026810768,-0.40025502745577124,3,HOT
27.5,82.2,0.11391632607338743,0.33666031811447295,2,WARM_HUMID
11.6,61.4,0.3786576012145318,0.129880458543102,0,COLD
21.0,29.5,-0.4161715863958861,0.7073138474216042,0,COLD
25.3,43.5,-0.08124311449637812,-0.02523225969405851,1,COMFORT
21.1,30.4,0.09223629710123087,0.1658493585836838,0,COLD
29.2,63.8,0.04829915895927265,-0.6242488237072478,2,WARM_HUMID
36.1,47.9,0.046141668266220556,0.32905544853565266,3,HOT
25.6,25.7,0.21964701177490534,-0.5909488231664207,2,WARM_HUMID
24.2,69.1,-0.31488093827695274,-0.40557334282213137,1,COMFORT
23.4,52.2,-0.0836761713326835,0.16683485702829845,1,COMFORT
17.2,65.8,-0.31622200373725085,0.44994254743189244,0,COLD
11.0,49.8,0.009677441959602308,0.33952445717386737,0,COLD
19.9,32.1,0.13466205714369328,-0.15062630695723914,0,COLD
38.1,46.0,0.17704774754791652,-0.14831946527841067,3,HOT
26.8,32.2,-0.114452325627706,0.40342038696475946,2,WARM_HUMID
22.5,37.6,-0.29330195797802533,0.08926386456680663,1,COMFORT
21.8,42.7,0.21898332478174054,-0.2545191738505181,1,COMFORT
22.0,34.2,0.1191308565888667,0.9379083472656418,1,COMFORT
27.2,83.6,0.14326630211985586,-0.25721357623772373,2,WARM_HUMID
19.3,62.7,-0.19851225001092798,-0.28248345394599067,1,COMFORT
20.8,84.2,0.14490428167531766,0.0313339494457408,1,COMFORT
16.4,50.4,-0.1370399738404594,0.25199643530023663,0,COLD
31.0,47.0,0.05256277786300117,-0.3558690084672221,2,WARM_HUMID
18.0,50.0,0.24574217747046329,0.0012137141746073321,0,COLD
28.5,48.8,0.23573111675509295,-0.9324867047125687,1,COMFORT
23.4,62.0,0.15757993780303048,-0.756804011053395,1,COMFORT
27.4,38.7,-0.05717065450101282,-0.3362708803107228,2,WARM_HUMID
18.8,34.5,-0.14599306428931785,0.27307356723330967,0,COLD
32.8,36.0,-0.04556066462444683,-0.1969458991447421,3,HOT
19.0,37.6,-0.3643668505749969,0.5902280287365967,0,COLD
21.7,30.5,0.028533483276734065,0.9307568022666564,1,COMFORT
16.9,34.5,-0.2321559601861781,0.33795664960504884,0,COLD
24.1,69.7,-0.005735196887657008,-0.19000009014015037,1,COMFORT
24.8,22.3,-0.34844428174736586,-0.3924723061796138,2,WARM_HUMID
33.0,73.0,0.08007286470894935,-0.30077551862897206,3,HOT
24.0,53.0,0.09885815158701294,-0.5435724020689494,1,COMFORT
31.0,64.7,0.0564550555798663,-0.24411937512273174,2,WARM_HUMID
27.7,52.0,0.38843454630279206,-0.08826513849540471,2,WARM_HUMID
23.8,63.7,0.05698862674375604,-0.30094990671997335,1,COMFORT
34.6,50.7,0.18891027044881856,-0.06734265479852684,3,HOT
14.4,40.1,0.05880667558027585,-8.860785278994884e-07,0,COLD
24.5,46.7,-0.2859819155976631,0.06709245075088076,1,COMFORT
26.1,42.0,0.27507370934999614,-0.16184131204844562,1,COMFORT
22.8,30.5,-0.12275764638617666,-0.4738416309337602,1,COMFORT
22.2,41.7,-0.2641078969872969,-0.6364709205875587,1,COMFORT
32.5,37.3,0.204132922694735,-0.06548760837275115,3,HOT
25.7,24.7,-0.05277739053726287,-0.10577955731581785,2,WARM_HUMID
27.4,32.5,-0.1180241446102556,-0.23369388548835476,2,WARM_HUMID
23.5,52.6,-0.036303833449761846,-0.2869041893836157,1,COMFORT
34.8,46.1,-0.192669234938165,-0.4414532113530252,3,HOT
33.0,80.0,0.11758709495233614,-0.08436723897523357,3,HOT
26.8,83.5,-0.014334250390561444,-0.09430546217569057,2,WARM_HUMID
30.5,68.5,0.025028908483901335,-0.6834002864262501,2,WARM_HUMID
31.0,38.4,-0.05014249624703088,-0.37475877329039253,2,WARM_HUMID
23.9,52.9,0.06922980019156348,-0.15117328516275108,1,COMFORT
27.8,57.2,0.15466934188502043,-0.030582625910189523,2,WARM_HUMID
23.0,40.3,-0.1308517241059758,0.22600473156533943,1,COMFORT
16.4,71.0,0.13954375639344277,0.5146696393593865,0,COLD
26.6,43.0,-0.0039391189904778206,-0.009097330660180923,1,COMFORT
22.6,61.7,0.14002273202272972,0.538552400960644,1,COMFORT
23.7,36.9,0.32431202711113793,0.18089665312326772,1,COMFORT
32.0,53.9,0.2205497876857718,-0.18015583785060874,3,HOT
29.6,57.6,-0.27490856164691657,0.30747342686792145,2,WARM_HUMID
26.7,26.3,0.12030940669972326,0.08354795972664147,2,WARM_HUMID
27.1,31.0,0.03936382665034571,-0.09045352545893556,2,WARM_HUMID
18.3,30.8,-0.02082349490057203,-0.4109015084714187,0,COLD
27.5,57.0,0.10784299659976,-0.4557459153207951,1,COMFORT
18.9,59.5,-0.012433047581229803,-0.5851465438679243,0,COLD
20.4,35.7,-0.16291645294884374,-0.3333769894566509,0,COLD
28.1,30.2,0.3359947788347172,-0.03461131982901924,2,WARM_HUMID
30.3,74.7,-0.11503066154121805,-0.10820471803896343,2,WARM_HUMID
22.0,31.2,0.054273872957249454,0.22292683990036186,1,COMFORT
28.1,79.9,0.006453672752269015,0.21127237844688407,2,WARM_HUMID
25.7,53.6,-0.20440813882309475,-0.013383640623636001,2,WARM_HUMID
25.9,45.0,0.03869639718317713,0.219883376075229,1,COMFORT
23.0,47.6,-0.006887342327362884,-0.48386898151181407,1,COMFORT
36.3,40.9,-0.16371113160678483,-0.39850578856010666,3,HOT
18.6,54.0,-0.1882797172373746,-0.30397235718030247,1,COMFORT
30.2,58.0,0.11889556699932337,0.01743618731816401,2,WARM_HUMID
29.1,73.0,-0.13272818628134997,-0.19600029543460887,1,COMFORT
26.3,47.0,-0.14439765178784644,0.16823066946240345,1,COMFORT
25.5,46.0,-0.06121512587403309,0.026300192795007227,1,COMFORT
33.9,58.3,0.13095990994981496,-0.19742743120193743,2,WARM_HUMID
24.2,49.5,0.09258801900010255,-0.16997277728723498,1,COMFORT
29.0,52.7,0.25380305276125564,0.03186710395259156,2,WARM_HUMID
17.1,39.6,-0.24410256535122263,1.0960956775669146,0,COLD
24.1,36.2,0.03415636777139374,0.7701115548244956,1,COMFORT
26.0,57.7,-0.08903740818747467,-0.17862916724612088,1,COMFORT
11.4,32.3,-0.23290825587672892,-0.5256056025256254,0,COLD
32.5,70.6,-0.0763641975860261,-0.47847101139984893,3,HOT
33.6,49.8,-0.07063044299908683,-0.6122782959576822,3,HOT
23.3,41.7,-0.01880078860574414,-0.47065487902545367,1,COMFORT
23.2,63.0,0.07832774224312293,-0.25440256163278363,1,COMFORT
21.3,31.7,0.15542840176450767,-0.2063416456026902,1,COMFORT
30.3,70.0,0.04958515203430914,-0.36601177232030135,2,WARM_HUMID
25.1,34.5,-0.027668170598185205,0.3873154742912723,1,COMFORT
21.9,65.1,-0.2199057302173308,-0.055344771708740664,1,COMFORT
35.9,46.8,-0.22513915702963663,0.20594725467986752,3,HOT
29.9,59.7,-0.13362891315474823,0.1333240462011649,2,WARM_HUMID
30.7,40.1,0.12963725770479548,0.42746280892590716,2,WARM_HUMID
31.6,68.9,0.014289609656507295,-0.18120100574495243,2,WARM_HUMID
23.1,48.5,0.11028822304067593,0.3650572628884244,1,COMFORT
20.3,62.0,0.0315383198729531,-0.40014814622133904,1,COMFORT
32.7,63.9,-0.01816790971839704,0.635519199140965,2,WARM_HUMID
32.2,38.2,0.08954202867321635,0.530067922863855,3,HOT
32.0,58.3,-0.12065680724038834,-0.17209672315582986,2,WARM_HUMID
24.1,28.3,-0.006501524198143779,-0.2598490103577184,1,COMFORT
24.2,55.6,-0.17305594854455458,-0.42180631964086424,1,COMFORT
24.9,25.1,0.1245295935713526,-0.3402941245553824,2,WARM_HUMID
29.6,63.6,0.11713357065735117,-0.01686052167939792,1,COMFORT
17.4,45.4,-0.06769542965154969,0.6194930412736995,0,COLD
21.7,60.3,-0.09930601565598159,0.3089944375062544,1,COMFORT
26.1,58.1,-0.1287713836758963,0.32111144034530814,1,COMFORT
16.8,66.1,0.043032367561641166,-0.39061435906840647,0,COLD
16.8,45.8,0.029325870021658797,-0.7104963910050447,0,COLD
26.0,36.8,-0.05907885273166936,-0.02628837620163124,1,COMFORT
23.7,26.1,-0.022078912615201726,-0.323360001359535,1,COMFORT
19.0,36.3,-0.009990152390583517,-0.21993116172968263,0,COLD
17.4,62.2,-0.2652395264252229,0.4019551476136709,0,COLD
33.1,44.1,-0.2263767739855048,-0.9810349046551947,3,HOT
33.1,61.8,-0.016292498240751362,-0.4101383756182811,3,HOT
36.0,45.0,-0.38818536208649684,0.31513816415257906,3,HOT
27.3,61.2,0.05729618261488556,-0.30463443102936383,1,COMFORT
28.5,51.0,-0.11144240989792807,-0.160273710514413,2,WARM_HUMID
19.5,41.0,0.04998458024850326,0.0753174590563921,0,COLD
36.6,43.1,0.20979369158391212,-0.35562901907506705,3,HOT
26.1,29.1,0.04732844113803798,0.10535657373311154,2,WARM_HUMID
20.9,54.4,0.1559517943646274,-0.30747136562079125,1,COMFORT
18.3,34.5,-0.1934794488017552,0.13874284741777326,0,COLD
34.0,74.0,0.045191668012614254,-0.16150032995410288,3,HOT
26.5,57.5,-0.2753355715306312,0.3067156660303904,2,WARM_HUMID
12.2,60.1,-0.13362976318856357,-0.7262170851290277,0,COLD
28.1,30.1,-0.03585843710157044,-0.22143732978467373,2,WARM_HUMID
28.0,79.0,0.004429658315278601,0.7128407030450533,2,WARM_HUMID
22.9,21.5,-0.1621898894318834,0.3537110642800409,1,COMFORT
33.4,58.8,0.019906920596495684,0.10887452540460492,3,HOT
28.5,64.4,-0.0604250142712206,0.7731267900517095,2,WARM_HUMID
17.2,52.8,0.1470209558879719,0.1725852891872679,0,COLD
20.3,31.1,-0.035139568420093636,-0.17252976023305178,0,COLD
26.4,89.3,-0.09532527580554805,-0.3423337936612227,0,COLD
23.8,30.0,-0.33401422874358394,-0.11300257519122131,1,COMFORT
26.4,38.1,0.11244648346075664,-0.2992425209757597,2,WARM_HUMID
19.6,58.2,0.17261194978803476,-0.4057255340856374,0,COLD
27.5,59.6,0.111190955502385,0.03578522778949122,2,WARM_HUMID
24.0,53.0,-0.0794406073203439,0.3647839319364252,1,COMFORT
29.1,37.3,0.0919540651046425,-0.40595453158823047,2,WARM_HUMID
24.4,67.7,0.011456338305384985,0.09891443102293332,2,WARM_HUMID
12.2,59.7,0.07697061649126327,-0.07302719715979565,0,COLD
20.8,29.6,-0.1767321953119372,0.13950234671828135,0,COLD
12.8,48.8,0.08038008237092713,-0.5797051684519752,0,COLD
21.5,40.7,0.1081087317677444,0.12376313295231532,1,COMFORT
27.2,80.0,0.29954798238762265,-0.7145669659399321,2,WARM_HUMID
18.7,60.0,0.15524072447458986,0.15346756983209936,0,COLD
17.3,56.0,-0.03644469592316116,-0.3163807281256306,0,COLD
15.4,63.1,0.06598777068112636,-0.35432546385793195,0,COLD
30.6,43.1,-0.012363646322943919,0.5528897090706518,2,WARM_HUMID
19.6,50.3,0.11207798851876398,-0.35951724904377436,1,COMFORT
17.1,48.4,-0.02339485111162615,0.2730122972432807,0,COLD
22.5,46.6,-0.06619785066001464,0.11524840681385198,1,COMFORT
25.5,53.3,0.335820593429167,0.8884748455465342,2,WARM_HUMID
19.3,46.3,-0.11686096127363176,0.19792910052206014,0,COLD
20.4,31.8,0.0013590080635132765,-0.6675430201734043,0,COLD
16.3,63.0,0.16975178055018264,-0.37536564539405903,0,COLD
13.4,45.8,0.20734061303291726,-0.036730030011195354,0,COLD
10.0,68.0,0.27734079278427876,0.0396454035235821,0,COLD
31.0,28.0,0.15959114813412842,-0.22144863211422317,2,WARM_HUMID
18.2,28.0,0.11000220107672713,0.6496250117837246,0,COLD
29.5,58.0,0.06888604469341159,0.49923379399015827,2,WARM_HUMID
18.7,71.7,0.040747385508793574,-0.13881129849581939,0,COLD
18.8,36.8,-0.05490767133635131,0.11148142037842766,0,COLD
12.2,66.1,0.19415279379967768,-0.0389107840316444,0,COLD
19.4,30.6,0.043837891436440395,0.9468337900323542,0,COLD
28.6,67.9,0.003906421409869083,-0.6799873487314028,1,COMFORT
19.3,38.9,0.10036180918075065,0.2987605783339419,0,COLD
21.3,42.5,0.25384695286573133,-0.06987570792351668,1,COMFORT
19.9,88.0,0.062212981550679614,-0.3832560136962427,0,COLD
23.3,62.3,0.0057402720656764,0.3642363670264202,1,COMFORT
28.3,57.3,-0.03860201371353871,0.9799936813991492,2,WARM_HUMID
16.6,58.0,0.014953417287948773,0.24446056406294595,0,COLD
12.8,63.6,-0.09983749753003764,-0.5313129848695267,0,COLD
26.0,53.9,0.10352597515825956,0.24972718564257013,1,COMFORT
28.6,52.3,-0.0094896383579232,0.2094818210967199,2,WARM_HUMID
13.4,52.7,0.07373593398491564,-0.12703587057010615,0,COLD
29.0,79.0,0.03668953569241646,-0.0442246836569945,2,WARM_HUMID
32.8,46.0,0.044865143655316096,0.28194018417267547,3,HOT
21.1,46.6,0.2643073625914086,0.10908504077885164,1,COMFORT
23.2,36.3,0.02703545781889718,-0.24703391385683418,1,COMFORT
15.4,57.0,0.09831462539731141,0.602699013680011,0,COLD
27.9,63.8,-0.19496073148147278,0.6378510332757797,2,WARM_HUMID
23.7,67.5,-0.04760096185061571,0.3291124872949123,1,COMFORT
17.3,34.3,-0.2124403289010911,0.08568322214597561,0,COLD
24.5,55.0,-0.17207392665175672,0.23463448014842878,1,COMFORT
35.0,48.0,-0.012523192545890627,-0.251188532249874,3,HOT
31.8,20.2,0.077229176990274,0.48725638397338944,2,WARM_HUMID
29.6,65.9,0.1335052988941305,0.34633578235051105,2,WARM_HUMID
18.7,53.3,-0.08557352807667322,-0.11780717810529762,1,COMFORT
29.7,35.0,-0.03627651297027225,0.4225309055253778,2,WARM_HUMID
30.9,63.9,-0.08373270095824803,-0.509785209184366,2,WARM_HUMID
17.8,63.9,-0.17674585055914976,-0.1584858274039469,0,COLD
32.8,44.0,0.08099369768441367,-0.11890277366093337,3,HOT
22.6,43.2,-0.10649278507298458,-0.778934818625868,1,COMFORT
29.2,80.7,0.11533427524767415,0.35590279347799814,2,WARM_HUMID
28.9,54.0,-0.22705715889192407,0.28672245668033897,2,WARM_HUMID
30.6,74.9,0.04200399391052184,0.5317313775071218,2,WARM_HUMID
34.9,45.1,0.039041557132005016,-0.30117166962355374,3,HOT
33.9,36.7,0.19808759926895106,0.3864368295425135,3,HOT
25.6,23.8,0.13471210388671553,-0.19984593571281148,2,WARM_HUMID
20.6,34.9,-0.22578513275318207,0.22580946032465007,1,COMFORT
23.5,68.3,-0.24223476276469447,0.2519735634176549,1,COMFORT
32.7,63.1,0.21141742246532513,-0.41180192652061154,2,WARM_HUMID
19.2,75.9,-0.2787187520600387,0.03436796500278264,0,COLD
21.4,20.0,0.0466636470037496,0.08936193286560615,0,COLD
26.5,40.6,-0.21316533260137818,0.11973344486500954,2,WARM_HUMID
36.5,41.9,0.17355272188135207,-0.1622428435350362,3,HOT
22.0,82.0,0.3167404560595495,-0.17541050105772402,1,COMFORT
24.3,40.1,0.09021155921156106,-0.07961314495826453,1,COMFORT
20.0,41.6,0.03039323937839246,-0.3019732021107957,1,COMFORT
11.2,72.1,0.021538473821923827,-0.8508909398432536,0,COLD
18.9,59.5,-0.24099041030370089,0.05279565166654729,0,COLD
21.3,27.8,-0.01912633761832166,-0.24609833383455673,1,COMFORT
12.8,55.1,-0.10895559338387246,0.4514947471434507,0,COLD
27.9,53.6,-0.21193242227694417,-0.454052197771571,2,WARM_HUMID
29.0,49.0,-0.09943513763264222,0.5682539106446035,2,WARM_HUMID
22.3,28.0,-0.2896362300780232,-0.5799462097017547,1,COMFORT
16.8,65.2,-0.019614176149995496,0.26234247272988165,0,COLD
26.1,37.7,-0.10336676965826853,0.24340817469778908,1,COMFORT
33.0,83.0,-0.05072971899952516,0.15823598850596599,3,HOT
25.0,43.0,0.052717231131237434,-0.24349871689566532,1,COMFORT
30.8,65.6,-0.08535250885136024,0.31306306856178534,2,WARM_HUMID
32.0,53.9,0.2205497876857718,-0.18015583785060874,3,HOT
18.5,26.1,-0.1447821115125822,-0.010212407357970354,0,COLD
22.4,24.6,0.0047617911617953415,0.19658387206065445,1,COMFORT
25.8,66.2,0.0032169150248118595,-0.011998031626246831,1,COMFORT
33.3,41.3,-0.1030639109721317,0.5683853907067332,3,HOT
25.2,24.1,0.16835519179516886,-0.12672873908148816,2,WARM_HUMID
20.4,39.1,-0.1372688095091918,-0.2438638499880247,1,COMFORT
21.0,30.1,-0.37539133359111326,-0.4798165838819343,0,COLD
19.7,58.9,-0.07298785045509798,0.5709952368088094,0,COLD
16.8,58.8,0.259630288623703,0.19601549995242365,0,COLD
22.7,33.3,-0.05994416076903836,0.23131951253305713,1,COMFORT
22.8,43.7,0.01600332126101844,-0.4723749822485835,1,COMFORT
32.8,17.0,0.038377543577250026,-0.20728163934142044,3,HOT
33.6,55.9,0.2928777140844142,-0.01936095734905343,3,HOT
11.6,72.7,-0.05771336233769146,0.17979411761495284,0,COLD
19.2,33.8,-0.00010326501680586507,-0.31690385503461377,0,COLD
24.3,46.1,0.11961140525578605,-0.2908152416444679,1,COMFORT
31.6,38.0,0.0076060880795511526,0.2712352911583923,2,WARM_HUMID
20.0,35.9,-0.09435567918054164,-0.09785961430381833,0,COLD
25.6,45.5,-0.035946994448189,0.4778105766696654,1,COMFORT
20.2,26.6,0.022061524116896096,-0.24367830235722698,1,COMFORT
33.0,79.0,0.08392948091588583,0.07395655238949297,3,HOT
24.3,41.0,-0.26910867368317987,0.2027107518036788,1,COMFORT
18.9,37.6,0.24636288688924832,0.21984508991247736,0,COLD
33.8,27.4,0.17627517603490808,-0.5767353799413477,2,WARM_HUMID
21.4,24.5,-0.18039723977042157,-0.702938792121747,1,COMFORT
23.8,44.6,-0.13244219442925761,-0.16684641381547546,1,COMFORT
25.2,27.1,0.20092687153686983,0.783819235682742,2,WARM_HUMID
21.2,62.0,-0.037366290774937555,0.005615729159251885,1,COMFORT
28.4,58.3,-0.08092237825038166,-0.1303581517189156,2,WARM_HUMID
23.7,19.6,-0.02897106388551622,0.9856136534191711,1,COMFORT
21.2,42.1,-0.08021583840867057,-0.42031363257759713,1,COMFORT
31.5,42.7,0.0940110108867756,-0.11882703503115272,2,WARM_HUMID
28.1,52.8,0.02282046858632888,-0.689236526752632,2,WARM_HUMID
27.6,31.5,0.16474846165776072,-0.305756013070175,2,WARM_HUMID
30.0,76.5,-0.17760252068662924,-0.14392481881971134,2,WARM_HUMID
14.0,66.0,0.24820024738000596,0.13045354611111012,0,COLD
13.4,45.8,0.20734061303291726,-0.036730030011195354,0,COLD
29.8,78.0,0.10926407506862076,0.09288160548356496,2,WARM_HUMID
11.6,65.7,-0.0036862164848285857,0.4043373563365088,0,COLD
25.5,38.9,0.1134466936034112,-0.06087571993957076,1,COMFORT
26.3,41.0,0.07945391315350962,-0.05878684212378785,2,WARM_HUMID
14.0,57.9,0.06468124097486376,-1.1228006561036727,0,COLD
19.9,29.6,-0.02489425972093871,0.6261440288936808,0,COLD
29.7,51.3,0.10514584840559485,0.07275654425743254,2,WARM_HUMID
20.2,45.8,0.07742445343897039,0.33351207347091005,0,COLD
27.7,86.0,0.14999062835854393,0.401653491346415,2,WARM_HUMID
22.9,21.5,-0.06697098814848183,0.06639207763240443,1,COMFORT
31.8,20.7,-0.005021221549035884,0.7605462451386134,2,WARM_HUMID
18.3,38.3,0.2505032982480337,-0.2714792457735785,0,COLD
19.3,39.5,0.0950566296506197,-0.094101213747788,0,COLD
30.4,71.4,0.19843892405032978,-0.056385462685560855,2,WARM_HUMID
19.3,40.0,-0.2423769706450248,-0.5236034468649269,0,COLD
29.6,58.7,0.18346769298469495,0.06793422355205396,2,WARM_HUMID
32.8,69.0,-0.08829464579292123,-0.3566097637291279,3,HOT
34.3,40.6,-0.007508749910054654,-0.3752409937866683,3,HOT
28.7,64.1,0.18015077910613914,-0.5868614540747668,2,WARM_HUMID
22.6,43.7,-0.16029420459698127,0.2546235794530778,1,COMFORT
12.2,66.1,-0.22029718860749814,0.9049832142080808,0,COLD
32.1,66.6,-0.32748005438743466,0.2074173067156817,3,HOT
10.0,54.0,-0.05275113642656571,-0.291246740529523,0,COLD
23.1,58.2,0.04636756493981646,0.3560695798112145,1,COMFORT
16.0,62.0,-0.2528238589302866,0.386440058323138,0,COLD
27.2,30.4,-0.20165107082173375,0.7079244432719962,2,WARM_HUMID
22.6,46.1,0.19295732054933,0.08992100044647901,1,COMFORT
19.2,58.0,-0.2847932018531729,-0.2612366282030742,0,COLD
37.0,44.2,-0.1717507099519672,0.44437234741602816,3,HOT
23.0,26.9,-0.33043700298085776,0.07348442492257624,1,COMFORT
23.7,52.4,0.1453645269040131,0.23545237953486284,1,COMFORT
20.9,56.8,-0.02607292595730136,0.1499522217735937,1,COMFORT
15.1,74.2,-0.23985722416648125,-0.7086306502316913,0,COLD
30.0,53.0,0.07446001766009117,0.7903038383276889,2,WARM_HUMID
33.4,50.7,-0.09386057452352893,0.039831328016788986,3,HOT
35.0,49.8,-0.2875723131216271,0.43743427780237065,3,HOT
28.8,65.0,-0.18626408632224364,0.9534197267811595,2,WARM_HUMID
26.9,32.6,0.08840544109043579,0.37719287929039247,2,WARM_HUMID
20.8,69.9,0.024105682691769274,-0.48394602938789766,1,COMFORT
14.6,67.7,0.04554959823254578,0.007745596909415019,0,COLD
24.1,24.4,-0.1525553284038514,-0.2003854959642188,1,COMFORT
36.3,27.1,0.06951905334993258,0.19140841273232653,3,HOT
28.6,53.0,-0.09747403282461546,-0.24334925013283307,2,WARM_HUMID
25.8,49.9,-0.1648839822124417,-0.2851318340659517,2,WARM_HUMID
31.6,53.4,0.01746279623423618,0.10719103347522013,2,WARM_HUMID
26.7,33.9,-0.0027399073750063885,-0.4595269321035187,2,WARM_HUMID
11.6,60.1,-0.04385696073926191,0.021817575599387073,0,COLD
29.5,38.7,-0.09444698102288157,0.029563549440638423,2,WARM_HUMID
27.7,49.6,0.19907868342026802,-0.8249364848557676,2,WARM_HUMID
26.7,28.1,-0.10427399830802947,0.4726456596942692,2,WARM_HUMID
32.2,62.0,-0.07056378775208706,0.46828122528287075,3,HOT
19.9,51.8,-0.14216635262261368,-0.02146649948498998,0,COLD
21.6,71.8,0.014661463482427571,-0.026062294012549527,1,COMFORT
17.2,52.8,-0.18150107517484473,-0.20438626094818152,0,COLD
16.0,52.0,-0.42695614744902205,0.030174399262477176,0,COLD
32.8,36.0,-0.04556066462444683,-0.1969458991447421,3,HOT
24.9,30.5,-0.10263632707728652,0.33294895009358405,1,COMFORT
20.8,73.5,0.005035147210350912,-0.03454268759215875,1,COMFORT
22.4,63.6,0.06591686255311843,0.2899430462550278,1,COMFORT
26.9,57.0,-0.16077858495602332,0.24835789894052218,1,COMFORT
29.7,49.0,0.09852165359636339,-0.30659803352691006,2,WARM_HUMID
27.8,81.8,0.017975796717677236,0.42144623113866475,1,COMFORT
20.0,37.1,-0.10903836437465199,0.023602043600937896,0,COLD
17.3,71.0,0.014823606752464757,-0.10131269263363235,0,COLD
34.1,44.7,-0.17017569083456463,0.2344673949203988,3,HOT
27.5,52.0,-0.019280626715839612,0.1529016205184649,2,WARM_HUMID
33.1,60.0,-0.4798896967818267,0.40494896490790755,3,HOT
22.2,37.2,0.07958559607154599,-0.2755639022070036,1,COMFORT
26.1,23.7,-0.4402049863333192,0.5784980611859841,2,WARM_HUMID
31.3,65.3,0.05944063814176666,-0.23531612007638542,2,WARM_HUMID
34.0,41.0,-0.20842765290250062,0.46726302600210234,3,HOT
23.5,60.9,0.15338748852907827,0.2065456125002371,1,COMFORT
26.0,44.0,-0.030991691954406996,0.4012967347812465,1,COMFORT
27.4,57.1,-0.055505491885229546,0.3329075660448693,2,WARM_HUMID
22.0,29.6,-0.2517006637165784,0.20843153895312666,1,COMFORT
21.3,43.5,-0.0629654568550219,0.08560021373034865,1,COMFORT
23.1,44.9,0.2791743483975841,0.12027504307877016,1,COMFORT
12.8,69.7,-0.03190160668994342,0.0951498897597211,0,COLD
20.0,38.0,-0.0954297661803193,-0.03891239511261907,0,COLD
17.7,60.0,0.14585540910971734,-0.04696866253242519,0,COLD
19.3,31.9,0.10368649247703761,-0.25284217633411393,0,COLD
18.5,27.8,-0.2098442151475222,-0.18396475689142772,0,COLD
22.5,26.8,-0.040539807651207405,-0.15756698813309256,1,COMFORT
32.7,69.6,-0.049337994763274655,-0.020404714454798224,3,HOT
28.2,52.2,-0.14716568597827628,0.1541163004844301,2,WARM_HUMID
23.6,50.7,-0.08358264333982142,-0.24385984454948317,1,COMFORT
28.4,60.9,0.27645887521678464,-0.13080810926282616,2,WARM_HUMID
26.8,33.5,-0.13200179725361458,-0.3484670400189492,2,WARM_HUMID
25.3,55.2,0.2049740378569215,-0.5942380762973628,1,COMFORT
26.6,48.2,0.17341719249679607,-0.5817560313324058,1,COMFORT
19.2,34.8,0.12323082259623155,0.15503448571592754,0,COLD
32.1,31.6,0.18881507385563143,-0.21009870655992613,2,WARM_HUMID
21.5,36.8,0.08455720836433939,0.2816443980659533,1,COMFORT
11.0,51.8,0.04930669256021508,0.4111873764650274,0,COLD
26.9,56.3,-0.03287811031825849,0.4453755980428247,1,COMFORT
21.3,77.0,-0.20984253744774123,-0.5724284394476592,0,COLD
15.4,57.0,-0.13874674893756694,-0.06689834891252601,0,COLD
21.3,53.0,0.04758878719184729,0.101360006909839,1,COMFORT
27.7,38.7,0.033775639834040375,-0.274919277293375,2,WARM_HUMID
17.3,79.9,-0.4011850692231211,0.14818818877161827,0,COLD
37.0,63.0,0.1427626616943146,0.10262927807457836,3,HOT
23.6,22.8,0.21445276730962454,-1.1458993489191174,1,COMFORT
17.5,42.3,-0.14514827349370713,-0.7107728387467815,0,COLD
17.2,73.9,0.06769842371151175,-0.1276033090780179,0,COLD
26.5,18.4,0.06327509179981403,0.15355865680532474,2,WARM_HUMID
22.0,47.7,-0.07158772095750747,-0.012038473873349177,1,COMFORT
30.1,59.2,-0.09159901404637757,0.09739810065938453,2,WARM_HUMID
30.0,72.0,0.1444009993935371,-0.9316404171600375,2,WARM_HUMID
27.2,80.7,-0.13653969454321876,-0.06687181446431412,2,WARM_HUMID
29.1,59.0,0.15107358008950036,0.018307978990662627,2,WARM_HUMID
30.2,73.0,0.17799775820201688,-0.03901909524550527,2,WARM_HUMID
19.2,43.0,0.033094620646074484,-0.599467897526854,0,COLD
21.8,32.3,-0.03436351550747305,-0.032460009728345104,1,COMFORT
20.5,36.7,0.13264999521768564,0.5021300738503242,0,COLD
28.5,51.1,0.012437608462679503,-0.2669931048308979,2,WARM_HUMID
26.2,23.1,0.03670080515204076,0.9797186905052959,2,WARM_HUMID
34.1,46.5,-0.15308316758025578,-0.3970415393769558,3,HOT
12.1,27.7,0.10254274679044989,0.7726504612047016,1,COMFORT
25.3,72.3,-0.16507581102122187,0.034783750629335565,1,COMFORT
21.5,35.0,0.025972184106734374,0.037986893756788376,1,COMFORT
16.8,57.9,-0.21690827801781337,-0.8960572659317771,0,COLD
33.1,57.0,0.005646759764572425,0.4857789999940149,3,HOT
20.9,48.9,-0.011466110257250596,-0.35914092846049284,1,COMFORT
26.8,34.0,0.0008677672239980339,0.06402491072683557,2,WARM_HUMID
23.1,44.4,0.2993994484977558,0.41405520443115384,1,COMFORT
22.6,45.7,-0.1819667201325421,0.6812009190434005,1,COMFORT
38.2,17.2,-0.08047241018138648,-0.24521266291491195,3,HOT
19.6,33.6,-0.27520325256783684,-0.38566307787126397,1,COMFORT
30.1,44.0,-0.0642828878602314,0.015253033195546049,2,WARM_HUMID
17.9,45.8,-0.17878120562868746,-0.1163774020713214,0,COLD
33.3,55.6,0.08976992713556291,-0.4457363621639099,3,HOT
23.7,61.0,0.3667471950999602,0.44523686810269086,1,COMFORT
11.0,53.7,0.07076203688336449,0.46234066086390685,0,COLD
17.5,71.0,-0.14622533647928954,0.007392520039895122,0,COLD
21.7,47.7,-0.022252184051746008,0.07847851870027694,1,COMFORT
24.7,23.8,-0.06242314931530427,-0.5032722701495383,2,WARM_HUMID
20.1,38.7,0.008198418136904813,0.3887306269775903,0,COLD
23.0,39.3,-0.15407466895318925,-0.6176599473924907,1,COMFORT
21.1,53.0,-0.10942608393112008,-0.20552576662080654,1,COMFORT
26.0,54.0,0.08194263720055493,-0.6150186971892961,1,COMFORT
22.7,63.3,0.011295740705191393,-0.18046913591124517,1,COMFORT
34.9,41.6,0.10215497235105482,-0.7190032026266264,3,HOT
28.0,37.0,0.1355902261629293,-0.07053867846395731,2,WARM_HUMID
31.1,72.7,0.06525725574606665,0.0553475480149973,2,WARM_HUMID
28.1,39.6,-0.1968912400729035,0.12240730479009965,2,WARM_HUMID
29.9,59.7,-0.05300995588429981,0.11542941504887437,2,WARM_HUMID
33.5,37.7,-0.00929177882764878,0.20271615190221148,2,WARM_HUMID
28.0,37.0,0.012921582456956213,-0.07018421974477096,2,WARM_HUMID
29.1,39.0,-0.13558614621971846,0.13907917558682037,2,WARM_HUMID
15.5,72.0,0.05796692752770693,-0.007379306985913246,0,COLD
18.9,30.5,0.08601712400330984,-0.5541278859002111,1,COMFORT
33.0,61.0,-0.18766703645779545,0.5616930494550608,3,HOT
24.6,31.3,-0.22347045980477612,0.31525392972655586,2,WARM_HUMID
28.4,53.0,0.16130151029353465,-0.3725237032829736,2,WARM_HUMID
23.9,49.3,-0.03932550254663059,-0.005707497571186893,1,COMFORT
15.7,71.6,-0.071704684374616,-0.8430674543319852,0,COLD
23.8,33.2,-0.06025054636411642,-0.23693508882773112,1,COMFORT
24.0,58.6,0.12542755975986306,-0.6361018554636683,1,COMFORT
27.9,53.6,0.1569774239022775,0.04051493068329378,2,WARM_HUMID
23.8,56.6,0.2517305381924196,-0.09983449767107905,1,COMFORT
26.4,43.0,-0.03255255756365556,-0.43209041596559755,1,COMFORT
14.9,33.8,0.25140321881398947,0.3559195866475026,0,COLD
27.4,72.8,0.08373481603174547,0.12652209275975626,2,WARM_HUMID
27.3,37.7,0.19659088692201948,-0.03338093846699664,2,WARM_HUMID
15.6,52.8,-0.2149560606926781,0.3772584449252224,0,COLD
21.3,41.1,-0.21875128800084992,-0.061769510878299363,1,COMFORT
36.4,44.0,-0.1441859062514862,-0.23032029606867876,3,HOT
26.1,40.6,0.06444860676239701,0.2370758278233899,2,WARM_HUMID
26.8,58.7,-0.23729896274359433,0.01714207750284055,2,WARM_HUMID
37.2,25.4,-0.1961102814391047,-0.6156535447440388,3,HOT
28.2,23.0,-0.00512578223014911,-0.061307490628863426,1,COMFORT
14.6,22.4,-0.04025525856726912,0.39575164102359084,0,COLD
30.8,64.0,-0.12080543879140188,-0.10407800522165288,2,WARM_HUMID
31.2,59.7,0.017348316193760645,0.09090992464255707,2,WARM_HUMID
24.3,44.9,-0.013292700447832229,-0.059803244145543194,1,COMFORT
25.5,53.7,0.4418708659324886,0.47509707308854277,2,WARM_HUMID
35.4,47.9,-0.049883794185147844,0.22521400032209585,3,HOT
25.3,27.2,0.059275767755516295,0.3310039766827928,2,WARM_HUMID
23.7,59.8,0.03263482949465929,-0.45580390829132633,1,COMFORT
20.9,45.1,-0.09095059737379302,0.08800959001458002,1,COMFORT
28.6,61.6,-0.15621794276622278,-0.8060348497439129,2,WARM_HUMID
31.1,71.2,-0.0987563322840912,0.4027803417599907,2,WARM_HUMID
19.2,37.0,-0.21804508480774426,0.7322450802673265,0,COLD
29.9,76.4,0.09767846543630761,0.24727550055005434,2,WARM_HUMID
27.4,59.2,-0.2405883818108475,-0.38840879237835935,2,WARM_HUMID
18.6,45.5,-0.11216260815827081,-0.7523856718893335,0,COLD
30.3,80.9,-0.15522077451680663,0.3843299451159736,2,WARM_HUMID
33.1,46.6,-0.07833338366363511,-0.06932202681095403,3,HOT
34.4,54.2,-0.08731794129552295,-0.2459738821693792,3,HOT
23.5,29.1,-0.1330971548158716,0.6969718131012059,1,COMFORT
36.3,42.9,-0.127128701427692,0.11733138737016124,3,HOT
27.8,28.9,-0.013612013600868422,0.12187941821983606,2,WARM_HUMID
28.0,16.9,-0.03081709008298131,-0.10199711607411849,2,WARM_HUMID
15.7,37.4,-0.015006946665549997,-0.24839049491385148,0,COLD
27.4,71.2,-0.1464128616995311,-0.801168866528553,2,WARM_HUMID
17.6,22.7,0.07432747862173435,0.24619210071761974,0,COLD
26.4,66.4,-0.07727707931285828,0.5836205939063251,1,COMFORT
17.9,56.1,-0.26763250991746834,-0.18159706581242718,0,COLD
21.1,38.9,-0.0527411142422802,-0.24328822059120167,1,COMFORT
31.5,30.4,-0.08543123104009138,-0.07223541577780655,2,WARM_HUMID
23.2,28.8,-0.3449036544355592,0.23613840806551367,1,COMFORT
18.8,50.8,-0.3330707162527076,-0.2577646816848415,0,COLD
28.9,60.0,0.23609801449350493,-0.34669300240323286,2,WARM_HUMID
24.7,70.8,-0.04234185805608683,-0.27380305676361444,1,COMFORT
21.8,34.3,0.21623336137668506,-0.14608885031219432,1,COMFORT
24.7,37.0,-0.08843284132696291,0.2834067344638846,1,COMFORT
21.1,29.3,-0.21374567577231182,0.18704843124978277,0,COLD
30.8,34.5,0.1056797175589315,0.09742410311828775,2,WARM_HUMID
15.9,59.7,0.16176392917094198,0.47179265422650707,0,COLD
29.8,41.0,-0.25310165206660656,0.6080308810178647,2,WARM_HUMID
24.8,28.6,-0.12201074303086168,-0.05288168105783628,2,WARM_HUMID
23.4,44.0,0.04231432476944055,0.5509448009076137,1,COMFORT
29.7,65.0,0.00971913428026323,-0.29457976708879646,1,COMFORT
27.3,53.0,0.41328266155798526,0.5619769710782861,2,WARM_HUMID
29.0,36.5,-0.03543887293066704,-0.14743549711771733,2,WARM_HUMID
23.5,58.0,0.04442144891225655,-0.1830958623018979,1,COMFORT
29.6,33.9,0.03510105996274954,0.5597013734482055,2,WARM_HUMID
17.0,49.5,0.09313131238601208,0.1109920280571371,0,COLD
36.3,36.6,0.40767395659037525,0.5195197922001751,3,HOT
29.1,60.5,0.02011975229247503,0.33487827099227857,2,WARM_HUMID
20.6,31.3,-0.07437333552471767,0.32400190996046874,0,COLD
17.0,35.0,0.038724085066748105,0.35300745749498663,0,COLD
21.4,38.0,0.19571518063305535,0.21324262472508757,1,COMFORT
29.3,60.0,-0.10402904708440679,0.235901370971516,2,WARM_HUMID
20.1,51.1,-0.17053067724516233,-0.34371732428935264,0,COLD
12.2,59.2,-0.00572672689324246,-0.10001846981319151,0,COLD
26.4,31.2,-0.1772549674596874,-0.7056688779263002,2,WARM_HUMID
20.6,54.2,0.17268885071000956,-0.12030436646142838,1,COMFORT
29.7,75.7,0.005490548484461843,-0.6579785780523996,2,WARM_HUMID
21.2,33.1,-0.2079892509835748,0.42827932946786107,1,COMFORT
16.4,71.0,0.13954375639344277,0.5146696393593865,0,COLD
24.1,68.8,-0.007553242619761126,0.504456316065391,1,COMFORT
25.3,53.5,-0.03454376368139345,0.19609176651855836,2,WARM_HUMID
20.7,51.7,0.04686971690627371,0.5833920392090409,1,COMFORT
31.9,46.0,-0.22200024867154805,-0.47045777382034776,3,HOT
22.1,36.1,0.15768783154113328,0.5943365436574273,1,COMFORT
23.4,45.0,-0.04504772138482091,-0.38508937070410676,1,COMFORT
22.3,55.6,0.0645543962259747,-0.06212353789496658,1,COMFORT
28.0,25.2,-0.039422523494558916,-0.020581225989674403,2,WARM_HUMID
18.9,35.8,-0.10224761858539212,-0.24966784891237737,0,COLD
24.0,28.1,-0.016113937981933807,0.4127473479760842,1,COMFORT
19.4,25.2,0.01885639066155799,-0.23631081012428093,0,COLD
30.8,54.1,0.06847470528759687,0.34767684265817944,2,WARM_HUMID
20.2,53.0,0.04532247231053851,-0.19929417071758151,0,COLD
11.6,27.3,-0.10660379887005161,-0.2611681127884696,0,COLD
22.7,53.0,-0.03752861281857183,0.025166850292579125,1,COMFORT
23.7,62.2,-0.017761788357410685,-0.31478326253594824,1,COMFORT
26.1,42.9,-0.11351493308968189,0.21458269913307637,1,COMFORT
34.5,54.6,-0.01975503807898649,0.013630845585585062,3,HOT
30.7,73.9,0.18844941880857558,0.0529571617396354,2,WARM_HUMID
16.2,60.1,0.03454411824447028,-0.0739931407600964,0,COLD
36.0,69.0,0.14936541048324325,0.4442704642066135,3,HOT
19.8,51.3,0.04082508168637059,-0.1266446100448288,0,COLD
37.0,65.0,0.00697833477488305,-0.4800882375660147,3,HOT
21.8,37.9,0.11035211456396,-0.20015165181156236,1,COMFORT
32.1,31.3,0.3323310211738563,-0.08427503123127272,2,WARM_HUMID
22.3,31.6,0.2041094769963495,0.8111163773593678,1,COMFORT
21.8,22.4,-0.06368972490332138,-0.05726834662287514,1,COMFORT
23.7,37.3,-0.15165556950685957,-0.17499531434032867,1,COMFORT
22.4,44.2,-0.09361803343004087,-0.7382438364967658,1,COMFORT
25.7,45.4,-0.022666165823982617,0.2583755545316469,1,COMFORT
18.4,49.3,0.09674098980560933,0.09045004723233357,0,COLD
19.6,36.3,0.2054671652943568,-0.7109171746879237,0,COLD
24.1,27.2,0.03355212357940223,0.2905675269499714,1,COMFORT
22.7,67.0,-0.06632412485528544,0.21648518816686588,1,COMFORT
35.4,49.6,-0.018891788183866307,0.9746839547008579,3,HOT
30.1,31.0,-0.2390868790026011,-0.30903399400655557,2,WARM_HUMID
23.2,62.0,-0.21480294468313182,-0.650459124555543,1,COMFORT
31.2,16.4,0.17460902288789062,0.33597087989784163,2,WARM_HUMID
24.4,15.8,0.02832856128514327,-0.322472040216363,2,WARM_HUMID
16.2,62.3,-0.14708304902110017,1.0712667110595981,0,COLD
28.7,58.8,0.12344680351284185,-0.7744151770743644,2,WARM_HUMID
22.0,56.7,0.16530401133035666,-0.04982930568060352,1,COMFORT
20.8,29.5,-0.09174861127114925,0.8819643753026292,0,COLD
23.3,45.4,-0.38825387453271726,-0.09100681223631968,1,COMFORT
22.8,27.7,-0.06508392272489373,0.08725229006665976,1,COMFORT
23.0,43.6,0.15017578260311917,-0.19817894367218752,1,COMFORT
32.0,65.7,0.20239858917161088,0.682081049464659,3,HOT
10.4,59.2,-0.16517260958730126,0.12886788964864587,0,COLD
25.7,59.5,-0.09751218949271295,-0.706605422936272,1,COMFORT
27.1,60.0,-0.06883577461852397,0.7557829890654174,2,WARM_HUMID
16.9,33.7,-0.04899713447829172,0.3712674166755347,0,COLD
16.6,24.8,-0.20433782590572144,-0.5787289855649494,0,COLD
18.2,28.0,0.16557650379065117,-0.7488275995723628,0,COLD
31.2,69.3,-0.0031909445582980127,-0.011090554872702812,2,WARM_HUMID
24.1,64.0,0.19240709372553294,0.43443152438803445,1,COMFORT
19.3,40.0,-0.2423769706450248,-0.5236034468649269,0,COLD
23.1,50.9,-0.07700113151072056,-0.686849428566096,1,COMFORT
35.0,31.0,0.11484532809115973,-0.43207305553960645,3,HOT
29.0,29.6,-0.07016642236314417,0.10644210344534243,2,WARM_HUMID
24.5,33.0,0.18707815949662257,0.4402821850650102,2,WARM_HUMID
28.9,77.5,0.04384572818310622,0.05045711470001912,1,COMFORT
32.3,43.2,-0.016579605289399876,-0.4487746806366765,3,HOT
37.0,75.0,0.17898961405485894,-0.323133814328513,3,HOT
11.5,82.0,0.04665585980521173,-0.0790439761619406,0,COLD
30.8,74.3,-0.11762441132899794,0.4424561963925852,2,WARM_HUMID
24.8,48.1,-0.008568712178650075,0.36126274778387063,1,COMFORT
17.7,37.1,-0.08606333256065642,0.31120413818786813,0,COLD
18.1,53.0,0.14637219804037954,-0.10598506797455781,0,COLD
19.3,72.5,-0.09440613168096836,-0.816152970103874,0,COLD
31.6,40.0,-0.06928192207467128,-0.1775208405105079,2,WARM_HUMID
27.9,74.0,-0.1699196701888598,-0.5983790391051472,2,WARM_HUMID
28.8,65.6,0.18982843821278106,0.10387462235837419,1,COMFORT
25.0,36.2,-0.13274050222979097,-0.3398094834803198,2,WARM_HUMID
28.6,56.0,0.20661762015496069,0.37752314724141117,1,COMFORT
22.1,41.2,0.11858519646297098,0.4258731925404997,1,COMFORT
29.4,67.0,0.13231321390265474,-0.4141806675078213,2,WARM_HUMID
26.4,89.3,-0.40122722189093285,0.10553030042224065,0,COLD
29.7,54.3,0.1661026496168253,-0.13086840649874232,2,WARM_HUMID
16.4,49.0,-0.1312813801168119,0.11812812557814865,0,COLD
27.0,35.2,0.21129231015667624,-0.2968043246325967,2,WARM_HUMID
23.6,27.0,-0.27554411479552504,0.2989855715257391,1,COMFORT
20.0,37.1,0.16960121967817665,0.3131251235073822,0,COLD
24.9,51.0,-0.04654001348901841,-0.5208610579472238,1,COMFORT
21.0,30.0,-0.003691874131933289,0.33539161695220443,0,COLD
20.3,36.0,0.1774342408316888,0.526985589491323,0,COLD
25.5,53.4,0.013910048653793907,0.8396502440479834,2,WARM_HUMID
34.3,49.0,0.07487133005561585,0.07580762487076836,3,HOT
21.0,29.8,-0.022635010458373944,0.08613853393620884,0,COLD
25.4,44.8,-0.20372388472070865,0.578698899381733,1,COMFORT
35.8,44.3,-0.198411153470327,0.633731397505312,3,HOT
28.5,51.4,-0.06046866028876995,-0.5406219030475871,2,WARM_HUMID
32.3,53.7,0.11951986615175773,0.5455292463091092,2,WARM_HUMID
22.0,24.7,-0.03625879651876893,-0.06622737053659962,1,COMFORT
18.8,34.0,-0.09415381647454502,0.43423727401063084,0,COLD
15.3,65.0,-0.2045303795592049,-0.39322720463261107,0,COLD
22.7,20.9,0.38322937035373644,-0.8501654122624883,1,COMFORT
31.7,71.7,0.08604854449150728,-0.1405316510250303,2,WARM_HUMID
10.0,68.0,-0.2264327433704932,0.1732944144460138,0,COLD
22.7,31.9,0.09285284702210596,0.12747911144449706,1,COMFORT
16.1,54.0,-0.02419042508969682,0.2729808996162798,0,COLD
28.4,61.8,-0.025399328567257094,0.14195104596471228,2,WARM_HUMID
26.4,47.8,0.004211427167425648,-0.3660772319803883,1,COMFORT
36.5,44.9,-0.17089784195357863,-0.29233604812066977,3,HOT
18.7,65.3,0.06493905980567362,0.17132338375429934,0,COLD
30.6,67.9,0.007703813820402002,-0.3242940107631923,2,WARM_HUMID
30.8,34.0,-0.30325891024021817,-0.649768956996686,2,WARM_HUMID
23.3,64.0,0.07915529573608167,0.1393076645113914,1,COMFORT
29.6,64.0,-0.09442399193480701,-0.24087487981284111,1,COMFORT
17.6,33.6,-0.1337315234781757,0.18095331493848263,0,COLD
15.1,72.0,-0.11554703068363437,-0.04889296393731422,0,COLD
32.0,69.0,0.2840856251178614,0.44560424437298124,2,WARM_HUMID
22.3,23.4,0.06365616713066576,0.2822229467277854,1,COMFORT
20.3,54.5,0.026382816503396692,-0.0430769575611034,1,COMFORT
25.8,19.3,-0.14558913385573874,0.05529616734822099,2,WARM_HUMID
31.2,48.0,0.012246410163173883,-0.26605810643163025,2,WARM_HUMID
17.1,34.6,0.01732918715034585,0.016069062523559063,0,COLD
30.0,57.9,0.1327613892488632,-0.3705243385434832,2,WARM_HUMID
22.4,34.5,-0.1279681453613728,-0.1068764884101283,1,COMFORT
21.7,21.1,-0.2529410558761317,-0.2982127886422542,1,COMFORT
32.4,17.2,-0.05879904371815725,-0.22020709239176264,2,WARM_HUMID
30.4,71.4,-0.035463890755602016,0.10062144704956294,2,WARM_HUMID
25.8,41.0,0.3378653708016463,0.3167030427432168,2,WARM_HUMID
23.2,50.8,-0.12781499737358387,-0.09013295176096095,1,COMFORT
31.2,42.0,-0.27545396756555957,0.21606334633248722,2,WARM_HUMID
30.3,72.0,-0.24442293057036585,-0.1633800822375109,2,WARM_HUMID
34.2,30.0,-0.008388067278331968,-0.2834670664544645,3,HOT
32.4,69.0,-0.3862501559719455,-0.13521740566934698,2,WARM_HUMID
26.2,39.6,0.07172537280634435,-0.40653943163545475,2,WARM_HUMID
22.9,34.5,-0.08765482961894554,-0.4518463833657094,1,COMFORT
23.8,22.8,0.12204248046771825,0.20464196027200124,2,WARM_HUMID
30.8,68.0,0.0031612414015032234,0.08998920846297458,2,WARM_HUMID
27.2,45.5,-0.14316060758627142,-0.0349802182158375,1,COMFORT
28.0,45.0,-0.17060103009152316,0.023449931812719364,2,WARM_HUMID
16.3,63.0,0.16975178055018264,-0.37536564539405903,0,COLD
26.0,57.7,0.10422594261693961,-0.08133639356463346,1,COMFORT
28.5,29.2,0.18242486651733814,0.3857820381973621,2,WARM_HUMID
22.4,59.0,-0.2601330447835938,-0.3510148878058678,1,COMFORT
23.1,29.1,-0.016647830140662206,-0.3581408775304953,1,COMFORT
24.5,32.6,-0.10838951721022165,-0.1720946983979324,2,WARM_HUMID
22.4,60.7,0.05651544924739574,-0.4622430442225148,1,COMFORT
20.2,37.4,0.28185759357971507,-0.12815792614055488,0,COLD
19.5,57.7,0.02583246130179811,0.15206775756690982,0,COLD
28.1,80.6,0.22411921735584042,-0.2756856557928614,2,WARM_HUMID
22.9,70.9,0.07567908236261188,-0.047970186691917965,1,COMFORT
30.4,51.9,-0.13622309229115057,0.9401362883516454,2,WARM_HUMID
17.7,50.5,0.05045078424982966,-0.21903877264452254,0,COLD
37.0,81.0,0.00263761150097225,0.339219905971076,3,HOT
20.8,39.0,0.028490686615217503,-0.31779406489997764,1,COMFORT
24.0,67.0,-0.2714494535212842,0.09426340188093624,1,COMFORT
20.6,32.4,-0.15387120970053322,0.09534335965395725,0,COLD
38.1,31.7,-0.27940352852798683,0.5220780460061171,3,HOT
27.4,42.0,0.15431534871352207,0.010003335627880068,2,WARM_HUMID
33.2,43.5,-0.17497089972069904,-0.17881365387300444,3,HOT
23.9,22.2,-0.13364280512746932,-0.5771402770968967,2,WARM_HUMID
33.5,62.2,0.0602144489051193,-0.4095855506652103,3,HOT
28.3,34.9,0.10529784589742336,-0.2356131736984875,2,WARM_HUMID
19.0,39.0,-0.03344738274043553,0.36313337893473296,0,COLD
28.7,55.0,-0.20287630341610835,-0.09228965036033505,1,COMFORT
13.4,48.8,0.26762226322574056,-0.21757486350847555,0,COLD
30.9,29.0,0.11905704063480722,0.19409362916175887,2,WARM_HUMID
15.0,50.0,-0.006993714782200372,1.068816886421438,0,COLD
23.3,24.2,0.2843296359322883,0.25584382429581004,1,COMFORT
24.9,36.6,0.044726355416620324,-0.20336211541305232,2,WARM_HUMID
31.6,25.5,-0.10669548404242189,-0.12337977492261326,2,WARM_HUMID
19.7,35.6,-0.03241973655152094,-0.38113569841246675,0,COLD
22.1,37.7,0.08678888023730841,0.5799212947351786,1,COMFORT
33.0,79.0,0.029434003145188452,0.14731365736339097,3,HOT
28.7,62.8,-0.17394760122531933,-0.09452623806399213,2,WARM_HUMID
24.4,31.9,-0.03317745417701493,-0.2619538877699106,2,WARM_HUMID
22.6,24.4,-0.39253688601660913,-0.23244229854216641,1,COMFORT
31.1,42.3,0.05891723243384897,-0.4277113656514865,2,WARM_HUMID
23.0,81.7,-0.19388554964338026,-0.13592229767400987,3,HOT
29.6,54.3,0.22891927014226982,0.18502302023220746,2,WARM_HUMID
30.0,72.0,-0.3267121362304266,-0.28725203111219155,2,WARM_HUMID
28.7,62.9,0.2131857424327037,-0.27369336824730284,2,WARM_HUMID
23.6,37.5,0.22913082872165416,0.24029714455143833,1,COMFORT
19.6,36.3,0.004521099197276606,0.3363356828840228,0,COLD
23.5,42.2,-0.08329291539015544,-0.1473050156035227,1,COMFORT
26.4,35.0,0.03436120323085538,-0.3505996698325531,2,WARM_HUMID
17.1,31.0,-0.18973332661540626,-0.568778100697893,0,COLD
37.5,32.0,-0.19346580138663447,0.2572515917948958,3,HOT
22.4,31.2,-0.1691328752266294,-0.3595650632055392,1,COMFORT
22.1,43.1,0.01239813213299997,0.11737981674134877,1,COMFORT
27.2,83.6,-0.10704576833861361,0.1775795487360143,2,WARM_HUMID
25.2,26.2,0.16025198070056842,-0.5397298116606575,2,WARM_HUMID
19.3,68.5,-0.104625974237,-0.2189829371253209,1,COMFORT
26.7,34.3,-0.21018810212996522,-0.1969754878155765,2,WARM_HUMID
34.8,51.5,-0.23114205497383422,0.016320490440488656,3,HOT
23.9,21.2,-0.07762568861016471,0.5313629599494675,2,WARM_HUMID
26.8,59.2,0.18795873153658713,0.0756687148650893,2,WARM_HUMID
11.6,50.3,0.1917243334834348,-0.8244144278946082,0,COLD
20.8,64.8,-0.01913788950394095,0.023698789048624838,1,COMFORT
21.1,29.2,0.20294341838390642,0.07573337536080378,0,COLD
37.2,41.2,0.07908330713633771,0.11763010305530763,3,HOT
20.1,30.5,0.1772994681334833,-0.05064449388626903,0,COLD
25.3,16.9,-0.21008182230326605,0.6396507842866438,1,COMFORT
29.3,74.5,0.15520495441309226,0.013767053953382359,1,COMFORT
18.1,58.2,-0.18595320006804142,1.1533738661013646,0,COLD
33.6,49.8,-0.07063044299908683,-0.6122782959576822,3,HOT
20.6,68.7,-0.039965065547209404,0.1621454693302877,1,COMFORT
22.3,43.3,-0.1279392483443759,-1.2405690691526927,1,COMFORT
29.6,76.2,-0.036510971219267926,0.5841812508276261,2,WARM_HUMID
23.4,44.0,0.1290269365462502,0.7471529317283557,1,COMFORT
20.0,28.8,-0.08247209403820349,-0.31351644086695324,1,COMFORT
31.1,67.0,0.08411621081706093,-0.11209853854775219,2,WARM_HUMID
30.9,28.1,0.18605751519081323,0.16928586563491008,2,WARM_HUMID
18.8,58.3,-0.11056511612520063,0.25473020251491457,0,COLD
36.4,43.6,-0.20113571541386022,-0.7400695866575778,3,HOT
22.3,34.7,0.07386913960071984,-0.8484347055291102,1,COMFORT
26.4,58.2,0.12290203595738178,0.23499184678004492,2,WARM_HUMID
30.5,28.5,-0.1107936020762278,0.043398873846471085,2,WARM_HUMID
32.5,40.7,0.20745860978724076,0.07189491332429497,3,HOT
29.8,76.6,-0.05848820618177276,0.0794292176669591,2,WARM_HUMID
19.6,36.3,0.23314236624165388,-0.07571569698302441,0,COLD
12.2,70.1,0.156852314700995,-0.49399306363807666,0,COLD
19.3,39.5,0.0759417707231381,-0.4335842282481346,0,COLD
15.4,66.0,0.10992627104964496,0.1945379112884157,0,COLD
23.1,50.7,0.18795417619548976,0.7555769134160943,1,COMFORT
26.8,30.2,0.21831517258729874,0.41075664034217907,2,WARM_HUMID
35.6,52.4,0.037114363486795886,0.4007018059398173,3,HOT
35.5,17.0,-0.10931584255285162,-0.3604324746296821,3,HOT
12.8,47.3,0.056554025166590444,0.5107052502314544,0,COLD
18.5,49.3,0.31937630200107975,0.2158561265911037,0,COLD
37.9,36.0,0.05161829871065875,0.39394996837622154,3,HOT
25.2,15.8,0.0359553399000398,-0.2715720773835217,2,WARM_HUMID
23.0,23.5,0.07905483210997222,-0.6304323015178753,1,COMFORT
18.8,36.0,0.08324507474979194,-0.07165834026143465,0,COLD
19.7,25.6,0.27303581255246573,-0.04052079556692111,0,COLD
26.0,66.7,0.1788104856035039,0.042757047285248165,1,COMFORT
20.4,35.3,-0.23166823636253311,0.392415396463213,0,COLD
30.8,65.7,0.06700919648435212,-0.20633089760470957,2,WARM_HUMID
25.7,32.0,0.32226693455890665,0.549790790110432,2,WARM_HUMID
16.8,58.8,-0.11577947269805389,0.11661158520737239,0,COLD
19.7,56.0,-0.07096161103844804,-0.5930869841149621,1,COMFORT
31.4,60.2,-0.17405594665011972,0.09283655702426309,2,WARM_HUMID
16.2,62.3,-0.14708304902110017,1.0712667110595981,0,COLD
14.4,34.0,0.08188739821837843,0.7209859925855071,0,COLD
19.3,35.9,-0.18958073411005746,-0.4340534117257766,0,COLD
33.5,54.6,-0.04385625615132057,0.5433496140923129,3,HOT
14.8,66.0,0.039306647270205615,0.3736234575157455,0,COLD
22.8,47.2,0.20132672843234325,-0.3516327994464663,1,COMFORT
32.1,38.0,0.1949146822605682,-0.5674277767625996,3,HOT
22.8,27.7,0.05379303102112872,-0.5840864428192273,1,COMFORT
30.1,83.9,-0.007168066656611187,0.32074806914548315,3,HOT
33.3,25.4,0.12606213707648678,-0.13133261824738424,2,WARM_HUMID
26.3,38.0,-0.08885339334780804,0.515651876966076,2,WARM_HUMID
22.8,45.3,0.13143687955585812,-0.2880839507288174,1,COMFORT
20.5,49.8,-0.24719360232696935,0.5580425586210168,1,COMFORT
25.1,37.3,0.23094819162512464,0.2792063505542403,1,COMFORT
25.3,30.9,-0.21558384854444923,0.11320476980985524,2,WARM_HUMID
32.0,86.0,0.03812156478511725,0.31256566543425346,3,HOT
30.4,32.0,-0.21104151007697539,0.5594830517119912,2,WARM_HUMID
18.7,40.4,0.06290128086924378,0.08401934782146636,0,COLD
23.8,68.3,-0.01054260100026583,-0.025741100019748605,1,COMFORT
19.5,58.8,0.04289736941703806,0.4898836402042018,0,COLD
18.0,35.7,0.1287526849508085,0.02802076771933736,0,COLD
24.6,35.3,-0.1642470927168424,-0.284762528514599,1,COMFORT
23.2,58.0,-0.03741902975401322,-0.4450087147843813,1,COMFORT
17.1,70.5,-0.0661535730785413,-0.43902923548417444,0,COLD
19.3,46.8,0.032730798679827484,0.04530141233284099,0,COLD
16.9,34.5,-0.2321559601861781,0.33795664960504884,0,COLD
25.8,46.7,-0.10797203264899057,0.5491067410147015,1,COMFORT
23.3,54.7,0.18169490559504484,0.39754623763027985,1,COMFORT
21.8,24.3,0.12222275624872668,0.4781430564199185,1,COMFORT
11.6,57.9,0.08520950904956388,0.3370169701361649,0,COLD
19.6,58.2,0.17261194978803476,-0.4057255340856374,0,COLD
24.1,55.0,0.06295972152146413,-0.5058500312480761,1,COMFORT
30.0,71.0,0.19307035573971437,0.8544694380096743,2,WARM_HUMID
17.6,59.8,0.024950829892598374,-0.24283451647890064,0,COLD
21.2,71.0,0.5242669820323407,-0.2857226037815687,1,COMFORT
25.7,57.2,-0.11243552255240327,0.5879496163678782,1,COMFORT
31.7,15.1,-0.1656937461140989,-0.23482937064347445,2,WARM_HUMID
29.9,69.0,-0.02409972725620823,0.43382259780363075,2,WARM_HUMID
27.0,40.4,0.08572960453511129,0.2061422002662285,2,WARM_HUMID
30.0,66.7,-0.17237984020320937,0.4351983287304557,2,WARM_HUMID
27.7,54.5,-0.25729083975190686,0.1499918952348071,2,WARM_HUMID
18.8,49.3,-0.10946153674473758,0.2843876371464031,0,COLD
36.4,40.0,-0.18790110926081174,-0.8472099715709698,3,HOT
17.0,71.0,0.16772541223428106,0.4325702255439217,0,COLD
33.0,61.0,-0.04643196589709854,-0.04161688094090895,3,HOT
23.0,29.6,-0.09100423728259587,-0.3777826054914369,1,COMFORT
31.0,59.1,0.015248364234904381,0.33307724174642384,2,WARM_HUMID
26.7,50.0,0.24157271029848051,-1.010304207131514,1,COMFORT
21.2,32.5,0.002856774031413485,-0.2524988934730293,1,COMFORT
38.0,75.0,0.02534157639962287,-0.34379678211364917,3,HOT
18.8,45.8,-0.034658930526134786,-0.060901117108085906,0,COLD
17.4,55.1,0.07445724697932678,-0.062040868125454646,0,COLD
24.2,22.4,0.05197905274695006,-0.10052360766145496,2,WARM_HUMID
11.0,42.0,-0.1273535148123053,-0.06283243160407001,0,COLD
28.1,32.0,-0.2705794188843547,-0.21050423703728485,1,COMFORT
33.3,62.0,-0.15850929645374004,0.27865603719036514,3,HOT
27.5,50.0,-0.19071288830164848,-0.6479033657597346,2,WARM_HUMID
30.1,76.2,-0.2606529297368015,0.04777958590898341,2,WARM_HUMID
38.3,24.1,0.05907928747586976,0.18301163323774003,3,HOT
17.7,43.5,0.3051534680109304,-0.7973379239732075,0,COLD
34.7,44.8,-0.17343466812854763,0.15690059274698187,3,HOT
32.2,37.0,0.28085560816070937,-0.10300429736971198,2,WARM_HUMID
17.1,31.0,-0.18973332661540626,-0.568778100697893,0,COLD
28.3,31.0,0.05899605750079854,0.16444334593795928,1,COMFORT
18.3,42.4,-0.14788703118901617,-0.6876602318338522,0,COLD
30.8,60.5,0.2271140985140263,-0.2013624117436379,2,WARM_HUMID
18.5,33.0,-0.04036662037954511,-0.5744953841767931,0,COLD
19.7,38.3,0.11224100427408903,-0.54232570381733,0,COLD
32.0,45.0,-0.04885328392341799,-0.12040246801898996,2,WARM_HUMID
30.3,63.1,0.2811791131655475,0.31155055517176344,2,WARM_HUMID
19.8,32.8,-0.06437616196666597,0.070353593988263,0,COLD
24.0,47.0,0.16571813119182568,-0.09985104671649936,1,COMFORT
32.6,37.5,0.1946660720686753,0.40153700287882127,3,HOT
20.8,29.6,0.00026211904112759943,-0.4903489293055381,0,COLD
20.1,30.0,0.054286175454148225,0.5240171209831596,0,COLD
19.8,37.8,-0.03226038957240115,-0.20142283895340404,0,COLD
25.5,46.3,0.026550208583783194,-0.18803662182978204,1,COMFORT
20.8,29.2,-0.2194372330467118,0.14110596725239605,0,COLD
21.0,22.8,-0.21939523555978885,-0.02818809417989067,1,COMFORT
19.0,34.9,-0.12859967747703321,-0.6891341207953823,0,COLD
30.4,62.0,0.00031858485130421745,-0.4176581468513906,2,WARM_HUMID
29.0,50.1,0.09156597297142396,-0.12280789903620155,2,WARM_HUMID
28.4,56.6,-0.0733375838711063,-0.4093715354230266,1,COMFORT
24.5,53.8,0.09209337192592747,-0.5431985353557448,1,COMFORT
17.7,36.6,-0.1465898197038839,0.13944871970746225,1,COMFORT
23.4,64.0,0.04515063770543392,0.25205104879170237,1,COMFORT
23.6,44.0,-0.05946129590344612,0.24352578292894372,1,COMFORT
23.9,30.0,-0.004588959634613342,0.5417990231957845,1,COMFORT
12.2,69.7,-0.09553141423972865,0.13100958282757003,0,COLD
20.4,35.8,-0.10770496232584112,0.26501285629862414,0,COLD
23.8,50.2,0.03768986461460793,-0.6277837197580038,1,COMFORT
17.6,59.8,-0.15269241692027255,0.9076260291787712,0,COLD
21.2,41.9,0.05550444054308426,-0.7036286468295377,1,COMFORT
21.9,26.0,0.2142416929338854,-0.5103999361878108,1,COMFORT
11.0,68.0,0.011711657084398416,0.585578259649988,0,COLD
18.0,50.8,-0.01728667072993813,0.0264932563358046,0,COLD
20.3,41.9,-0.14073892555473697,0.007365580303654376,1,COMFORT
36.2,41.5,-0.00018330589157166275,0.08064978546253149,3,HOT
20.7,31.2,-0.023931791982690572,0.4350781972078962,0,COLD
20.4,40.3,-0.20101873434821785,-0.8132006646340703,1,COMFORT
29.4,44.8,0.1773922969856753,0.3771901865707747,2,WARM_HUMID
33.3,62.9,-0.08175413593836474,-0.6058182964903639,3,HOT
31.2,63.1,-0.17550055296597938,-0.1864532802801276,2,WARM_HUMID
29.0,49.0,0.08149470435545818,0.7155287340585784,2,WARM_HUMID
23.0,42.0,0.062268624614398596,-0.16400859468248455,1,COMFORT
18.9,38.1,0.01619396549340989,-0.32798695121819765,0,COLD
30.1,77.8,0.06877991146375965,-0.4661314609606554,2,WARM_HUMID
30.3,58.0,0.12782338559690654,-0.03262905118410357,2,WARM_HUMID
20.2,30.2,-0.19036525825979747,0.5146495246703301,0,COLD
18.6,45.6,0.07787699573216626,-0.015453507708014964,0,COLD
33.8,41.0,-0.3191920521211988,-0.8319821221624368,3,HOT
27.0,58.0,-0.3185964863982242,-0.741356648765281,2,WARM_HUMID
23.5,26.3,-0.27461591473254937,0.37201199305939314,1,COMFORT
34.4,54.2,-0.08731794129552295,-0.2459738821693792,3,HOT
23.3,39.1,-0.1888943327820057,1.0054224399463612,1,COMFORT
29.4,71.4,0.013717283618084842,-0.6606814601806399,1,COMFORT
14.0,48.0,-0.22166581616299755,0.8549476440761655,0,COLD
37.0,74.0,-0.2359553855495023,-0.23233273757200368,3,HOT
22.3,70.0,0.18848666049550497,0.37373737440354904,1,COMFORT
23.0,47.4,-0.25807284914192624,0.6797200432557288,1,COMFORT
20.9,56.3,0.01835587544568542,-0.9521686121760263,1,COMFORT
23.5,42.4,0.04241504525729981,-0.4668832924876403,1,COMFORT
24.2,45.0,-0.22713873648788796,-0.23894157581955794,1,COMFORT
22.0,55.6,0.11093188868210928,0.024836315850820082,1,COMFORT
11.0,56.0,-0.11757626086270262,0.2616634441214535,0,COLD
31.0,27.7,0.10611865662965715,-0.9234187581635576,2,WARM_HUMID
11.0,56.5,0.044425351761328134,-0.07439412258218839,0,COLD
30.2,74.0,-0.06755916612231742,0.5478088916243141,2,WARM_HUMID
30.2,72.3,-0.01594326142560369,0.5652546332408733,2,WARM_HUMID
32.5,67.0,-0.08567550246557913,0.07010881061147797,2,WARM_HUMID
23.0,53.3,0.1171981388647528,-0.4478987667861938,1,COMFORT
33.6,48.0,0.15295292150915488,-0.5228751582235738,3,HOT
12.2,57.9,0.47055375681659334,-0.28803102906261063,0,COLD
25.4,53.9,-0.03776209644708533,0.2203824797089624,2,WARM_HUMID
24.6,50.1,-0.07881070005586593,0.44235231004936426,1,COMFORT
37.1,43.3,0.0031038874281389536,-0.5752039877308092,3,HOT
31.8,79.5,0.16357082535854908,-0.4289079925617079,3,HOT
18.2,27.4,0.044990329867563045,-0.043995360785625985,0,COLD
33.5,45.0,-0.21375176616775737,0.14075437476351157,3,HOT
27.6,81.2,-0.03898020647096362,0.7894874461445739,2,WARM_HUMID
27.5,63.0,-0.10420696966335873,-0.2606991057128184,2,WARM_HUMID
31.8,53.0,0.09410590052811334,-0.36456796822350096,3,HOT
20.2,35.6,0.019137546374142746,-0.042267766505095866,0,COLD
13.5,51.5,0.02328690780874189,0.2574349011488455,0,COLD
16.8,36.6,-0.20887688507077176,-0.09615494989843938,0,COLD
20.9,49.3,-0.12645033530928831,0.44477254659698356,1,COMFORT
24.9,40.4,-0.0005215814552904033,-0.18461992013415654,1,COMFORT
15.1,46.3,-0.0024504787936014136,0.5285341688738634,0,COLD
34.3,50.0,-0.15512427223733224,-0.42267445074035737,3,HOT
10.1,51.5,-0.07517657054295526,0.5227147222826808,0,COLD
24.3,26.4,-0.06021630840289939,-0.12495420679658296,2,WARM_HUMID
31.9,45.8,-0.12416830317653266,-0.44091456836165555,3,HOT
26.8,37.3,-0.03398627206005046,-0.3063111084589214,2,WARM_HUMID
11.6,50.3,0.03251521888542594,0.4623343507759494,0,COLD
23.3,27.4,0.017227418712287536,0.07005994077596048,1,COMFORT
35.3,52.7,0.22422101893343402,-0.20420515648371207,3,HOT
22.4,48.6,-0.15967769596245585,-0.16960917478188822,1,COMFORT
30.1,66.7,-0.17572246949564793,-0.3281806410308262,2,WARM_HUMID
18.3,42.4,-0.12136164345200988,-0.759925356447895,0,COLD
23.2,53.3,-0.04246671729986119,0.23389581099409745,1,COMFORT
23.6,26.0,-0.03319103959353761,0.010255688882510682,1,COMFORT
29.3,88.5,-0.0947623036085924,-0.22431026387881248,2,WARM_HUMID
16.8,65.2,-0.1826134328483664,0.12260558183978952,0,COLD
22.9,28.3,-0.0009412849266190477,0.017307639286251567,1,COMFORT
15.5,52.3,-0.25610144304744,-0.11164123140264051,0,COLD
27.0,32.6,-0.24136183844482342,-0.8107736249180708,2,WARM_HUMID
16.8,43.2,-0.00458317813070912,0.2655380567579341,0,COLD
18.4,37.0,-0.09904968942001746,-0.10275108171593142,0,COLD
22.0,35.8,0.1919537204277786,0.13651273384034515,1,COMFORT
30.9,35.0,-0.18152941956381846,0.42524313697154476,2,WARM_HUMID
28.1,52.8,0.13616549983024137,-0.2901853053616607,2,WARM_HUMID
23.1,44.7,0.08723194710807214,0.750868805330922,1,COMFORT
29.4,40.3,0.08195984275009073,0.11618179451405596,2,WARM_HUMID
28.6,71.0,-0.028558422286567492,0.22086776787167717,2,WARM_HUMID
26.2,30.8,-0.2981353371901339,-0.2668701297593703,2,WARM_HUMID
12.8,51.3,0.09036433692042817,-0.5713631178089966,0,COLD
28.8,54.6,-0.04356808743416835,0.31964623362264244,2,WARM_HUMID
26.4,36.1,0.17103758290068072,0.18209321797650943,2,WARM_HUMID
20.0,52.4,0.09335098595016737,-0.11372093539763024,0,COLD
17.9,38.7,-0.043566222301672404,-1.058395936900142,0,COLD
25.0,56.6,0.17868993740675432,-0.2270942436481876,1,COMFORT
18.3,34.0,-0.08085336807515972,-0.06852525237858778,0,COLD
22.5,60.5,0.08584466782953619,0.3125003659899778,1,COMFORT
19.4,25.7,-0.00911109853306518,0.4555297634545407,0,COLD
17.2,52.9,-0.12002434365670273,0.35023399860360105,0,COLD
30.9,65.7,0.13488658522108268,0.3112590317932206,2,WARM_HUMID
20.8,39.8,0.07861605047750087,-0.6639769538234372,1,COMFORT
21.7,47.0,0.24864734357322382,-0.6073735676708281,1,COMFORT
23.8,68.3,0.06104798183183537,0.004193739359947523,1,COMFORT
32.4,68.6,-0.22584947790449647,-0.41459531955602913,2,WARM_HUMID
23.0,32.3,-0.0047641984935281765,0.45254671346151715,1,COMFORT
27.7,41.3,0.36275336303586764,0.1399703352670558,2,WARM_HUMID
28.6,71.0,0.07349425502591078,0.5373063605635431,2,WARM_HUMID
18.3,54.2,-0.0629491850300736,-0.06885186186801322,1,COMFORT
11.6,50.3,0.08469596340410741,-0.06085724116298111,0,COLD
26.5,39.2,0.013940347902446679,-0.23368675990211352,2,WARM_HUMID
28.0,61.0,0.12905574157437605,1.0117792403203147,2,WARM_HUMID
23.5,24.3,-0.03741939679299445,-0.4946576273235003,1,COMFORT
24.6,68.7,-0.03303469166405586,-0.5370988220161775,2,WARM_HUMID
22.5,21.0,0.06431582852033117,0.2898239881018415,1,COMFORT
25.1,43.9,0.0948373322890652,-0.5777433135563211,1,COMFORT
26.7,34.7,-0.1019087152574928,0.09139396703379883,2,WARM_HUMID
17.3,55.0,-0.2508359734271607,-0.5343321742251745,0,COLD
25.6,32.7,0.2887613744794633,0.5060639248301937,2,WARM_HUMID
27.4,59.2,0.0574256285901686,0.8644347676380143,2,WARM_HUMID
17.4,62.0,0.08925132031624199,-0.07230579157443301,0,COLD
34.4,39.0,0.055695403953884066,0.25946054214322656,3,HOT
32.2,66.9,0.22681892135649812,0.06163910910404802,3,HOT
22.1,48.1,0.12071284164807232,-0.36286388716775037,1,COMFORT
28.9,38.0,0.24125558923460583,0.19107853826857324,2,WARM_HUMID
22.5,29.8,-0.15177147048226808,0.06695920003843286,1,COMFORT
21.4,72.3,0.08366550706966389,-0.22114087532604945,1,COMFORT
24.2,29.0,0.2290623930375442,-0.8586316756719097,1,COMFORT
33.8,55.0,0.15215550975271955,-0.4394863445491791,3,HOT
12.9,28.5,-0.11024278152530666,-0.39241778350432843,0,COLD
19.0,38.1,0.1032307959679324,0.06302288057436657,0,COLD
32.0,62.4,0.024619081917058132,-0.3722790408970981,3,HOT
31.5,59.0,-0.045199779210507364,0.3310570503804685,2,WARM_HUMID
24.3,31.0,0.11686959383825282,-1.070296534804833,2,WARM_HUMID
30.5,41.0,-0.23990921432914666,0.1823150895530126,2,WARM_HUMID
24.3,51.5,0.28801341306396894,-0.5384998056603376,1,COMFORT
23.3,32.8,-0.2907571708622886,0.04814239772807968,1,COMFORT
20.2,49.3,-0.14378274336494315,-0.00018988186286531385,1,COMFORT
33.0,61.0,-0.027735320466448353,-0.34582110169446634,3,HOT
22.7,37.1,0.014451665587727298,-0.0036983729202759437,1,COMFORT
18.6,41.4,-0.06030739504121849,0.1993890661743182,0,COLD
28.9,54.7,-0.03740544377587218,0.06954319033369374,2,WARM_HUMID
23.3,41.7,0.05289109076382923,0.30041582164861463,1,COMFORT
33.8,42.0,-0.15166760266227913,-0.16397441113192907,3,HOT
34.8,51.0,-0.2003197940172178,-0.12576723585594984,3,HOT
12.8,48.8,-0.23098894814296878,0.3070588517035733,0,COLD
37.0,46.3,-0.14457628156504257,0.002544097485788446,3,HOT
18.4,33.3,-0.3381536509656712,0.08197808469690038,0,COLD
18.2,33.0,-0.1417444041283005,0.311481565202636,0,COLD
20.9,29.6,-0.026341026539270812,-0.411216285740845,0,COLD
22.5,45.0,-0.11365166845479563,-1.033848313110757,1,COMFORT
19.9,36.4,0.3250438900870449,0.38446831351478994,0,COLD
26.1,42.0,-0.09326485313832485,-0.8582147199751999,1,COMFORT
23.6,30.3,-0.15438012913750895,0.5435839013759857,1,COMFORT
22.9,36.1,-0.014258590941563978,0.3863515072862425,1,COMFORT
28.2,52.2,-0.14575230540165957,0.10422002464474887,2,WARM_HUMID
12.2,50.3,0.0790809096864541,0.23069440361555898,0,COLD
30.3,29.0,-0.0610327866756562,-0.2289951075634598,2,WARM_HUMID
28.1,42.9,-0.1601929368229972,-0.4213699648860243,2,WARM_HUMID
18.7,32.7,0.12016928758679302,-0.731725919536767,0,COLD
32.2,53.0,0.2219824901294023,-0.19574365161109802,3,HOT
33.0,59.0,0.1267730475607822,0.5751933726698548,3,HOT
14.6,63.6,0.25308654839595773,0.6797808726869166,0,COLD
30.5,42.0,0.11794531485595544,0.022172233070576895,2,WARM_HUMID
18.4,42.3,0.027911990942807482,-0.9612073244793973,0,COLD
30.3,19.2,-0.014334296477655252,-0.18754763790682275,2,WARM_HUMID
27.8,52.0,0.23979707557570754,-0.7923351934229558,2,WARM_HUMID
21.2,43.6,-0.17338646736368687,-0.23738102670505132,1,COMFORT
34.5,44.0,-0.16744431037495758,-0.06723844447355017,3,HOT
16.8,55.6,-0.3361972279766022,-0.3967522409870185,0,COLD
27.5,49.8,-0.10864538013115001,0.7714610202044455,2,WARM_HUMID
25.6,32.7,0.03688508272024812,0.4549009218050419,2,WARM_HUMID
20.6,49.3,-0.14719651821605223,-0.5773657406397177,1,COMFORT
18.8,57.4,0.01864306278669776,0.4024048035318691,0,COLD
32.9,20.0,0.07442987810449744,-0.019667331132790157,3,HOT
22.2,22.5,0.0185068143679956,-0.019678497327116573,1,COMFORT
30.9,69.0,-0.34625343895654054,0.009318959665518805,2,WARM_HUMID
31.4,70.2,0.29028159546572424,0.030407972005941492,2,WARM_HUMID
32.6,41.2,0.015035068685421421,0.8922916859941511,2,WARM_HUMID
22.9,32.4,0.2911667213259034,-0.5303360326260068,1,COMFORT
20.9,32.0,0.015562742600445928,-0.21514848144849857,1,COMFORT
27.9,39.5,-0.08737562496159536,-0.02733319161765309,2,WARM_HUMID
29.4,67.0,-0.035510069339215425,-0.7427849483252258,2,WARM_HUMID
26.6,51.0,0.023545294057314002,-0.05697820296159988,1,COMFORT
24.2,29.6,0.27672087980045906,0.46378243627919935,1,COMFORT
31.0,59.1,-0.1659516235615663,0.012824545344888104,2,WARM_HUMID
36.7,47.2,0.14814717114915327,0.6274791042672013,3,HOT
29.1,54.0,-0.2047532693139953,0.1556170575794653,2,WARM_HUMID
32.3,26.2,-0.09824767329130786,0.23211999318654894,2,WARM_HUMID
24.8,59.6,-0.0029342484085918886,-0.3510528813124468,1,COMFORT
17.5,86.0,-0.04894381375858964,-0.17208969125160353,0,COLD
18.0,56.0,-0.0073315850279391205,-0.7245561383868409,0,COLD
31.1,72.5,0.13446699876039345,0.16713682694529097,2,WARM_HUMID
30.0,78.0,-0.07855594479644504,-0.7267218206346119,2,WARM_HUMID
15.6,52.8,0.24105285123739215,-0.2455716977147355,0,COLD
29.4,29.0,0.1399692108511604,0.08875990316848092,2,WARM_HUMID
23.8,45.0,0.06834703651328922,0.11707961238112648,1,COMFORT
30.2,54.0,0.08588741720342379,-0.3752512048554422,2,WARM_HUMID
21.9,53.2,-0.1082111530338076,-0.3696407661192944,1,COMFORT
35.0,27.6,-0.09669250357155647,-0.26441294783486996,3,HOT
26.8,47.0,-0.0701551801967837,-0.5190624333668851,1,COMFORT
19.0,41.0,0.12153900665630007,-0.08443666830795976,0,COLD
18.7,28.3,0.0003288858340464975,-0.20693928733763173,0,COLD
33.7,43.0,-0.07459971468352246,0.26856568459597674,3,HOT
33.4,59.0,-0.18734709840253586,-0.7706619451251231,3,HOT
24.2,29.0,0.08274715596378547,-0.7286979963852973,1,COMFORT
34.6,50.4,0.13665083798365474,0.4747115832148301,3,HOT
26.2,41.0,0.2612868365395475,-0.3040404839144384,2,WARM_HUMID
27.7,40.3,0.06200231678253792,0.02986994150812926,2,WARM_HUMID
24.4,31.0,-0.12155119294639105,0.13627885964359213,2,WARM_HUMID
27.5,49.6,-0.05296802700036699,0.2781760561184578,2,WARM_HUMID
32.1,59.9,-0.4450129603111096,-0.31598879961629955,2,WARM_HUMID
15.7,55.6,-0.08500931008851487,0.551814510478634,0,COLD
32.2,62.1,0.10782951293110496,0.5081670399460266,3,HOT
26.4,57.0,0.03170948512059883,0.1374058991364009,1,COMFORT
25.0,63.1,-0.31154602835915707,0.10368149499881184,1,COMFORT
22.4,52.0,0.12322978661478953,-0.19166338151803178,1,COMFORT
14.4,40.1,0.05880667558027585,-8.860785278994884e-07,0,COLD
31.3,17.3,0.11308680977881994,-0.24580761913724394,2,WARM_HUMID
24.7,25.8,0.11569186454594055,-0.150260339894469,2,WARM_HUMID
35.2,55.0,-0.13848498691663563,0.07386752553958473,3,HOT
17.1,39.6,-0.24410256535122263,1.0960956775669146,0,COLD
34.3,49.6,-0.4019035842676703,-0.13519769518606858,3,HOT
22.5,30.3,0.2008849479358678,0.2945652225701754,1,COMFORT
16.2,66.9,0.1096693665213687,0.21353711025519334,0,COLD
23.6,45.0,-0.00562117324147834,-0.35835135809098584,1,COMFORT
27.2,60.8,-0.1401129841649243,-0.10489383701046161,2,WARM_HUMID
20.1,43.6,-0.05791356942932773,0.47861397073772,1,COMFORT
19.6,73.0,-0.18800670032169398,-0.48749380859093416,0,COLD
21.8,29.1,0.005213171743777185,-0.09427892152338652,1,COMFORT
34.6,40.5,0.18111884395758474,0.11458884912520745,3,HOT
25.2,28.1,0.03384394323041317,0.7145862853030535,2,WARM_HUMID
20.1,38.7,0.008198418136904813,0.3887306269775903,0,COLD
22.9,34.5,0.07158168684830954,0.23164317783745952,1,COMFORT
19.6,45.4,0.011089852526386014,-0.21322095342084207,0,COLD
19.6,22.8,-0.020516830058860545,0.29255504793419645,0,COLD
36.6,30.8,0.5207324215208216,0.29829301583046836,3,HOT
23.4,43.9,-0.29318557771542825,-0.12811783934333615,1,COMFORT
25.3,30.1,-0.05461400154607298,-0.6218455056375246,2,WARM_HUMID
34.5,44.0,-0.16744431037495758,-0.06723844447355017,3,HOT
22.5,36.0,0.0722500988257335,0.5589615561513378,1,COMFORT
22.6,44.8,-0.03650946135153477,-0.30579309748274974,1,COMFORT
28.7,28.8,0.015773997277681813,-0.39779103290961637,2,WARM_HUMID
30.4,70.4,0.12318017246277349,0.17978879111453355,2,WARM_HUMID
20.2,35.0,-0.04478370440914704,0.58671971722831,0,COLD
30.2,37.4,-0.01671062031034085,-0.8463702733834702,2,WARM_HUMID
15.0,38.0,0.08770880205539107,-0.006079761916958532,0,COLD
26.2,57.0,0.023696146837717754,0.760597555589451,1,COMFORT
18.7,46.0,-0.19806734844158172,-0.21581352347666471,0,COLD
18.3,44.8,0.13933585540928795,-0.1766523004960352,0,COLD
19.6,73.0,-0.07962619976518868,0.18864211960813557,0,COLD
20.6,35.4,0.13035572324888206,-0.3635034877921597,0,COLD
24.0,43.7,0.32224452956804384,-0.3303746768942384,1,COMFORT
25.0,42.5,0.26373883313767205,-0.25631423466596415,1,COMFORT
30.0,34.0,0.060473482164045925,0.02028186750714059,2,WARM_HUMID
12.8,67.3,-0.007091967983613741,-0.16576422421230677,0,COLD
11.0,69.0,-0.11127309625526373,-0.5465859032120906,0,COLD
19.9,36.0,0.11317201911725949,-0.13780071146508796,0,COLD
18.7,45.0,-0.19695625113927634,-0.04981724543907446,0,COLD
30.7,79.1,-0.016504717539810847,0.3233469465983503,2,WARM_HUMID
24.4,26.8,0.04915728140618,0.23547391530650794,2,WARM_HUMID
19.4,36.1,-0.1994698502525776,-0.2993669572718518,0,COLD
19.6,26.2,-0.06328812307982641,0.8582676916444906,0,COLD
24.1,22.4,-0.12919650537734242,0.07405049682623359,2,WARM_HUMID
30.8,69.8,-0.3380302743130133,-0.04257751430944215,2,WARM_HUMID
25.3,48.3,0.1503908790339383,-0.29623429891971376,1,COMFORT
31.2,56.4,0.02573841367042199,0.033417252061224444,2,WARM_HUMID
20.5,35.2,0.25166828446327894,0.2394652974528727,0,COLD
27.1,47.0,-0.13481760724846922,0.08100529844816073,1,COMFORT
23.8,21.9,0.0874516138905434,-0.3868126631537054,2,WARM_HUMID
29.2,56.8,-0.3204211721155981,0.44137943446233446,2,WARM_HUMID
29.8,72.7,0.03163892429458951,0.8746099177154183,2,WARM_HUMID
24.1,48.0,0.09868689473891415,0.31859884007594225,1,COMFORT
34.4,54.4,0.1316043313809713,-0.05686041695785432,3,HOT
27.5,57.1,-0.01630002623457837,-0.32720760597815174,2,WARM_HUMID
33.6,51.6,-0.05687154743388742,0.26149838384513,3,HOT
25.3,80.0,-0.014563709483165392,1.073637323249849,0,COLD
19.7,57.3,-0.2129131145553701,0.40279737797053106,0,COLD
24.9,23.8,-0.12562333604129206,-0.06289150509613381,2,WARM_HUMID
20.1,52.1,0.1257582474765505,-0.1362101087038671,0,COLD
23.4,23.3,0.06902636928286285,-0.045066785059005826,1,COMFORT
23.1,55.5,-0.009636279964363567,0.5944016366559958,1,COMFORT
19.9,46.1,-0.058683383961365326,0.2519953522125351,0,COLD
20.7,43.5,0.15570187909739433,-0.5999406914530349,1,COMFORT
30.2,73.6,-0.1104953892239897,-0.14804333356381724,2,WARM_HUMID
30.3,69.0,0.10890539988440005,0.4525988787083117,2,WARM_HUMID
16.9,42.0,-0.06932961344381783,0.5537493566563128,0,COLD
25.8,63.9,-0.038334117856527704,0.1884855383691544,1,COMFORT
25.2,74.4,-0.013333804810374935,-0.15479964270582816,1,COMFORT
24.8,32.2,0.04010321167295064,-0.24203694256549646,1,COMFORT
34.9,44.1,0.22374245399835244,0.18689388735876608,3,HOT
30.0,85.0,0.21803959826797079,-0.32745671334081794,3,HOT
25.5,32.9,-0.1690085429983643,0.1256784780263952,2,WARM_HUMID
19.3,72.5,0.09556785606168414,0.219331495717559,0,COLD
22.0,40.5,-0.09221054204489028,-0.018131415339589934,1,COMFORT
22.7,55.6,-0.09553235834084363,0.18365585776573634,1,COMFORT
28.4,83.9,-0.05781014647454373,-0.31124324245195845,1,COMFORT
33.0,67.0,-0.16154543955280015,0.10173950235645252,3,HOT
17.1,51.3,-0.018820673337027884,-0.03706593762024512,0,COLD
28.7,51.2,-0.04083819200165208,0.7721973571060531,2,WARM_HUMID
33.3,26.3,0.030720871777672576,0.07451840735083241,2,WARM_HUMID
20.2,31.4,-0.2620048451189679,0.9617392509858935,0,COLD
22.1,72.0,-0.12062799823339032,-0.5175400981134574,1,COMFORT
19.5,39.8,0.23921605324496573,-0.3370087004909747,0,COLD
27.6,38.5,-0.1146768943430458,-0.2506205849956902,2,WARM_HUMID
16.8,58.0,-0.13650396698157988,-0.4253313366959468,0,COLD
24.0,40.6,0.01960795675671721,0.6323315410244502,1,COMFORT
17.4,41.5,-0.003607173764973942,0.6503351802412132,0,COLD
29.6,65.9,-0.11677921482480465,-0.13240306681920422,2,WARM_HUMID
34.5,36.6,0.18232008839353803,0.5947649564555325,2,WARM_HUMID
35.0,51.5,0.15318668063204774,0.09055217925626609,3,HOT
36.0,81.0,0.19869170295343433,-0.18140564763936803,3,HOT
34.4,54.4,0.1316043313809713,-0.05686041695785432,3,HOT
17.5,38.8,0.08471836588614721,-0.47198855063072637,0,COLD
26.0,57.7,0.23861412240641416,0.3965846617748815,1,COMFORT
26.9,69.3,-0.2700045589247304,-0.06402920874466286,1,COMFORT
28.4,36.1,0.14439109111149784,-0.8063603019347758,2,WARM_HUMID
19.1,35.9,-0.06606946836048155,-0.05144969428551749,0,COLD
29.2,63.5,-0.16633442754667768,-0.4006418269222345,2,WARM_HUMID
22.9,67.7,-0.057334482644728894,-0.07724855781075679,1,COMFORT
17.9,50.7,-0.08561436894152764,0.0813970574252801,0,COLD
19.5,40.3,0.05440325764342343,0.5056714657253543,0,COLD
24.0,64.0,-0.12643982931305703,0.16961747334615185,1,COMFORT
18.8,58.8,-0.0015469664975547867,-0.12814101364750383,0,COLD
24.9,25.3,0.03290559720568677,-0.45527069701364975,2,WARM_HUMID
11.5,82.0,0.042902371145193734,-0.43690581813100116,0,COLD
18.8,50.8,-0.3330707162527076,-0.2577646816848415,0,COLD
30.4,31.0,-0.05143182923363461,0.5437863495437916,2,WARM_HUMID
22.4,34.8,0.05549917608412807,-0.287722803159421,1,COMFORT
35.0,68.0,-0.012332893391519327,0.5206788248301799,3,HOT
27.0,74.2,-0.07274333173164224,0.4701838947095796,1,COMFORT
19.4,46.3,0.13905042005924306,0.1173777650026854,0,COLD
29.2,63.9,-0.022197967305657505,0.3800903286494229,2,WARM_HUMID
27.7,34.1,0.13203212094362654,0.8484520780043674,2,WARM_HUMID
31.6,57.5,0.17954111883879997,0.004433672079740391,2,WARM_HUMID
19.6,73.0,0.03978436278070649,-0.17177017711678122,0,COLD
13.4,54.2,-0.19245100326088202,-0.6086050043032359,0,COLD
31.8,79.5,0.16934351027744213,0.2711043096473428,3,HOT
22.7,28.3,0.11708884716624154,-0.8299164301147824,1,COMFORT
36.2,41.5,-0.00018330589157166275,0.08064978546253149,3,HOT
19.7,38.4,-0.20389335771302466,-0.8264377220946608,0,COLD
33.5,54.7,-0.09874403574984476,0.0037041216498773714,3,HOT
27.6,63.5,0.03535217201546692,-0.20684577448864855,2,WARM_HUMID
22.7,36.3,-0.024160212866038634,0.3827910156811227,1,COMFORT
22.8,44.4,-0.06435228857287886,0.2864337595671803,1,COMFORT
21.9,24.8,0.2002181035240503,0.4310313198570187,1,COMFORT
37.0,67.0,0.14746332207270754,-0.3607937785759351,3,HOT
23.1,41.5,-0.1319028158541933,0.21889188366356138,1,COMFORT
19.5,44.1,-0.11655153453073558,-0.1405358051308522,1,COMFORT
19.7,33.0,-0.00702942177942373,-0.2557407649792535,0,COLD
18.9,60.6,-0.05998168283396213,0.5229022500928678,0,COLD
27.3,73.0,0.05456732758776166,-0.534162700059929,2,WARM_HUMID
22.7,23.7,-0.026301962241628597,-0.17918851178036604,1,COMFORT
18.8,36.8,-0.05490767133635131,0.11148142037842766,0,COLD
29.2,54.1,-0.003542696912768448,-0.08149662554914473,2,WARM_HUMID
19.3,58.3,-0.0934989512784059,-0.7568275132063254,0,COLD
25.8,47.0,-0.005449591206351261,0.16572104860806813,1,COMFORT
11.6,58.8,0.02435550841995916,-0.49272829161152104,0,COLD
24.3,31.1,0.27585608022399566,-0.38709460977490917,2,WARM_HUMID
27.1,80.7,0.19465650832830347,0.27288565251123037,2,WARM_HUMID
25.7,53.6,0.09581437869433908,-0.027321374415537197,2,WARM_HUMID
17.0,34.2,0.05244458125044413,-0.4869129971077535,0,COLD
19.5,57.7,0.15503789152595734,0.007551809158164844,0,COLD
28.8,63.5,0.19594722195436795,0.08295359413858651,2,WARM_HUMID
18.4,44.2,0.09203041937777824,-0.8608664624440965,0,COLD
31.8,26.6,-0.13262485031563528,-0.011877804190619583,2,WARM_HUMID
17.6,34.3,0.30812907618841046,0.33037017174368954,0,COLD
30.5,20.0,0.035762334650097316,0.04694396327212619,2,WARM_HUMID
27.1,43.5,-0.008981539688174407,-0.5903963847787954,1,COMFORT
20.0,58.2,0.006503477841351328,0.656862549040365,1,COMFORT
18.4,65.0,0.03334591456980966,-0.006385129916289921,1,COMFORT
23.0,42.0,-0.09756071185116096,0.3897735491858154,1,COMFORT
36.0,75.0,0.08535564480049239,-0.40174626828821725,3,HOT
23.0,25.4,0.056670389079545413,-0.6176085509551301,1,COMFORT
28.0,49.0,-0.022625656735004298,0.10791881289615815,1,COMFORT
24.2,51.9,0.3069048779199461,-0.46261945836581075,1,COMFORT
20.2,62.0,-0.05535002838772984,1.0916603148961295,1,COMFORT
26.3,33.8,0.03507976515138705,0.11514733449234926,2,WARM_HUMID
25.6,23.8,0.032460927721922744,0.07252966879676573,2,WARM_HUMID
27.2,27.1,0.053403039435573944,-0.2886195684755905,2,WARM_HUMID
25.2,26.6,-0.06111313896928529,0.16207960506799426,2,WARM_HUMID
17.8,36.6,0.2836260630058748,0.16714562530763907,0,COLD
19.5,41.0,-0.14447772892926405,-0.5930550158586171,0,COLD
19.4,39.3,-0.041617276402646314,0.22579748482083697,0,COLD
23.6,48.2,-0.03715458741628809,-0.6472862654289121,1,COMFORT
18.4,37.0,-0.09904968942001746,-0.10275108171593142,0,COLD
20.1,52.2,-0.3885229873752776,0.8204831660615677,0,COLD
26.8,39.8,0.13031975074583238,-0.4743899253520152,2,WARM_HUMID
34.0,35.8,0.11744202697383313,-0.28378378457774267,3,HOT
39.4,36.0,-0.2994828434973094,-0.15860117326277087,3,HOT
15.4,21.0,-0.1972484093207362,-0.8651050615097834,0,COLD
24.6,45.8,-0.010069162400068755,0.6988513839816526,1,COMFORT
23.9,40.5,0.04706417161917794,0.011792613346210453,1,COMFORT
22.7,35.8,-0.2593729122574389,0.4812480450414552,1,COMFORT
21.5,48.0,-0.13685549273606115,0.07217383519575192,1,COMFORT
22.1,33.4,0.20031795925526139,0.42298375258922766,1,COMFORT
28.1,25.7,-0.048382306533993225,-0.34967585746157015,2,WARM_HUMID
26.9,24.6,0.035982018693523805,0.3910333434203987,2,WARM_HUMID
28.6,54.8,0.04028248649906888,0.5225220006429873,2,WARM_HUMID
27.8,52.0,0.23171960195763905,-0.5087866030327581,2,WARM_HUMID
28.2,52.2,0.056656472386196935,-0.05020296416200233,2,WARM_HUMID
19.8,31.6,-0.028595883991401352,-0.21408135044092602,0,COLD
23.0,25.6,-0.1222455832477721,-0.17459724778153146,1,COMFORT
29.0,43.0,-0.17551695390890393,-0.34278799376267965,2,WARM_HUMID
21.3,54.5,-0.13684882710995366,-0.28133046587493743,1,COMFORT
20.4,81.4,0.2219364805485712,-0.5529124046907586,1,COMFORT
33.0,79.0,0.12881046861188958,0.33925424393554593,3,HOT
28.5,72.3,0.16481446534255598,0.28276938222260045,2,WARM_HUMID
28.6,69.0,0.12576572196705355,-0.20113261253801637,1,COMFORT
20.0,38.5,-0.14276783423274117,0.007298125429301249,0,COLD
20.3,35.6,0.2658954597145155,0.33462417012714674,0,COLD
21.1,56.4,-0.13555432586649863,0.22488307759658982,1,COMFORT
20.5,32.9,0.0327761379069181,-0.38164925660584337,0,COLD
12.2,66.1,0.16408387712608186,0.08874473955504991,0,COLD
21.7,35.7,0.2123865960739015,-0.34089237142127216,1,COMFORT
30.7,62.0,-0.11286071864628913,-0.42192415204749045,2,WARM_HUMID
25.6,69.4,0.1070239203100886,0.47517107277031967,1,COMFORT
17.7,55.9,-0.013072258850313776,-0.013139525882839662,0,COLD
21.1,46.0,0.16153560690221042,-0.43751302205563425,1,COMFORT
19.8,32.8,-0.06437616196666597,0.070353593988263,0,COLD
20.8,66.6,-0.2832277682732715,0.18297109598909603,1,COMFORT
24.6,34.5,0.08802856407004055,-0.7000464783563172,2,WARM_HUMID
20.5,54.1,0.12287685779460865,0.4621486543563588,1,COMFORT
21.5,45.4,-0.18136844570942087,0.07247536228345457,1,COMFORT
18.8,38.4,-0.14043386297103916,0.029003884230486884,0,COLD
33.1,30.0,-0.04696764711331957,-0.5082381023349701,2,WARM_HUMID
33.1,46.6,-0.07833338366363511,-0.06932202681095403,3,HOT
23.0,30.2,0.04355198821443267,0.02526055553734587,1,COMFORT
28.7,65.0,0.21156887178052555,0.7096370734366735,2,WARM_HUMID
30.0,67.3,-0.10554546661638445,0.045313630506077646,2,WARM_HUMID
28.5,51.4,0.16740695793017113,-0.284588391236114,2,WARM_HUMID
35.8,15.4,0.09594620205003389,-0.3850896124206195,3,HOT
16.4,21.8,-0.1856722624135095,0.23703302033954496,0,COLD
24.1,61.0,-0.020712472715271445,-0.05024286577749391,1,COMFORT
30.5,78.3,0.052202011631516415,0.5224271420882365,2,WARM_HUMID
25.0,64.0,-0.08271650727653233,-0.031352246340665295,1,COMFORT
16.2,62.3,-0.03966558401938438,-0.15071189261933457,0,COLD
25.5,24.0,-0.08420917663537335,0.11330225493753808,2,WARM_HUMID
19.6,22.8,-0.13914527263312657,0.06037772994196042,0,COLD
24.2,49.2,0.06516757777382517,0.7922484574222111,1,COMFORT
27.1,62.9,-0.2638440268454879,0.7259669615602842,1,COMFORT
27.2,61.0,-0.044263487135685946,0.47716304592921494,2,WARM_HUMID
16.9,39.0,-0.011514597555113767,-0.03830827455066058,0,COLD
18.9,75.0,-0.27352391025743794,0.05879836641717123,0,COLD
19.0,49.4,-0.31805468032421813,0.02273848455693844,0,COLD
25.2,63.6,-0.04913410849622219,-0.45732178823286546,1,COMFORT
28.2,44.0,0.10605485394161773,0.5479091819609138,2,WARM_HUMID
19.3,52.0,-0.2694246988752872,0.2264610845454278,1,COMFORT
27.6,39.2,-0.11199852707927943,-0.808413607397024,2,WARM_HUMID
21.8,78.9,-0.18157166541289205,0.04805948117563139,1,COMFORT
17.8,36.9,-0.2799249049750616,0.3390294412053779,0,COLD
26.0,41.0,0.23452776304643974,-0.504846519314106,2,WARM_HUMID
28.4,63.0,0.036592979686275035,-0.9681191348136826,2,WARM_HUMID
30.2,74.2,-0.021401097209392313,-0.2785273451712869,2,WARM_HUMID
26.8,58.0,-0.06784594788736151,0.14655898000803325,2,WARM_HUMID
23.3,34.4,-0.21653826741191473,-0.8102056191978448,1,COMFORT
36.0,81.0,-0.2354081919147961,-0.22764899919421666,3,HOT
20.9,37.5,0.05169934569659735,1.051525799325937,1,COMFORT
26.5,73.0,-0.06748728959943853,0.35258469183670405,1,COMFORT
25.2,41.7,-0.09552678214055843,-0.04401251287625941,1,COMFORT
12.0,78.0,-0.043423512065042934,0.29334116455930737,0,COLD
21.0,30.7,-0.038280920165943685,0.5686154876766282,0,COLD
27.3,59.4,-0.15821181986290206,0.2664229491419668,2,WARM_HUMID
32.5,45.9,-0.15409701345764584,-0.14116418727965507,3,HOT
20.7,31.3,-0.1211155157162867,-0.20741606225994708,0,COLD
26.0,58.4,0.11320427014288836,-0.31821692138743973,1,COMFORT
12.8,49.3,-0.28211724174575764,-0.3827787092722027,0,COLD
18.8,66.5,0.15823274037028193,0.4880807857969547,0,COLD
29.6,47.0,-0.31490343966285383,-0.1404686676921736,2,WARM_HUMID
31.1,69.0,0.07903384025669655,0.13417237407197916,2,WARM_HUMID
24.5,21.0,-0.16818387272611549,-0.8151754114507626,2,WARM_HUMID
28.5,31.4,-0.12595126537018644,-0.20073776575442498,1,COMFORT
16.9,33.7,-0.04899713447829172,0.3712674166755347,0,COLD
26.5,34.8,-0.058633713031560585,-0.10575563062826587,2,WARM_HUMID
23.0,49.3,-0.0672675136454645,0.5873577782714144,1,COMFORT
28.6,61.9,-0.05855917006757138,-0.01744346989234325,2,WARM_HUMID
29.2,63.4,0.013235489123449616,0.02448267568955436,2,WARM_HUMID
37.0,75.0,0.10849798468539436,-0.09034422459361639,3,HOT
31.1,53.2,0.27418404336226027,-0.46169431428487795,2,WARM_HUMID
15.0,50.8,-0.24354785228411577,-0.36851412547456497,0,COLD
22.3,47.0,0.0821323679838588,-0.5040033804648705,1,COMFORT
27.6,51.0,-0.28985581312437125,-0.16061622544155277,2,WARM_HUMID
13.0,15.0,-0.15070047356020497,0.05063131624966415,0,COLD
19.4,46.6,-0.1539132141342244,-0.022884427099934358,0,COLD
18.5,38.6,-0.16717984725120924,-0.5315384740768091,0,COLD
26.4,48.0,-0.03893200163758758,-0.10550662994641365,1,COMFORT
31.3,33.5,0.040385138755105486,0.2585628096375186,2,WARM_HUMID
31.8,29.0,0.07021965242480567,0.3886495288244324,2,WARM_HUMID
30.3,56.9,0.07837332799092132,-0.828960899715964,2,WARM_HUMID
31.9,56.0,0.06580113889839487,-0.1639085175251624,2,WARM_HUMID
23.8,48.6,-0.0963004127487101,-0.3048898737889789,1,COMFORT
22.7,32.8,0.25447224159160153,-0.2900908339601037,1,COMFORT
22.3,44.3,-0.034896215502321734,0.2757729133588342,1,COMFORT
33.9,52.4,-0.19423221978698743,-0.19749704199962637,3,HOT
30.2,55.0,-0.09704051665583609,-0.6279730495586234,2,WARM_HUMID
22.4,43.0,0.06908806756710022,0.13865848977943349,1,COMFORT
29.9,61.0,-0.09191830357265793,0.058751407671346824,2,WARM_HUMID
12.8,59.7,-0.12192442462081331,-0.08692176603130533,0,COLD
28.4,75.3,-0.16268397942919527,0.3721836404219691,1,COMFORT
19.7,37.2,0.2263860029741251,0.2285882773070935,0,COLD
30.8,73.7,-0.2859352303645811,-0.8992206868374732,2,WARM_HUMID
12.8,66.1,0.17370570709390654,0.026325578920565914,0,COLD
22.5,36.6,0.37714576430691293,-0.08903437113414497,1,COMFORT
31.4,47.0,0.007228826588974428,-0.28494350117031314,2,WARM_HUMID
20.4,35.1,-0.16874988638896649,-0.39318156477788097,0,COLD
32.2,70.3,-0.06288470683483723,0.4914555541488058,2,WARM_HUMID
29.7,75.7,0.08755671297359248,-0.6045367212084539,2,WARM_HUMID
30.1,71.7,-0.23047825228611638,-0.0903189993982928,2,WARM_HUMID
26.4,48.0,0.15717897153400198,-0.2091533308599056,1,COMFORT
25.9,49.8,-0.09116328148495435,-0.8101500545371059,2,WARM_HUMID
25.1,22.5,0.009957024816775854,-0.6357277178770114,2,WARM_HUMID
26.8,24.5,0.016736108257841997,-0.072328856800177,2,WARM_HUMID
19.9,38.8,-0.10389603376513241,-0.6428837214292704,0,COLD
25.0,42.8,0.16896026597286357,-0.10429985083108065,1,COMFORT
18.3,37.3,0.20145121256041967,0.09802083760497902,0,COLD
25.3,59.3,0.03257857872717726,0.02905743338366784,1,COMFORT
34.2,58.5,-0.016694404966816425,0.3886173827663298,2,WARM_HUMID
25.9,43.6,0.13581581272805346,0.1692856961701964,1,COMFORT
19.0,34.9,0.027093865410761978,0.47376021762568493,0,COLD
19.5,45.3,0.017744354121800362,-0.2404126751824327,0,COLD
33.3,54.6,0.028367377456655185,-0.3381401261512906,3,HOT
33.8,52.3,0.15003036569419131,-0.33521020970461446,3,HOT
31.7,40.0,0.1096500940178222,-1.045230552808327,2,WARM_HUMID
28.7,42.0,0.10025107330771212,0.040113576364894134,2,WARM_HUMID
25.1,35.2,-0.12473298122012094,-0.11287765731284045,2,WARM_HUMID
25.7,38.0,0.04287049301920994,-0.33826468978035273,1,COMFORT
29.0,36.0,0.15625869960882768,-0.23851856512039193,2,WARM_HUMID
23.9,43.1,-0.06554999399661915,-0.6703639619889474,1,COMFORT
31.1,51.8,0.08126015248627348,0.48514331183485054,2,WARM_HUMID
37.1,45.0,-0.20208832976494737,-0.3005831771874393,3,HOT
16.2,48.8,-0.053699203942272324,0.25627275022665097,0,COLD
28.5,54.0,0.11466959896606985,0.015606079824465347,2,WARM_HUMID
32.2,70.1,-0.17216186533919156,0.1538620925208447,2,WARM_HUMID
19.7,35.6,0.09804813982002958,-0.6325026491685214,0,COLD
30.8,20.0,-0.0840911455270965,-0.09541493548942048,2,WARM_HUMID
33.5,34.9,0.0644240087818028,-0.40524221240704783,3,HOT
26.7,38.5,-0.022396766627095013,0.04602798717702055,2,WARM_HUMID
24.6,77.4,-0.29610289023722086,0.0660241328508167,1,COMFORT
19.6,72.5,0.10608470607064151,-0.35302273650142624,0,COLD
23.1,43.2,-0.1613501414352427,-0.5537661479056506,1,COMFORT
29.9,78.7,-0.013638120468569338,-0.24438272046931422,2,WARM_HUMID
28.6,34.0,-0.07463562575778107,0.11897234471574836,2,WARM_HUMID
32.8,67.9,0.02233299059306552,-0.34035868787820134,3,HOT
18.4,60.0,-0.3453018270202798,-0.19389999368098593,0,COLD
30.2,41.0,0.12921275398143856,0.18609818140982176,2,WARM_HUMID
20.8,53.1,-0.10991624406785237,0.4024551365794411,1,COMFORT
32.8,69.8,-0.145162850932065,0.41267522978199206,3,HOT
27.6,52.0,0.1778862383144793,-0.19781120117826276,2,WARM_HUMID
11.6,54.2,-0.07660679583080585,-0.8975951369093981,0,COLD
26.0,41.4,0.17042870619638134,-0.12155114016570637,1,COMFORT
19.6,40.7,0.2730052219151159,-0.14910549743103715,0,COLD
30.0,79.3,-0.1684351734115249,-0.32356849449237757,2,WARM_HUMID
26.9,30.8,0.0038409232691991174,-0.28819401512189896,2,WARM_HUMID
21.1,29.3,-0.10865454477051911,0.19307208750720145,0,COLD
29.0,38.0,0.14803089106286954,0.23340828850654566,2,WARM_HUMID
20.2,62.0,-0.018977834543092546,-0.3863368784271315,1,COMFORT
19.5,57.7,-0.326661485121409,-0.021765492084703457,0,COLD
30.2,73.0,0.0016072594825534716,-0.577645217400946,2,WARM_HUMID
32.5,44.3,0.03629797865939034,0.15374897244462207,3,HOT
17.5,39.0,0.2332797801221013,-0.3192180185729776,0,COLD
18.0,57.5,-0.13776505802779873,0.08734367776109493,0,COLD
24.4,16.3,-0.04164867090928404,-0.4196855969846862,2,WARM_HUMID
20.9,48.1,-0.13745553650077985,0.20057133537394556,1,COMFORT
28.5,59.7,0.03869788570350044,0.12029170087996428,2,WARM_HUMID
23.1,44.4,0.04995701942391187,0.05738748449019751,1,COMFORT
28.3,45.4,-0.03815211836451247,0.03135478184732449,2,WARM_HUMID
21.1,29.3,-0.07362096997446302,0.1441146896798669,0,COLD
18.9,34.3,-0.1939449018605292,-0.284370411009408,0,COLD
22.4,31.0,-0.028442660740960985,0.4508660246243847,1,COMFORT
30.2,52.0,-0.10527801260257329,0.10383535690086132,2,WARM_HUMID
32.3,40.0,-0.01915608107229528,-0.16329956604834814,3,HOT
23.2,39.7,-0.09422240996334638,0.09637046698980536,1,COMFORT
28.3,59.9,-0.06966026721148662,-0.21552450684599758,2,WARM_HUMID
29.4,56.2,0.18461416400825229,0.28695585780007327,2,WARM_HUMID
23.1,49.7,0.17170646859729408,-0.1665773040403278,1,COMFORT
23.4,22.8,-0.08835195589721473,-0.5736410495320137,1,COMFORT
26.2,47.0,0.17543029078880704,-0.008677116257941356,1,COMFORT
23.7,27.1,0.008664573997959422,0.42522209091495616,1,COMFORT
26.3,51.0,0.08971487325711994,0.7032793149204914,1,COMFORT
19.3,56.9,0.14499908839036965,-0.3644279778656581,1,COMFORT
21.6,40.7,-0.21721871629153025,0.42756754482181525,1,COMFORT
27.8,40.5,0.12354252181522475,0.06899583430360876,2,WARM_HUMID
18.1,39.7,0.2781993200789377,-0.30918852808414643,0,COLD
24.3,25.6,-0.04004344607007813,0.4629218904836743,2,WARM_HUMID
30.3,46.0,-0.11013499829565568,-0.056863642257068275,2,WARM_HUMID
22.5,41.8,0.2499916220346299,0.3023929698306057,1,COMFORT
25.5,20.5,0.23113337115518284,0.9016477587800413,2,WARM_HUMID
30.8,56.8,0.19150130533091242,-0.2363826728377424,2,WARM_HUMID
22.9,66.1,-0.2791207102663942,-0.300304148093155,1,COMFORT
25.4,72.4,-0.17887510193795075,-0.45282945461680435,1,COMFORT
20.1,52.4,-0.22253426325539424,0.5168449672473897,0,COLD
17.6,59.8,-0.034222702393235147,0.2618863590169399,0,COLD
27.9,63.6,0.09013539157172384,0.5742328385300919,2,WARM_HUMID
20.5,65.2,0.2042641370010335,0.2702709743337221,1,COMFORT
17.7,40.1,-0.16061315645077537,-0.16228388061631024,0,COLD
23.2,23.9,0.10022240685631345,0.4973889234191144,1,COMFORT
18.5,54.0,-0.1312567041641956,0.24451471280485443,1,COMFORT
23.6,19.0,0.020161179033977294,0.3521933748832479,1,COMFORT
22.6,25.3,0.046288590481831586,-0.43444595932484714,1,COMFORT
33.3,58.5,-0.08304205330857214,0.05255614117561255,3,HOT
23.4,37.0,0.1435805967187891,0.4858671152112014,1,COMFORT
19.5,57.7,0.0431441680423803,0.15531885658173827,0,COLD
19.6,36.3,0.008007640871853263,0.05752539791387432,0,COLD
23.0,19.7,-0.09819944605058108,0.1968261079129936,1,COMFORT
26.0,57.7,0.17429048821138202,-0.1119923711569018,1,COMFORT
23.0,81.7,0.08827204700967642,-0.42775189733611463,3,HOT
18.6,32.7,-0.1538585092461911,-0.7478702822545826,0,COLD
18.6,46.0,0.20243194707506149,-0.6000988597612802,0,COLD
29.9,60.1,0.15295823222608093,-0.8297252826896635,2,WARM_HUMID
27.7,54.5,0.09750575022741265,0.15608054910001015,2,WARM_HUMID
23.4,60.9,-0.18307851864268984,0.2655105814539271,1,COMFORT
29.4,71.0,-0.14389811478284548,0.35627798811472644,1,COMFORT
25.8,39.9,-0.028159053536982587,-0.57333369258414,2,WARM_HUMID
24.8,25.5,0.20977446492049887,0.05682383741611157,2,WARM_HUMID
20.1,36.2,0.3171079988027908,0.2806301091088616,0,COLD
37.0,68.0,-0.12983244170278063,-0.5345351928821359,3,HOT
32.1,66.1,0.15324880922969067,-0.4011918011746145,3,HOT
22.7,43.7,-0.0894306472367677,-0.318904210818946,1,COMFORT
27.4,71.2,-0.07273561226400567,-0.37499494625860497,2,WARM_HUMID
22.5,34.5,0.1090235940271302,-0.09580191606458693,1,COMFORT
10.0,82.0,0.18516854681470366,0.5528469406217144,0,COLD
20.1,65.0,0.006363190619850098,-0.2470507433388717,1,COMFORT
23.4,70.1,0.06502629145663791,0.4491240077870333,1,COMFORT
18.5,34.7,-0.08916205478669591,-0.048968769031259934,0,COLD
20.9,30.5,-0.11496996465296816,0.7097096520297129,0,COLD
19.0,59.7,0.23291874749976355,-0.25557178555255594,0,COLD
34.7,41.0,0.24223698233147728,0.13443799535585976,3,HOT
20.7,57.7,0.14531548435220298,0.16821902016095336,1,COMFORT
17.4,39.9,0.027251974068173715,0.47882720713515914,0,COLD
23.9,46.1,0.1343932376649451,-0.33916162377862585,1,COMFORT
35.9,48.8,0.17379184602589756,-0.5120887313111205,3,HOT
24.4,25.2,0.06494338719244246,0.14426021193358973,2,WARM_HUMID
33.0,45.6,-0.3639798020730744,0.3665692681067197,3,HOT
16.4,56.0,-0.1636805367622837,-0.10998156378906859,0,COLD
24.6,57.8,0.008949284054546725,-0.2806903701839924,1,COMFORT
27.4,88.8,0.0639529244789194,-0.35462273914597003,1,COMFORT
24.2,44.9,-0.2790391413570876,0.2744813126114196,1,COMFORT
38.2,48.0,0.06131180867740355,0.04223458346808351,3,HOT
24.9,24.6,-0.14278268611159636,-0.02054579689590784,2,WARM_HUMID
30.7,55.0,0.09559870245346087,-0.6727483187027881,2,WARM_HUMID
22.8,58.0,0.04995031941735597,-0.08078311470314847,1,COMFORT
27.3,25.5,-0.09570452484785617,-0.0007682054873127283,2,WARM_HUMID
17.9,63.0,0.17318853714137866,-0.19410262005795015,0,COLD
19.3,32.4,0.13345119009698828,0.5010843081376604,0,COLD
37.1,45.0,-0.20208832976494737,-0.3005831771874393,3,HOT
15.4,57.0,-0.04137949871900807,0.35596999931644785,0,COLD
32.5,37.3,0.204132922694735,-0.06548760837275115,3,HOT
29.7,47.0,0.0208134305698857,-0.31088171497458905,2,WARM_HUMID
37.8,45.9,-0.09579119530377384,-0.2485555160795614,3,HOT
30.0,72.0,0.10104020498001491,0.177576996549223,2,WARM_HUMID
33.5,54.6,-0.04385625615132057,0.5433496140923129,3,HOT
21.3,41.9,0.12564188582731334,-0.278045561252284,1,COMFORT
36.4,43.6,-0.20113571541386022,-0.7400695866575778,3,HOT
39.0,81.0,0.2525476481764807,-0.6820861211587174,3,HOT
27.1,38.8,-0.18366033105709076,-0.25907988344109684,2,WARM_HUMID
22.9,19.4,-0.2127016050181132,-0.1550224273397322,1,COMFORT
19.6,38.8,0.02135668687656994,-0.23638082850170727,0,COLD
31.9,47.0,0.10269374944678368,0.29704709701155657,3,HOT
27.8,62.6,-0.031953490295408046,-0.18087414477846583,2,WARM_HUMID
29.3,39.1,0.17444713205877624,-0.8341902066931628,2,WARM_HUMID
20.9,49.3,-0.1177607647423418,0.41131201918181043,1,COMFORT
25.4,74.8,0.08978414636033322,-0.13751722228285668,1,COMFORT
29.2,64.8,-0.10120648106736134,0.17604392360326854,2,WARM_HUMID
22.7,20.9,-0.2010796180371074,0.22817157398165713,1,COMFORT
21.3,46.7,0.043065095610188904,-0.6120168695541672,1,COMFORT
27.9,39.0,0.21976226593983847,0.08931216052225759,2,WARM_HUMID
22.4,44.8,-0.0857694961171291,-0.8898403298828067,1,COMFORT
19.9,35.4,0.026625795639783463,0.009329086556853957,0,COLD
20.2,36.9,0.08338222053548891,-0.3672744568707992,0,COLD
25.9,44.0,0.09797293068639681,-0.49659957174252833,1,COMFORT
12.2,63.1,0.10539184127001053,0.3959266741015026,0,COLD
25.6,38.6,0.08478276717331092,0.42209178469735803,1,COMFORT
12.2,56.9,0.16833704916534123,-0.4189082136558048,0,COLD
30.8,32.0,0.21729982197267753,-0.03558740648448414,2,WARM_HUMID
30.1,75.2,0.24520363749541763,-0.5572767980028757,2,WARM_HUMID
26.8,38.3,0.08202468612692036,0.0665272320295237,2,WARM_HUMID
19.8,54.0,-0.07648938680486132,0.5003801504716445,1,COMFORT
21.4,28.7,-0.23069847469091495,0.3822278372340987,1,COMFORT
23.1,24.1,0.07870338697600497,0.07269546816367954,1,COMFORT
28.4,58.3,-0.03368788550364894,-0.16120309075687173,2,WARM_HUMID
18.5,39.2,-0.1936413329239836,0.2387176908705312,0,COLD
16.8,66.5,0.0898200147279378,0.4211345913623068,0,COLD
20.4,36.6,-0.21628655341677136,-0.3079712793341931,0,COLD
19.6,35.9,-0.047762528057745564,-0.6168443463636532,0,COLD
23.8,51.9,-0.11936326155921143,0.5005528993111451,1,COMFORT
21.9,50.4,0.039076710729660645,-0.6501107487289468,1,COMFORT
31.7,70.0,0.05205786437063,-0.5202055380295647,2,WARM_HUMID
25.8,74.9,0.12444835910995972,0.2735833192755503,1,COMFORT
30.8,65.7,-0.02913260455935386,0.22545544116520105,2,WARM_HUMID
24.3,21.0,-0.16186060392726026,-0.11447824561922144,2,WARM_HUMID
33.0,18.4,-0.11184307007582603,0.1548995923360674,2,WARM_HUMID
32.2,37.0,0.20669324483577808,-0.846363297867553,2,WARM_HUMID
19.2,57.4,0.039511080618568444,-0.12549436247191967,0,COLD
33.9,45.0,-0.12492754782237998,-0.39601375988576365,3,HOT
30.5,79.8,-0.11683869434201945,-0.07180266619120695,2,WARM_HUMID
22.7,30.3,0.0035655382069529084,-0.13073686277981886,1,COMFORT
18.5,30.9,-0.030717788640860364,-0.04559731601015,0,COLD
27.3,48.0,0.026422567783153817,-0.22259912382640598,1,COMFORT
32.9,56.1,-0.13692067299017924,0.13725018667904287,3,HOT
19.5,35.1,-0.1096639248892602,-0.30003968215342325,0,COLD
28.5,51.1,0.04342678598482722,-0.15458658945770287,2,WARM_HUMID
20.3,49.8,-0.2737257699779619,-0.47268984076017184,1,COMFORT
23.7,61.6,-0.08524742812948366,-0.46235263260991516,1,COMFORT
23.0,81.7,0.23811168401235897,-0.4616951981910806,3,HOT
30.0,32.0,0.10114413126111589,-0.34556021104211987,2,WARM_HUMID
31.4,69.0,0.30575933403155864,0.0811794962490758,2,WARM_HUMID
35.6,36.0,0.2622923441214416,0.42564211593943846,3,HOT
22.4,48.8,0.06425915922431316,-0.13391072603156773,1,COMFORT
25.0,69.0,0.24007655102987252,-0.5104713971603643,1,COMFORT
29.2,63.5,0.0646876048845135,-0.13929729438852634,2,WARM_HUMID
30.0,29.1,-0.2585970044273315,0.6428037984751682,2,WARM_HUMID
15.1,51.8,-0.22443946491011968,-0.33393182663232585,0,COLD
27.5,59.6,0.06534134997155414,-0.050442872287955645,2,WARM_HUMID
24.2,66.0,0.05968407144763251,0.0038454373198742627,1,COMFORT
31.7,56.9,-0.28256351991408324,-0.2988208926623396,2,WARM_HUMID
22.3,37.4,0.31666928650720033,-0.7017127091213385,1,COMFORT
24.4,15.8,0.13559196642409793,0.21576692759571714,2,WARM_HUMID
19.6,22.8,-0.020516830058860545,0.29255504793419645,0,COLD
18.0,35.7,-0.060497215098256125,-0.09146096852848708,0,COLD
24.7,67.2,-0.06414293464920133,-0.17691659399546752,2,WARM_HUMID
38.0,18.4,-0.17717864108935755,0.006868539335009531,3,HOT
26.1,40.9,-0.23280777789296508,-0.247485289478092,2,WARM_HUMID
32.0,62.4,0.024619081917058132,-0.3722790408970981,3,HOT
18.1,57.0,0.1100861822796936,0.10041331613599545,0,COLD
19.7,46.6,0.06839525998208835,-0.4334694781797015,0,COLD
17.5,39.0,0.2332797801221013,-0.3192180185729776,0,COLD
31.5,57.2,0.06242017109366317,-0.17205271362470012,2,WARM_HUMID
19.2,43.9,-0.1641703007268923,-0.26930829315634325,0,COLD
23.9,37.5,-0.010126469177133338,0.3057463294081222,1,COMFORT
28.7,62.4,-0.3556328059959657,0.35358032894284563,2,WARM_HUMID
19.8,37.4,0.06578197482407025,0.35464174629909645,0,COLD
24.1,26.8,0.04822175029613819,-0.1875591281486517,1,COMFORT
30.5,27.5,-0.06236651738146214,0.4724112771283022,2,WARM_HUMID
18.0,70.0,-0.10764533879574935,-0.7893576943110204,1,COMFORT
18.7,60.1,-0.16281434665570957,0.5520548460814468,0,COLD
33.2,69.0,0.04199529394797304,-0.393748785300341,3,HOT
30.3,70.2,0.1311881468714711,-0.35140898972913415,2,WARM_HUMID
25.9,58.6,-0.03081483319129854,-0.24408332012801717,1,COMFORT
32.0,79.0,-0.016920126114757607,-0.13600212107410645,3,HOT
12.8,51.8,-0.09775694923464504,-0.3252724428960766,0,COLD
24.4,47.2,0.2674358400097716,-0.5524981003683219,1,COMFORT
13.8,37.7,-0.16682794519178376,-0.26603426055228874,0,COLD
23.3,42.0,0.13407971272067784,-0.04352665886281676,1,COMFORT
26.1,34.4,0.09223795298369657,-0.895268462746619,2,WARM_HUMID
24.0,41.7,-0.03786295826105572,0.8569553201060128,1,COMFORT
36.8,35.0,-0.013472002040448927,0.3770907611137221,3,HOT
19.3,58.3,0.2041169746999077,0.0614219445018252,0,COLD
29.1,29.8,0.1123923835319177,0.07461347399568578,2,WARM_HUMID
19.7,25.6,-0.08438860375209374,0.21574621352284723,0,COLD
32.9,41.1,0.2505534765505071,-0.08069072487935129,2,WARM_HUMID
18.8,40.6,-0.12269500004582891,0.923560454982471,0,COLD
15.4,56.7,0.07580057214710227,-0.3654787968170457,0,COLD
28.5,51.4,-0.012199735348265914,0.2794568128915955,2,WARM_HUMID
22.7,34.8,0.189994851597225,-0.21811708948161598,1,COMFORT
27.9,63.6,0.05196473345487013,-0.11876803545765119,2,WARM_HUMID
25.0,25.9,-0.15760007371664514,-0.27328523242368524,2,WARM_HUMID
21.8,39.8,0.018266869119080733,0.2862678732002465,1,COMFORT
35.0,39.0,0.06369612929263248,0.2872184893842779,3,HOT
30.7,75.5,-0.42727906329774096,0.117987291528893,2,WARM_HUMID
20.1,31.0,-0.10175493197880785,-0.12371278146557291,0,COLD
24.0,52.4,0.037834721987894705,-0.7204766654896588,1,COMFORT
19.9,52.4,-0.06429033554230651,-0.3807622433204285,0,COLD
35.6,38.0,-0.010954950946793588,-0.04406260078002003,3,HOT
19.6,45.8,0.08586679592326527,-0.6131920366846603,0,COLD
20.0,52.0,-0.24368605851017863,0.5219047026830893,0,COLD
22.7,41.0,-0.18134672373366129,-0.5015657360156063,1,COMFORT
11.6,52.2,-0.20148168552806303,-0.10569136573513292,0,COLD
29.8,34.0,0.1682792257191378,0.23006109157610344,2,WARM_HUMID
20.4,35.3,0.10618700085802571,-0.025868870894530396,0,COLD
24.6,34.7,0.19673608833746722,0.23119645216353943,2,WARM_HUMID
26.5,70.6,0.18083482865466374,-0.08722493757007987,1,COMFORT
24.7,25.6,-0.08608208094915282,0.31517680961654265,2,WARM_HUMID
21.5,44.5,-0.09836959672046884,0.6811920715430615,1,COMFORT
35.4,38.0,-0.15921816093477906,-0.5962066013962807,3,HOT
21.6,49.9,0.001872105822890931,0.9108392925151089,1,COMFORT
24.3,36.6,0.03429866613062914,-0.035898280083469465,1,COMFORT
24.3,44.5,0.08718486365106502,0.40276944424063044,1,COMFORT
27.0,31.7,-0.11408322387190226,-0.4268118294939629,2,WARM_HUMID
29.7,75.7,0.0030020707502415728,-0.42658198542736375,2,WARM_HUMID
27.4,92.4,-0.008309028822350356,-0.8387471896155566,0,COLD
25.6,49.8,-0.0021460591651906156,-0.275064733324722,1,COMFORT
19.4,29.9,-0.2162246205755553,0.259299006830183,0,COLD
29.4,61.3,0.054450464109981334,-0.47553117199988804,2,WARM_HUMID
37.0,63.0,0.012299473546173872,0.34208954003704445,3,HOT
19.6,22.8,-0.020516830058860545,0.29255504793419645,0,COLD
28.9,85.4,-0.2208547259667183,0.461285836125544,3,HOT
32.5,69.8,0.15422789101231324,0.10795937466640251,3,HOT
29.5,49.3,-0.12433673583635572,-0.3298655715849499,2,WARM_HUMID
28.0,28.8,-0.10772064881440947,0.45613074156071837,2,WARM_HUMID
28.6,81.2,0.021070046360228512,0.32688617578542,1,COMFORT
27.0,75.1,-0.20388019029949844,-0.543355551479397,1,COMFORT
30.2,60.0,-0.07078977986841502,-0.4798070286668743,2,WARM_HUMID
20.8,61.4,0.16305153189924496,0.4313057207967484,1,COMFORT
26.4,60.0,0.037627831949061455,-0.25250649374913225,1,COMFORT
27.8,63.0,0.013856957169544118,0.13086112479306064,2,WARM_HUMID
20.3,31.7,0.1374426104644879,0.3799347359379221,0,COLD
35.5,25.1,-0.06760022663520111,-0.11923866779055912,3,HOT
35.6,26.3,-0.27676408393282703,0.31538447773496947,3,HOT
28.8,28.0,-0.07853639826098743,0.3980460367348011,1,COMFORT
24.1,61.8,-0.01566068875814728,-0.4194085843202922,1,COMFORT
21.2,29.6,0.11500774239304204,-0.15528319891640524,0,COLD
18.6,27.0,0.09812075639269621,0.0647354188158941,0,COLD
12.8,59.2,0.1282678145748577,-0.597995583284833,0,COLD
18.0,52.0,0.08061931300878025,0.7918003243452518,0,COLD
20.9,29.6,-0.16272368564482523,-0.5097872698294296,0,COLD
30.9,63.9,-0.0675357072742368,0.4915130671244248,2,WARM_HUMID
27.4,42.3,0.1453053781058812,-0.07723627742907907,2,WARM_HUMID
14.6,34.5,0.13219710976756505,-0.0034187487049361282,0,COLD
27.9,38.2,-0.12650964139977355,-0.17808090514492045,2,WARM_HUMID
26.0,39.3,-0.12256708956138081,0.21680410894090074,2,WARM_HUMID
24.1,44.3,0.14833121831261692,0.07848632797376234,1,COMFORT
22.4,63.3,0.261620758999581,-0.6112720912663996,1,COMFORT
17.8,26.5,0.07599565950642098,-0.8479736435409015,0,COLD
24.6,26.7,-0.10658733407414989,0.031312941487938936,2,WARM_HUMID
19.6,30.5,0.09526500173968878,0.16237541343037884,0,COLD
22.6,53.7,0.028066065018763787,-0.24802598818916308,1,COMFORT
27.7,41.1,0.25752209021545125,-0.2870158232906123,2,WARM_HUMID
21.2,30.5,0.2240564638508301,-0.13263668754793564,0,COLD
23.5,40.0,-0.04199899528117196,-0.05868129153662288,1,COMFORT
33.6,57.1,0.0025061077106962337,0.17659259033836996,3,HOT
19.2,41.9,-0.04306233046725138,0.2904222763333351,1,COMFORT
20.4,35.1,-0.16874988638896649,-0.39318156477788097,0,COLD
18.9,76.5,-0.02549687793163959,-0.22867589975344652,0,COLD
20.3,20.4,-0.08108466309033997,0.12623130943302602,0,COLD
24.8,53.3,0.006739273102936565,-0.418024994460943,1,COMFORT
28.9,52.4,-0.483152453397857,0.5582909048091886,2,WARM_HUMID
23.3,23.6,0.015965075292617915,0.06371075026535858,1,COMFORT
29.8,61.0,-0.14989533484423662,-0.5061379775533871,2,WARM_HUMID
29.3,59.7,-0.00859295360953238,-0.12901868167145483,2,WARM_HUMID
29.2,46.8,-0.2547814407309979,-0.6650562266093114,2,WARM_HUMID
18.5,59.6,0.07248044882585035,0.6077937955296053,0,COLD
28.3,62.8,0.13444178375599178,-0.017300568535325755,2,WARM_HUMID
27.1,36.0,-0.1481798244914712,0.24293083227809228,2,WARM_HUMID
24.8,35.0,0.22790672744279294,0.2835170690747005,2,WARM_HUMID
26.0,57.3,-0.1026051413649809,0.15826481139027337,1,COMFORT
32.1,25.0,-0.1539538276924169,0.18249030610210135,2,WARM_HUMID
22.3,44.4,0.005441893895750273,0.4031011945889475,1,COMFORT
20.6,61.2,-0.04016223459522412,0.7381178284077168,1,COMFORT
27.8,40.3,-0.13285706996995347,0.1282114731878007,2,WARM_HUMID
26.1,49.8,-0.20638205411628716,0.6849453272996845,2,WARM_HUMID
21.3,74.0,-0.012525989561483084,0.003637045654479205,0,COLD
21.0,42.1,-0.06601908917319187,-0.23973686395323,1,COMFORT
29.3,46.1,-0.17540076409619637,-0.2936477237743032,2,WARM_HUMID
11.0,66.9,0.18728315959479575,-0.28441671189883905,0,COLD
12.2,69.7,-0.09553141423972865,0.13100958282757003,0,COLD
22.7,39.0,-0.27893169506331694,0.2737523538560548,1,COMFORT
19.9,46.1,0.09615756109711165,0.5476904359276396,0,COLD
23.9,29.8,-0.028051761377798887,-0.5455931660767254,1,COMFORT
25.3,64.5,-0.005535319351838171,0.3193572535192666,1,COMFORT
19.6,72.5,-0.003278512116318552,0.27573006343234513,0,COLD
12.2,59.2,-0.00572672689324246,-0.10001846981319151,0,COLD
19.7,48.0,0.25275965179997756,-0.22527158943993542,1,COMFORT
18.3,49.3,-0.09663742293777983,0.0963112990750131,0,COLD
20.4,35.1,-0.16874988638896649,-0.39318156477788097,0,COLD
28.9,51.0,-0.1961404323760487,-0.06663560748025495,2,WARM_HUMID
18.0,56.9,-0.022743370596840506,1.089383242686235,0,COLD
13.9,33.6,-0.06908490446393363,0.12344520683689408,0,COLD
35.4,48.2,0.4332792208633613,-0.2703984413965205,3,HOT
33.0,55.6,0.021396165564327725,0.524715828662891,3,HOT
36.0,81.0,0.04841746736583308,-0.1081114165327628,3,HOT
19.6,46.8,-0.09643874622624739,0.4426731463528665,0,COLD
30.4,54.3,0.13570829494135392,0.24775950090764712,2,WARM_HUMID
30.7,74.5,0.08950430713657263,-0.4763580995982142,2,WARM_HUMID
28.1,77.0,-0.05769451981068509,0.11175413037085612,2,WARM_HUMID
22.8,51.0,-0.15430492204994362,0.29439569821957123,1,COMFORT
22.5,66.3,0.08092078977813318,0.5013503134293504,1,COMFORT
20.6,35.7,0.08805433664688797,-0.4347833065637945,0,COLD
19.2,43.6,-0.026306952648147086,-0.027617562459062963,0,COLD
36.3,35.0,0.031135536690868604,-0.39979472472261907,3,HOT
30.0,89.0,-0.0321955134035688,0.3059824044245491,3,HOT
29.2,38.0,-0.19602320117417227,-0.12308136399564736,2,WARM_HUMID
28.0,53.0,0.04341824232887046,0.3456835064315484,2,WARM_HUMID
11.6,58.3,-0.027887956909061533,0.23347320867328084,0,COLD
27.3,38.3,-0.1286382648227826,0.26756166247869473,2,WARM_HUMID
36.2,43.8,0.3217089764644238,-0.8253975163188785,3,HOT
19.0,58.2,0.011717353872519749,0.08669078989150421,0,COLD
29.6,76.0,0.04216083375264292,0.0936402558346018,2,WARM_HUMID
25.9,40.7,-0.007227439046758571,-0.18959278137981558,2,WARM_HUMID
27.5,51.0,-0.04781224728691997,0.10805111319156749,2,WARM_HUMID
25.8,40.7,-0.0727694913149805,1.0084208512652129,2,WARM_HUMID
31.4,65.9,0.00837563564412181,0.05445835105408127,2,WARM_HUMID
23.3,22.4,-0.23175846111096526,0.06119480744550801,1,COMFORT
34.0,58.8,-0.017410621518072517,-0.18173233547196652,2,WARM_HUMID
19.9,64.6,-0.050839144702371435,0.7829549174273235,1,COMFORT
36.0,38.0,-0.32909417444932104,0.18564864824287042,3,HOT
34.2,50.4,0.08688342226162638,0.5256458351237003,3,HOT
26.7,39.0,-0.11893308801376906,-0.6576231777498185,2,WARM_HUMID
24.6,23.5,-0.12664742714609015,0.6148197979472659,2,WARM_HUMID
35.0,80.0,0.16650064428084121,-0.16227144182588427,3,HOT
21.1,45.0,0.1762399863942061,0.38260013522860287,1,COMFORT
20.6,36.2,0.03176404583767684,-0.21123593293370205,0,COLD
24.2,66.1,-0.021186273160279767,0.3409585871005878,1,COMFORT
30.4,67.7,-0.1918124579088222,-0.4911153415452443,2,WARM_HUMID
30.4,72.1,-0.27113844737721865,-0.022870401070177654,2,WARM_HUMID
25.4,46.0,0.04073682557930602,-0.5762677038893113,1,COMFORT
25.9,39.6,-0.03627268687934702,-0.49284477180330905,2,WARM_HUMID
28.5,54.0,0.10308576755929326,-0.23085139401248847,2,WARM_HUMID
23.0,63.3,-0.14901966181451193,-0.12230219511181531,1,COMFORT
25.9,46.6,0.033819473168355756,-0.1782662412666307,1,COMFORT
19.4,37.9,-0.16206109939177524,-0.21520486531144134,0,COLD
19.6,29.3,-0.09027679910299183,0.11765686610375636,0,COLD
32.2,38.2,0.08954202867321635,0.530067922863855,3,HOT
28.8,59.0,0.0175991074963173,0.7057392136759297,2,WARM_HUMID
27.6,45.0,-0.13832479862664382,0.2611156776903289,1,COMFORT
20.9,30.5,-0.11496996465296816,0.7097096520297129,0,COLD
31.8,35.0,-0.06003904084014017,-0.52994741666689,2,WARM_HUMID
35.0,39.0,0.06369612929263248,0.2872184893842779,3,HOT
14.6,38.9,0.07483908676677957,0.47074414336145093,0,COLD
21.8,38.0,0.0976228495114423,-0.241770461323017,1,COMFORT
29.3,56.9,0.05493283652736209,1.0166364367232197,2,WARM_HUMID
29.1,59.7,-0.017038657227516248,0.34062507029758254,2,WARM_HUMID
30.0,78.0,0.024233671374814254,0.4069320625565007,2,WARM_HUMID
27.1,42.0,0.0007865549577274749,0.03963798927813262,2,WARM_HUMID
34.3,48.2,-0.11780327278256851,-0.6438390845637263,3,HOT
27.4,83.3,-0.2017029052588511,-0.3367448509907931,1,COMFORT
22.9,40.7,0.28888909807533913,-0.7450065463526636,1,COMFORT
19.4,36.0,-0.00855919371467339,0.02176520568023008,0,COLD
30.9,69.7,0.1558119358297986,0.39686540099313233,2,WARM_HUMID
18.1,52.6,-0.09720655018267126,-0.04796029061091198,0,COLD
35.1,23.0,-0.3129716487556627,-0.37904652097117986,3,HOT
35.9,46.0,-0.013538844117384631,0.07094375306520061,3,HOT
21.8,28.0,-0.13067595516311767,0.629204996639642,1,COMFORT
20.6,32.1,0.07243949177663801,0.5245291755189733,0,COLD
25.5,23.8,-0.061072475669012534,-0.36174726222075493,2,WARM_HUMID
22.8,62.4,-0.2542339716432652,0.21552223785730176,1,COMFORT
28.7,51.2,-0.10278892020700363,-0.5985177265343288,2,WARM_HUMID
17.0,73.0,0.04765900518143951,0.2656392856436136,0,COLD
34.7,45.1,0.18245916005005822,-0.04114701281418727,3,HOT
23.5,28.2,0.13338898371666938,-0.9213470555393312,1,COMFORT
28.5,51.1,0.1509185496077777,0.14026852247233382,2,WARM_HUMID
23.0,44.2,0.10955542052865605,-0.3893147722313317,1,COMFORT
25.4,25.1,-0.07052491193427576,0.17315176876171137,2,WARM_HUMID
31.3,43.7,-0.007770195280149621,-0.16885064556379137,2,WARM_HUMID
32.7,65.5,0.22410078715613188,0.03790148707668489,2,WARM_HUMID
31.2,16.4,0.1239604975995787,-0.23350979880834044,2,WARM_HUMID
30.3,70.2,0.1546527325563666,0.1858015635032348,2,WARM_HUMID
30.1,28.6,-0.04700643915305604,0.15331319223559298,2,WARM_HUMID
27.0,43.4,-0.06504895403342069,0.07143839155857301,1,COMFORT
13.5,51.5,0.03592004831706524,-0.42708932208912387,0,COLD
24.5,48.0,-0.20913238683583005,-0.1294628429211376,1,COMFORT
36.3,36.6,0.40767395659037525,0.5195197922001751,3,HOT
29.9,68.5,0.12701639790447572,-0.162106061798555,2,WARM_HUMID
24.4,31.9,0.2502042657817334,0.14455468798590834,2,WARM_HUMID
27.5,44.0,0.09531270453138395,-0.16297544787417878,1,COMFORT
23.1,41.6,0.282410982376195,-0.20159524226607753,1,COMFORT
23.0,56.8,-0.1268936095141411,0.5509297144268327,1,COMFORT
18.8,75.3,-0.05393673498382182,-0.42794708608359705,0,COLD
22.7,51.6,-0.18466229782279173,0.18517010621973173,1,COMFORT
25.1,45.0,0.06170364467271585,-0.12779634918375246,1,COMFORT
36.6,41.7,-0.19966493971550595,0.37965964733066715,3,HOT
27.3,32.9,-0.2894223393939123,0.6308384962680768,2,WARM_HUMID
32.8,67.9,-0.22726724043742208,0.5922158033516186,3,HOT
25.3,45.0,0.06514371919735963,0.2912660110923324,1,COMFORT
24.9,57.3,-0.18401453961681777,0.31782295899339874,1,COMFORT
31.1,65.0,0.18744976553357176,-0.5306258904671493,2,WARM_HUMID
26.3,40.7,0.03455478306457506,-0.14727198999067573,2,WARM_HUMID
36.0,75.0,0.03566394494086736,-0.5623645509544766,3,HOT
31.1,69.0,-0.15155535985532634,-0.2737635306217677,2,WARM_HUMID
21.4,57.4,0.11524439437865733,-0.2593545525827549,1,COMFORT
37.4,60.6,-0.0009602904744155111,-0.4749765698344904,0,COLD
25.8,60.9,0.13376564934094134,0.1376459169452896,1,COMFORT
26.7,78.0,0.12350352442157589,0.17830570388007147,2,WARM_HUMID
23.8,37.9,0.13565209122996447,0.31360534859549827,1,COMFORT
26.5,33.6,-0.06764459220505525,-0.7225367461621264,2,WARM_HUMID
24.8,50.0,0.06105784306868026,-0.7844965405024396,1,COMFORT
21.3,40.3,-0.03012258518124752,0.007372432645448406,1,COMFORT
33.9,37.9,-0.03535068028177115,-0.3065658426424404,3,HOT
27.7,76.3,0.1380815734603958,-0.29387238660765463,2,WARM_HUMID
30.8,60.2,0.03394739293477179,-0.4304349452725223,2,WARM_HUMID
25.1,35.1,-0.14463634896913777,0.28579086243388363,2,WARM_HUMID
30.5,39.3,0.10533778788460574,-0.1169077325290031,2,WARM_HUMID
24.6,23.2,-0.03902166281085884,-0.014977034009444319,2,WARM_HUMID
28.1,77.0,-0.20237581562152743,-0.13486688488728166,2,WARM_HUMID
32.2,53.0,0.2219824901294023,-0.19574365161109802,3,HOT
15.6,65.9,0.055496882082112044,0.3216346647437589,0,COLD
19.5,77.0,0.27703147376005893,-0.37752602698439913,0,COLD
17.1,58.0,-0.055192422536841985,-0.5085902282035631,0,COLD
27.7,32.0,0.42219816667088295,-0.14923256830959214,2,WARM_HUMID
27.7,86.0,0.029947534680469786,-0.21444009758259974,2,WARM_HUMID
33.6,60.5,-0.13133838013574578,-0.26066002129946964,3,HOT
27.1,30.0,0.07574838016781264,0.05715659677872823,2,WARM_HUMID
26.2,64.0,-0.09128845848595506,-0.22224040316015514,1,COMFORT
27.0,39.3,0.07194379793273593,0.2903848341938237,2,WARM_HUMID
15.0,75.0,-0.04388921248614153,0.2077084742981593,3,HOT
16.8,27.0,-0.170242672551929,0.21555672147932212,0,COLD
30.0,71.9,0.21249919624469343,0.0028163496062378625,2,WARM_HUMID
31.4,63.7,0.27102883262197675,-0.6109903335949927,2,WARM_HUMID
21.3,17.3,0.15496533795773898,0.034719000449291396,1,COMFORT
24.0,72.0,-0.13117785717378394,0.014775273908446627,1,COMFORT
12.8,62.3,0.008942400251013404,0.20367419588888944,0,COLD
23.0,70.0,-0.24091813213021868,-0.09965279700118593,1,COMFORT
19.3,73.4,-0.07656417395081429,0.4827426570907643,0,COLD
21.6,42.7,-0.31951083152985765,0.18255461003605478,1,COMFORT
24.0,45.9,-0.056188067535379436,-0.5994119963245698,1,COMFORT
23.5,26.6,-0.02365133769458704,-0.4984394597869131,1,COMFORT
23.4,46.6,-0.022803877913494953,0.21456611041478443,1,COMFORT
24.8,57.9,0.04670930361180281,0.21330497208607913,1,COMFORT
28.2,52.2,0.19994958542439314,-0.4780341205820582,2,WARM_HUMID
35.1,38.9,-0.011883761040552452,-0.2870333374157298,3,HOT
27.4,29.7,0.026511713405174393,0.10945653430051011,2,WARM_HUMID
22.1,47.3,-0.0994743563713935,0.38797925230310043,1,COMFORT
20.8,48.3,0.08338175791761124,-0.0033628306580963463,1,COMFORT
19.9,30.7,0.0349927561631808,-0.10605419835931114,0,COLD
23.4,35.5,0.11149962021327718,0.4358424870890346,1,COMFORT
21.2,30.8,-0.08513825324771235,-0.7491063729407993,0,COLD
17.8,49.0,-0.03491600650397581,-0.20590560903260025,0,COLD
18.8,40.6,-0.001806532943989725,0.1959980636198037,0,COLD
24.3,22.6,-0.10774605859301759,0.33483577797433656,2,WARM_HUMID
16.2,53.7,-0.019854976805992252,-0.16336688565051166,0,COLD
11.0,51.3,-0.04418506890119932,-0.1558084953221136,0,COLD
22.4,50.3,0.2804556682155615,-0.04829298143422702,1,COMFORT
21.0,26.0,-0.10140212759384766,0.7163934883775167,1,COMFORT
33.8,42.0,0.013089985904753706,0.35634094678342904,3,HOT
28.9,54.0,0.15999164323556042,-0.22624277049925023,2,WARM_HUMID
21.0,47.8,-0.03749346828145932,0.01846149347644572,1,COMFORT
23.5,28.5,-0.008672827974632275,0.2978080971692197,1,COMFORT
26.2,53.0,-0.07957517214157912,-0.01129330786871096,1,COMFORT
20.4,35.8,-0.10249000458267396,-0.8098171067767356,0,COLD
23.9,24.5,0.15123901812821564,0.19578266013943496,1,COMFORT
27.3,37.0,-0.0985702443417087,0.10444164952102611,1,COMFORT
24.3,34.7,-0.21661052621908358,-0.05094037371217689,2,WARM_HUMID
22.6,28.7,-0.21491768662222901,0.1886967670562033,1,COMFORT
18.0,53.0,0.3522027762980814,0.12397832046032523,0,COLD
24.2,63.6,0.17229369302672085,-1.0026689568332756,1,COMFORT
18.3,33.0,-0.1977366587851892,0.22282054038678145,0,COLD
21.7,52.6,0.24246344599143346,0.0076292049570169775,1,COMFORT
34.1,61.4,-0.09695363057240451,0.5613507991688301,3,HOT
33.1,39.2,-0.07904327153474879,0.2640535953478246,2,WARM_HUMID
18.3,25.9,0.06844542006743971,0.3368032482466483,0,COLD
17.8,40.0,-0.1394771922588976,-0.04417878158340545,0,COLD
30.5,77.8,0.06432167706495083,-0.21480303399355152,2,WARM_HUMID
20.3,32.8,0.2515937332387628,-0.7443065506717087,0,COLD
22.8,20.1,-0.09104395829375624,-0.11577158989407699,1,COMFORT
20.4,31.8,-0.27932111388680153,-1.1074018731851056,0,COLD
17.7,38.5,0.14668084083167063,-0.5620938568368817,0,COLD
28.0,42.0,0.11003217202587988,-0.17779160910365593,2,WARM_HUMID
23.8,57.9,0.2744343894481859,-0.13496225115136173,1,COMFORT
10.0,81.0,0.004372786848751901,0.23719316840171795,0,COLD
36.4,43.8,-0.2312908258544319,0.30184350438008567,3,HOT
30.0,72.0,0.08506746918319254,-0.6016607991057642,2,WARM_HUMID
39.0,70.0,-0.03174485451041954,0.2354972243321395,3,HOT
11.5,82.0,0.04665585980521173,-0.0790439761619406,0,COLD
15.7,73.4,-0.08325612991797948,-0.280517354556988,0,COLD
30.3,71.7,-0.15217162365244544,-0.18501105927512895,2,WARM_HUMID
30.0,79.4,0.11866154328233701,0.440959674400325,2,WARM_HUMID
19.5,40.3,-0.02535550750888351,0.15433187485976813,0,COLD
22.5,49.1,-0.1813666933482827,-0.3836636597443415,1,COMFORT
21.3,44.9,-0.2022497257920807,0.30307686628812064,1,COMFORT
25.1,38.6,0.09928035283538869,-0.16992434768355025,1,COMFORT
37.2,34.0,-0.10486817829543728,0.3736857516780684,3,HOT
26.2,41.0,0.004227173605369237,-0.5352554523237736,2,WARM_HUMID
24.5,34.8,-0.06169330579130777,0.12780583341540994,2,WARM_HUMID
19.4,37.5,-0.08734531971449393,0.6330628728430187,0,COLD
22.1,46.2,-0.14576107585757034,0.17088481447975978,1,COMFORT
23.9,50.0,-0.1272642951286222,0.4525231630992676,1,COMFORT
32.0,61.9,-0.14859811162488576,0.7498777101877195,3,HOT
17.1,53.5,0.22224282178394916,0.22579818778107194,0,COLD
31.2,36.4,-0.04546291156680209,-0.5947477874646814,2,WARM_HUMID
18.3,46.8,0.05032625137351247,0.010113590915316065,0,COLD
30.8,67.3,-0.08673261928066704,-0.03462609111483408,2,WARM_HUMID
22.4,48.3,-0.08529634664101896,-1.2789820982654292,1,COMFORT
24.5,24.8,-0.10830387479729203,-0.11719492825585387,2,WARM_HUMID
17.0,56.5,-0.17169402868991107,0.06834952123352693,0,COLD
24.8,59.2,0.3345206030053409,0.9101682290053241,1,COMFORT
18.7,49.5,0.07674627726332152,0.2771902706336837,0,COLD
24.6,48.2,0.03183277025343056,0.34397669138555725,1,COMFORT
16.9,66.8,-0.047764560860692314,0.15359692980943737,0,COLD
21.3,78.3,0.2140712717428345,-0.2213680427699962,1,COMFORT
30.5,56.0,0.00033925086801253027,-0.2192432608431938,2,WARM_HUMID
24.2,55.4,0.18100684529541847,0.27208276106030616,1,COMFORT
14.5,68.8,-0.08717690723158796,0.40112581820484733,0,COLD
27.0,33.2,0.13909680517903905,0.033526817714959904,2,WARM_HUMID
24.7,56.2,-0.011423506577475423,-0.4534531292706276,1,COMFORT
32.9,56.1,0.1051696801069377,0.2554819851937477,3,HOT
37.0,81.0,-0.14569166637726327,0.05556430157108949,3,HOT
18.9,59.1,0.007878955232297438,0.24850545408841482,0,COLD
29.6,60.1,-0.33250666709880033,-0.6741045077693344,2,WARM_HUMID
33.0,42.8,0.09601271741816858,-0.34799125802261655,2,WARM_HUMID
24.6,73.0,0.03984659697000408,0.11203194220156701,1,COMFORT
25.8,41.0,-0.24680981204353375,0.33213344029073477,2,WARM_HUMID
21.7,52.2,-0.08204759265681037,-0.1819489104852278,1,COMFORT
22.0,42.0,-0.024040544756440768,0.3323533982522686,1,COMFORT
17.3,61.8,0.026849738861021055,0.005728895322386556,0,COLD
16.6,58.0,-0.15649654439022126,-0.42574370210878804,0,COLD
15.7,48.8,-0.03689369513969627,0.137899453557314,0,COLD
19.7,49.5,-0.17921461679645478,0.6533583797983737,1,COMFORT
20.8,30.6,0.0514492671106959,0.22449026125977026,0,COLD
27.6,76.2,0.11568050854213845,0.05436275050666918,2,WARM_HUMID
23.8,53.5,-0.05009500001377191,-0.30140727283983404,1,COMFORT
18.6,33.5,0.053596151405317226,-0.09092021452816137,0,COLD
27.2,63.8,0.039854750564581064,-0.3562427741968858,1,COMFORT
23.6,40.4,-0.15829271759147504,0.6126801480616655,1,COMFORT
26.3,32.6,0.17068165235387892,-0.00944169509149618,2,WARM_HUMID
22.2,48.0,-0.1362197774883042,0.10723873673607086,1,COMFORT
19.2,59.2,0.2807343864148476,0.5506647504008537,0,COLD
17.0,50.5,0.0507861285122473,0.3811203548362165,0,COLD
20.7,31.3,-0.027585687081678596,-0.6733413211746239,0,COLD
36.3,41.5,0.0022467023489391065,0.49326771576738065,3,HOT
18.6,17.0,-0.13600262723705084,-0.4311127076280012,0,COLD
22.8,49.7,0.08393118884220191,0.3509129076578691,1,COMFORT
17.8,55.6,-0.21473332760963193,0.5524896383307526,0,COLD
19.5,57.7,0.05026901540816149,-0.7646290179883666,0,COLD
26.5,74.4,0.05044844539819212,-0.34667645595946345,1,COMFORT
18.2,28.0,0.02505043825436075,0.05549542181324832,0,COLD
29.8,75.5,0.3017548226297833,0.2435633669140143,2,WARM_HUMID
12.0,68.0,0.06066122311071258,-0.06643986475468937,0,COLD
25.4,45.0,0.024952431284290966,0.1403811098429868,1,COMFORT
24.9,59.5,0.24236885491883212,0.11649883557987768,1,COMFORT
20.9,48.1,0.10488786034071869,-0.08665188181422398,1,COMFORT
15.6,65.9,0.055496882082112044,0.3216346647437589,0,COLD
26.9,40.5,-0.012026987530987984,0.07826190341738178,2,WARM_HUMID
30.7,44.7,0.2230029154637386,-0.29831241058279384,2,WARM_HUMID
24.4,44.5,-0.15950351522033146,-0.0024916265263728757,1,COMFORT
24.1,69.7,0.12060901064837727,-0.3912282605263988,1,COMFORT
27.4,59.2,0.02293796570274811,0.5958770713402386,2,WARM_HUMID
22.5,35.5,0.023475818076640516,-0.21002883621311344,1,COMFORT
21.4,29.9,0.029280786652875965,0.12266370914380909,1,COMFORT
28.8,26.0,0.03480800533287294,-0.14656787003041766,1,COMFORT
20.2,36.4,0.18732155975318973,-0.04465847631974129,0,COLD
23.2,46.6,0.043696568442868566,-4.3899057957387e-05,1,COMFORT
24.8,46.4,-0.10133527928868244,-0.20270281130901152,1,COMFORT
23.8,19.8,-0.08581554441609435,-0.40597317983801906,1,COMFORT
31.8,79.5,0.008309536767500122,0.4014785531455675,3,HOT
24.3,50.9,0.08298861402966252,-0.22503662799459284,1,COMFORT
26.4,40.7,0.07503575260473595,-0.40443583126531585,2,WARM_HUMID
27.0,48.8,-0.21162034276364386,0.38200630996075036,1,COMFORT
22.5,45.0,-0.015198102681289984,0.16293735726518194,1,COMFORT
27.5,32.6,-0.09451819994966555,-0.12204267954824395,2,WARM_HUMID
28.2,36.0,-0.17995462925479622,-0.407305693677509,2,WARM_HUMID
17.8,51.8,-0.07867251689337659,0.3990365267734628,0,COLD
27.7,50.0,-0.2174291088466258,-0.18317733297470787,2,WARM_HUMID
30.7,49.3,-0.04255293313907591,-0.14734429385817902,2,WARM_HUMID
23.5,26.6,-0.17998137190497715,0.07705807276408932,1,COMFORT
11.0,50.3,-0.01380370624187049,-0.32167540161880276,0,COLD
28.7,60.7,-0.1684691355162848,-0.09948160648523033,2,WARM_HUMID
36.4,43.6,-0.20113571541386022,-0.7400695866575778,3,HOT
16.1,51.1,0.18627110685498732,-0.6634519736457682,0,COLD
26.9,69.3,-0.02633248119006311,0.2375056096447138,1,COMFORT
27.1,24.7,0.050942412469494026,-0.8456587101240782,2,WARM_HUMID
34.5,21.9,-0.1142183335145776,0.7666414911499978,3,HOT
20.1,36.2,0.13717548260277485,-0.7381567998765801,0,COLD
24.7,40.3,0.315090331441198,0.3755235805461619,1,COMFORT
30.2,55.0,0.13869505243691532,-0.39375282295691405,2,WARM_HUMID
23.7,51.0,0.10257785724383406,0.2871579011996456,1,COMFORT
25.5,24.0,0.020610547663716713,0.35163891389526203,2,WARM_HUMID
19.6,36.3,-0.12921651441964296,0.12242924910748654,0,COLD
17.8,55.6,-0.21473332760963193,0.5524896383307526,0,COLD
20.4,30.2,-0.1467956232914507,-0.5802459490261473,1,COMFORT
30.5,68.1,0.013863172100885442,0.4722890120422788,2,WARM_HUMID
22.8,23.9,-0.017823824270857023,0.6545949015266749,1,COMFORT
20.8,37.0,-0.13245826824125387,-0.05582459519683744,1,COMFORT
20.6,37.0,0.08393275225414731,1.0073224086734844,0,COLD
12.8,69.3,-0.1818039964044252,-0.08081765836582863,0,COLD
30.1,78.3,0.07780514914678295,0.18951557192070956,2,WARM_HUMID
12.2,67.3,-0.005159442589777172,-0.6770610872430013,0,COLD
25.3,56.0,0.2681189847778116,-0.044862391365094276,1,COMFORT
30.4,58.0,-0.11541974538974045,-0.5179791722474094,2,WARM_HUMID
35.5,55.8,0.1290988813076242,0.3751367054765373,3,HOT
30.4,72.7,0.09146677732700866,0.12143782721997542,2,WARM_HUMID
28.3,61.0,0.21367437318704213,0.08275650351108631,2,WARM_HUMID
16.3,24.6,0.03166871652670001,0.44091622191434665,0,COLD
32.9,20.0,-0.032018516902565734,-0.3418284270831051,3,HOT
11.1,50.0,0.10649623035825487,0.011436865697037857,0,COLD
21.2,80.1,0.05541095185181565,-0.5270871844843809,1,COMFORT
17.1,58.0,-0.07610334986016858,0.385268736192084,0,COLD
20.0,62.0,0.07417933693447258,-0.034253130282822605,1,COMFORT
37.0,81.0,0.0010421179128961315,-0.02115879785909398,3,HOT
21.1,29.3,-0.07362096997446302,0.1441146896798669,0,COLD
17.8,63.0,-0.24263458827934317,-0.2647895489293326,0,COLD
17.6,40.5,0.11653827821402873,-0.3513445294025476,0,COLD
36.4,43.8,-0.2312908258544319,0.30184350438008567,3,HOT
29.8,45.2,-0.051855585844061386,-0.4422221430036829,2,WARM_HUMID
23.8,38.0,-0.010883047799129826,0.006760259928973539,1,COMFORT
23.3,29.3,0.3438774860695045,0.42581936786399677,1,COMFORT
19.8,36.5,0.08277232264813927,-0.45479142372707976,0,COLD
29.8,46.5,0.010078151324099881,-0.16348388666875444,2,WARM_HUMID
29.1,50.3,-0.05587670328476297,-0.10797875394056236,2,WARM_HUMID
22.3,53.3,-0.0021815070910560863,-0.012069336574845603,1,COMFORT
14.0,66.0,-0.09815128065826552,-0.38419746192681653,0,COLD
25.2,25.5,-0.12262409118221874,-0.18314885875200826,2,WARM_HUMID
17.9,36.3,0.01904557093968805,-0.07279174306927985,0,COLD
36.0,32.0,-0.11698257069580942,-0.39999807648675023,3,HOT
28.1,62.3,-0.06313237357425311,0.036079304061658594,2,WARM_HUMID
19.6,22.8,-0.020516830058860545,0.29255504793419645,0,COLD
25.3,73.4,-0.07538797708585276,-0.5921216179354628,1,COMFORT
27.4,71.3,-0.14333494442533665,-0.2707592895049264,2,WARM_HUMID
23.5,28.2,-0.1330828888581079,-0.4436923357779283,1,COMFORT
30.7,40.1,-0.40613157830717656,-0.006307913740231496,2,WARM_HUMID
19.5,37.8,0.0681497149728343,0.17392009453969082,0,COLD
36.9,41.5,0.27883031765290345,-0.43286688223539466,3,HOT
19.4,38.8,0.16793491754716386,-0.6123989517835174,0,COLD
29.0,54.3,0.021372479266380785,-0.20224585185355204,2,WARM_HUMID
15.4,66.0,0.10992627104964496,0.1945379112884157,0,COLD
30.3,61.0,0.10976023485947861,-0.09242814726301188,2,WARM_HUMID
27.8,19.1,0.10531315865138267,0.4643524309597165,2,WARM_HUMID
23.4,33.6,0.09295938956494915,0.45049947612129104,1,COMFORT
29.6,47.0,0.020663760776105582,0.2003368261872862,2,WARM_HUMID
17.8,65.0,0.044188893141505835,-0.4377731288425348,0,COLD
32.8,36.0,-0.04556066462444683,-0.1969458991447421,3,HOT
34.4,39.0,-0.06823765300036382,-0.6463480902740877,3,HOT
23.0,51.0,0.13958004118939585,-0.6324862682070292,1,COMFORT
19.5,36.0,-0.0457207525961023,0.3227664028838478,0,COLD
19.9,36.4,-0.055007650286404974,0.13218785517070308,0,COLD
23.6,40.4,0.032794725286999504,0.25475698524980966,1,COMFORT
27.9,62.3,-0.062015820356476535,0.2899516789587989,2,WARM_HUMID
28.2,52.2,-0.48699575716651217,-0.2730849232143014,2,WARM_HUMID
18.3,50.5,0.0009153011900847874,0.5576432911429267,0,COLD
23.4,47.7,0.16902028864345128,0.790348807274065,1,COMFORT
28.7,62.9,-0.04382202830744394,0.27505673324622537,2,WARM_HUMID
19.7,26.9,0.021040766506140195,0.6129350793292904,0,COLD
28.7,64.1,-0.04278757477975765,0.010061009781230713,2,WARM_HUMID
32.3,61.0,0.09443547659298544,0.72939084801654,2,WARM_HUMID
25.0,16.8,0.18539804829585507,-0.03843093987644055,2,WARM_HUMID
28.4,64.6,0.05400246978573379,-0.11168196711504307,2,WARM_HUMID
32.0,45.0,0.1383922959109898,-0.02795438564156183,2,WARM_HUMID
30.5,76.6,-0.09372168068038338,0.1243572064106844,2,WARM_HUMID
25.4,33.0,0.1730385514975388,-0.09194223391908406,2,WARM_HUMID
27.7,63.1,0.133085231048561,0.3719019488914634,2,WARM_HUMID
28.0,55.0,-0.003280059233028491,-0.06985995331560178,1,COMFORT
29.6,28.3,-0.19186505568915324,-0.1274313087608029,2,WARM_HUMID
31.8,57.7,0.013527336912127869,-0.5036247311584168,2,WARM_HUMID
29.0,39.9,-0.007444253572324766,-0.13989629532617384,2,WARM_HUMID
16.9,50.0,-0.00037017739682630556,0.18254634197224107,0,COLD
31.0,70.3,0.035481329042229455,-0.17865746315972358,2,WARM_HUMID
35.5,17.9,0.1542381377461768,-0.4200169001084011,3,HOT
19.8,32.9,0.0077576827219780955,-0.32605435187496656,0,COLD
25.5,53.4,-0.1676926083457682,0.6349947227566061,2,WARM_HUMID
20.0,38.0,-0.0032127442428504936,0.16422687423627305,0,COLD
25.7,44.9,0.28691963783737245,-0.12933723557930255,1,COMFORT
19.9,38.8,-0.10389603376513241,-0.6428837214292704,0,COLD
13.4,50.3,-0.047918211048965806,0.18906060758149998,0,COLD
24.5,79.1,0.09747860611704426,0.5622593427225523,1,COMFORT
17.2,52.8,-0.02051896539894681,0.30918272431627974,0,COLD
26.8,83.5,-0.039410853505612055,0.4988718930869648,2,WARM_HUMID
24.7,69.0,0.022630144276734376,0.4231626702214116,2,WARM_HUMID
26.6,35.9,0.08300033599424639,0.5505861747415516,2,WARM_HUMID
25.4,32.4,-9.127234834341756e-05,0.16745076351871857,2,WARM_HUMID
21.9,24.8,0.09861849400337455,-0.6212881349321866,1,COMFORT
35.6,45.8,0.14859659810934217,-0.5321757434335387,3,HOT
27.9,90.0,0.10888854174726029,0.2586415948134492,0,COLD
37.5,41.2,0.05251171469918065,0.25077292094971604,3,HOT
20.7,35.0,0.20048911133167488,-0.16747008414933154,0,COLD
21.0,29.6,0.02080431393898882,0.8699432064319009,0,COLD
37.2,36.5,0.007827622703304884,0.0677194384079074,3,HOT
21.5,22.4,-0.136888229726644,0.1053437926361504,1,COMFORT
18.6,29.3,0.06636553693210721,0.687210782552134,0,COLD
35.2,49.0,0.01244408023393918,-0.24387140730509205,3,HOT
23.1,58.9,0.06596392351580145,-0.09624529056012088,1,COMFORT
20.7,35.4,-0.2549709785211765,0.14633359176414182,0,COLD
29.9,67.0,0.11042555162924614,-0.7729000913529412,2,WARM_HUMID
32.7,37.6,-0.06558539132375615,0.3974059975153023,3,HOT
20.8,51.0,0.16599379637059267,-0.01306804102540375,1,COMFORT
18.0,31.5,-0.022233433326468117,-0.5221886901509402,0,COLD
29.5,40.3,0.010851782597877268,-0.3636645015880878,2,WARM_HUMID
29.2,54.1,0.3176595004512847,-0.017742789931145583,2,WARM_HUMID
22.4,61.0,-0.01051445302796274,-0.710485279870264,1,COMFORT
18.9,40.3,0.07128879070759672,0.24362024939332927,0,COLD
18.7,28.7,0.18327070274650523,-0.10399080552766644,0,COLD
19.6,40.9,0.15200173038302633,-0.04430633061657044,0,COLD
23.0,22.7,-0.06748171029450352,0.0330680963170367,1,COMFORT
20.1,29.8,-0.2229671456850625,-0.2500633757906044,0,COLD
19.9,38.0,0.1689686635693737,-0.21793810570479086,0,COLD
32.1,66.1,0.03154268458428425,0.46245461933818577,3,HOT
33.5,57.6,0.1002916301086514,0.06531763471225127,3,HOT
16.0,68.0,0.04985195572080052,-0.26705294241785515,0,COLD
17.0,34.2,0.05244458125044413,-0.4869129971077535,0,COLD
34.0,60.2,0.29532882768073143,-0.007282035787616839,3,HOT
24.7,46.6,0.04653277782243574,-0.11059472018663885,1,COMFORT
28.6,27.4,-0.01876891824457728,0.5041493712243138,2,WARM_HUMID
20.2,49.5,0.12709092669744332,0.4834603119227643,1,COMFORT
25.8,66.2,-0.11682016454808394,-0.5037867938394123,1,COMFORT
33.7,42.5,0.36500805144439713,0.46786473050022065,3,HOT
25.0,49.5,-0.02587449282117094,-0.32591353895918695,1,COMFORT
33.9,56.0,-0.27613113469974676,0.4786056487646099,3,HOT
20.5,32.9,0.027724933253863927,0.6120244510857292,0,COLD
35.0,46.8,-0.03725471178082432,-0.10518436269011569,3,HOT
18.3,35.5,-0.060838103512151825,-0.0574177086558603,0,COLD
17.8,39.3,0.1049196370343553,0.12340765801411331,0,COLD
33.0,54.0,0.07707280296798569,-0.20746015071400078,3,HOT
27.5,41.0,0.05131374016055015,-0.13425882843710588,2,WARM_HUMID
22.1,75.3,-0.055744757222962356,0.2582059371260661,0,COLD
17.4,55.8,0.11691578890750809,-0.1223581095121839,0,COLD
19.6,25.3,0.0038508472811418044,0.09449711437039869,0,COLD
16.2,30.3,-0.20987122870958547,0.0035456971515111695,0,COLD
19.6,31.3,0.17339234047929017,0.2026780774863165,0,COLD
28.1,58.0,0.2170600723351012,-0.08045435411265078,2,WARM_HUMID
14.4,40.3,0.05731757558887768,-0.49250336877442175,0,COLD
18.9,33.9,0.049921068787611954,-0.29203569764135934,0,COLD
24.1,27.0,0.029735816472002526,-0.2415814502319524,1,COMFORT
23.1,45.6,0.15183688614793575,-0.5932594349072879,1,COMFORT
25.5,58.1,-0.1768036697694382,-0.30658390472809094,1,COMFORT
31.3,58.2,0.20602081625607457,0.9773267993864672,2,WARM_HUMID
24.6,40.1,-0.017780135104329627,0.005706081543619822,1,COMFORT
22.0,42.9,0.23567916612746162,0.11387006159248257,1,COMFORT
21.1,27.2,0.14514170491832978,0.24581916959997013,1,COMFORT
36.6,30.8,0.5207324215208216,0.29829301583046836,3,HOT
24.3,31.1,-0.09677555092240488,-0.09637530150033255,2,WARM_HUMID
27.2,32.8,0.10230620140439932,-0.5872504694978201,2,WARM_HUMID
24.6,28.3,0.2510201411404498,0.047590461516361024,1,COMFORT
21.0,28.9,0.10476491730944627,0.17089679722143677,1,COMFORT
18.3,46.8,-0.06751732506918477,0.7092921864665743,0,COLD
27.9,19.3,-0.1737439370402476,-0.04914656821286792,2,WARM_HUMID
30.1,74.2,-0.002957376943450095,-0.19340232590038436,2,WARM_HUMID
19.6,24.3,-0.11483756891053098,-0.12460659289750749,1,COMFORT
33.6,54.2,-0.031330064231667266,-0.12505489732132305,3,HOT
23.8,40.3,-0.20682178162671272,0.07367413028671356,1,COMFORT
26.2,62.0,-0.09069295807758108,-0.03935649770492486,1,COMFORT
17.9,46.0,-0.08316411095478031,-0.010972791995864387,0,COLD
11.0,53.7,0.010182039210475816,-0.6573861724959902,0,COLD
26.8,42.3,-0.17789470776570415,0.44249489554652766,2,WARM_HUMID
19.6,62.1,0.06591790356869859,-0.36391752716043874,1,COMFORT
31.8,67.5,-0.07853306139411767,0.2496413291286438,2,WARM_HUMID
23.3,41.4,-0.06385495625341113,-0.8962154432423953,1,COMFORT
21.5,48.5,0.0019331311732168363,0.3038862694980191,1,COMFORT
22.5,34.5,0.03506764445048382,-0.3841909626523894,1,COMFORT
16.1,37.3,0.12272632882072115,0.03792690326434142,0,COLD
16.8,34.4,-0.1696634617753263,0.7297820339156559,0,COLD
23.4,70.0,-0.26241947524966597,-0.06339330062026248,1,COMFORT
18.9,33.9,-0.024603816339020677,-0.43270192726487455,0,COLD
28.9,49.0,0.11950528906061131,-0.21686431162387373,2,WARM_HUMID
27.2,40.0,-0.12042366659262634,-0.11683251848020525,2,WARM_HUMID
34.3,49.1,0.017870033829070778,0.38588575415695486,3,HOT
19.3,58.1,0.13383837172591395,-0.05821695101808582,0,COLD
22.9,33.8,-0.10565734970629347,0.23371350891363363,1,COMFORT
22.3,55.4,0.2176068638361488,0.5716195945662931,1,COMFORT
33.2,60.6,0.11791444801565626,-0.41370901143059496,3,HOT
26.0,54.4,0.04645000224054661,0.30483873099533004,1,COMFORT
29.2,49.0,0.12448520664449758,0.434295267037094,2,WARM_HUMID
22.1,24.3,-0.06223706622247541,-0.4374824851926608,1,COMFORT
17.6,50.4,0.18552730610312115,-0.0709537489013585,0,COLD
18.7,49.6,0.2995448805640559,0.5457945788744251,0,COLD
23.5,44.8,-0.003526107294370528,-0.28124510404507325,1,COMFORT
28.4,58.3,-0.24198758560690473,0.03839467434085393,2,WARM_HUMID
24.0,50.0,0.08621203936882575,0.19135169701362187,1,COMFORT
37.2,53.8,-0.09129424311990976,0.2163317460887532,3,HOT
19.9,36.7,0.017424961656386708,0.2356624048297174,0,COLD
19.1,34.2,-0.05420030800373181,-0.09557207821711562,0,COLD
34.0,74.0,-0.024017797714927343,-0.5018806880978278,3,HOT
17.6,55.3,-0.16096300901438237,-0.05476941752887468,0,COLD
24.5,55.2,0.14482062433555912,0.40419053616825934,1,COMFORT
36.2,46.5,0.1782952323688802,0.17807216756319216,3,HOT
25.4,47.3,0.013805759519596181,-0.3403677737187643,1,COMFORT
30.9,18.8,0.03588359737833068,-0.04980605954197248,2,WARM_HUMID
25.7,27.3,0.2301908339147069,-0.320967782940792,2,WARM_HUMID
30.4,63.6,-0.0015212212289742754,-0.4477205386231196,2,WARM_HUMID
14.0,32.8,-0.07856200748895782,0.20391018188363816,0,COLD
31.1,55.7,-0.02158849087473732,0.5254849452435536,2,WARM_HUMID
17.3,21.1,-0.007635973992725107,-0.27735004932849144,0,COLD
31.0,23.0,-0.14554142949440663,0.5483158888107474,2,WARM_HUMID
22.9,63.6,0.08556358727286101,-0.11391223581944804,1,COMFORT
18.4,33.2,0.2981101323790745,-0.49246200470777945,0,COLD
26.8,59.0,-0.0463758185202959,0.18956901952394672,2,WARM_HUMID
21.0,45.4,0.255116218131139,-0.30805729045603464,1,COMFORT
21.1,29.9,-0.03145487313198244,-0.09416574636188374,0,COLD
35.5,55.8,0.1290988813076242,0.3751367054765373,3,HOT
19.5,58.8,-0.1343790575869652,-0.3327906878435831,0,COLD
26.0,49.0,-0.25251572883314255,0.3468512608737859,1,COMFORT
21.1,46.1,0.25004438216056374,0.15280273108747786,1,COMFORT
26.0,32.1,-0.15345325594019626,0.10173456109539525,2,WARM_HUMID
21.9,43.5,0.08270515489239612,0.0419370478408182,1,COMFORT
13.4,59.2,0.06148554660593541,-0.09506973252755693,0,COLD
22.3,54.4,0.0093325180333198,0.19152001097500107,1,COMFORT
20.5,66.7,-0.18225735315841676,-0.6584823975960291,1,COMFORT
27.9,42.5,-0.2378037403007408,0.3733182417980964,2,WARM_HUMID
23.7,45.0,-0.3013823016038342,-0.9963539471468075,1,COMFORT
29.9,32.7,0.02974353070332854,-0.20079178705006379,2,WARM_HUMID
24.4,79.3,-0.2442423257822182,0.09576234608835482,1,COMFORT
22.6,35.5,-0.37889419226540677,0.29353552028811514,1,COMFORT
29.5,66.0,-0.26156754701180907,-0.09875903077661016,2,WARM_HUMID
32.6,75.9,0.1256358940345481,-0.3390408071671715,3,HOT
36.9,39.9,0.049413631938574336,-0.10757879884936501,3,HOT
21.0,36.6,0.14297643814940306,-0.2129541846096646,1,COMFORT
23.0,51.7,0.00388226432910693,-0.09363465298257218,1,COMFORT
28.4,63.9,0.014085972249067468,-0.19146925370180554,2,WARM_HUMID
22.0,54.7,-0.06706799764695658,-0.10095475387514166,1,COMFORT
16.6,22.5,-0.08879668173270656,-0.3541357289065832,0,COLD
34.0,68.0,-0.013871208406733003,0.18315338627073174,3,HOT
29.7,19.2,-0.06808371242296925,0.7748301207081703,2,WARM_HUMID
19.6,22.8,-0.13914527263312657,0.06037772994196042,0,COLD
24.3,25.5,-0.04075873400082862,-0.25916507088081875,2,WARM_HUMID
38.2,17.2,-0.08047241018138648,-0.24521266291491195,3,HOT
31.2,69.7,-0.030177925522637594,0.283290871494453,2,WARM_HUMID
21.4,20.6,-0.037011881339143606,-0.06112575555032779,0,COLD
24.2,43.6,-0.0014119743540545952,-0.08727034323324291,1,COMFORT
21.0,33.5,0.04772459152095342,-0.4247320841091329,1,COMFORT
26.3,44.0,0.1688152176622154,0.2742137945001287,1,COMFORT
31.9,68.8,-0.07870031708480464,-0.1839796076110621,2,WARM_HUMID
25.3,50.8,-0.18283865163294394,0.1397249479960859,1,COMFORT
23.4,65.1,0.1711622957216988,0.11321829480963022,1,COMFORT
26.2,34.0,0.0771142247198203,-0.6614058821269664,2,WARM_HUMID
28.3,28.0,0.02100174627249664,0.4617421121195034,2,WARM_HUMID
25.4,32.1,-0.04595556983296031,-0.08714117924390063,2,WARM_HUMID
30.7,78.0,0.18568536567961577,0.23898319390376643,2,WARM_HUMID
30.1,40.0,-0.2539435221293078,0.4648695224705199,2,WARM_HUMID
24.3,25.5,0.17007710503214973,-0.3322425812690923,2,WARM_HUMID
31.8,65.6,-0.060441460291425664,0.21324541782351691,3,HOT
23.6,45.9,-0.11748799385043555,0.349629291638724,1,COMFORT
27.0,80.8,-0.19122773565184537,-0.33124996336185203,2,WARM_HUMID
23.1,41.3,-0.009652019989169341,0.17308620058888713,1,COMFORT
28.2,33.0,0.08287349316257216,0.14093461401217347,1,COMFORT
39.8,22.3,0.28337948716648065,-0.3856160662605665,3,HOT
24.9,52.0,0.03392844899184425,0.346058441357854,1,COMFORT
23.2,35.0,-0.25410589218381074,0.37179096562030334,1,COMFORT
30.7,40.1,-0.09453739425066544,0.4259215341702045,2,WARM_HUMID
23.3,26.8,-0.1344630574419955,0.04873167793072906,1,COMFORT
27.7,41.3,0.18694947166124168,-0.1750685960394486,2,WARM_HUMID
18.6,45.6,0.019510515759970648,-0.3657322777748704,0,COLD
15.7,65.2,0.04043176900048379,0.12112330355114516,0,COLD
28.3,62.8,-0.13064153259971098,0.7459357201705954,2,WARM_HUMID
27.3,58.2,-0.2179283413625617,0.6240108973413764,2,WARM_HUMID
18.1,53.0,0.14637219804037954,-0.10598506797455781,0,COLD
34.2,53.6,-0.1844401472699967,-0.25160169411731226,3,HOT
21.3,28.3,0.21610947380399523,-0.14555667828815366,1,COMFORT
11.5,82.0,-0.0010756816471990218,-0.4844117623906315,0,COLD
18.9,75.0,-0.27352391025743794,0.05879836641717123,0,COLD
27.9,53.4,0.07742160593795695,-0.2869160078609674,2,WARM_HUMID
19.7,31.5,-0.0766889186804291,-0.2808195056611292,0,COLD
18.7,38.0,-0.20846702147890037,-0.2302400787191814,0,COLD
27.2,83.6,0.1332572886310243,0.36234996098455485,2,WARM_HUMID
28.9,55.0,-0.025894094991122944,0.45410811042838184,2,WARM_HUMID
25.5,79.4,-0.04877310420293518,-0.5846529869035503,0,COLD
20.2,48.2,-0.10686117001184811,-0.33177254305279774,1,COMFORT
20.7,42.8,-0.11607303399193812,-0.009295818159483703,1,COMFORT
33.1,54.6,0.16378105709113114,0.3905973042711564,3,HOT
24.1,82.0,0.014617662612201309,0.40157406996817385,2,WARM_HUMID
35.6,44.3,0.23935619968554345,-0.761828112590889,2,WARM_HUMID
23.2,58.3,0.06868284571076994,-0.35700808824367214,1,COMFORT
33.1,51.8,-0.12067889297368083,0.058392550582080975,3,HOT
15.0,72.0,0.06417567908040658,-0.027156948079778503,0,COLD
30.5,73.0,-0.11379978023141583,0.22505358959536623,2,WARM_HUMID
24.8,26.1,0.1531689431599962,-0.48522400392101456,2,WARM_HUMID
23.4,65.6,-0.13155801381401727,0.0014298823308952018,1,COMFORT
31.2,57.8,-0.016651841115181528,-0.5035649888361953,2,WARM_HUMID
22.5,64.5,-0.2517526745894457,-0.14572703019690833,1,COMFORT
23.8,41.6,-0.030144337569690007,0.30317616592533697,1,COMFORT
26.5,38.6,-0.23731401616913436,0.5876461252260339,2,WARM_HUMID
25.2,43.0,0.07980092982329147,0.6375752527404166,1,COMFORT
30.8,30.0,-0.07638200438987018,0.4594903111588007,2,WARM_HUMID
29.2,44.8,-0.19663680106082396,-0.10521153920522386,2,WARM_HUMID
22.8,46.1,-0.04677611263901472,0.6658317642752088,1,COMFORT
25.0,35.7,-0.13082384755693338,-0.1285944086961702,2,WARM_HUMID
24.6,23.3,0.01933498701245084,-0.30075005116906617,2,WARM_HUMID
23.1,54.3,-0.12005866564450346,-0.23866399875375144,1,COMFORT
25.4,33.8,0.06330215391160408,0.19702683881540245,2,WARM_HUMID
28.1,32.0,-0.35879343064695357,0.2828368002746546,1,COMFORT
14.1,52.7,-0.017272519945461424,-0.3577587485444285,0,COLD
18.8,38.7,-0.15028852217709074,-0.7944040205527946,0,COLD
30.7,69.6,-0.06900358789209346,-0.02117763562362944,2,WARM_HUMID
32.9,55.7,0.09313382474958556,0.3763245568054743,3,HOT
33.1,36.8,0.12026777764927286,-0.3662017469189192,3,HOT
26.7,54.6,0.0230216203634617,0.13729223233497365,1,COMFORT
20.7,31.7,0.12849976798041096,-0.5603394819469568,0,COLD
29.0,68.0,0.03188036864425966,0.27560996929591797,1,COMFORT
20.6,31.4,0.047507765487060684,0.5023647992405769,0,COLD
33.4,48.0,-0.0187714624053068,-0.17394036743862074,3,HOT
23.2,53.0,-0.003512343319923593,0.44179531679183226,1,COMFORT
23.8,31.9,-0.21859104872991794,-0.19330445179880745,1,COMFORT
29.9,75.8,-0.009990154053296056,0.6743924415029942,2,WARM_HUMID
33.6,39.7,-0.0540750393262683,0.715869661467414,3,HOT
31.0,93.0,-0.23315661014396985,0.10049652789763286,3,HOT
23.3,32.0,-0.28534871752482943,-0.5097692012362359,1,COMFORT
30.6,61.3,-0.12124064329013458,-0.5733953192409363,2,WARM_HUMID
32.1,54.0,-0.311954555271901,0.2797409411534141,3,HOT
29.5,63.0,-0.002491551348886348,0.33511552241808706,1,COMFORT
19.9,36.4,0.3250438900870449,0.38446831351478994,0,COLD
29.8,38.0,-0.07766361708333296,-0.13199198231458,2,WARM_HUMID
32.9,56.1,-0.13692067299017924,0.13725018667904287,3,HOT
32.4,37.6,-0.03513991493324979,0.4243090105299236,3,HOT
20.4,35.8,-0.10770496232584112,0.26501285629862414,0,COLD
25.2,16.8,-0.017878718249315965,-0.34363961135049936,2,WARM_HUMID
23.3,45.2,0.0699971559863006,0.07504050155631835,1,COMFORT
21.2,30.8,-0.24396461383748652,-0.2587922090719743,0,COLD
29.3,27.3,-0.2214393816002669,-0.07416941793863538,2,WARM_HUMID
31.8,47.7,-0.16985093919194186,-0.3227099656737864,3,HOT
24.0,38.0,-0.1446744180121374,-0.007222792806311948,1,COMFORT
30.1,69.0,-0.16721291671585514,-1.1151652760772013,2,WARM_HUMID
12.2,59.7,0.06451052896156638,-0.44995913044675384,0,COLD
16.1,72.0,0.026543887460974996,-0.22067008727675505,0,COLD
16.5,47.0,-0.05854562236675488,-0.2208612464049794,0,COLD
21.3,73.8,0.06366646797136892,0.10276560321781941,0,COLD
26.1,67.2,0.18292787591680296,-0.15728575388979105,1,COMFORT
26.4,32.8,-0.0929566163452075,1.1807126963289354,2,WARM_HUMID
24.5,33.3,-0.09648726468188507,0.18347288212224802,2,WARM_HUMID
28.0,36.3,-0.05364278314843044,-0.11893106915341774,2,WARM_HUMID
14.0,60.0,0.015120580568966119,-0.1273758276945068,0,COLD
16.5,47.0,-0.05854562236675488,-0.2208612464049794,0,COLD
24.6,72.6,-0.03355557631556563,-0.5152159375842208,1,COMFORT
11.4,65.0,-0.1447832376802021,-0.09663675255786305,0,COLD
11.0,59.2,-0.08546335162628027,0.17066874903396345,0,COLD
35.6,45.8,0.14859659810934217,-0.5321757434335387,3,HOT
23.9,21.2,0.022308525023518922,0.052606097722486284,2,WARM_HUMID
31.8,23.0,0.006661708867072457,0.2414408876282199,2,WARM_HUMID
21.4,45.8,-0.23620940600131396,-0.42721228458950994,1,COMFORT
24.3,22.4,0.31752045824457803,0.31775790393120446,2,WARM_HUMID
20.0,36.5,-0.04727374594729104,0.21635426438015704,0,COLD
18.3,50.7,0.06568082174240332,-0.46626386912496187,0,COLD
30.2,66.9,0.22308024811029684,0.021614410755054287,2,WARM_HUMID
24.4,35.8,-0.004361623653897202,-0.16523131450583073,1,COMFORT
20.7,30.6,-0.11856430715242014,-0.004840547310059476,1,COMFORT
32.4,69.6,0.026591461383464035,-0.42144618627481983,3,HOT
27.5,63.0,0.1385031424466038,0.5017524762829514,2,WARM_HUMID
23.6,44.0,0.015514029034431895,-0.30227177449550763,1,COMFORT
19.5,36.3,-0.046247155381477084,0.467854583453577,0,COLD
36.3,19.8,-0.04601590269954456,-0.45216163716426694,3,HOT
16.8,66.5,0.0898200147279378,0.4211345913623068,0,COLD
15.0,35.8,0.2616743324039832,-0.297679758172702,0,COLD
24.3,55.5,-0.005129896475720535,-0.08119487320624519,1,COMFORT
22.4,46.4,0.04869358113754138,-0.44717616992528664,1,COMFORT
20.2,52.1,-0.017223408417010803,0.2384925658821441,0,COLD
29.3,29.8,-0.03900543752706671,0.572124601893384,2,WARM_HUMID
36.0,23.2,0.05847714740661294,-0.06714283962766261,3,HOT
29.9,75.8,-0.02592200278401095,0.5675441515278905,2,WARM_HUMID
32.6,39.0,-0.10631789820380715,-0.181130784055235,3,HOT
20.1,36.8,-0.25277917962118623,0.1986132960335779,0,COLD
16.9,65.9,0.30265043313296947,0.31025370572275884,0,COLD
36.4,41.2,0.07407602325762488,0.024253536919432547,3,HOT
19.3,37.8,0.06002879621181184,-0.06849732772098151,0,COLD
30.1,41.0,-0.2523988041184029,0.20984348958129742,2,WARM_HUMID
35.1,23.0,-0.10921156467829816,-0.10077514271181916,3,HOT
20.0,37.1,-0.10903836437465199,0.023602043600937896,0,COLD
31.7,70.4,-0.16338367378098936,0.05655433536090762,2,WARM_HUMID
29.7,75.6,0.14671815950926012,0.6028420072998948,2,WARM_HUMID
25.7,57.2,0.0057414763905270635,0.1549244734989177,1,COMFORT
22.8,23.8,0.11033984929752348,0.9625814069946144,1,COMFORT
27.5,50.0,-0.010555078700695901,0.3125279409371988,2,WARM_HUMID
25.3,72.7,-0.22529529001801413,-0.2076524369559294,1,COMFORT
36.0,79.0,0.09737823211559693,0.02700797170252364,3,HOT
33.6,41.2,-0.0660535836363014,0.4015910335493915,3,HOT
20.9,26.5,0.24689714249296418,0.030003702038699773,1,COMFORT
18.3,42.4,-0.14788703118901617,-0.6876602318338522,0,COLD
20.5,31.5,0.23015505212974288,0.0841325712253837,0,COLD
23.0,24.0,-0.07378155052311443,0.34290725686268037,1,COMFORT
26.6,35.0,0.2867128630709585,-0.20864732034607672,2,WARM_HUMID
29.4,35.0,0.24742213414858813,0.1061746681602024,2,WARM_HUMID
27.1,60.1,0.28723567574676073,0.34383380676033287,2,WARM_HUMID
33.5,46.8,0.07991363246060205,0.3850153418608153,3,HOT
34.2,30.0,0.13369555303046332,-0.08781693652400893,3,HOT
25.6,27.0,-0.15874117466378404,-0.5660953055824106,2,WARM_HUMID
21.8,33.3,0.1677812114003924,-0.32676374833587024,1,COMFORT
31.5,45.0,0.1786509737909052,0.08939555619658124,2,WARM_HUMID
17.1,38.0,0.12644928067806463,0.37933654624554236,0,COLD
21.7,20.9,0.007326501520711769,0.5436075584379497,0,COLD
12.2,56.9,0.16833704916534123,-0.4189082136558048,0,COLD
20.1,30.0,0.020418695111376627,-0.16541398129156845,0,COLD
25.3,65.6,0.1857339636775537,-0.06245680893808852,1,COMFORT
27.5,67.6,-0.042289720057496066,-0.3687018105055583,1,COMFORT
22.6,18.7,0.2220890515038428,0.4801594320950363,1,COMFORT
29.3,68.9,-0.07951343790073047,0.43734392505302666,2,WARM_HUMID
25.9,58.9,-0.07255208708040073,0.3330001516994882,1,COMFORT
28.3,25.0,0.12814760087606747,-0.5296686411361895,1,COMFORT
32.9,20.0,0.07442987810449744,-0.019667331132790157,3,HOT
21.2,50.4,-0.094977950904785,0.7220965294608518,1,COMFORT
30.5,38.9,0.0019089738397630247,0.06477341286542172,2,WARM_HUMID
30.8,73.0,-0.16347045662504006,-0.7386536788506393,2,WARM_HUMID
28.6,37.0,-0.09750359016103473,-0.18076737065435472,2,WARM_HUMID
16.7,21.9,0.19049470637261082,-0.6163330884219813,0,COLD
21.9,49.4,-0.32601952667332973,-0.21318678004227065,1,COMFORT
19.5,35.2,0.15187809522154647,-0.17950469379524753,0,COLD
31.0,67.0,0.17512682407410737,0.08480965363642166,2,WARM_HUMID
32.4,41.0,0.06611282139336075,-0.41815108755654323,3,HOT
19.7,40.2,-0.30302271737666453,0.37005897881114,0,COLD
25.0,37.0,0.028736609429113442,0.7684889862747668,2,WARM_HUMID
25.0,36.0,0.1960714131423642,-0.050978961268124616,2,WARM_HUMID
14.6,63.1,0.13261382414721973,0.06196225702432334,0,COLD
10.7,26.7,2.407611106274049e-05,0.6212595265941446,0,COLD
22.3,55.4,0.06505985873494856,-0.4589476041434732,1,COMFORT
27.8,62.7,0.056563874081129194,0.38936858455148265,2,WARM_HUMID
21.6,36.2,-0.09601545301623311,0.4008229364363645,1,COMFORT
13.8,54.7,0.04369254985353845,-0.18724501425905973,0,COLD
23.9,61.2,-0.2194939769554469,0.4216497119697247,1,COMFORT
33.1,19.0,-0.05052901614403319,0.7459795933869806,3,HOT
25.1,29.0,0.08920734224794907,0.20616168661802986,2,WARM_HUMID
31.0,52.7,0.13824558226603448,-0.306349356681917,2,WARM_HUMID
28.4,85.4,-0.1152344692314358,-0.0030912701245309065,1,COMFORT
19.1,35.9,0.050441683387134374,-0.25156525537533997,0,COLD
34.6,41.0,0.19201127304663224,-0.3550787930767625,3,HOT
25.2,38.1,-0.07301523494321793,-0.21582702144579838,1,COMFORT
31.3,63.6,0.024739173032258484,0.755766019369822,2,WARM_HUMID
34.2,33.0,-0.23712276961517428,0.2816847923284235,3,HOT
22.4,39.0,-0.1869782825746948,-0.29885052504860526,1,COMFORT
29.1,63.8,-0.12678352696147127,0.7987324954182662,2,WARM_HUMID
26.8,83.5,-0.2754566680981101,-0.007456046578387884,2,WARM_HUMID
12.2,61.8,-0.3758830013307325,-0.41349988110904523,0,COLD
28.8,41.4,0.30340489572670304,0.9702120709424165,2,WARM_HUMID
22.0,48.0,-0.133123826670315,0.38514167021193857,1,COMFORT
28.6,65.0,-0.04183250912261348,0.1225417565775516,2,WARM_HUMID
30.3,31.2,-0.26314272792337484,0.201756762613107,2,WARM_HUMID
23.5,33.1,-0.06544352864912353,0.4902810701404134,1,COMFORT
19.9,38.8,-0.0036551763743764556,-0.7783141128877569,0,COLD
19.4,27.5,-0.24208521832184873,0.023211263040779393,1,COMFORT
24.4,25.9,-0.035570830009671844,0.0033030924851594427,2,WARM_HUMID
17.3,58.1,-0.05354116442326128,0.030760387777607253,1,COMFORT
18.4,22.5,0.20954151843492316,-0.12062618745126873,0,COLD
26.8,81.2,-0.169516150414874,0.1554126540401488,2,WARM_HUMID
20.4,31.8,-0.27932111388680153,-1.1074018731851056,0,COLD
18.0,56.7,0.1104626060851755,0.14247657080244644,0,COLD
19.3,46.3,-0.03812317963115805,-0.2867612155224011,0,COLD
21.0,29.1,0.0462648571394402,-0.504204120347605,0,COLD
32.0,86.0,-0.25071615911096223,0.04871023156773939,3,HOT
33.1,56.7,-0.2233360567497733,0.3110037835000782,3,HOT
29.0,55.0,0.06811347415614738,0.1603491335842333,2,WARM_HUMID
21.5,30.5,0.10270722810748383,-0.5307754769782118,1,COMFORT
26.9,47.0,0.052151472530750455,0.5716558414401233,1,COMFORT
20.0,36.5,-0.04727374594729104,0.21635426438015704,0,COLD
22.7,40.6,-0.07974383822658805,0.5213497198363982,1,COMFORT
29.9,68.9,-0.11996312876546686,0.13668570763713148,2,WARM_HUMID
31.3,23.0,0.09906636876851667,0.46823869346775865,2,WARM_HUMID
26.6,40.3,-0.14094142756467742,0.00902154658109448,2,WARM_HUMID
20.9,29.4,-0.1126750829435818,-0.4762307204720747,0,COLD
30.9,20.0,-0.15922094593854413,-0.4487013724564779,2,WARM_HUMID
32.0,61.9,-0.19877357327966427,0.1801550724724708,3,HOT
22.8,33.7,-0.07817458714950666,0.5634752123688601,1,COMFORT
22.7,27.2,-0.15390120834313095,-0.15253556367361504,1,COMFORT
19.7,26.9,0.05004563856070963,-0.6416798257845528,0,COLD
26.2,46.9,0.1322716398763316,-0.6707972778202924,1,COMFORT
29.7,75.4,0.22511007815935732,0.40998235044146325,2,WARM_HUMID
19.4,62.7,-0.4204742905940804,0.5007477039870066,1,COMFORT
24.3,28.1,0.10455950309972918,0.35357251746087903,1,COMFORT
11.6,52.2,0.14051499836079726,-0.3379635242047056,0,COLD
19.6,40.4,-0.12775360895113513,0.5849701989060547,0,COLD
21.0,30.1,0.1557261715041352,0.3162906104598305,0,COLD
14.6,38.9,0.07483908676677957,0.47074414336145093,0,COLD
18.6,29.3,0.1341878299003013,-0.791579659232288,0,COLD
17.1,33.0,0.05591508364146032,-0.025901562357459714,0,COLD
20.2,37.2,-0.0036429743505038766,0.06608386234246146,0,COLD
22.0,48.0,0.1083572036741657,-0.21399142177119457,1,COMFORT
15.7,63.1,0.08525171717449598,-0.6140417113950856,0,COLD
34.0,56.0,0.10664399523052372,0.6263858492548158,3,HOT
26.1,50.1,-0.052487624002052966,-0.28424720659187086,2,WARM_HUMID
20.5,20.3,-0.10949002998245108,-0.5292011541594649,0,COLD
37.0,39.6,-0.17745576399502752,0.6944310348044374,3,HOT
31.0,72.1,-0.013824871623221472,-0.08510776614767203,2,WARM_HUMID
27.3,73.0,0.03043991069209995,-0.2076428638485421,2,WARM_HUMID
16.5,24.0,0.05779317002445537,-0.2807134290222001,0,COLD
19.6,73.0,-0.18800670032169398,-0.48749380859093416,0,COLD
20.6,35.4,0.07346685474827093,-0.2180815639853494,0,COLD
22.6,66.7,0.10917685317727106,-0.47341904270792406,1,COMFORT
24.5,40.1,-0.0730401734360827,-0.05051026709879757,1,COMFORT
25.8,25.9,-0.35408122360657124,1.0088594635492643,2,WARM_HUMID
29.3,67.4,-0.12779568675749614,0.10192130379053049,2,WARM_HUMID
29.6,45.0,0.029687500101311323,0.0506296325295711,2,WARM_HUMID
30.8,64.2,0.04604823456074459,-0.16844229168520197,2,WARM_HUMID
31.8,67.0,0.054989736914527236,-0.4252101793489928,2,WARM_HUMID
30.9,69.0,-6.137788474052712e-05,0.6832445820922786,2,WARM_HUMID
10.0,68.0,0.27734079278427876,0.0396454035235821,0,COLD
26.2,33.2,0.022501071432830897,-0.6083358989836054,2,WARM_HUMID
23.1,56.0,0.10899813553688174,0.10610518397297615,1,COMFORT
27.0,71.0,-0.1664377573435769,0.7009176356078833,1,COMFORT
22.5,65.6,0.23708811855692766,-0.019478739873664885,1,COMFORT
24.3,67.5,-0.22243827611482922,-0.6152189554918515,2,WARM_HUMID
19.6,46.8,-0.09643874622624739,0.4426731463528665,0,COLD
11.4,65.0,-0.1447832376802021,-0.09663675255786305,0,COLD
23.6,59.2,-0.1002649545973155,0.2506455848502421,1,COMFORT
33.9,62.0,-0.028760665981323517,0.05329883234005226,3,HOT
23.0,25.6,-0.10218044508999936,0.5863282313806536,1,COMFORT
31.8,21.1,-0.31157394889512413,-0.3760682275559576,2,WARM_HUMID
28.0,61.0,-0.11565544712115336,-0.5279105042291155,2,WARM_HUMID
14.0,66.0,0.016902780024056062,-0.26939063612480457,0,COLD
21.9,67.0,0.029580053956067415,-0.27461034044957666,1,COMFORT
26.4,33.0,-0.12699114050699223,0.30110213065287017,2,WARM_HUMID
12.8,67.7,0.0028721259654346572,0.40562624801708513,0,COLD
11.0,50.3,-0.20746463135092813,-0.3521262837537132,0,COLD
36.0,55.0,0.04311867316190964,-0.21117207970561266,2,WARM_HUMID
30.4,25.4,-0.06317982249193697,-0.4120225440984516,1,COMFORT
20.5,49.1,-0.11477978461728382,-0.37209291997381455,1,COMFORT
23.0,20.3,-0.23808264984013247,-0.0075578575806181094,1,COMFORT
16.6,22.5,-0.08879668173270656,-0.3541357289065832,0,COLD
19.8,21.7,0.09109688710024418,-0.3335219457290414,1,COMFORT
23.6,56.0,-0.041320951167383366,-0.2410629760722816,1,COMFORT
30.9,42.1,-0.13880883864644342,-0.24924400174169614,2,WARM_HUMID
25.2,44.7,0.11573226679447826,-0.3874706312346055,1,COMFORT
30.6,34.0,0.22461475247694396,-0.5384166470185698,2,WARM_HUMID
32.0,59.1,0.0869317788206586,0.29202576459463503,2,WARM_HUMID
30.8,78.3,0.33244245645842824,-0.446850818562404,3,HOT
22.3,49.9,-0.08003274345341566,0.16542651362836078,1,COMFORT
18.2,65.0,-0.0534683679833853,0.17362914824046627,0,COLD
28.9,80.7,0.18906440988348877,0.12416899613684494,2,WARM_HUMID
21.2,30.5,0.021638028342306003,-0.23771921552530154,0,COLD
23.2,28.7,0.10079880170718346,0.4544993230235423,1,COMFORT
32.6,29.2,0.148157346818681,-0.10478571456872406,2,WARM_HUMID
19.3,69.3,0.02980701950098372,0.314497124624769,1,COMFORT
18.2,36.8,-0.13997617605788773,0.12928681157262414,0,COLD
27.3,73.8,-0.08159751200590254,-0.5047954925771022,1,COMFORT
26.9,80.0,-0.006645971988787578,-0.3426401884271445,2,WARM_HUMID
23.7,36.8,0.0493424215257251,0.4332917382537902,1,COMFORT
24.1,63.1,0.04541829221399695,-0.8154944196165168,1,COMFORT
17.3,66.5,0.05649747724571257,-0.41806191229140943,0,COLD
19.1,45.1,0.11757351086199876,-0.16112776662294712,0,COLD
12.8,48.8,-0.27060904484222253,0.084102193827767,0,COLD
27.2,28.7,-0.2680707881376677,0.7280889378901833,2,WARM_HUMID
28.1,37.2,0.023077629060704596,-0.4636956024999619,2,WARM_HUMID
32.4,45.0,0.03263311382229221,-0.0751964414337914,3,HOT
19.5,40.7,-0.005657692464838676,-0.02175865444983137,0,COLD
18.3,33.8,-0.2974222124323432,-0.02677249673542413,0,COLD
25.1,36.8,-0.17246121830518393,0.14226580865952218,2,WARM_HUMID
15.2,45.0,0.2438977011545114,0.5138868123382295,0,COLD
23.0,81.7,-0.013583466175369095,-0.0014685679729874483,3,HOT
28.7,51.2,0.15308964909462963,0.46706641755256717,2,WARM_HUMID
17.9,65.0,0.0058107913787560335,-0.5176344359490674,0,COLD
31.7,69.5,0.051694575695176624,0.0809351538250559,2,WARM_HUMID
20.6,32.9,0.026580161095359444,0.04383311832098172,0,COLD
24.9,61.8,0.1513349069702132,-0.15800164091341812,1,COMFORT
23.2,55.6,-0.04054055515119136,0.49821909326470726,1,COMFORT
25.1,27.2,0.04573228815328178,-0.03942533700842458,2,WARM_HUMID
23.5,28.3,-0.07316477480517902,0.22017344602203479,1,COMFORT
26.8,60.3,-0.06232846943716304,0.12100443654861402,2,WARM_HUMID
21.8,43.4,-0.11209336864196727,-0.3470985411847828,1,COMFORT
22.5,19.5,-0.12023272508719497,0.5790329081122868,1,COMFORT
21.0,73.1,-0.2556090574462622,0.19467155664224464,1,COMFORT
34.8,51.0,-0.2003197940172178,-0.12576723585594984,3,HOT
25.6,52.5,0.13694654455982705,-0.37729918215875397,1,COMFORT
23.8,25.3,-0.04823815266385608,0.14751820605479962,1,COMFORT
27.9,30.0,0.005085408552350626,0.057767191043802416,2,WARM_HUMID
11.6,57.9,-0.14515760808622014,-0.5703609605648441,0,COLD
18.4,37.4,0.05613251022037175,-0.37265260305545533,0,COLD
21.7,30.8,-0.08707570158270124,0.34813173298712285,1,COMFORT
30.7,65.8,-0.30309546587114794,0.07026037873689547,2,WARM_HUMID
20.3,51.6,0.3077264196128372,-0.6300564737068588,1,COMFORT
30.9,69.0,-0.015214527814774049,-0.003159081251148722,2,WARM_HUMID
34.0,56.0,0.1738994705046372,-0.2028628094530457,3,HOT
25.4,61.3,0.06409863535752611,0.10321248870212107,1,COMFORT
24.2,60.9,0.09206704026459735,-0.1619304952350938,1,COMFORT
30.6,69.5,0.06864437063437935,-0.4185680028818653,2,WARM_HUMID
27.2,67.3,-0.07991090845877505,-0.3813585620494648,1,COMFORT
20.8,29.2,0.335719788064068,-0.21951691555372746,0,COLD
28.0,73.2,-0.052909879382938445,-0.3083572512222549,2,WARM_HUMID
35.6,31.4,0.03867924259424392,-0.13901156795301578,3,HOT
27.2,80.7,0.015177432733100514,0.7044955295904642,2,WARM_HUMID
20.3,36.6,0.008438770628792959,0.18044114452182652,0,COLD
36.3,41.9,0.20867787392739823,0.5265537825099993,3,HOT
18.0,52.0,0.08061931300878025,0.7918003243452518,0,COLD
29.2,78.2,-0.1325166158642775,-0.09933644563575583,1,COMFORT
10.4,71.2,-0.0157708907245831,-0.19686626758277495,0,COLD
23.0,57.0,-0.03803735090261089,0.10745988843060213,1,COMFORT
26.0,50.0,-0.016095321600634333,-0.19524148008564035,2,WARM_HUMID
20.5,18.5,0.16170654318698094,-0.07734263298379503,0,COLD
32.1,59.6,-0.016204208213861957,-0.1730889818193589,2,WARM_HUMID
27.4,49.0,-0.11537135246809473,-0.15659678837620483,1,COMFORT
19.7,58.9,-0.07298785045509798,0.5709952368088094,0,COLD
26.7,62.3,0.03112265863837215,-0.3919792951064799,1,COMFORT
21.3,60.3,-0.1162741935925846,-0.05488270452027,1,COMFORT
32.2,72.6,0.10771617749930262,-0.8964299209709629,2,WARM_HUMID
22.0,31.6,0.026841908153473645,-0.9093370475886288,1,COMFORT
22.2,38.0,0.09777392183761414,-0.46357295708362445,1,COMFORT
17.8,36.9,-0.2799249049750616,0.3390294412053779,0,COLD
17.9,50.7,-0.08561436894152764,0.0813970574252801,0,COLD
33.0,73.0,-0.21912001535727013,0.08964329484690348,3,HOT
22.8,49.0,-0.1270119564352855,0.4631758377550023,1,COMFORT
22.8,62.0,-0.0030187426154327465,0.5924295352050278,1,COMFORT
18.3,37.3,0.026309902387646505,0.7419269614551868,0,COLD
23.0,30.1,0.1858896687884136,-0.637328727800414,1,COMFORT
34.2,33.0,-0.23712276961517428,0.2816847923284235,3,HOT
25.6,34.8,0.008902019202511388,-0.2259553784569156,2,WARM_HUMID
18.9,22.0,0.01082975360119258,0.23318128995618614,0,COLD
31.9,68.8,0.04889454079919898,-0.5391702560714094,2,WARM_HUMID
18.9,49.9,-0.05507783374156341,0.1858932583277299,0,COLD
23.5,28.3,0.07715462993201323,0.10193948636818145,1,COMFORT
25.1,26.1,0.1303084884260952,-0.3066682543060412,2,WARM_HUMID
23.3,41.8,-0.07062455647556726,0.30111772989675284,1,COMFORT
26.0,50.0,-0.08611238656309043,-0.6979679462514392,2,WARM_HUMID
22.4,41.5,0.06588892340710133,0.5061332909586271,1,COMFORT
31.4,25.7,-0.09122303274306141,-0.6908346756630925,2,WARM_HUMID
21.6,20.7,0.03636944575840662,0.171688270501951,0,COLD
33.9,51.1,-0.08865945706022635,-0.48803198062508657,3,HOT
15.9,72.0,0.23896404272478755,0.02732483193321031,0,COLD
35.4,49.9,0.030552229340816264,-0.11727484697920494,3,HOT
25.2,26.8,0.03019204346518672,0.42861040794610794,2,WARM_HUMID
30.4,71.4,-0.0288909658141209,-0.11754002894385328,2,WARM_HUMID
22.1,21.1,-0.002279216519527381,-0.5708489385801786,1,COMFORT
32.0,66.5,-0.23591256085372334,-0.46886225332028514,3,HOT
24.6,64.0,-0.1935842132919328,-0.21560512521588404,1,COMFORT
23.3,33.2,-0.2367042874081683,0.5215999169411023,1,COMFORT
11.2,72.1,0.021538473821923827,-0.8508909398432536,0,COLD
17.2,58.0,-0.11814429008028361,-0.005179169877298353,0,COLD
26.8,38.9,-0.0991789826081685,0.0703712238521534,2,WARM_HUMID
20.2,35.1,-0.07034355199001813,-0.28895808420167074,0,COLD
25.8,57.7,0.08533167534136839,-0.29960976490238383,1,COMFORT
27.7,40.3,0.017497597502341054,0.03411311713266758,2,WARM_HUMID
27.3,63.0,0.09522536599824181,-0.14607664313073246,2,WARM_HUMID
32.8,69.0,-0.09089850691273678,0.08984730891086806,3,HOT
15.7,72.0,-0.002839729960416018,0.7074924668723725,0,COLD
23.0,23.3,0.22204447556677312,-0.47689219970625407,1,COMFORT
30.0,54.2,-0.1439404882768305,-0.3813005449810178,2,WARM_HUMID
25.0,50.5,-0.2539184613599741,-0.02856926439678993,1,COMFORT
26.0,40.0,-0.19677543485252394,-0.11979019816645398,2,WARM_HUMID
18.0,50.1,-0.2657133827165766,0.29581945104800883,0,COLD
23.3,45.1,-0.07176075529483057,0.05989215867843535,1,COMFORT
29.9,44.7,0.01445666220646283,-0.06767287168293741,2,WARM_HUMID
28.5,51.4,-0.25001853691036646,-0.19985847088726882,2,WARM_HUMID
26.5,57.5,0.05117626684917313,0.16256999530539212,2,WARM_HUMID
27.0,48.3,-0.08307495349477591,-0.17313732843198926,1,COMFORT
19.6,29.3,-0.19482053310777922,-0.09967572476576919,0,COLD
24.5,47.0,0.06682040669094515,0.15416907368243396,1,COMFORT
21.3,60.3,0.007166853919428959,-0.002474254049891118,1,COMFORT
26.7,40.0,0.31290705743056707,0.03496812505033921,2,WARM_HUMID
27.3,33.8,0.2758891560187336,0.269367459158324,2,WARM_HUMID
17.5,42.2,-0.1231258438275437,0.3011217652812259,0,COLD
29.8,71.6,-0.1742020306075871,-0.2537898273862433,2,WARM_HUMID
16.5,66.0,-0.0796254608572024,-0.13179305860290969,0,COLD
24.2,58.0,-0.2500145110183796,-0.7635798476298796,1,COMFORT
37.7,25.9,-0.11945295478367146,0.708192257172714,3,HOT
17.1,31.0,-0.22944385477614088,-0.22565712891729237,0,COLD
28.9,50.6,-0.13150456284289394,0.0583255705341123,2,WARM_HUMID
16.8,67.3,0.003483042356383913,0.3572693703793588,1,COMFORT
23.6,49.8,-0.07999842283140432,0.5751226261560008,1,COMFORT
35.2,51.4,-0.17591921871973135,0.1540394513674545,3,HOT
24.0,22.5,0.023025945758687213,0.07886789936516071,2,WARM_HUMID
25.1,67.5,-0.2683158934098533,-0.3754900334452771,1,COMFORT
27.0,53.8,-0.07402715848643811,0.04603060977065407,1,COMFORT
20.3,75.2,0.030247318689970375,-0.2391701514334491,0,COLD
27.4,41.4,0.03209893396856447,0.4524418427706991,2,WARM_HUMID
24.0,56.7,0.15446562345403678,0.09413679952137777,1,COMFORT
21.4,28.4,-0.008447424741971585,-0.06305372250726622,1,COMFORT
18.8,66.0,-0.044835429465966616,-0.45236297520052643,0,COLD
17.8,49.3,-0.11022169183851084,0.8067945897980611,0,COLD
38.0,35.4,0.0161969719327564,0.2874975551089739,3,HOT
17.2,42.9,0.0845681812510372,-0.6134727768180335,0,COLD
19.5,74.5,-0.2454452677649189,0.46054215377650326,0,COLD
23.9,53.2,-0.10862227166585496,-0.20503915972403736,1,COMFORT
19.1,45.1,0.11757351086199876,-0.16112776662294712,0,COLD
28.9,62.0,0.15458708784360858,0.23447488619100743,2,WARM_HUMID
26.9,49.1,-0.08148022505645056,-0.6558786940157141,1,COMFORT
24.4,32.2,-0.15704063867715054,0.12248871460506104,2,WARM_HUMID
22.2,28.8,0.18372821420437954,0.16523326182623016,1,COMFORT
32.0,62.4,0.024619081917058132,-0.3722790408970981,3,HOT
26.4,35.5,0.00534055930113224,0.9427561180357742,2,WARM_HUMID
34.8,35.7,-0.08790178607238422,-0.2829794633584093,3,HOT
25.1,26.8,-0.0626826189235312,-0.4045312417477,2,WARM_HUMID
29.8,75.2,0.061154476706834084,-0.4807142805050504,2,WARM_HUMID
31.3,60.0,-0.09462825580686292,-0.11087232785404828,2,WARM_HUMID
20.7,32.3,-0.13375872151194554,0.04689110016243168,0,COLD
24.3,65.2,-0.31996788265771664,-0.36490725284445635,1,COMFORT
22.0,23.8,0.09508361681418707,-0.2342164954594282,1,COMFORT
20.4,32.5,-0.1300118090016668,0.3359278378156261,0,COLD
23.9,47.9,0.03675884944483759,-0.306858418249794,1,COMFORT
26.4,36.0,0.03191096637864905,-0.24391068095056043,2,WARM_HUMID
34.8,53.9,0.05907402294442167,0.17389040396323355,3,HOT
18.3,59.1,-0.0047501496630079415,0.2966746907989142,0,COLD
19.6,36.3,0.23314236624165388,-0.07571569698302441,0,COLD
22.6,62.5,0.017478831454797575,0.10918575616769043,1,COMFORT
32.2,65.5,0.07999875459215212,0.38399424659012843,3,HOT
19.2,57.4,0.039511080618568444,-0.12549436247191967,0,COLD
27.7,54.5,0.24882778079379114,0.22249052849486883,2,WARM_HUMID
26.8,48.1,0.1009912082618627,0.06965610005010085,1,COMFORT
14.6,74.9,0.021396020783449505,-0.16335268415478887,0,COLD
31.1,54.2,0.0507152590274772,1.2609669811995436,2,WARM_HUMID
22.2,57.3,0.007835508747281915,-0.2886701806000735,1,COMFORT
26.9,28.2,-0.003131592138285113,0.03369739157751155,2,WARM_HUMID
32.0,38.2,0.02610510204309076,-0.352703647872154,3,HOT
27.5,49.6,0.12278230746599975,0.03026229784495993,2,WARM_HUMID
35.9,37.0,0.2527310491111134,0.7965649035811463,2,WARM_HUMID
26.2,42.0,0.17801019302659965,-0.07323974194717235,1,COMFORT
20.2,35.6,-0.09039660834724635,0.02189227979998755,0,COLD
35.4,49.6,-0.018891788183866307,0.9746839547008579,3,HOT
19.8,37.4,0.01589584173893526,0.3729956936032821,0,COLD
22.7,51.6,-0.07686222624346324,-0.8256028029259458,1,COMFORT
19.0,40.9,-0.1510546297278789,-0.2008543675428244,0,COLD
24.3,57.0,-0.19813175330659763,0.13032464836432753,1,COMFORT
27.8,38.8,0.08202355691160697,0.31198968918391945,2,WARM_HUMID
27.6,51.0,0.043465071653480326,0.552812034247068,2,WARM_HUMID
24.0,58.4,0.14198227915751735,0.00262513498693243,1,COMFORT
22.9,68.0,-0.11595764259629375,0.731700554704942,1,COMFORT
23.0,28.1,0.2110335263382759,-0.46919074991997944,1,COMFORT
16.3,52.1,0.16681509288320076,0.11062025639815268,0,COLD
11.0,53.7,0.22132723661136358,-0.3812035994503431,0,COLD
21.0,32.3,0.16715336672856917,0.06217252619892201,1,COMFORT
38.1,44.0,-0.22704812616934766,-0.5531821859801059,3,HOT
35.0,33.0,-0.2635634369596785,0.41100205138048607,3,HOT
28.8,25.6,-0.03478169625918489,-0.08789319737848969,1,COMFORT
23.0,23.4,0.15144564472817687,0.2724680311283804,1,COMFORT
31.2,69.9,-0.08105175049577569,-0.6050776647644571,2,WARM_HUMID
30.8,74.5,0.050721048803689744,-0.6866625714661199,2,WARM_HUMID
25.4,33.3,-0.003203293215580004,0.029418300052609005,2,WARM_HUMID
23.6,60.7,-0.01588306225617811,0.006508438164728517,1,COMFORT
27.4,55.0,-0.15221350960393001,0.08466377495304762,1,COMFORT
30.0,85.0,0.09863943701639052,-0.39731607571041855,3,HOT
29.6,76.9,0.17425403980955775,-0.3479371047272459,2,WARM_HUMID
25.8,39.5,-0.1661191992174702,-0.4275254573910016,2,WARM_HUMID
17.2,52.8,0.26703412427100576,0.13110340574656087,0,COLD
26.0,26.1,-0.14530883324795546,-0.25977807611844944,2,WARM_HUMID
20.2,52.4,-0.19156198828213303,0.28667105317491093,0,COLD
13.4,62.3,0.07364205518492452,-0.3669890978500321,0,COLD
19.7,35.4,-0.23403629663305758,-0.43251318811159645,0,COLD
18.6,45.3,0.17362794087149366,0.5886669364663629,0,COLD
28.0,61.0,0.0436421046509228,-0.007295003262174235,2,WARM_HUMID
25.5,57.4,0.010118605602752923,-0.17982766112349277,1,COMFORT
20.4,32.5,0.11936648610383814,0.24123178815835977,0,COLD
16.8,34.4,-0.1696634617753263,0.7297820339156559,0,COLD
23.6,19.0,0.01171725021142087,-0.026694533860863585,1,COMFORT
27.1,61.0,-0.038243369033054676,0.3650148877720357,2,WARM_HUMID
27.9,53.6,0.09246522418053921,-0.10628076783534497,2,WARM_HUMID
36.4,40.4,0.06861011141876164,0.3225833088972471,3,HOT
22.5,30.5,0.22869578947241342,-0.294565941573956,1,COMFORT
23.4,22.7,-0.1673902752584549,-0.13841761226029167,1,COMFORT
29.9,58.8,0.05944795230117944,0.6630024360215372,2,WARM_HUMID
22.2,40.3,-0.05277037133020261,0.9964027230273587,1,COMFORT
26.1,31.0,0.026674469955815138,0.23239349115353547,2,WARM_HUMID
35.5,45.3,-0.09681359691940272,0.1783474488844362,3,HOT
30.8,22.8,0.02371423138002149,-0.3066215290685383,2,WARM_HUMID
23.8,22.4,-0.08318898606488276,0.0816957430869464,2,WARM_HUMID
25.8,45.6,0.11766081461777991,0.4743449960989617,1,COMFORT
20.8,22.4,-0.3596377060521459,-0.1850212843642639,1,COMFORT
11.0,82.0,-0.3723815978866258,0.41260631343130555,0,COLD
16.2,60.1,0.03454411824447028,-0.0739931407600964,0,COLD
24.5,55.2,-0.09396845823183547,-0.1258889508960231,1,COMFORT
31.1,65.9,-0.021784296875837945,0.6661452175420172,2,WARM_HUMID
24.4,23.0,-0.0297280270953477,0.1673432965151502,2,WARM_HUMID
21.9,45.0,0.1296256130324443,0.23798184191731028,1,COMFORT
33.0,55.7,0.17947342362406482,0.39330896836641355,3,HOT
25.3,50.3,-0.10962196884131296,-0.21935905075668313,1,COMFORT
22.4,26.8,0.20533860207087906,-0.08005191242136941,1,COMFORT
17.2,52.8,0.048201578059663436,-0.4469356834939445,0,COLD
20.4,36.8,0.07589670225605613,0.16336009472930682,0,COLD
33.0,45.0,-0.12880113614858116,0.13737706639793726,3,HOT
19.0,33.7,-0.05606419369936945,0.0009394151806662642,0,COLD
28.6,63.8,-0.18795746901873453,0.6764840344181473,2,WARM_HUMID
25.8,41.0,-0.015339952532638878,-0.6931401931249639,2,WARM_HUMID
34.3,19.0,0.21765021571970042,-0.04445465780271031,3,HOT
30.9,25.0,0.0800038867058174,0.07111376226905569,2,WARM_HUMID
19.7,57.2,0.11910411618098887,-0.16947143168054954,0,COLD
30.6,36.0,0.09724206507657886,-1.037217761893503,1,COMFORT
30.2,28.0,-0.04192128619053835,0.3785415403449475,2,WARM_HUMID
23.5,23.7,-0.1848237037122065,-0.7623862863531552,1,COMFORT
36.0,75.0,0.0742356723705057,0.5175105340557381,3,HOT
19.9,37.2,-0.02587243041728521,-0.46253260735142665,0,COLD
19.5,31.9,-0.15607276473687487,0.13541367478519492,0,COLD
28.4,35.7,0.2381873148808637,-0.3156249765673194,2,WARM_HUMID
30.4,55.0,0.055674592033275884,-0.12629578203123315,2,WARM_HUMID
16.5,23.1,-0.2561312342011451,-0.0020942778775622953,0,COLD
33.7,62.0,0.02801501467156175,0.15902366607601998,3,HOT
23.8,41.5,0.09326406631846636,-0.023830852092396368,1,COMFORT
23.6,20.6,0.06097415818783172,-0.34621983297863473,1,COMFORT
16.8,58.0,-0.04439513595723902,0.09648355558270477,0,COLD
21.6,40.3,0.16445582399344436,-0.17722243531920723,1,COMFORT
25.8,66.2,0.3997343229260653,0.15915892789225844,1,COMFORT
20.6,80.8,-0.06793709522933436,-0.29402136871607315,1,COMFORT
30.5,30.5,0.07513342876179226,-0.032104087120078055,2,WARM_HUMID
26.4,39.7,0.0373695077223352,0.2927769678141979,2,WARM_HUMID
37.0,40.1,0.028288164533990107,-0.10838404482804831,3,HOT
22.7,73.8,0.4354550614773623,-0.38126630750862817,1,COMFORT
20.0,71.6,-0.15282637040619776,-0.6004051743347382,1,COMFORT
25.4,50.1,-0.2464832874806496,0.05345674358527367,1,COMFORT
14.1,52.7,-0.017272519945461424,-0.3577587485444285,0,COLD
35.8,56.0,0.10483556872526481,0.05424868914262026,2,WARM_HUMID
19.1,33.3,-0.0031221133991912063,0.16404526882483872,0,COLD
14.4,40.1,0.05762402669512163,-0.4255994747953562,0,COLD
27.4,30.1,-0.06773531071378056,-0.14030607663059513,2,WARM_HUMID
23.5,37.4,-0.10899849483903735,-0.16593052309878295,1,COMFORT
28.7,59.0,0.02335759792956613,-0.629476050003495,2,WARM_HUMID
20.1,52.1,0.1257582474765505,-0.1362101087038671,0,COLD
34.3,48.2,-0.11780327278256851,-0.6438390845637263,3,HOT
26.7,33.1,-0.30014157523914003,-0.08050414809110704,2,WARM_HUMID
36.0,63.0,0.1279297723004911,0.6411401417500666,3,HOT
19.7,56.2,-0.09324836645065213,0.20758450839757453,1,COMFORT
34.0,74.0,-0.05714144249642249,-0.25443421030070534,3,HOT
31.0,84.3,-0.14209957079058697,-0.8654981245899571,3,HOT
28.9,63.0,-0.09376663452262426,0.16718499065251352,2,WARM_HUMID
26.0,33.9,0.18503275697530366,-0.4841924143653442,2,WARM_HUMID
39.0,81.0,0.2505187512978113,-0.29496332528258085,3,HOT
23.0,50.3,0.34846039908313753,0.20076805590881378,1,COMFORT
31.0,38.0,0.10473571636053546,0.38163465101885374,2,WARM_HUMID
31.2,66.0,0.26327613445123604,0.15937860615416763,2,WARM_HUMID
12.8,48.8,0.08038008237092713,-0.5797051684519752,0,COLD
25.8,52.8,0.22371029682274696,-0.36867925965040105,1,COMFORT
22.3,47.5,0.08519918092863628,0.4011961902823739,1,COMFORT
27.7,41.3,0.08944496781918186,0.6380943732728928,2,WARM_HUMID
34.8,50.8,-0.16429203531647618,-0.2076526683470526,3,HOT
23.4,55.1,-0.22517029881410422,-0.6815972327475697,1,COMFORT
18.6,49.8,-0.020072403862116804,0.67878668644429,0,COLD
21.4,36.8,0.3308674042122242,1.0331486420105513,1,COMFORT
25.0,40.9,0.02769507877984563,-0.3343910629606764,1,COMFORT
18.0,40.9,-0.06223744171804909,0.46544651391873804,0,COLD
30.9,40.2,0.05921093909039563,0.3985789410463203,2,WARM_HUMID
25.3,33.1,-0.07292047002732485,-0.7730149495625019,2,WARM_HUMID
34.5,47.6,0.18283407656890707,-0.3635829865995122,3,HOT
19.0,33.7,0.11120608387159996,-0.08388159520641866,0,COLD
21.9,36.7,-0.09108724647269256,-0.036546193830348794,1,COMFORT
23.3,25.7,0.07304822082555966,-0.008043048795532616,1,COMFORT
27.1,29.1,-0.14853059605555563,0.22607860557873294,2,WARM_HUMID
31.5,69.0,0.15533476016661146,0.14522337429168403,2,WARM_HUMID
33.0,73.0,0.005115286699055383,0.5496446337144366,3,HOT
11.0,49.3,-0.05214201988305585,0.1460303020620162,0,COLD
20.5,31.5,-0.023635890183455962,-0.47040170420659405,0,COLD
23.6,45.3,0.14300675082025155,0.17792796572837302,1,COMFORT
14.1,36.5,0.042676797378246735,-0.630871209491783,0,COLD
29.4,77.0,0.04878256560609421,0.4537269939132431,2,WARM_HUMID
35.0,31.0,0.11484532809115973,-0.43207305553960645,3,HOT
19.5,45.3,0.17686026383216688,-0.03878495624578052,0,COLD
37.0,63.0,-0.2179482777242757,-0.01980794083132477,3,HOT
21.4,53.2,0.2409065345745626,0.31680223401729224,1,COMFORT
25.2,61.5,-0.09594027766261153,0.5242784895738272,1,COMFORT
21.7,29.3,-0.05695886839881817,0.10156998315505257,1,COMFORT
29.9,75.5,-0.26408506488592703,-0.5120355581888711,2,WARM_HUMID
35.0,54.0,0.054224804984391875,-0.7230182402927636,3,HOT
18.7,65.6,-0.2070584770086101,0.3001221933894509,0,COLD
34.5,45.1,-0.15322496557241605,0.3676418259034835,3,HOT
21.9,30.5,-0.16154318113169194,1.0167470078401306,1,COMFORT
33.3,59.7,-0.07294843144637034,-0.33314279836517513,3,HOT
13.8,54.7,0.06793114901923368,0.37094468176671525,0,COLD
33.1,54.3,-0.008894354370557295,0.06535397320238548,3,HOT
26.6,40.1,-0.39256696761468163,-0.9171656648228792,2,WARM_HUMID
34.9,25.0,0.10970703788624886,-0.2166596120055945,3,HOT
19.9,88.3,-0.056933766437564245,-0.2139228991235883,0,COLD
23.1,21.2,-0.04427309626797588,-0.3371197538451408,1,COMFORT
25.7,23.0,-0.10058407654335437,0.4522328211305029,2,WARM_HUMID
21.3,60.8,0.24005089327517742,0.3722740260169198,1,COMFORT
27.2,43.0,0.09048712508570907,0.657347595461386,1,COMFORT
18.0,56.9,-0.022743370596840506,1.089383242686235,0,COLD
26.0,49.3,0.01952307822550357,0.2957979462637872,2,WARM_HUMID
19.9,37.2,0.10841662542811409,0.3741411007082034,0,COLD
19.1,69.3,0.09341536878413252,-0.3383758758552782,1,COMFORT
11.1,50.0,0.10649623035825487,0.011436865697037857,0,COLD
24.9,29.5,-0.039874254847048846,0.23424426539131932,1,COMFORT
12.2,70.1,0.156852314700995,-0.49399306363807666,0,COLD
23.5,42.0,-0.18145421142616613,0.31984051230255844,1,COMFORT
23.0,81.7,-0.16109967678692957,-0.2244640550534187,3,HOT
20.8,30.5,-0.05506119690272745,-0.46679592383931245,0,COLD
29.9,51.0,0.10640287716829758,0.3343619408453214,2,WARM_HUMID
26.8,33.5,0.009537900157467737,0.22459278852793918,2,WARM_HUMID
23.4,49.8,0.22712281860785577,-0.17630974224458407,1,COMFORT
20.6,32.8,0.06413587829461792,-0.0634563589847016,0,COLD
26.1,23.8,-0.04379678393782504,-0.17402824724500343,2,WARM_HUMID
30.1,18.7,0.11373671642321964,-0.9025172177591148,2,WARM_HUMID
27.5,59.6,-0.15969071174334865,0.0057674487951322176,2,WARM_HUMID
34.6,50.7,0.18891027044881856,-0.06734265479852684,3,HOT
22.2,22.3,0.10861843640577382,0.19307207432959228,1,COMFORT
32.7,32.5,0.06907845917408902,-0.15148850978961692,2,WARM_HUMID
24.9,66.0,-0.21397482264148124,-0.3412132221652032,1,COMFORT
29.2,37.9,-0.17536008068141812,-0.06818468237655897,2,WARM_HUMID
34.3,43.7,-0.14451007151588743,0.47153084809696005,3,HOT
21.3,37.8,-0.1994051876446103,-0.7358333677761686,1,COMFORT
24.7,24.1,-0.2262637054837752,-0.2904658809692928,2,WARM_HUMID
18.1,33.5,0.11031649293062382,0.45976136327706574,0,COLD
29.4,54.0,0.32370285162857937,0.18702818868359963,2,WARM_HUMID
23.2,27.4,0.186551888673183,0.6477520394870373,1,COMFORT
21.2,33.8,-0.0035191313797137153,0.11018706566495813,1,COMFORT
27.8,52.8,0.02985316691440981,0.1729709467798988,2,WARM_HUMID
14.0,60.5,-0.07233168345878575,-0.8162958261360382,0,COLD
33.3,50.3,-0.3357466573192039,-0.06702993568999893,3,HOT
23.0,60.2,0.08565168935858504,0.4773122232113733,1,COMFORT
25.4,74.8,-0.04242551667111542,-0.35426014050716126,1,COMFORT
19.3,51.0,-0.031806646855048644,0.05705193007797199,1,COMFORT
23.0,81.7,-0.020854938070208533,-0.577683574694513,3,HOT
21.7,68.0,0.17589059381145097,-0.43172110426823007,0,COLD
23.2,27.0,-0.06404043026757082,-0.8596345656183442,1,COMFORT
32.5,44.2,0.24600684427457706,0.24725097514348893,3,HOT
17.3,55.4,-0.19590188390251162,0.34660786646745356,0,COLD
17.2,52.8,-0.13297669447944516,0.39788047475717947,0,COLD
19.4,39.6,-0.15259418965362037,0.16324762206350443,0,COLD
22.4,33.4,-0.01943384725750814,0.14337643144655474,1,COMFORT
34.3,48.2,-0.11780327278256851,-0.6438390845637263,3,HOT
21.7,53.9,0.020014596787834644,-0.07586215263650907,1,COMFORT
29.2,60.0,0.14489381632326778,0.0998559549920479,2,WARM_HUMID
37.0,39.4,0.07176958504867229,0.07534366605176601,3,HOT
20.7,55.5,-0.04984090518751323,0.36288491026204217,1,COMFORT
25.9,21.0,0.08276667749975225,-0.33758177515647964,2,WARM_HUMID
30.9,69.7,0.04117025034548474,-0.5273923553596671,2,WARM_HUMID
16.8,58.3,-0.07339384697644993,-0.5736650131957944,0,COLD
32.5,17.9,0.0959044265229945,0.06106752025770558,2,WARM_HUMID
28.1,28.6,-0.24799762171222428,-0.06911986546218564,2,WARM_HUMID
22.0,28.7,-0.02514643737188217,0.01183336720121113,1,COMFORT
26.4,32.7,-0.06267352782140717,0.6625215652134024,2,WARM_HUMID
19.4,40.4,-0.19283986710791584,0.07682200896931245,0,COLD
23.6,36.5,-0.06525360055494012,0.2768954296864535,1,COMFORT
39.0,33.0,-0.04864370183371472,0.1856434809966447,3,HOT
27.4,49.4,-0.031026420640667834,-0.5722828317578549,2,WARM_HUMID
25.7,33.4,-0.18042185378203776,-0.19483642605077206,2,WARM_HUMID
30.8,65.7,-0.13000597292229465,-0.09340365809311553,2,WARM_HUMID
23.9,25.1,0.1510073784033284,0.5740753564292468,1,COMFORT
22.6,58.7,0.10752202384756115,0.02375314319478379,1,COMFORT
26.4,32.0,-0.040146163634819036,-0.5698974252753455,2,WARM_HUMID
20.7,48.7,-0.13439549508550563,-0.08078880263994981,1,COMFORT
27.4,59.2,-0.2662969664462704,-0.07560481304817333,2,WARM_HUMID
19.8,43.6,0.03350304181215169,-0.34599659888655476,1,COMFORT
26.2,59.8,-0.12416698718995384,0.1897965617197802,1,COMFORT
19.7,40.2,-0.30302271737666453,0.37005897881114,0,COLD
34.6,55.3,-0.4230253233361036,0.3990174570849723,2,WARM_HUMID
22.2,53.2,-0.0683830790485331,-0.46562660611040707,1,COMFORT
13.4,38.4,0.1607647580616074,-0.15855758834982395,0,COLD
35.3,39.0,-0.08846827970768746,0.2651138716289369,3,HOT
11.0,51.3,0.09455717376761288,0.5364430935848878,0,COLD
32.9,63.7,0.09555910114655418,-0.4127168545911339,2,WARM_HUMID
26.7,44.2,-0.10778140601685604,-0.31631682964212815,1,COMFORT
31.6,17.0,-0.08815454605012973,-0.03439810703763854,2,WARM_HUMID
28.2,25.8,-0.040341478261074454,-0.6065606173760869,2,WARM_HUMID
26.5,32.5,0.18735654784273337,-0.459030970077977,2,WARM_HUMID
36.1,51.4,0.039975476273604774,-0.4953733639087964,3,HOT
13.4,56.0,0.10609866400313925,0.6532424677264612,0,COLD
24.3,56.0,0.52375004783386,0.35180566549327413,1,COMFORT
29.7,66.0,0.028993791380001573,-0.28207866532231746,2,WARM_HUMID
23.8,30.4,0.12081091699747282,0.5509120560849595,1,COMFORT
30.7,54.6,-0.1287657339885892,-0.37190370859714805,2,WARM_HUMID
20.4,51.1,-0.01895212050796815,0.6555250789827065,1,COMFORT
23.1,50.1,0.05151886102569348,-0.18878513773031122,1,COMFORT
17.6,51.1,0.18950461274263786,-0.10013993888876385,0,COLD
18.6,46.3,-0.026303726159226153,-0.5170272490271786,0,COLD
29.1,30.0,0.34310298752480967,0.3430383757796378,2,WARM_HUMID
18.8,34.0,0.031012538347975904,-0.014596787707835438,0,COLD
33.5,89.0,0.16933299512885217,0.16517424603961303,3,HOT
23.6,39.9,0.11261126889957633,0.5901317837996126,1,COMFORT
31.7,19.0,0.07376698344010363,0.30797322013850315,2,WARM_HUMID
22.6,25.5,0.010132988852844483,-0.1541036636265798,1,COMFORT
28.5,51.4,-0.0974889622960183,-0.1289928556705452,2,WARM_HUMID
23.2,51.0,-0.3422012390058362,-0.4512895794004299,1,COMFORT
28.7,54.1,0.20495841177816576,0.3909275831281477,2,WARM_HUMID
34.1,46.0,-0.046812193446526276,-1.2004652242215028,3,HOT
22.9,25.1,-0.013372198173051141,0.041732115413091145,1,COMFORT
15.7,71.6,-0.071704684374616,-0.8430674543319852,0,COLD
33.0,18.5,-0.2874628545550658,0.5445260217220566,2,WARM_HUMID
22.6,30.2,0.30308552352329815,0.46334967570046887,1,COMFORT
27.7,86.0,0.25927107403641686,-0.3618361811617591,2,WARM_HUMID
32.8,53.0,-0.1690377546206501,-0.14310799130127946,3,HOT
23.0,81.7,-0.013583466175369095,-0.0014685679729874483,3,HOT
19.1,37.2,-0.0033896888195417544,-0.04260536804678715,0,COLD
30.5,71.5,0.15131437606997028,-0.13580555446960121,2,WARM_HUMID
32.5,39.6,-0.03513658464393104,-0.45385192443253825,3,HOT
22.9,28.7,-0.06469752758722377,0.08023851453051932,1,COMFORT
24.5,68.9,-0.31599351088694566,0.2772912758079788,2,WARM_HUMID
25.0,27.4,0.006656182031419404,0.1649711676063687,2,WARM_HUMID
18.3,34.5,-0.1934794488017552,0.13874284741777326,0,COLD
33.2,54.8,0.07048556317381004,-0.8255455490642281,3,HOT
28.4,72.1,0.20485814250089487,0.6154259457059972,2,WARM_HUMID
26.0,51.0,-0.10944696030923699,0.19370356163782823,1,COMFORT
19.8,48.8,-0.01232337892355329,-0.9523576536325875,1,COMFORT
24.3,33.8,0.0811996115364085,0.26999332225232536,2,WARM_HUMID
18.7,32.2,-0.14787184534880646,-0.12253742145864453,0,COLD
32.3,45.0,-0.04994469475010398,-0.25526813045789487,3,HOT
30.5,19.0,0.201802084607729,0.5536930168725348,2,WARM_HUMID
22.1,52.0,-0.06499219358449557,-0.2615003892500761,1,COMFORT
16.8,70.0,-0.032108665594802605,-0.40848545917074075,0,COLD
23.5,50.7,0.2998783321976472,0.3300329863670418,1,COMFORT
27.7,81.3,0.12675275143423265,-0.1271129637391128,2,WARM_HUMID
19.8,33.5,-0.18155229764956607,-0.48639588103869413,1,COMFORT
26.0,35.0,-0.05920553651743301,-0.502928969720638,1,COMFORT
25.3,43.0,0.11095132021767505,0.37760608519679084,1,COMFORT
32.2,56.9,-0.0031558926372972783,0.0057681107497397945,2,WARM_HUMID
23.7,53.5,0.10324276627323485,-0.3433950927258654,1,COMFORT
21.3,34.2,0.02702585332454232,0.32520615485126303,1,COMFORT
23.1,49.6,0.011628641715896384,-0.5991784372002323,1,COMFORT
30.9,29.0,-0.13215672844424345,-0.07578035978008386,2,WARM_HUMID
23.4,27.7,-0.10364358261517863,-0.38080286963464793,1,COMFORT
18.8,59.0,0.06399476789651953,0.20374539228490327,0,COLD
30.1,60.7,-0.048175409856552304,0.6471440920477177,2,WARM_HUMID
28.1,83.3,0.013224183472436259,-0.05703887793797381,1,COMFORT
29.6,42.2,-0.10483543230364571,-0.2307793489802868,2,WARM_HUMID
21.2,70.8,-0.04684724791991478,-0.1150034936113962,1,COMFORT
26.8,41.0,0.09580157098204514,-0.008692287269297745,2,WARM_HUMID
17.9,36.3,0.01904557093968805,-0.07279174306927985,0,COLD
22.2,36.9,0.09889665714582681,0.48767786386656553,1,COMFORT
32.1,56.0,0.2360157873048618,-0.8339605076034072,2,WARM_HUMID
16.9,56.0,0.07954592733744036,-0.3849726227206509,0,COLD
18.1,39.7,0.2781993200789377,-0.30918852808414643,0,COLD
32.4,40.6,-0.04320461091588315,-0.30159797645142017,3,HOT
16.8,48.3,0.04061448493177878,0.02150213724999315,0,COLD
33.2,54.0,-0.018350504333743876,0.34475990244579713,3,HOT
21.1,29.7,-0.12888817559671184,0.25099195336477503,0,COLD
24.6,25.2,-0.04353050656207768,0.7657805794030107,2,WARM_HUMID
23.3,22.4,-0.040097553475171334,0.030788071004447554,1,COMFORT
33.8,68.9,-0.022433366280842408,0.1472089696808164,3,HOT
25.0,39.0,-0.328488255746783,-0.07601593211321613,1,COMFORT
26.3,84.2,0.16479411935379523,-0.21838858430927402,0,COLD
25.1,44.0,0.09138050040555849,0.5216180742459281,1,COMFORT
18.9,53.0,0.3587178994278139,-0.13085480802976193,1,COMFORT
24.1,48.3,0.1471795107448953,-0.33180738660354653,1,COMFORT
34.5,40.0,0.05781790487359286,-0.3789261368240878,3,HOT
21.8,32.0,-0.19525360914502832,-0.5061549716759982,1,COMFORT
25.8,58.0,0.24943066478460862,0.9087446759144303,1,COMFORT
15.1,31.1,-0.030407446803206614,-0.5260785593657208,0,COLD
23.5,22.4,-0.08747485758839345,-0.04461024669110624,1,COMFORT
29.8,69.0,-0.260406308932709,0.21920983511245495,2,WARM_HUMID
20.6,20.7,0.07305388447020407,0.44128271901205524,0,COLD
28.1,59.0,0.2389004997424326,-1.002681690182964,2,WARM_HUMID
29.7,85.9,-0.05485821083074376,0.5733208422077218,2,WARM_HUMID
30.1,30.5,0.023534613131223063,-0.2061715634759013,2,WARM_HUMID
19.6,73.0,0.2621361617004358,0.1130141989684676,0,COLD
22.4,41.2,-0.2327000716691399,-0.005271997858830858,1,COMFORT
30.7,40.1,0.12497366499441519,0.3201740873029007,2,WARM_HUMID
29.6,67.8,-0.08693713371795854,0.1829500463123455,2,WARM_HUMID
37.1,45.0,-0.20208832976494737,-0.3005831771874393,3,HOT
14.7,28.1,0.24173317954659196,-0.2818001203919038,0,COLD
20.8,47.3,-0.3942276087940979,0.09157624683459492,1,COMFORT
22.3,34.5,-0.13750417415747718,-0.07226814291280205,1,COMFORT
19.9,30.3,-0.000335717471127164,0.6156207751107088,0,COLD
23.5,55.6,-0.24282338579796606,-0.6199585369651345,1,COMFORT
23.4,27.3,-0.01178825893715352,0.18405734850107078,1,COMFORT
18.7,49.6,0.2995448805640559,0.5457945788744251,0,COLD
17.8,37.6,0.041730689403146976,0.8135499861564638,0,COLD
17.9,42.4,-0.19396833756074555,-0.3448390011496031,0,COLD
24.1,31.9,0.24604556082484208,0.21723531010330066,1,COMFORT
21.5,20.2,0.039031689119972256,0.03908563457263241,0,COLD
22.5,59.1,0.1464742464774053,0.26584744889436623,1,COMFORT
18.2,45.1,0.2948789839168108,0.11275331724114375,0,COLD
14.0,31.7,0.05961964381072046,0.1577969997717959,0,COLD
31.7,57.0,-0.04273525826593919,0.19100207903931696,2,WARM_HUMID
26.7,84.0,0.07747250064124878,-0.18198194621443653,0,COLD
29.9,66.1,-0.03500288790417529,0.16951990473083547,2,WARM_HUMID
20.9,44.3,-0.3171370874599208,-0.27504874034835197,1,COMFORT
21.9,48.3,-0.1281699759400548,-0.027251627793547745,1,COMFORT
32.2,70.4,0.20424351874632263,0.09438431748789029,2,WARM_HUMID
34.3,50.3,0.23314154242700547,-0.5588945434705355,3,HOT
27.9,62.1,-0.14524096944023587,0.2712604616843309,2,WARM_HUMID
27.9,45.0,-0.24271677267157482,-0.21156860600417637,2,WARM_HUMID
21.4,53.8,0.22879549381118872,-0.2830545263967403,1,COMFORT
20.5,20.3,-0.022625069439012678,0.2920454506257321,0,COLD
14.6,55.6,-0.14218543451372664,0.15637483049514767,0,COLD
26.4,31.3,0.07923816699849877,-0.01782390790017201,2,WARM_HUMID
25.5,56.9,0.14419570110379348,0.4132426971754821,1,COMFORT
19.4,40.4,-0.19283986710791584,0.07682200896931245,0,COLD
19.2,34.0,0.11134128498105222,0.15381186171353986,0,COLD
32.2,65.2,0.08509957154799443,-0.2096282864127113,3,HOT
35.7,47.3,-0.01136054487750769,-0.2022861425102078,3,HOT
18.9,36.2,0.22952161497658938,-0.6481675871328367,0,COLD
30.3,68.7,0.015910886458025734,-0.9899826978256971,2,WARM_HUMID
19.1,39.9,-0.14177259787178803,-0.3161302066304776,0,COLD
13.8,36.7,-0.30273511671467945,-0.18471668632493096,0,COLD
25.9,50.1,-0.039815314654495136,-0.08067574418136286,2,WARM_HUMID
27.8,75.9,-0.003121718755884467,-1.0294210040083127,2,WARM_HUMID
24.8,23.4,-0.2649317670993242,0.09025083837668052,2,WARM_HUMID
27.6,89.6,-0.22798020560632637,-0.47037851539993947,0,COLD
23.5,44.4,-0.1326294409290595,0.27996185381279937,1,COMFORT
22.6,54.3,-0.027152170617689833,-0.5961612718925985,1,COMFORT
24.4,34.3,0.0002713565267980605,-0.005890776394329876,2,WARM_HUMID
37.0,63.0,0.0588726069557202,-0.06555290700926215,3,HOT
30.4,63.5,0.004359325563353089,-0.06510033235407316,2,WARM_HUMID
29.6,75.9,0.058309112883205366,0.5542408242579119,2,WARM_HUMID
25.0,18.6,0.04107971428235027,0.13606644119033115,2,WARM_HUMID
32.3,58.4,0.012285811890610988,0.5182426544441459,2,WARM_HUMID
30.4,37.9,-0.018668494457163315,-0.7299769822820754,2,WARM_HUMID
29.0,30.7,-0.007631716512018371,-0.21997279080854973,2,WARM_HUMID
23.5,45.3,0.014731560814929344,-0.05222141885291529,1,COMFORT
27.9,29.5,0.04056952630958351,-0.31320261985504994,2,WARM_HUMID
30.9,26.0,-0.04901168849116378,0.3972521392523398,2,WARM_HUMID
23.1,50.0,-0.023665218339340224,0.4621272426204621,1,COMFORT
23.1,53.7,-0.11315038654860961,-0.355535983718111,1,COMFORT
34.2,53.1,0.17952489215775344,0.3410620850760223,3,HOT
24.6,42.7,0.05134363094777089,0.08961586124663407,1,COMFORT
25.4,60.3,0.01638498521540862,-0.28728760569351947,1,COMFORT
21.9,49.5,-0.06466499842885391,0.48126393329875805,1,COMFORT
18.8,53.2,-0.06710444237418235,-0.41312136995059934,1,COMFORT
27.4,31.0,0.009867703421212416,0.34743545079314836,2,WARM_HUMID
19.6,72.5,-0.003278512116318552,0.27573006343234513,0,COLD
23.1,68.8,-0.05261927370265013,0.3440721646549625,1,COMFORT
33.4,49.8,0.3432621930877324,-0.050384489013304584,3,HOT
18.6,33.5,-0.061168856551589,0.08136223785746598,0,COLD
30.3,71.7,-0.10497224154869612,0.20373522062880114,2,WARM_HUMID
24.5,48.3,0.12229447992946248,0.5344366414397795,1,COMFORT
20.7,42.2,-0.006759477916428412,0.0337408685074179,1,COMFORT
33.0,68.7,0.08467473060712456,0.8553898366433569,3,HOT
24.0,72.6,0.12176741060417984,-0.14317553699677762,1,COMFORT
24.5,34.0,0.09734062703203138,-0.3844745714711189,2,WARM_HUMID
36.0,81.0,-0.10032296804757745,-0.8361741885490231,3,HOT
18.8,42.0,0.003121200176509749,-0.40616582811788,1,COMFORT
35.3,23.1,0.14354343773498981,-0.055077221168818795,3,HOT
29.7,50.9,-0.025893952951271716,-0.2663394057787213,2,WARM_HUMID
28.3,54.0,-0.179045524763472,0.03319477884615411,2,WARM_HUMID
19.5,36.3,-0.046247155381477084,0.467854583453577,0,COLD
26.4,66.4,-0.02172270129320699,0.27049557879159764,1,COMFORT
22.9,20.8,-0.44355476264683213,-0.44733702191675767,1,COMFORT
18.9,46.7,0.06231403328242535,-0.6349966209413378,0,COLD
31.8,65.5,0.1389101389849268,-0.2047630889174326,3,HOT
19.5,32.7,0.03297192795942939,-0.1852410509854261,0,COLD
15.1,38.9,-0.0029527162367487653,-0.28482406376677144,0,COLD
21.5,20.2,0.15266136663319016,-0.35864027984091196,0,COLD
24.3,45.7,0.11052556861577688,0.33033543878431665,1,COMFORT
19.7,35.6,0.09804813982002958,-0.6325026491685214,0,COLD
37.2,42.0,0.2329870780033131,0.47102485146379935,3,HOT
25.6,36.4,0.04483414752931129,0.004925959174212957,1,COMFORT
23.7,56.8,0.2078716857480164,-0.000990746224147723,1,COMFORT
20.0,38.1,0.192825074472662,-0.3757488259613242,0,COLD
27.9,44.0,-0.13520635198457617,0.23079069045017486,2,WARM_HUMID
19.6,22.8,0.025397058578078596,-0.16830150572257593,0,COLD
18.7,32.7,0.12016928758679302,-0.731725919536767,0,COLD
20.9,56.8,0.13703767641323505,-0.04231825088621315,1,COMFORT
25.8,58.6,0.03272477439052673,-1.064340450340067,1,COMFORT
25.9,30.8,0.18548035301651875,0.31306085212560536,2,WARM_HUMID
31.5,33.3,0.0002114784093946943,-0.6875149427806071,2,WARM_HUMID
37.0,81.0,0.16429014412109574,-0.0030847642068142197,3,HOT
21.1,56.5,0.2616535853572151,0.012271673690730442,1,COMFORT
29.7,75.7,0.11859265782599658,-0.3670759443455207,2,WARM_HUMID
24.1,71.0,0.23118473748135202,-0.3399007824722719,1,COMFORT
17.9,40.9,-0.13565926844319307,-0.15176825573392758,0,COLD
18.7,60.4,0.02123461987524775,0.07312443454695829,0,COLD
22.2,35.1,-0.06911032753928156,-0.2013770510376269,1,COMFORT
29.0,40.1,-0.1948079452484062,-0.5746326025760813,2,WARM_HUMID
27.8,46.3,-0.19367631171410574,0.05985257880110759,1,COMFORT
30.1,65.6,0.4026951104108175,0.5259868419026863,2,WARM_HUMID
32.1,27.0,0.2009977238160131,-0.22783307859323312,2,WARM_HUMID
27.1,21.2,0.2299175827152158,-0.35897305886539965,2,WARM_HUMID
22.0,35.3,-0.2943546723080156,0.5035850036568466,1,COMFORT
26.8,40.5,-0.0304452514721828,-0.3466575762429193,2,WARM_HUMID
29.4,52.2,-0.09529580544324968,-0.5611062874564332,2,WARM_HUMID
29.8,74.8,-0.017003219116094953,-0.22632809536428067,2,WARM_HUMID
21.1,30.4,0.09223629710123087,0.1658493585836838,0,COLD
22.4,23.8,0.062051110550970984,0.12420892909900792,1,COMFORT
30.0,30.4,-0.00023165015327862798,-0.3724755075698418,2,WARM_HUMID
19.0,49.0,-0.19848874195601116,-0.7468857141265557,1,COMFORT
20.1,30.5,0.005632961499084436,0.5525562646747582,0,COLD
33.8,52.4,0.0846026704202737,-0.40333036322836047,3,HOT
29.1,56.0,0.21256155500147164,0.38926935159619647,2,WARM_HUMID
21.0,66.0,-0.09495207334706457,-1.0947899455195638,1,COMFORT
33.1,65.4,0.11920174845676858,-0.4746982570882634,2,WARM_HUMID
17.0,35.0,0.038724085066748105,0.35300745749498663,0,COLD
30.1,52.0,0.0901530296447159,0.3982144630046993,2,WARM_HUMID
23.6,51.7,-0.032533531872860594,0.28247993126613274,1,COMFORT
34.4,45.4,-0.050388704876477876,-0.3790567773173517,3,HOT
32.2,65.7,-0.0045551682187192685,-0.27735169463504894,3,HOT
20.2,37.2,0.3900690992413369,-0.019062597923635665,0,COLD
26.8,60.0,-0.12005406900089596,-0.2777693973912644,2,WARM_HUMID
16.4,44.2,-0.07849751457576976,-0.1546503735289329,0,COLD
33.2,17.0,0.11502751872231566,0.19934759308371178,3,HOT
19.3,31.9,0.10368649247703761,-0.25284217633411393,0,COLD
19.3,45.6,-0.016576563775452434,0.42748620876376897,0,COLD
34.5,43.0,-0.09980468092592154,-0.5486353745000746,3,HOT
24.6,41.8,0.09851706338443082,0.04590044461781974,1,COMFORT
22.3,47.0,-0.055589464766302506,0.5113501940627319,1,COMFORT
19.9,32.1,0.13466205714369328,-0.15062630695723914,0,COLD
19.0,36.8,-0.09355740523745891,-0.1465196652191899,0,COLD
30.9,56.9,-0.10517132883309045,-0.6088879821581604,2,WARM_HUMID
35.0,36.3,-0.21425850596835042,-0.3395748774948725,3,HOT
26.7,41.0,0.030658354740446515,0.2629434211941994,2,WARM_HUMID
33.3,54.6,-0.04375509900297711,0.14942880298663694,3,HOT
22.4,59.2,0.3604074255622893,-0.5250040494418503,1,COMFORT
28.1,79.9,0.1151765542002167,0.4279218644769054,2,WARM_HUMID
21.8,27.9,0.03315584814756123,0.7411362315194445,1,COMFORT
19.9,46.1,-0.13574954219963598,-0.6655595437991926,0,COLD
26.4,41.0,0.0035854564927433204,0.2926370441883076,2,WARM_HUMID
28.3,50.0,0.03361387227156251,-0.06274102387080999,2,WARM_HUMID
27.7,37.0,0.058945741964522805,-0.11497435592803147,1,COMFORT
19.9,37.2,-0.17209425518411678,-0.14452255357017008,0,COLD
16.1,64.3,0.0684071031113401,-0.28240692904598264,0,COLD
29.7,75.7,0.023908979666433326,0.5915254810739241,2,WARM_HUMID
26.7,39.1,0.05387656261688537,-0.3330596165849682,2,WARM_HUMID
25.7,57.2,-0.04997027805271303,0.37861526461059314,1,COMFORT
22.9,21.0,-0.21113609917444148,-0.3929164262279812,1,COMFORT
28.2,68.0,0.13911756462402425,0.024724222033871313,1,COMFORT
26.4,36.9,0.302714509925323,0.29791491698724143,2,WARM_HUMID
24.8,46.0,0.011527782443815231,-0.2818772087019767,1,COMFORT
17.8,45.3,0.2386577919635534,0.10243358541847081,0,COLD
27.7,54.5,0.02679197961483071,0.08883711627490132,2,WARM_HUMID
24.7,36.7,0.25164381632342014,-0.41646748379412446,1,COMFORT
34.3,58.0,0.06264846171409447,-0.5986127258962662,3,HOT
18.6,33.5,0.053596151405317226,-0.09092021452816137,0,COLD
18.6,49.8,-0.1843427991577923,0.5171001165002805,0,COLD
33.0,79.0,-0.13360710315590835,0.960953918638322,3,HOT
12.8,57.4,-0.028446809308461118,0.07896733326778962,0,COLD
19.8,29.8,-0.23595128139742505,0.0900696648446173,0,COLD
29.6,54.3,-0.11766808315142965,-0.2979500960158796,2,WARM_HUMID
29.3,29.7,0.2691943736693247,0.5975783572708558,2,WARM_HUMID
35.5,47.0,-0.0242051623802168,-0.4822803006776519,3,HOT
32.9,64.7,-0.043005948270547975,0.5443633971573455,2,WARM_HUMID
18.6,72.6,0.2163520574702453,-0.641766258796921,0,COLD
18.2,33.9,0.009389988335498669,0.7359160598070504,0,COLD
25.7,34.0,-0.03553422789419879,0.3935577164400601,2,WARM_HUMID
19.7,29.6,0.04828055735745857,-0.29928396236707266,0,COLD
24.3,30.7,-0.11209680192542391,0.30382477430427224,1,COMFORT
30.3,66.3,-0.059661042636829795,-0.2550519312193807,2,WARM_HUMID
20.2,45.7,-0.135067269206704,0.5016815960266953,0,COLD
25.2,25.7,-0.10160436340572736,-0.4056457392963142,2,WARM_HUMID
16.8,56.0,0.04852099911184593,-0.34530186510575606,0,COLD
27.3,49.3,-0.1407018670069861,0.3139090377625657,2,WARM_HUMID
22.7,44.4,-0.01557187266044503,-0.05313954398146791,1,COMFORT
33.5,48.4,-0.1529299373706358,-0.2226610788223372,3,HOT
36.5,44.9,-0.17089784195357863,-0.29233604812066977,3,HOT
26.8,33.8,-0.030753814502646762,-0.368618503660891,2,WARM_HUMID
26.4,56.0,0.12133789040890791,-0.18025714666624415,1,COMFORT
17.8,46.8,0.23696836864525417,0.5278748775769605,0,COLD
28.0,60.0,0.0652187904145045,0.32285137800735075,2,WARM_HUMID
22.9,28.7,0.12363660821298826,-0.004521538819662349,1,COMFORT
24.0,22.2,-0.14503240024990294,0.17464277728173602,2,WARM_HUMID
22.6,45.4,0.05091100198967674,-0.23095027997268427,1,COMFORT
32.2,53.0,0.2219824901294023,-0.19574365161109802,3,HOT
25.7,59.5,0.03208874550735011,-0.5065186767215931,1,COMFORT
19.7,35.6,-0.03241973655152094,-0.38113569841246675,0,COLD
16.6,58.0,-0.10840150132978799,-0.3357469722682051,0,COLD
32.8,64.0,0.1625186454413917,0.05611290803660815,2,WARM_HUMID
25.3,38.0,0.1755043848141817,0.4837228214615548,1,COMFORT
27.7,40.1,0.09943320244125703,-0.29008641799387563,2,WARM_HUMID
29.0,56.0,-0.12747665541971875,-0.6053349647752356,2,WARM_HUMID
17.1,58.1,0.21327146867027802,0.110152375326925,0,COLD
23.8,32.2,0.2070479361869626,0.20940390061953842,1,COMFORT
30.2,58.0,0.15856976107494433,0.26920095480216594,2,WARM_HUMID
22.2,60.9,-0.05348136429641786,-0.05177118221601182,1,COMFORT
24.3,20.6,0.10453322130785629,0.0072708604704023365,2,WARM_HUMID
33.0,61.0,-0.04643196589709854,-0.04161688094090895,3,HOT
35.5,47.0,-0.0242051623802168,-0.4822803006776519,3,HOT
29.7,58.0,0.07567248845745254,-0.2950285759602181,2,WARM_HUMID
30.4,53.2,-0.0005635495592005135,-0.13411147555776312,2,WARM_HUMID
33.5,48.4,-0.1529299373706358,-0.2226610788223372,3,HOT
30.1,74.3,-0.09939650907420414,0.7704185018480394,2,WARM_HUMID
35.9,42.3,-0.18007118198128544,0.26012123424891526,3,HOT
20.5,34.1,0.16438101824652387,0.43690337128019235,1,COMFORT
30.1,73.8,-0.14458823281895283,0.25066258223902643,2,WARM_HUMID
21.6,35.2,0.10223983708840836,-0.9383425892209059,1,COMFORT
18.0,58.1,-0.047683183739635496,0.02519734180357602,0,COLD
30.6,73.3,0.07781891352152157,0.7304319588393847,2,WARM_HUMID
37.0,67.0,0.1459956444365245,0.1477830570450873,3,HOT
12.8,67.7,-0.2059082566691799,0.2392200083814008,0,COLD
25.9,51.0,0.08690201396351636,-0.6486502197756756,1,COMFORT
24.3,32.6,0.0898436918484237,0.11474648983800878,2,WARM_HUMID
30.2,45.7,-0.0645259973855425,0.5456002856688354,2,WARM_HUMID
20.4,30.2,-0.2544124247305253,-0.25722337230040243,1,COMFORT
25.2,64.6,-0.22347254473420433,0.5535335615748365,1,COMFORT
17.7,60.0,0.14585540910971734,-0.04696866253242519,0,COLD
26.7,34.0,-0.07869936106002044,0.1349937453945492,2,WARM_HUMID
31.3,69.4,0.30458185848363034,-0.06558529498300462,2,WARM_HUMID
32.4,70.6,-0.0888498307281042,-0.17251026444636577,3,HOT
11.0,49.8,-0.028015234963102115,-0.47738705728941,0,COLD
28.5,57.0,-0.02633942019944285,0.2738581160525954,1,COMFORT
27.0,58.0,0.04860477315870481,0.49818696037601085,2,WARM_HUMID
14.1,52.7,-0.017272519945461424,-0.3577587485444285,0,COLD
22.2,29.0,-0.026548084539143393,-0.0550366691321454,1,COMFORT
24.3,26.1,-0.04559821929799077,0.0949399759001854,2,WARM_HUMID
24.0,59.8,-0.017994974866282116,0.3142154547943165,1,COMFORT
21.1,61.1,0.21254641225403942,-0.652151567517811,1,COMFORT
25.2,44.6,0.1929603314609435,-0.3099808378895511,1,COMFORT
29.1,39.0,-0.21205717453574702,0.20361496034605833,2,WARM_HUMID
29.3,32.8,-0.033520875785540874,0.05551819192915223,1,COMFORT
23.2,36.8,0.04540969307658983,0.10995454476467857,1,COMFORT
25.2,26.6,0.16179955740169302,-0.6098117198224742,2,WARM_HUMID
21.1,29.3,-0.16945011889658054,0.04735353810435364,0,COLD
24.3,23.6,0.30650353724911217,-0.3075720248032278,2,WARM_HUMID
21.8,27.8,-0.09147734639462095,-0.12589083226773212,1,COMFORT
18.8,37.5,-0.199024070830053,0.33410020019153697,0,COLD
11.0,69.0,-0.11127309625526373,-0.5465859032120906,0,COLD
24.7,31.8,0.17224268446799174,0.26624799403884103,2,WARM_HUMID
19.6,29.3,-0.09027679910299183,0.11765686610375636,0,COLD
19.3,46.0,0.030894107431362595,0.4038294375641212,0,COLD
25.1,63.7,-0.14008352010180497,-0.4800997455952407,1,COMFORT
27.1,42.0,-0.23916414881915504,-0.1914929541621726,2,WARM_HUMID
31.5,52.0,0.008779111792771122,0.2548104763023842,2,WARM_HUMID
24.1,30.5,-0.21181134094734455,-0.05527383988927897,1,COMFORT
11.6,66.9,-0.04658049594898841,-0.1942020884350676,0,COLD
25.1,26.8,-0.04176119465042411,0.5425361244671134,2,WARM_HUMID
13.5,51.5,0.09800525756938282,0.5503014776224205,0,COLD
18.2,57.0,-0.13948899148037416,0.24866891871732075,0,COLD
35.0,74.0,-0.1818573325794956,-0.10550423587531682,3,HOT
10.3,83.3,0.2000948275778511,0.5652972037931054,0,COLD
17.4,61.0,-0.12181156357190245,-0.3738804663727053,0,COLD
18.2,65.0,-0.0534683679833853,0.17362914824046627,0,COLD
21.1,30.7,0.051650294201842195,0.8942029865108916,0,COLD
13.4,50.3,-0.047918211048965806,0.18906060758149998,0,COLD
21.3,29.0,0.023524824980428495,0.2466441934636043,1,COMFORT
17.1,52.0,0.2407611591042007,0.29015115806572483,0,COLD
24.3,25.5,0.03799961401599266,0.16338615144875146,2,WARM_HUMID
28.9,62.0,0.3545808741929041,-0.46392836530485565,2,WARM_HUMID
32.0,46.4,-0.1193983365013131,0.5025647725756776,3,HOT
25.8,68.6,-0.2310525047728549,-0.019778077934616778,1,COMFORT
30.1,76.6,0.1715865875953624,0.14856475652356788,2,WARM_HUMID
18.8,36.0,0.02744916744678906,-0.08902845858469126,0,COLD
20.6,27.2,-0.17469154105889567,-0.44799207480671194,1,COMFORT
28.1,52.8,-0.1370394075748419,-0.039140142816236304,2,WARM_HUMID
20.5,35.2,0.25166828446327894,0.2394652974528727,0,COLD
31.0,26.0,-0.035028898403060275,0.11739709689150091,2,WARM_HUMID
34.1,52.3,-0.18525930387884723,-0.22174392340508634,3,HOT
18.7,34.9,0.1829299403922388,0.2263257288443279,0,COLD
19.4,38.4,0.2647454991690075,0.14889818949911934,0,COLD
16.9,32.6,-0.03721332066376588,-0.3398038401325582,0,COLD
26.9,22.3,0.01434042744810845,-0.14049511428921166,2,WARM_HUMID
23.5,30.5,0.006685441633390745,0.219491300184672,1,COMFORT
22.7,35.1,-0.015019724145093168,-0.1381929644954133,1,COMFORT
27.8,29.2,-0.004192165691743897,0.30664855774941135,2,WARM_HUMID
27.1,33.6,-0.10556054350874443,0.18201767891578058,2,WARM_HUMID
22.2,48.4,-0.23752341016696749,-0.13595067254588517,1,COMFORT
27.8,52.0,0.2921836469702642,-0.0766229689249871,2,WARM_HUMID
32.0,64.5,-0.1130561467292619,-0.05290325631951968,2,WARM_HUMID
12.8,28.8,-0.07184293959245767,-0.47664769480398983,0,COLD
20.3,32.9,0.1225809776246322,-0.2922601027773076,0,COLD
20.7,31.8,-0.2360152258485771,-0.16826365366871862,0,COLD
27.3,53.0,0.015396829280949664,0.29091378131749684,2,WARM_HUMID
37.9,31.0,-0.002375632217262658,-0.21513663191333357,3,HOT
29.5,49.8,-0.07919910326484204,-0.38835583913248145,2,WARM_HUMID
19.6,57.1,0.11979684131811226,0.15607551667770952,0,COLD
27.2,28.1,0.1440692794771317,0.03296808472661011,2,WARM_HUMID
27.2,80.7,-0.23312310778194148,-0.5691742408134425,2,WARM_HUMID
36.5,20.0,0.010931114702327308,0.004286295972126443,3,HOT
26.7,40.4,0.07713948102954843,0.03875512179771015,2,WARM_HUMID
28.7,30.7,0.10931123796986388,-0.5135682050858992,2,WARM_HUMID
21.0,29.5,-0.4161715863958861,0.7073138474216042,0,COLD
22.3,45.8,-0.015281453255557796,0.12113111832655787,1,COMFORT
23.7,29.6,-0.06790468883871496,0.2886212940680254,1,COMFORT
20.2,30.2,-0.19036525825979747,0.5146495246703301,0,COLD
31.1,44.0,0.08081339886695538,0.022197820466632295,2,WARM_HUMID
19.9,46.1,0.022290629719101725,-0.18894054232002952,0,COLD
32.0,30.0,-0.03261130756647619,0.08977061845877893,2,WARM_HUMID
18.8,45.5,0.17544376318570984,0.6554032948072663,0,COLD
16.9,56.0,0.07954592733744036,-0.3849726227206509,0,COLD
26.9,37.6,-0.0395135452679256,0.3100574291048054,2,WARM_HUMID
27.3,60.3,-0.20208093854896536,0.07470053683455566,2,WARM_HUMID
28.0,54.0,0.05862302897411354,-0.28741329368932583,2,WARM_HUMID
22.3,31.3,-0.1310094365640578,-0.4449297198568911,1,COMFORT
32.8,61.0,-0.15844621957136296,0.3724222820774796,3,HOT
19.5,30.7,-0.24574993297369357,-0.37920826166104793,0,COLD
26.1,36.2,0.2965392535435364,0.6838071315265845,1,COMFORT
34.1,52.3,-0.18525930387884723,-0.22174392340508634,3,HOT
29.5,66.9,0.06518101458814354,0.34468262008238554,2,WARM_HUMID
29.2,89.2,0.21111525859743294,0.8231463225981428,1,COMFORT
25.2,59.1,-0.12209576938357673,0.31382232640614494,1,COMFORT
24.1,53.6,-0.24152546969901514,0.43041697566271503,1,COMFORT
26.8,32.3,-0.10330198949150918,0.10520991582067939,2,WARM_HUMID
31.1,55.7,0.07222614464869581,-0.14657720036026234,2,WARM_HUMID
18.6,46.3,-0.09161439835976058,-0.08119921834900323,0,COLD
19.0,66.0,0.053051939325855675,0.5784715117756465,0,COLD
35.2,38.1,-0.09906307596220396,0.02897820590112593,3,HOT
20.7,40.7,0.02734783502486394,0.5580010344474972,1,COMFORT
23.8,29.5,-0.061859014683269375,0.29623295593063886,1,COMFORT
37.8,42.5,-0.022344472209988246,0.4378786796495384,3,HOT
11.0,52.7,-0.016028188680115123,0.19998594322924979,0,COLD
23.8,51.6,0.043950169682361415,1.0706962944002683,1,COMFORT
27.7,94.2,-0.08609019496113003,-0.01567815045037965,0,COLD
23.9,29.2,-0.023244708505324528,0.49485514913662637,1,COMFORT
16.0,70.0,0.11437658711459955,-1.1589893487440228,0,COLD
30.6,42.3,0.04153457797449765,0.8485185856267592,2,WARM_HUMID
33.2,46.3,-0.07715608846350737,-0.6206621572292015,3,HOT
27.3,34.2,-0.1583766956150761,-0.3682328525475914,2,WARM_HUMID
19.0,37.2,-0.2382126172566561,-0.02318778338773589,0,COLD
26.6,30.9,0.21075954509491007,0.23707048191509858,2,WARM_HUMID
20.1,32.0,-0.13626965062841653,0.10290362910416506,0,COLD
26.8,34.0,0.08878678593668825,-0.5118855021963291,2,WARM_HUMID
28.2,52.0,0.023978458799610056,0.3415695755004274,2,WARM_HUMID
22.8,34.0,0.09467547311059137,-0.3539433000993042,1,COMFORT
15.3,60.0,-0.2235524711191196,0.5137275988718185,0,COLD
26.1,31.1,-0.003743787801885505,0.37498590517864566,2,WARM_HUMID
18.3,66.7,0.05266369375151022,-0.6238841881544606,0,COLD
24.2,71.6,-0.09912421355177191,-0.015398614283084157,1,COMFORT
32.1,49.0,0.06854694942692657,0.5000126269309532,3,HOT
10.0,54.0,-0.0013624191143529662,0.14448205482379498,0,COLD
33.7,54.3,-0.12060636456461017,-0.15190949785572028,3,HOT
24.9,42.9,0.1812860520363472,0.34374242730074556,1,COMFORT
26.8,64.0,-0.16132471976368104,-0.7230702413995628,1,COMFORT
31.9,67.0,0.13402093416389851,-0.25057338497431925,2,WARM_HUMID
18.4,22.8,0.10708161661352063,0.32164442840943797,0,COLD
29.9,43.9,-0.024690023651063844,-0.08699261133720215,2,WARM_HUMID
23.6,38.5,-0.07415251799241585,0.1579149490043162,1,COMFORT
30.4,62.4,0.18241585324439313,0.2047828528546674,2,WARM_HUMID
24.2,33.0,-0.2545644214934183,-0.08675570576202353,1,COMFORT
24.4,25.0,-0.045004307211827764,0.3059734770986766,2,WARM_HUMID
16.0,66.6,0.15209754672041217,-0.10257015430685407,0,COLD
25.5,75.1,0.08052762917503915,-0.9363673051674827,1,COMFORT
28.8,64.7,0.16709879342145664,0.06664684869091303,2,WARM_HUMID
25.7,34.0,-0.19683957488296916,-0.23177925409959507,2,WARM_HUMID
32.0,69.0,0.1459493877498977,0.10192425538243993,2,WARM_HUMID
26.3,56.2,-0.125113670627757,-0.34675766539331465,1,COMFORT
27.5,49.4,0.1093342404577944,0.6205523623541466,2,WARM_HUMID
30.4,70.0,-0.1227201332456512,0.5949294020566654,2,WARM_HUMID
24.6,53.6,0.076023933634521,-0.23605924109360554,1,COMFORT
37.1,41.4,-0.14651108147657052,0.04240310758981615,3,HOT
27.2,83.6,-0.3010443097573461,-0.09936564120766081,2,WARM_HUMID
25.4,32.5,0.19889447820042858,-0.41770260554907657,2,WARM_HUMID
38.0,45.0,-0.1398241582298043,0.2724081331326362,3,HOT
26.2,66.8,-0.036565011388929605,-0.28536411780199583,1,COMFORT
18.3,32.8,0.009384593443822012,-0.36892373528920985,0,COLD
23.0,34.9,0.12055789852730801,0.15193994026799354,1,COMFORT
27.0,39.2,0.027980109090056205,0.05368757854209072,2,WARM_HUMID
19.8,61.0,0.024102824718847952,-0.5192468103075328,1,COMFORT
17.3,34.3,-0.2124403289010911,0.08568322214597561,0,COLD
20.3,37.0,0.10695387756494233,0.08207791197125587,0,COLD
22.4,38.5,-0.0075650977017146835,0.31799203340389104,1,COMFORT
16.7,34.1,-0.041098870974456476,-0.5829856085050652,1,COMFORT
19.4,38.4,0.04581924594284817,0.0294977307824366,0,COLD
17.1,71.0,0.028154881806939803,-0.4573594457909054,0,COLD
27.7,52.0,0.05077257651925367,0.5669598106324699,2,WARM_HUMID
28.2,58.7,0.048034384622715164,0.2502914450533754,2,WARM_HUMID
25.9,30.6,0.06113218729161582,-0.0072168380438247335,2,WARM_HUMID
36.5,34.0,-0.14619991671193341,0.6057769432010175,3,HOT
21.7,62.7,-0.006339587206086425,-0.40689499511379784,1,COMFORT
34.3,43.7,-0.14451007151588743,0.47153084809696005,3,HOT
15.1,66.5,0.207810329709629,-0.2422763378676478,0,COLD
21.3,25.7,-0.19581930334097608,0.49750626113185525,1,COMFORT
24.3,47.3,-0.08890635362275247,0.1295431197793626,1,COMFORT
32.0,61.9,0.002505130090132563,0.20703215502908337,3,HOT
10.4,59.2,0.06077546812822074,0.25394011301399505,0,COLD
23.1,33.3,-0.02116064580504707,0.6799485536209982,1,COMFORT
19.8,32.8,0.11838337485907091,-0.19865796341228695,0,COLD
23.4,55.6,-0.05626634924153467,0.34703097583223597,1,COMFORT
23.6,33.1,-0.035579206398118894,0.41224858243602286,1,COMFORT
21.0,31.2,0.030623934036306845,-0.48526473081994725,1,COMFORT
30.3,30.4,-0.01216006581531257,0.6146290913018427,2,WARM_HUMID
34.8,51.5,-0.23114205497383422,0.016320490440488656,3,HOT
23.3,68.0,-0.27577922349591644,-0.7218149810409673,1,COMFORT
24.7,41.7,0.009452648834884282,-0.3137863715187994,1,COMFORT
27.0,69.0,0.017407929599335296,0.03542005743511612,1,COMFORT
33.8,48.0,-0.28884555353708324,0.2810756693165494,3,HOT
32.0,69.0,-0.1733610801389714,0.829935844029264,2,WARM_HUMID
25.5,65.0,0.08272280640607013,-0.3084484883641271,1,COMFORT
23.6,20.7,-0.20004434114381103,-0.09925604146554876,1,COMFORT
34.6,44.5,-0.05042250040766277,0.7646889500885076,3,HOT
30.1,74.6,-0.0818421234493129,0.31795155351117144,2,WARM_HUMID
24.9,59.5,-0.15565548055280198,0.23737516967120453,1,COMFORT
23.4,58.3,-0.1926557963263798,-0.41503203371452707,1,COMFORT
31.5,31.5,-0.05984331137768646,-0.010832785650125762,2,WARM_HUMID
30.1,44.0,0.07416613852404091,0.1396861265538556,2,WARM_HUMID
24.0,30.7,0.06963959873459696,0.19017315905390075,1,COMFORT
27.8,62.2,0.0045068522322130955,-0.06937957459556997,2,WARM_HUMID
37.0,88.0,-0.038688332247577256,0.04616863228043627,3,HOT
12.2,59.2,-0.00572672689324246,-0.10001846981319151,0,COLD
24.6,25.5,0.19470102150003252,0.44665517183406167,2,WARM_HUMID
21.5,67.0,0.07122245458999284,-0.24018101783903917,0,COLD
16.8,43.7,0.18958589449929886,0.2784227549193251,0,COLD
19.4,46.6,-0.13386926464017873,0.5953496142316477,0,COLD
15.7,73.1,-0.15204985569007454,-0.4952131807084341,0,COLD
26.2,59.1,0.035010543651210604,-0.2645007000332206,1,COMFORT
18.2,50.7,-0.05915398923295155,0.06229441724429378,0,COLD
20.8,27.3,0.08354218235107548,-0.5157021882082952,1,COMFORT
20.0,38.5,-0.14276783423274117,0.007298125429301249,0,COLD
11.0,53.7,0.010182039210475816,-0.6573861724959902,0,COLD
21.9,24.0,0.003044442633941566,-0.4031656194142095,1,COMFORT
31.0,66.2,0.16674248206798808,0.10113291656126513,2,WARM_HUMID
28.6,34.1,-0.07831952793386217,-0.8217565279654855,2,WARM_HUMID
18.0,36.6,0.2977839803507035,-0.2277918857916432,0,COLD
24.9,49.0,-0.08668398373434265,0.08525203039413204,1,COMFORT
13.5,37.8,0.07807687449424193,0.4541733302918261,0,COLD
33.0,42.8,0.068351703021492,-0.5866121986505867,2,WARM_HUMID
31.3,30.0,-0.2741655760811663,0.008253688891435186,2,WARM_HUMID
19.0,41.0,0.12153900665630007,-0.08443666830795976,0,COLD
16.1,69.0,0.06475586779822202,0.3390005513777017,0,COLD
29.2,48.0,0.056595073956727825,0.14750390780493053,2,WARM_HUMID
21.7,45.0,-0.09679651737635674,0.6381933377471023,1,COMFORT
19.7,26.0,0.06419211608827925,-0.010425890078193972,0,COLD
29.1,45.0,-0.08292957773587906,-0.30529760926883803,2,WARM_HUMID
30.3,75.7,0.28631644100666037,0.11929881849728774,2,WARM_HUMID
31.8,69.4,-0.049525209376024615,-0.15563564025029142,2,WARM_HUMID
24.7,53.1,-0.06852429595926904,0.07710589417820514,1,COMFORT
26.7,41.0,-0.04328230438135572,-0.4891653094876439,2,WARM_HUMID
25.8,65.0,0.10738091170364393,-0.33505610972822963,1,COMFORT
20.4,66.5,-0.11379627228336726,-0.17703533071896882,1,COMFORT
21.0,29.8,0.17867150591220535,-0.55682674995143,0,COLD
23.1,39.3,-0.02898333065378246,0.8297623902610433,1,COMFORT
23.7,22.4,-0.1294784568250242,-0.19831355523266,1,COMFORT
29.3,29.7,-0.055179494054472554,-0.6623350114912117,2,WARM_HUMID
24.5,53.3,0.2655856173061386,-0.11483968749618488,1,COMFORT
31.8,68.1,0.277260393629655,-0.5289335353374444,2,WARM_HUMID
11.6,50.8,-0.182115933687704,0.4413193733812654,0,COLD
34.1,52.4,-0.10766854592752342,-0.3697956382469497,3,HOT
28.2,45.7,0.07603303808145725,-0.3385290882644807,1,COMFORT
27.1,42.3,-0.10019125056892571,-0.32706584384193804,2,WARM_HUMID
17.0,35.0,0.038724085066748105,0.35300745749498663,0,COLD
26.1,39.3,0.2542401478767329,0.158431011977442,2,WARM_HUMID
19.1,49.8,-0.07262160045418342,0.5319340000136972,0,COLD
24.7,49.8,0.22794822509621565,-0.25445717641182497,1,COMFORT
28.0,73.2,-0.18090851255020932,0.2193823431990909,2,WARM_HUMID
23.0,30.3,0.29585725742152424,-0.1148187718767581,1,COMFORT
28.4,37.0,-0.259377433425513,-0.4303026221467201,2,WARM_HUMID
23.1,50.3,-0.05298962031572373,0.1662316175244219,1,COMFORT
27.0,54.1,-0.11363680542868985,-0.212988246495352,1,COMFORT
32.7,69.3,-0.09668403874382143,0.2324005494738891,3,HOT
23.1,52.0,0.08747440687242043,0.009563095271164617,1,COMFORT
27.4,53.0,-0.16303857247508302,-0.2883407624318119,2,WARM_HUMID
32.1,66.6,-0.32748005438743466,0.2074173067156817,3,HOT
19.4,37.5,0.1512166443011287,0.020988017594626984,0,COLD
18.9,52.0,0.105832284719398,-0.6548749147882699,1,COMFORT
31.8,53.0,0.09410590052811334,-0.36456796822350096,3,HOT
25.9,61.5,0.09971907497842322,0.46017810292336503,1,COMFORT
13.4,64.4,-0.07185263993674705,-0.18250777468881205,0,COLD
20.4,31.8,-0.27932111388680153,-1.1074018731851056,0,COLD
33.1,19.0,-0.05052901614403319,0.7459795933869806,3,HOT
12.8,59.7,0.013761828398755303,-0.1558506666743291,0,COLD
21.1,37.9,0.07507366404635706,0.12385281956873272,1,COMFORT
10.4,51.8,0.02100714018768673,0.013534998146210578,0,COLD
21.4,29.0,0.1549411676909307,-0.4461548744336503,1,COMFORT
22.6,41.9,-0.0035448672000762847,-0.11384500308683124,1,COMFORT
25.0,48.0,0.06281399401912448,0.5221747034761512,1,COMFORT
16.8,21.1,0.07182713598266026,-0.30723121779905627,0,COLD
20.4,32.0,-0.05923261989956886,0.43736314110811353,0,COLD
18.5,37.2,-0.09230809646437697,0.03395847605822091,0,COLD
19.6,25.3,-0.2275880790858158,0.08440919825782411,0,COLD
29.8,76.8,0.16598254868996007,0.02197932033789507,2,WARM_HUMID
21.4,41.0,-0.09467544074993821,0.0015016639294216077,1,COMFORT
18.7,45.0,0.3523662837037549,-0.19580217307077608,0,COLD
32.2,65.2,0.06273226173992956,0.10365903157964906,3,HOT
27.4,63.0,0.1747109031685757,-0.3440899872336749,2,WARM_HUMID
31.1,71.9,-0.05588434208563723,0.20696391482931473,2,WARM_HUMID
19.7,31.5,-0.04535243494976259,0.40535333462426276,0,COLD
13.5,37.8,0.06074120307230145,0.28570287627654295,0,COLD
30.7,54.6,0.17636097336237233,0.45857273331732396,2,WARM_HUMID
17.0,34.4,0.09021720506287391,-0.3507444062658868,0,COLD
20.7,31.2,0.011649537798918188,0.1706715858345803,0,COLD
12.2,61.4,0.22303253466778697,0.04452024309272004,0,COLD
37.0,63.0,-0.15130995532142874,-0.2158368216345962,3,HOT
19.7,43.3,-0.012144213710516025,-0.6603451472076154,1,COMFORT
29.8,34.0,0.16066207506042074,-0.0675234827457761,2,WARM_HUMID
15.4,56.7,-0.019239522072574622,0.09136549691870587,0,COLD
17.6,59.8,0.07338510203250533,0.011558346049975984,0,COLD
26.7,31.8,-0.21580801515853043,-0.1423221388174637,2,WARM_HUMID
30.6,66.0,0.20548023350428662,-0.2217352568604204,2,WARM_HUMID
17.0,56.5,-0.17169402868991107,0.06834952123352693,0,COLD
23.7,43.1,0.25440660242071794,0.07961690009796991,1,COMFORT
22.2,76.2,-0.233006242524713,0.3303775521703429,0,COLD
31.6,66.0,0.10763133836939434,-0.005108532728565068,2,WARM_HUMID
29.6,82.8,-0.041092968969256065,0.032273567349390554,2,WARM_HUMID
18.1,36.8,0.29202329435191715,0.3337447261630891,0,COLD
23.9,49.8,0.012903127340454576,-0.260580603134475,1,COMFORT
34.0,17.1,0.06440260704919062,-0.06439421900730889,3,HOT
31.8,51.7,0.03838642058319613,0.5189578033440011,3,HOT
18.6,49.8,-0.020072403862116804,0.67878668644429,0,COLD
21.2,60.0,0.05874453357603794,-0.008507514118362666,1,COMFORT
31.7,43.0,0.17508505550711448,-0.2744524408647263,2,WARM_HUMID
24.4,32.1,-0.005256253245418287,0.19117092696231303,2,WARM_HUMID
18.6,45.5,-0.11216260815827081,-0.7523856718893335,0,COLD
33.4,51.0,-0.03643450830999668,-0.618338263360131,3,HOT
30.5,72.0,0.2954485027426643,0.10080850986991599,2,WARM_HUMID
16.0,44.0,0.05507481075645669,0.3019763430037772,0,COLD
33.7,56.4,-0.24625832075232718,0.8276263511652847,3,HOT
18.3,34.5,-0.1934794488017552,0.13874284741777326,0,COLD
23.5,54.0,0.33502035785831896,-0.6243347695390495,1,COMFORT
35.7,46.7,-0.14760748259272422,0.09337851807281763,3,HOT
25.2,51.1,-0.07087735359077767,-0.10489540509221117,1,COMFORT
25.7,30.6,0.017682088965734487,0.25758762579935895,2,WARM_HUMID
16.6,42.4,0.2028059048961489,0.39676528290292623,0,COLD
24.4,23.6,0.11454638758235032,0.19189442915904256,2,WARM_HUMID
30.3,80.3,0.0363429880056953,-0.43699444108180413,2,WARM_HUMID
20.7,27.7,-0.002042723961963041,0.15783675086099697,1,COMFORT
10.4,59.2,-0.20934946448005604,-0.5269065710383095,0,COLD
39.4,62.3,-0.07998135622588132,-0.134691280177031,3,HOT
25.3,33.1,0.005709883034891021,-0.8338639102435418,2,WARM_HUMID
27.4,41.1,0.016223855832829193,-0.14365617471981706,2,WARM_HUMID
18.3,32.3,0.15139030487801972,-0.4467676277984035,0,COLD
17.2,52.8,0.04085731757738874,-0.1319056465298941,0,COLD
27.7,52.0,0.029157645236600402,-0.2373475100777981,2,WARM_HUMID
31.3,71.2,-0.4447815794828011,0.16490058476887479,2,WARM_HUMID
32.0,31.7,0.1046229140684784,-0.10329124398356843,2,WARM_HUMID
23.3,18.8,-0.12203361812913781,0.18848509097070254,1,COMFORT
18.9,59.1,-0.09471038333498373,0.35978904953242374,0,COLD
15.7,40.3,0.07403059413056502,0.4714124661193247,0,COLD
28.3,87.5,0.1184927385965764,-0.7596804533898447,2,WARM_HUMID
15.7,37.4,-0.015006946665549997,-0.24839049491385148,0,COLD
29.8,32.2,-0.10041553704502357,-0.3350628637293653,2,WARM_HUMID
30.8,69.0,0.11847542227354896,0.09723578298676942,2,WARM_HUMID
26.4,24.8,-0.11409575034142448,0.2359338819516792,2,WARM_HUMID
24.2,71.6,-0.3430507274039962,-0.30043152240210225,1,COMFORT
16.2,68.9,0.11671215717538058,0.19552581577374445,0,COLD
23.8,55.6,-0.04469240472198344,0.40178583142318525,1,COMFORT
19.2,34.0,0.11134128498105222,0.15381186171353986,0,COLD
20.2,53.0,0.04532247231053851,-0.19929417071758151,0,COLD
14.0,48.0,-0.09977104489266185,-0.48306593340406306,0,COLD
39.8,21.4,0.03374589408906714,-0.41644843560997247,3,HOT
28.0,63.5,-0.2594498003281029,-0.4949955215804662,2,WARM_HUMID
24.9,43.3,0.008472936631334077,0.2970691468318583,1,COMFORT
21.4,43.3,-0.05726567950110645,0.3194995555450593,1,COMFORT
29.2,41.0,0.054294055966986235,0.14417172404945708,2,WARM_HUMID
27.4,34.8,0.05066404799029661,-0.2812607732733685,2,WARM_HUMID
22.9,43.0,0.017156964105395394,0.18405040774537998,1,COMFORT
23.4,34.8,-0.133637113433692,-0.3230940895961463,1,COMFORT
22.1,75.3,-0.055744757222962356,0.2582059371260661,0,COLD
36.4,40.4,0.0019368837343231168,-0.10653991345772396,3,HOT
19.1,36.5,-0.2551135404801878,-0.4853413321977413,0,COLD
17.8,56.0,-0.10499713503050566,0.11695983247846249,0,COLD
23.7,49.5,-0.03310602351197489,0.10044291202856015,1,COMFORT
18.4,22.5,0.20954151843492316,-0.12062618745126873,0,COLD
19.4,30.6,0.043837891436440395,0.9468337900323542,0,COLD
33.5,57.9,0.12139457834346476,0.10992975654667887,3,HOT
24.6,33.4,0.18162711382010344,0.1268005274431431,2,WARM_HUMID
18.9,57.9,-0.06447492347217802,-0.37397942669313683,0,COLD
29.8,57.4,-0.1794640403035339,-0.1990127504225219,2,WARM_HUMID
18.1,40.2,-0.15389472262211668,0.13830812920408617,0,COLD
21.3,27.6,-0.07958400564535062,-0.6040965931700791,1,COMFORT
20.8,32.9,0.16705435175775374,0.033411386383957575,1,COMFORT
26.5,37.0,0.08297237345688137,-0.6200358085538615,2,WARM_HUMID
28.1,64.9,0.07033013771854055,-0.2283371312608575,2,WARM_HUMID
21.9,29.0,-0.023117543366770743,0.579954887080805,1,COMFORT
22.9,37.9,-0.040634975753267646,-0.4314239019461499,1,COMFORT
23.3,34.6,-0.19105669698410546,0.5609191952416247,1,COMFORT
32.9,62.3,0.03282365281824115,-0.450889244736172,3,HOT
31.2,61.4,0.08796796955004152,-0.5959802017923558,2,WARM_HUMID
22.8,53.2,0.11293366222406773,0.8284965523815006,1,COMFORT
34.3,58.5,-0.12517722833582126,-0.33560765242837465,3,HOT
32.0,61.9,0.002505130090132563,0.20703215502908337,3,HOT
34.7,39.5,0.17105026161829667,0.313301188579355,3,HOT
23.1,20.0,0.0889947378363084,-0.5586528769099725,1,COMFORT
24.0,62.2,0.03665095402236214,-0.6511620467487909,1,COMFORT
22.2,56.3,0.029250011526244374,0.8524580420751688,1,COMFORT
33.8,42.0,0.03685430725772391,-0.22100403733386567,3,HOT
30.1,28.5,-0.07821426394688057,0.26892081697374465,2,WARM_HUMID
24.3,42.2,0.03411319019065731,0.32615988898247306,1,COMFORT
18.1,63.4,-0.09082900418601007,-0.16028326120144457,0,COLD
26.9,30.8,0.030042966219269215,-0.01844113052264078,2,WARM_HUMID
20.8,29.4,0.03409161190193969,0.6978307802859226,0,COLD
23.0,52.3,-0.04686526117133546,-0.3324246720730823,1,COMFORT
25.9,61.0,-0.08555270496205208,0.46322196258062737,1,COMFORT
32.0,37.6,-0.10730958678094034,0.2483813633179374,3,HOT
22.6,63.8,-0.08991757191407419,0.7655987141689824,1,COMFORT
22.3,22.4,-0.1131447198910714,-0.12947520445999397,1,COMFORT
23.2,44.0,-0.1054053507802083,0.1812107086035271,1,COMFORT
35.0,37.0,-0.08070716377352077,-0.30059545588421627,3,HOT
21.9,64.7,-0.07039142137691183,0.03817330346795961,1,COMFORT
25.6,17.9,-0.05270505886244928,0.013876994886674394,1,COMFORT
25.8,57.7,0.1603065340194668,-0.19704509219747865,1,COMFORT
37.8,49.0,0.3896617923153671,-0.3026427399880159,3,HOT
22.9,64.5,0.0638105470097228,-0.4257826770114781,1,COMFORT
24.5,52.4,-0.07907072543153126,-0.16758018282152282,1,COMFORT
31.0,93.0,-0.09318016311585169,0.26734802550754805,3,HOT
32.2,69.2,-0.13435327675436587,-0.0701717110632781,2,WARM_HUMID
19.6,36.3,0.004521099197276606,0.3363356828840228,0,COLD
32.9,56.1,-0.013256267353844003,0.39265340849124025,3,HOT
23.2,25.7,0.039124476546176026,0.1988483643705418,1,COMFORT
11.0,61.0,0.15555559008781764,0.48589662237768777,0,COLD
31.0,28.0,0.20767980713908593,0.2319127148839281,2,WARM_HUMID
22.8,41.7,-0.021498160284652967,-0.466135391871707,1,COMFORT
26.9,40.1,0.3553930951217245,0.26409235456001,2,WARM_HUMID
22.8,36.1,-0.18687416772117427,0.46181488780600066,1,COMFORT
11.6,72.0,0.3263944691917451,0.38954371525777787,0,COLD
17.9,37.2,0.14076171358099376,0.3271858903322455,0,COLD
28.1,31.0,-0.2726968838080732,0.08611568131614032,1,COMFORT
21.1,30.4,0.09223629710123087,0.1658493585836838,0,COLD
29.5,30.9,-0.09133446142495678,-0.579987437520858,2,WARM_HUMID
22.9,23.6,0.13938267349008243,0.5084159511969044,1,COMFORT
22.1,31.1,0.07543088590743215,-0.5828182622366053,1,COMFORT
14.0,60.5,-0.07233168345878575,-0.8162958261360382,0,COLD
21.2,32.7,-0.06922697028823625,0.29253725382226464,1,COMFORT
24.7,53.6,-0.16239523270074227,-0.5437771967603928,1,COMFORT
19.8,52.8,0.11954038884878936,-0.0417253572292974,0,COLD
21.7,26.8,0.04178336705497403,0.01575764705206777,1,COMFORT
28.3,51.0,0.11877889655821013,0.170978460521617,2,WARM_HUMID
23.1,46.5,-0.15157977686403082,0.04393944191095018,1,COMFORT
34.5,54.6,0.08626535099543815,0.12559052310165839,3,HOT
28.7,62.9,-0.007754690906284747,-0.3277589307845092,2,WARM_HUMID
16.5,54.7,0.08193258698412474,0.3180175061374435,0,COLD
16.8,31.9,-0.11635449721518415,-0.18809492494216573,0,COLD
29.9,73.5,-0.06820588469509464,-0.2602792437304921,2,WARM_HUMID
33.0,58.1,0.17837591746575038,0.3035789264980843,2,WARM_HUMID
21.1,44.3,-0.02231110721987074,0.10374057642514167,1,COMFORT
24.8,61.8,0.09460812681238262,0.023192520409488323,1,COMFORT
37.0,62.0,0.15686192649943542,-0.6538650886582021,3,HOT
33.9,45.0,-0.12492754782237998,-0.39601375988576365,3,HOT
29.7,58.0,0.05244750709495405,-0.21919097441663468,2,WARM_HUMID
32.0,71.8,0.13775446724008064,0.34374891889623926,2,WARM_HUMID
26.6,28.6,0.14200598392880806,-0.6162178095083527,2,WARM_HUMID
22.4,22.7,-0.042231625176071895,0.8257112251160917,1,COMFORT
19.6,31.2,0.25783823605845185,-0.22747308133175892,0,COLD
31.2,68.5,0.16450863114439263,0.08269255304324219,2,WARM_HUMID
30.3,32.9,0.16793710201607742,0.2059386837798316,2,WARM_HUMID
28.5,17.3,0.07060021336047957,-0.2426572282063976,2,WARM_HUMID
24.9,51.3,-0.11208560696034019,0.15432082030406816,1,COMFORT
25.3,39.8,-0.06834937470204909,-0.44102770883650166,1,COMFORT
23.1,52.2,-0.17563962231324745,0.13301103104156306,1,COMFORT
31.7,21.6,0.09634379904049524,0.239450645046956,2,WARM_HUMID
32.1,45.0,0.24016187926894675,0.06593087260000215,2,WARM_HUMID
18.3,50.7,0.06568082174240332,-0.46626386912496187,0,COLD
28.9,64.0,-0.1400551762277193,0.7919722500918928,2,WARM_HUMID
35.0,40.0,-0.08344185973056155,-0.0589038437602394,3,HOT
14.0,47.8,0.08352726163483366,-0.0952408809654634,0,COLD
26.5,54.4,0.10616942663901961,0.2735990478638076,1,COMFORT
25.4,55.1,-0.23919294201717986,0.1288529629853057,1,COMFORT
21.2,30.1,0.1329870847109592,-0.025836497192843585,0,COLD
18.2,55.0,-0.0465217492516019,0.08407714547255288,0,COLD
36.1,24.7,0.023600162823825696,-0.42099548099299283,3,HOT
17.3,53.0,-0.011187034515527133,0.015293078418624685,0,COLD
23.4,51.4,-0.029173722729716405,-0.3933496595553822,1,COMFORT
18.7,66.5,-0.024762084750456916,-0.01355513163966824,0,COLD
34.2,52.1,0.13641846095235866,-0.003765151340967687,3,HOT
31.2,36.0,-0.24884508615205844,0.3152963214485994,2,WARM_HUMID
20.8,37.3,-0.11983483471396958,0.31341423150888326,1,COMFORT
24.0,57.2,0.02987965138611721,-0.630713311749847,1,COMFORT
24.6,58.7,-0.04765681417575325,0.29446213845319125,1,COMFORT
19.1,60.4,-0.16004837855036216,0.26936859027219245,0,COLD
21.0,70.5,0.059706287888028904,-0.7712006239758108,1,COMFORT
22.1,56.0,0.14961314071865262,0.36222393238768724,1,COMFORT
21.0,84.2,0.40837980888151326,0.17587234899806511,1,COMFORT
25.0,24.7,-0.08238501220210898,0.07818199893313127,2,WARM_HUMID
19.2,41.9,0.043187943186900044,-0.36331983204994833,1,COMFORT
30.6,63.5,0.0975299827027487,0.3096294822003004,2,WARM_HUMID
22.1,28.4,0.19160195133678287,0.06375321702584714,1,COMFORT
20.6,32.9,0.18846644606945737,-0.08053673338873564,0,COLD
23.9,29.0,-0.16122588859297646,0.46373152457209815,1,COMFORT
25.0,61.0,-0.1551734036338078,-0.0930805969368738,1,COMFORT
19.1,34.2,-0.05420030800373181,-0.09557207821711562,0,COLD
28.6,49.3,-0.14471846064445282,-0.14687628717990422,2,WARM_HUMID
22.5,70.0,-0.31091863486766136,0.30224286847036486,1,COMFORT
20.1,36.8,-0.292756094457815,0.147773428088567,0,COLD
32.8,36.0,-0.14426172260917605,0.3317675520107265,3,HOT
28.9,38.0,-0.19846346901112474,-0.4974688590306966,2,WARM_HUMID
17.3,45.8,-0.0401607407707602,-0.4948906466346305,0,COLD
31.8,71.2,-0.12956947485350498,0.4949008658317235,2,WARM_HUMID
33.5,48.4,-0.1529299373706358,-0.2226610788223372,3,HOT
26.8,31.0,0.1263445990520854,-0.0682257883972175,2,WARM_HUMID
31.0,19.8,-0.09005350413953599,-0.6138972608833655,2,WARM_HUMID
17.1,42.4,-0.019126196836373,0.03779477407358793,0,COLD
23.7,46.0,0.17878921498853223,-0.4576268455295777,1,COMFORT
27.9,40.0,0.03706902318285005,-0.06728763360728826,2,WARM_HUMID
25.0,45.1,0.37184543150991206,0.18907340734243092,1,COMFORT
26.4,48.2,0.09820262829386768,0.5446913094296136,1,COMFORT
28.0,62.7,-0.06449871129222585,0.04079068757343714,2,WARM_HUMID
18.6,59.6,0.00973735875632303,-0.2915766572883123,0,COLD
30.7,67.0,0.09493535395948177,-0.04544980230736722,2,WARM_HUMID
23.0,44.0,0.24101961956362192,0.32710515453341793,1,COMFORT
36.2,30.0,-0.27007804230964544,0.14164591182975728,3,HOT
18.3,36.2,-0.11982773160259444,0.2790043108543441,0,COLD
16.2,68.1,0.1313907546084893,-0.029943244763774697,0,COLD
23.0,51.7,0.14747056519584847,0.13748463269251127,1,COMFORT
26.8,51.1,0.11973095586034957,0.05302488984064291,1,COMFORT
21.2,28.6,0.121431863925117,0.18157144684027648,1,COMFORT
12.2,56.0,-0.0233889934955803,0.26381843318645015,0,COLD
24.3,34.7,0.12977422301946334,-0.29524474804741446,2,WARM_HUMID
14.6,58.3,-0.11013404569266921,0.46461795230489705,0,COLD
25.6,26.4,0.05391648653755924,0.7671428249706612,2,WARM_HUMID
27.7,42.0,0.20764092277657772,-0.18431891515205767,2,WARM_HUMID
24.4,28.8,0.17007769372513423,-0.8768329392864338,1,COMFORT
23.6,51.7,0.03935438056962267,0.1939108934911651,1,COMFORT
23.4,62.0,0.23872905553317614,-0.5362128319485725,1,COMFORT
23.8,39.0,-0.13354767720298077,-0.15478359167940925,1,COMFORT
21.6,27.2,0.09827458457642126,-0.4728776191390595,1,COMFORT
25.2,49.9,0.037590915175256055,-0.17043535899479656,1,COMFORT
26.5,34.8,0.01131136933869987,-0.0023129903045529883,2,WARM_HUMID
24.6,34.3,-0.10327745421780846,-0.34822458706942666,2,WARM_HUMID
25.4,84.6,0.09045701687855265,0.4597927167017619,0,COLD
26.6,41.0,0.09382620252465536,0.657864708601315,2,WARM_HUMID
33.6,59.5,-0.14275831909737274,0.15972608949666034,3,HOT
23.2,41.1,-0.1327281362101555,-0.1983420237506779,1,COMFORT
20.5,41.1,-0.005282760835083228,0.30266028249600563,1,COMFORT
33.2,45.4,-0.033740708017241834,-0.6028635090049153,3,HOT
23.6,42.5,-0.05407748572540259,-0.5609964124104294,1,COMFORT
18.6,42.9,-0.21133558566381072,0.2939567415634172,0,COLD
19.8,52.2,0.1148345605714562,-0.032195434174763275,0,COLD
33.6,56.5,-0.15346906691958975,0.10055221566174502,3,HOT
27.5,50.0,0.07849391572769282,-0.3164500249823523,2,WARM_HUMID
34.9,25.0,0.04685673156998576,0.2298436382189281,3,HOT
29.7,49.3,-0.13122883310670166,-0.1410491030202495,2,WARM_HUMID
22.9,22.4,0.06888062723992938,0.011588918979565556,1,COMFORT
16.5,44.0,0.13803670193407783,-0.08104443995175283,0,COLD
25.1,52.4,0.4334454549472042,-0.5048667073525664,1,COMFORT
34.0,36.4,0.25808182418604203,0.01355824082610794,3,HOT
19.4,38.4,0.2647454991690075,0.14889818949911934,0,COLD
22.3,20.5,0.1831287480971615,-0.1963503603185795,1,COMFORT
10.0,82.0,0.18516854681470366,0.5528469406217144,0,COLD
31.9,80.0,0.10459853382704147,0.237901137220366,3,HOT
18.9,40.2,0.02037626221621687,0.31078252691396463,0,COLD
26.1,50.3,0.06612731258115435,-0.6614671842840086,2,WARM_HUMID
28.7,58.0,0.11190293921038048,-0.3293954460195816,2,WARM_HUMID
23.2,44.3,0.08618668512753182,-0.5836312352064631,1,COMFORT
23.4,42.9,-0.20480351713660144,0.24520162800857787,1,COMFORT
32.1,66.1,-0.11515052314572131,0.407923316589581,3,HOT
32.1,59.9,-0.004720705530552584,0.27044864995759127,2,WARM_HUMID
26.9,31.0,-0.2572640020773808,-0.03802231468434984,2,WARM_HUMID
29.4,29.0,0.04989112654862963,0.5031930849162515,2,WARM_HUMID
26.0,31.5,-0.01792172641091226,0.15280334166916065,2,WARM_HUMID
20.2,46.1,-0.028288777665947493,0.3518173083486952,0,COLD
24.3,52.0,0.06559697805584411,-0.36412846685192085,1,COMFORT
19.6,18.6,0.039023063643757315,-0.33277871477508003,1,COMFORT
25.4,47.0,-0.21375487603555096,-0.6420690629424187,1,COMFORT
37.6,20.1,0.2032339397282758,0.016848734916307045,3,HOT
18.2,41.0,-0.07161093473967241,-0.6717159615506951,0,COLD
27.5,52.8,0.06452144614730569,-0.38174724745414856,2,WARM_HUMID
22.7,22.7,-0.01623636948565991,0.5385600836635197,1,COMFORT
32.0,28.0,-0.053189929983900895,0.07001994803609389,2,WARM_HUMID
23.8,44.9,-0.002320746109010937,0.07287979881757267,1,COMFORT
29.6,69.0,-0.40973095976506246,0.02655577880073458,2,WARM_HUMID
10.0,54.0,0.32140665516962796,-0.5583866144828972,0,COLD
44.6,74.3,0.013801948702649853,0.4659860609735955,1,COMFORT
15.3,52.4,-0.024545050628623707,0.10811749009715386,0,COLD
22.7,25.8,-0.022883592446514844,-0.34983943657895983,1,COMFORT
30.4,28.8,0.11777776234655643,-0.49679403864526867,2,WARM_HUMID
25.4,60.3,-0.1623165097956988,0.027816892714833487,1,COMFORT
21.9,74.8,-0.05182277930215969,0.03144061360600659,1,COMFORT
22.7,49.2,0.1426278923381027,0.18661558191927893,1,COMFORT
23.5,48.7,-0.14788799486254572,0.3400280011743208,1,COMFORT
33.0,73.0,0.005115286699055383,0.5496446337144366,3,HOT
21.5,34.3,0.14839291145911346,0.13204936918017357,1,COMFORT
23.0,58.0,0.03223889471650585,0.25946885944497866,1,COMFORT
18.7,32.2,-0.14787184534880646,-0.12253742145864453,0,COLD
25.2,34.3,-0.12964278929108036,-0.9341584715259039,1,COMFORT
22.4,43.4,0.03970918308240563,-0.04679533305491085,1,COMFORT
24.7,32.9,0.05673394281472652,0.429461394241034,2,WARM_HUMID
27.2,80.7,0.2256354456200255,0.509815641396242,2,WARM_HUMID
18.9,75.0,-0.27352391025743794,0.05879836641717123,0,COLD
21.7,55.6,0.2033805049912172,0.36464434315510225,1,COMFORT
25.5,25.2,-0.06222114407563082,-0.3562763235724244,2,WARM_HUMID
24.0,41.6,-0.16205302545374067,-0.25036102682741385,1,COMFORT
36.0,45.4,0.0362708490355739,-0.24253213307846547,3,HOT
20.0,31.7,0.015192919963247505,-0.12664020403594306,0,COLD
15.3,60.0,-0.2235524711191196,0.5137275988718185,0,COLD
35.0,74.0,0.002964071066790658,0.008807899041454431,3,HOT
23.6,35.5,0.010214244621839291,-0.79499837785532,1,COMFORT
35.3,27.0,0.26282280609699027,-0.24848215552983677,3,HOT
18.2,53.0,0.12976523432455705,-0.5696374374568837,0,COLD
32.0,43.4,-0.15866560558730622,0.01971703752046592,2,WARM_HUMID
19.5,57.7,-0.09149836495958388,0.4058462080666173,0,COLD
21.8,21.5,0.023272796292098292,0.2170986770616338,1,COMFORT
20.5,20.3,-0.20178375004075427,0.7479471026846668,0,COLD
16.1,64.3,0.0684071031113401,-0.28240692904598264,0,COLD
19.2,53.0,0.12104912833755681,0.3656510924882097,1,COMFORT
32.3,58.6,-0.10135499462671904,0.8781852005036941,2,WARM_HUMID
22.2,65.5,-0.12787678479991074,0.08916093935398882,1,COMFORT
24.1,60.6,0.004882583218106262,-0.022322911197122982,1,COMFORT
29.6,60.4,0.028839617565608683,-0.05912850302324946,2,WARM_HUMID
37.0,16.8,-0.1035505593672518,0.8542532798245145,3,HOT
28.4,51.8,-0.009749605798675263,0.1951707463196209,2,WARM_HUMID
24.2,56.9,-0.09779091389471675,-0.636590369221676,1,COMFORT
28.9,54.7,-0.17445639754269027,0.34181500757563005,2,WARM_HUMID
30.8,34.0,0.07283717628762751,0.6020971579134925,2,WARM_HUMID
27.2,56.0,-0.009955475881508141,0.4855028330695489,1,COMFORT
28.1,27.3,-0.03135940778910177,0.1821092360786983,2,WARM_HUMID
33.2,62.7,-0.016152446278743366,0.14274495684012722,3,HOT
22.5,25.7,0.13449203847377228,-0.05673053764394425,1,COMFORT
25.9,29.7,-0.09182274345498898,-0.00636292577439644,2,WARM_HUMID
31.8,38.2,-0.22961867158056248,-0.43341788003257764,3,HOT
22.0,35.3,0.09177454562103463,-0.031633284126684605,1,COMFORT
24.7,58.2,0.18170346472060311,0.37684140756874773,1,COMFORT
22.5,39.3,0.017174330899335805,0.3402821317236876,1,COMFORT
27.3,38.0,0.1346527930945861,-0.07853191765643971,2,WARM_HUMID
29.7,75.7,0.20119951043245202,-0.36900486170808766,2,WARM_HUMID
36.0,72.0,0.0023659725570652976,0.13180935140714686,3,HOT
27.7,68.8,0.3268917165659941,0.4772210009520671,1,COMFORT
27.2,60.8,0.06025275988089872,0.2700496638265894,2,WARM_HUMID
26.3,67.0,-0.09783947756156322,-0.19579376826278058,1,COMFORT
19.6,37.6,-0.16216640217361694,0.25958263276097765,0,COLD
23.4,45.9,0.2959479889846356,0.3631893988573254,1,COMFORT
28.6,30.8,0.059141147711783276,0.256387562494789,2,WARM_HUMID
29.3,18.0,0.3057238055202677,-0.1251104357136059,1,COMFORT
33.3,44.4,0.023234210740248614,-0.0164261225328965,3,HOT
23.4,66.9,-0.06377065471672831,0.7146052894528956,1,COMFORT
19.7,39.2,-0.02827152283417371,0.16469831119741696,0,COLD
28.3,62.8,0.10162917403505509,-0.3237011721450187,2,WARM_HUMID
32.1,66.6,-0.32748005438743466,0.2074173067156817,3,HOT
32.9,67.7,0.1624892664441456,-0.6972647470446196,3,HOT
21.9,22.0,-0.07697138134575543,-0.7184762982173932,1,COMFORT
26.4,33.9,0.011186278640718644,-0.1734618098701556,2,WARM_HUMID
28.0,50.5,-0.11619104488257237,0.3698737134183221,1,COMFORT
26.3,60.0,-0.22260849973865027,0.3397061137269748,1,COMFORT
15.3,37.0,-0.16317563215704295,0.054956527284112815,0,COLD
33.0,43.0,-0.15136855225309107,0.2981975540279926,3,HOT
30.7,66.9,-0.16456878004486233,0.7432241855552587,2,WARM_HUMID
38.0,81.0,0.1184000046395971,-0.14674180244099064,3,HOT
16.5,65.0,-0.0907158232674998,-0.021790092530916867,0,COLD
22.5,48.0,-0.20475816646056255,-0.08582960565670278,1,COMFORT
28.7,34.9,-0.24825777152906534,-0.854182091997871,2,WARM_HUMID
15.1,67.7,0.04395761026551027,-0.28802242166220465,0,COLD
22.8,52.7,0.030138855984786894,-0.31964609300971886,1,COMFORT
22.1,64.0,0.13302639892328777,0.10598796285328466,1,COMFORT
33.8,62.3,-0.3680321622810478,0.36035692336437525,3,HOT
36.1,15.7,0.0864289125492633,-0.11721887073287961,3,HOT
35.6,31.4,0.03867924259424392,-0.13901156795301578,3,HOT
28.2,49.9,-0.0015290911866031717,-0.25098636616337866,1,COMFORT
28.7,41.2,-0.1744180877419055,-0.2600538734580688,2,WARM_HUMID
25.5,50.2,0.1890217432452845,0.9459153696882482,1,COMFORT
23.5,67.6,-0.17210703622803694,0.370132040411164,1,COMFORT
31.2,63.0,0.00028694040314909046,0.09930046679521215,2,WARM_HUMID
27.7,38.0,0.19841167003277033,-0.2749226961857852,2,WARM_HUMID
25.6,45.0,0.2713959524599665,-0.3020523293058107,1,COMFORT
21.7,28.9,0.052139815646217835,-0.3433437542902268,1,COMFORT
28.3,62.8,0.14473498035410773,0.006658336644645982,2,WARM_HUMID
23.3,40.8,0.24428842412620427,-0.03239962387648189,1,COMFORT
29.1,47.0,-0.14190416189844196,0.7376584100949719,2,WARM_HUMID
20.0,32.5,-0.1928180268821078,0.37611856933185017,0,COLD
20.8,74.2,-0.16569249342864611,0.21919387604870968,1,COMFORT
18.1,33.5,0.11031649293062382,0.45976136327706574,0,COLD
18.6,50.8,0.009009813046806984,-0.11107664725502316,0,COLD
25.0,57.5,0.06181067055990359,0.9131108601782902,1,COMFORT
34.5,44.0,-0.16744431037495758,-0.06723844447355017,3,HOT
22.8,23.5,0.13897186813471998,-0.09918303193636152,1,COMFORT
36.0,42.3,0.15969185617311993,-0.20840156532176315,3,HOT
24.0,55.7,-0.02029730115827658,-0.10009355838881125,1,COMFORT
25.8,36.2,0.07613972762729808,-0.07826099641431514,1,COMFORT
21.9,42.2,-0.056820073137574464,-0.25472651226717125,1,COMFORT
24.6,31.8,-0.23861624443841578,-0.4246219739660947,2,WARM_HUMID
22.6,55.6,-0.11764535758720784,-0.2607259517645789,1,COMFORT
33.3,42.0,0.06917371137535211,0.11224125690793232,3,HOT
20.6,35.2,-0.20289937016057208,-0.15144480375743039,0,COLD
29.7,63.7,0.29857141234809037,0.044257382959553,1,COMFORT
20.0,36.5,-0.13255849472802622,-0.11812526802932866,0,COLD
22.4,70.0,-0.10265215617126017,-0.1479855106778354,1,COMFORT
22.2,54.2,0.13387609561347436,0.36303327774746896,1,COMFORT
11.0,53.7,0.22132723661136358,-0.3812035994503431,0,COLD
29.6,46.0,0.15810063992243253,0.19816350939922855,2,WARM_HUMID
22.7,49.0,-0.009528686192303265,-0.36418746753326614,1,COMFORT
32.2,62.1,0.10782951293110496,0.5081670399460266,3,HOT
25.9,25.1,0.06323845502034689,-0.4927084059669077,2,WARM_HUMID
26.6,40.8,-0.2944633344079236,0.08211750032470674,2,WARM_HUMID
32.5,40.0,0.11008899602779817,-0.7749023136797568,3,HOT
11.0,68.7,0.17106351781721132,0.1898292671132289,0,COLD
25.1,63.7,-0.03933106866697491,0.06921956475336632,1,COMFORT
23.1,52.2,-0.26674171518826006,0.16009093463439333,1,COMFORT
17.5,55.4,-0.23538087110773828,-0.30913319225911856,0,COLD
23.8,32.4,0.21788824121755754,-0.24086157616460097,1,COMFORT
32.0,86.0,0.28005173554444507,-0.12248828103636507,3,HOT
18.6,58.3,0.14405482083258872,0.25324270598249804,1,COMFORT
14.6,22.4,-0.04025525856726912,0.39575164102359084,0,COLD
30.6,68.0,0.058528891590810414,0.11346792381851133,2,WARM_HUMID
23.7,28.2,0.053935245038014466,0.13033950998745844,1,COMFORT
30.0,70.0,-0.010083084735495374,0.10079882644284038,1,COMFORT
31.7,41.0,0.011212366607729809,-0.035657913221399384,2,WARM_HUMID
27.9,53.6,0.005637642173689275,-0.5459735005580018,2,WARM_HUMID
20.4,30.9,0.12378189706299186,0.6920171492739954,1,COMFORT
23.0,40.2,-0.14023879593249808,0.3110381327404422,1,COMFORT
30.1,61.0,-0.09981334471941908,-0.20332326637779197,2,WARM_HUMID
26.6,44.3,-0.0735138703241208,-0.6219094116005753,1,COMFORT
31.4,26.8,-0.13985568647729807,0.136415309398382,2,WARM_HUMID
21.6,46.5,-0.031904092996748526,0.9303063114186263,1,COMFORT
23.0,38.1,-0.07500614196329039,0.3426159721540576,1,COMFORT
33.2,53.0,-0.1467559166422548,0.008533305527256499,3,HOT
26.4,37.2,0.23940615517845357,0.15778107846247172,2,WARM_HUMID
20.9,42.5,-0.09242151870734151,-0.8267402717789403,1,COMFORT
29.1,55.0,0.1186869052228401,0.8272927783798658,2,WARM_HUMID
21.0,33.2,-0.18275709041112376,-0.3783421698626966,1,COMFORT
29.4,30.0,-0.19516638995870178,-0.09432369679407177,2,WARM_HUMID
25.7,54.0,-0.00986253916094817,0.46136944652121836,2,WARM_HUMID
22.6,61.0,-0.039957368703304755,0.41690280991496964,1,COMFORT
20.3,17.3,-0.23661883269483835,-0.6901793939438593,0,COLD
33.6,55.2,-0.11542671737517045,0.09407415731614835,3,HOT
21.9,48.7,-0.1725866991136529,0.7526819999367084,1,COMFORT
24.1,61.8,-0.14784423803054106,0.05734128614832573,1,COMFORT
23.5,30.2,0.21198206429903135,-0.7434753729266315,1,COMFORT
35.0,40.0,-0.08344185973056155,-0.0589038437602394,3,HOT
32.1,56.0,-0.18810255150728752,-0.2153081205721121,2,WARM_HUMID
12.2,74.2,-0.21560224791833302,-0.6219845562624834,0,COLD
23.2,28.7,-0.06653668620606551,-0.45949057349447814,1,COMFORT
18.9,62.0,0.1495898351488309,-0.1404309254112347,1,COMFORT
25.5,63.4,-0.053366055486326745,-0.24719352701945865,1,COMFORT
18.0,56.0,0.0439959354025537,0.17030099766048445,0,COLD
21.9,46.5,0.12703495819712513,0.38580900785948274,1,COMFORT
21.6,55.8,-0.07356996515684945,-0.40701021235000145,1,COMFORT
25.9,21.0,-0.06986411373944568,-0.09326005869622786,2,WARM_HUMID
31.5,42.0,0.1377364232152502,0.5778348630526335,2,WARM_HUMID
32.1,66.1,0.03154268458428425,0.46245461933818577,3,HOT
22.3,35.0,0.1429129817515372,-0.9079355859452249,1,COMFORT
30.8,69.2,0.08713429839230834,-0.31867882954590804,2,WARM_HUMID
17.0,35.0,0.038724085066748105,0.35300745749498663,0,COLD
24.0,61.3,-0.04335357217229441,-0.12240204799792803,1,COMFORT
29.1,50.0,-0.01818465391907862,-0.4624156298992076,2,WARM_HUMID
25.3,43.7,-0.05762724985604633,-0.09985009298766916,1,COMFORT
22.5,42.9,0.12967981823836205,0.16545811158710289,1,COMFORT
30.0,62.0,0.10032601958193273,0.0031935999439081488,2,WARM_HUMID
17.0,42.0,-0.11818651560447184,-0.0370359964967801,0,COLD
20.8,30.5,0.0916606357665856,0.41437227750483036,0,COLD
26.8,77.0,0.040488014208496875,-0.23229316931799532,1,COMFORT
30.0,36.0,0.07655902834671295,0.1070242528456046,2,WARM_HUMID
11.0,54.2,0.042182899070802145,-0.046425711049074836,0,COLD
30.1,80.4,-0.3035897416474416,0.5058926313140854,2,WARM_HUMID
15.7,42.1,0.04617202302398867,0.21109321818513044,0,COLD
30.8,65.7,0.008935601923128917,0.4305668176265061,2,WARM_HUMID
24.8,35.6,0.13213162065685544,-0.2628916039950405,2,WARM_HUMID
22.5,24.1,-0.05805795393505914,0.13765659462737537,1,COMFORT
29.5,55.9,0.206646542849075,0.324693675718991,2,WARM_HUMID
31.0,59.1,-0.2783899930782655,0.425579361380993,2,WARM_HUMID
18.2,33.0,-0.1417444041283005,0.311481565202636,0,COLD
27.5,31.3,0.12176517615499148,0.5663947970044511,2,WARM_HUMID
34.1,42.2,-0.3161225771124191,0.2974680971594217,3,HOT
35.8,19.2,-0.16096892356253142,0.11804089597457301,2,WARM_HUMID
32.9,53.5,0.21263346021049154,0.5714195073326033,3,HOT
30.6,73.3,-0.05457393311780536,0.4093790868117597,2,WARM_HUMID
22.9,24.3,-0.055383732477824625,-0.37303476109161354,1,COMFORT
14.0,33.8,0.2459935022742991,-0.551472092015688,0,COLD
11.0,69.0,-0.11127309625526373,-0.5465859032120906,0,COLD
22.2,65.8,0.03565108941003302,0.7328829730557413,1,COMFORT
18.6,43.2,-0.17133033802429753,-0.35532377305364177,0,COLD
19.7,33.0,-0.00702942177942373,-0.2557407649792535,0,COLD
31.3,28.8,0.09677133849177458,0.3323274236787013,2,WARM_HUMID
32.1,43.0,-0.07193957227175672,0.2029479575553047,2,WARM_HUMID
18.1,39.7,0.02205162504192953,-0.933758684488709,0,COLD
15.7,71.6,0.11977610330325653,-0.6556782679413732,0,COLD
22.6,28.5,0.029939088462478423,0.6184041012830169,1,COMFORT
26.2,39.8,-0.4013789378093408,0.47424702732485857,2,WARM_HUMID
26.0,57.7,-0.07463496470826708,0.09396359341362225,1,COMFORT
26.2,49.8,-0.034830303505366166,0.6819840553891042,2,WARM_HUMID
30.3,74.3,0.06795594848580884,-0.1826758164734329,2,WARM_HUMID
33.5,33.1,0.2004121073694543,0.6299029451228749,3,HOT
18.2,34.8,-0.4275045163975773,-0.236317764618682,0,COLD
20.8,84.4,-0.037729022467383806,0.47563447856254926,1,COMFORT
35.4,36.8,-0.046512385921341104,0.23857668281896827,3,HOT
19.9,37.2,-0.02587243041728521,-0.46253260735142665,0,COLD
23.3,37.0,-0.0815096596508206,-0.02288989761969569,1,COMFORT
28.3,50.0,0.0021223897448637437,-0.44158516961816113,2,WARM_HUMID
15.4,61.5,0.15641199492620145,0.1142487280092661,0,COLD
24.9,27.3,0.16661297586219628,-0.3999540002730944,2,WARM_HUMID
22.6,34.0,0.1879216418075477,0.08607908319893393,1,COMFORT
34.4,43.0,0.22623273920702636,0.1560172734026197,3,HOT
19.7,29.8,0.006723469789842712,-0.45133630133795705,0,COLD
24.9,70.7,0.10680852062398236,0.6618787257079771,1,COMFORT
16.2,51.8,-0.07107835113214687,0.22174553500336716,0,COLD
26.0,50.3,0.007518055851474861,0.10545776236590593,2,WARM_HUMID
26.8,30.2,0.0560300525117653,-0.18394822130404775,2,WARM_HUMID
20.5,32.8,-0.11960172746032677,0.32295843584669665,0,COLD
19.7,53.4,-0.25179656791558536,0.0034409491043952134,1,COMFORT
29.6,40.0,-0.0912358722096809,0.024475334463729098,2,WARM_HUMID
26.8,81.2,-0.010833065723920461,-0.010399923045472048,2,WARM_HUMID
26.1,39.0,0.12262286709842875,-0.1289690534923396,2,WARM_HUMID
21.0,49.0,0.16783684075607605,0.4111471467165244,1,COMFORT
25.8,69.0,-0.15480727848691425,0.5676619347637252,1,COMFORT
27.7,30.3,-0.18044095416883862,-0.0011506923410313254,2,WARM_HUMID
27.1,61.0,-0.01881813900043503,-0.21988192367679146,2,WARM_HUMID
27.0,38.0,0.2418417386982968,-0.5331338573064222,2,WARM_HUMID
30.2,66.4,-0.113864129148274,0.18869674154525445,2,WARM_HUMID
17.6,59.8,-0.17033958982882863,-0.4001528709367437,0,COLD
12.2,67.7,-0.16083575749079929,0.35905682570532993,0,COLD
25.6,46.0,0.06141577959633784,-0.4242566254363876,1,COMFORT
26.8,30.2,-0.23522164701300757,0.1866969799183693,2,WARM_HUMID
11.6,57.9,0.06696361603118617,0.10267359703567269,0,COLD
16.9,43.0,-0.1805350344343249,0.5032258313954052,0,COLD
22.5,18.5,0.03924488469284542,-0.4133926089846356,1,COMFORT
19.9,37.2,-0.13716277074712963,-0.7740716019417115,0,COLD
24.5,25.0,-0.07374804017378746,0.5846919218595157,2,WARM_HUMID
26.5,21.8,-0.05742105154478324,0.36346220460740725,1,COMFORT
29.4,40.3,0.04223751076287514,0.13115279841533475,2,WARM_HUMID
22.9,60.1,-0.052868164493674374,-0.28821971317270495,1,COMFORT
18.6,46.0,0.47507649280893594,0.10251116682332594,0,COLD
35.4,15.4,0.002992631729533716,-0.10376314699629069,3,HOT
34.1,53.2,0.11927429990079194,0.10471859611070229,3,HOT
24.3,68.0,-0.11395015003093471,0.384550291191406,2,WARM_HUMID
27.6,32.8,-0.04669929181263938,-0.42746651491445925,2,WARM_HUMID
33.2,70.9,-0.08170444306795686,-0.22523982796043038,3,HOT
22.6,50.4,0.020411311861617775,0.3943783175197446,1,COMFORT
27.2,55.0,-0.09085158191357671,-0.139753229196917,1,COMFORT
33.0,61.0,0.013605484373465758,-0.1191796372022232,3,HOT
18.6,49.8,-0.03299987610401928,-1.1896353787458238,0,COLD
29.1,62.3,-0.03081116438022107,-0.30768051611291947,2,WARM_HUMID
29.3,41.0,0.07589483301837978,-0.45011171007939543,2,WARM_HUMID
20.7,36.3,0.175599244397649,-0.2810250997758969,0,COLD
30.8,19.0,0.1245614587348258,0.135614002733997,2,WARM_HUMID
28.7,62.2,0.19468747584911433,-0.11253990264774212,2,WARM_HUMID
24.7,24.2,-0.12422708458102621,-0.03222644460545777,2,WARM_HUMID
29.7,29.6,0.20024189696334793,-0.4379216853903892,2,WARM_HUMID
23.6,28.1,-0.15623966084336807,-0.6466867848688425,1,COMFORT
30.7,54.6,0.10000052771145389,0.07716018538883755,2,WARM_HUMID
27.4,60.2,-0.018829432071570694,-0.11809199034452192,2,WARM_HUMID
23.9,29.8,-0.1782831088441509,-0.01665032829681713,1,COMFORT
34.3,57.5,-0.00401194517593877,-0.12973338132726311,3,HOT
19.4,37.5,-0.4431585898621079,0.1960460863078317,0,COLD
19.5,58.9,0.059131412275216795,0.13212374468616578,0,COLD
22.9,32.7,-0.09567382832653354,-0.10694922489312625,1,COMFORT
20.9,29.3,0.1265075179486097,-0.062173218930679265,0,COLD
22.3,32.3,0.33305276911897375,-0.3955535250723119,1,COMFORT
24.5,27.2,0.03764265310680645,0.19258888493882306,1,COMFORT
27.2,83.6,0.2747175046595209,0.08305395109462298,2,WARM_HUMID
19.8,31.6,-0.028595883991401352,-0.21408135044092602,0,COLD
25.8,49.2,-0.1369084578674897,-0.018286624934237824,2,WARM_HUMID
27.2,37.4,-0.12383406365947709,0.3080802747746654,2,WARM_HUMID
24.0,41.8,0.24699290991049852,0.8879623248207376,1,COMFORT
22.6,43.6,-0.1795406890002156,-0.4942354235261235,1,COMFORT
22.2,69.7,-0.21569850044218788,0.4651374510162863,1,COMFORT
29.4,72.7,-0.030436346787489167,0.1456929774848758,1,COMFORT
26.0,57.3,0.08849974496966959,-0.010919091118013726,1,COMFORT
30.4,76.6,0.04693574947273887,0.7462515201748982,2,WARM_HUMID
19.4,35.6,-0.15151927308996557,-0.3839851766208363,0,COLD
25.1,43.0,0.11694907984040097,0.4418814971066919,1,COMFORT
28.2,60.9,-0.10833988963397466,-0.22225169265542874,2,WARM_HUMID
31.4,70.0,0.15382004986310263,0.08552775445486092,2,WARM_HUMID
38.1,32.0,-0.06425486741648838,-0.3346493384849221,3,HOT
23.3,63.9,-0.011583271101863742,0.5963280556154157,1,COMFORT
33.7,47.7,0.43875361731613705,-0.26984019747298693,3,HOT
30.9,65.7,-0.03746497845156732,0.02588604921501819,2,WARM_HUMID
37.0,87.0,0.032332794721492614,0.21625852414889973,3,HOT
27.7,54.5,0.08090481649909075,-0.6513052798576098,2,WARM_HUMID
18.8,35.0,0.03233184525149276,-0.10522842044404657,0,COLD
26.2,59.1,0.043939597939566984,-0.4927533581637441,1,COMFORT
32.4,46.0,-0.40632467462286526,0.3624049212623314,3,HOT
27.2,83.6,0.01973384445371263,0.5009725821993919,2,WARM_HUMID
28.7,51.4,-0.09176345381965202,-0.07165394849361173,2,WARM_HUMID
11.0,54.6,0.046927114673606815,0.08516667442126326,0,COLD
25.6,63.6,-0.2489929807523217,-0.3079622473499828,1,COMFORT
34.0,39.0,0.048509277032094344,-0.052869377589505634,3,HOT
25.5,45.0,0.16260128941632826,-0.42453835207584095,1,COMFORT
29.8,34.8,-0.03781847381581145,0.4246373755674056,2,WARM_HUMID
31.0,59.1,-0.08164116493868072,0.4262769578976455,2,WARM_HUMID
24.0,27.9,-0.32287776795694517,-0.20838798738713704,1,COMFORT
31.8,38.2,-0.22961867158056248,-0.43341788003257764,3,HOT
27.0,57.0,-0.08858038682724909,-0.4661095281278623,1,COMFORT
20.3,36.5,-0.17176018747238098,-0.7557037026207452,0,COLD
22.5,55.0,0.030824993268403572,-0.4101807316889001,1,COMFORT
32.8,66.7,0.2422934654402547,0.5701546694720404,2,WARM_HUMID
29.7,56.0,0.003203085003163057,0.07137699170275452,2,WARM_HUMID
30.2,36.0,0.15628070539985517,0.5533484138607269,2,WARM_HUMID
21.4,50.3,0.16968949428982674,0.0030411761433913748,1,COMFORT
24.6,23.6,-0.14953111787293383,0.0716033014493237,2,WARM_HUMID
18.9,59.0,0.05412651378475657,0.9229658933383688,0,COLD
26.7,49.4,0.15001230950676242,0.3809476735277981,1,COMFORT
19.6,35.2,0.17055882900682834,-0.3932206013527336,0,COLD
29.2,41.9,0.24029889819201192,-0.35655501885036234,2,WARM_HUMID
23.1,74.0,0.03759136366066563,-0.35795700955558873,1,COMFORT
35.4,27.5,0.007302582735231546,0.04059886974878687,3,HOT
11.6,62.7,-0.116584739638374,0.11015932711382055,0,COLD
33.5,62.2,0.0602144489051193,-0.4095855506652103,3,HOT
25.9,45.0,0.23847584672710256,-0.2484417978131509,1,COMFORT
20.3,32.9,0.07467191496199636,0.8137193185756433,0,COLD
29.0,55.0,0.15273913664557734,0.390728283546663,2,WARM_HUMID
39.3,18.6,0.18934168360075085,-0.05115670569872519,3,HOT
26.1,29.6,0.20753878001676218,-0.1371711473452612,2,WARM_HUMID
22.6,42.7,-0.08653649972847953,0.3889048869109158,1,COMFORT
34.1,54.0,0.1765191891337289,0.9387272820123723,3,HOT
27.2,39.2,-0.07606132945267897,-0.5694777223626851,2,WARM_HUMID
16.0,59.8,-0.03066087636729708,0.24709513556997886,0,COLD
11.5,60.0,-0.03303142944511161,-0.09956772777298811,0,COLD
33.7,52.7,-0.0015500263316992296,-0.3533145182636058,3,HOT
23.1,43.1,-0.01294771843578056,-0.38918753269773804,1,COMFORT
18.1,59.7,0.02496196280987549,-0.6844250561820706,1,COMFORT
13.8,37.8,-0.1284752935679134,0.25899810521950173,0,COLD
30.6,65.7,0.1368206666619005,-0.23021188103946266,2,WARM_HUMID
27.3,29.7,0.2719269688292244,0.2695398836873213,2,WARM_HUMID
22.2,53.2,-0.08791528957146606,-0.13884347580150896,1,COMFORT
12.2,57.9,0.19634566163933515,0.014879360838098977,0,COLD
38.7,24.0,0.06500018540263182,0.30603576891436246,3,HOT
32.0,39.8,0.008360965998955175,0.35063653934009903,2,WARM_HUMID
34.5,43.0,-0.1941803927643477,0.43796904243252793,3,HOT
29.7,60.0,0.038172002137583,-0.838861267631728,2,WARM_HUMID
19.3,58.3,-0.0934989512784059,-0.7568275132063254,0,COLD
17.8,37.8,-0.005868892465357121,-0.42610861588079624,0,COLD
23.9,25.1,0.14902309192711663,-0.5097055690369782,1,COMFORT
23.6,27.0,-0.05229676363756987,0.2526450806869276,1,COMFORT
19.6,32.0,0.1520761741602212,-0.41071070545665833,0,COLD
22.2,40.3,-0.034351810892695414,0.06820558560685978,1,COMFORT
25.7,57.0,-0.038726270704715154,-0.058752997119328125,1,COMFORT
31.1,70.2,0.12514947095918388,-0.25664525224081164,2,WARM_HUMID
15.0,54.0,0.2916026475000662,-0.6822762581075721,0,COLD
20.2,37.5,-0.021513964517232986,-0.009923744696793083,0,COLD
33.5,54.6,0.1508837884090179,-0.19155826187960634,3,HOT
12.6,68.0,-0.11225379780837558,-0.5338923530988615,0,COLD
19.7,27.3,-0.016780432950125088,0.1772856105312785,1,COMFORT
18.8,44.3,-0.09456876812782163,0.5197072396092476,0,COLD
21.6,39.9,-0.11204855673107704,0.25868291692794837,1,COMFORT
22.8,47.2,0.18344160406084586,0.4409175120129759,1,COMFORT
19.1,45.1,0.11757351086199876,-0.16112776662294712,0,COLD
33.0,33.5,-0.2027205295006577,-0.3398009348946469,2,WARM_HUMID
23.7,29.7,0.033061607338605206,-0.11196837287632855,1,COMFORT
11.6,50.8,0.018896151493497756,0.21407338316101987,0,COLD
31.0,67.3,0.19785207006671662,-0.0173009185172792,2,WARM_HUMID
31.5,68.5,-0.15589909483171108,0.2858571808214529,2,WARM_HUMID
23.6,41.3,-0.11222617365037435,0.37125090430124197,1,COMFORT
24.9,46.0,-0.1635598616164269,-0.1533441711562363,1,COMFORT
18.6,46.0,-0.09379671562931427,-0.7090263739439362,0,COLD
10.2,25.8,0.15028056203116325,0.7006162557101798,0,COLD
27.1,31.0,0.27093518075197665,0.3700477486768799,2,WARM_HUMID
19.0,36.8,-0.09355740523745891,-0.1465196652191899,0,COLD
24.3,23.8,-0.05655194375909922,-1.1859737946863005,2,WARM_HUMID
17.2,38.1,-0.11774018539577066,0.5522156719694115,0,COLD
20.1,30.5,0.005632961499084436,0.5525562646747582,0,COLD
35.7,34.0,-0.00827730391080263,-0.23759539845447464,3,HOT
29.3,75.7,0.021038172438889446,1.0544089290728182,2,WARM_HUMID
21.5,23.7,-0.2532051487796517,0.061191233351293964,1,COMFORT
32.1,49.0,0.014331711343829882,0.06563960138865589,3,HOT
14.1,36.2,0.1374941533084262,0.40626408574736755,0,COLD
35.0,50.4,0.00502855108496536,0.1239625464158616,3,HOT
22.6,38.4,0.10498068659998293,0.3633491469482542,1,COMFORT
24.6,41.8,-0.08922304656811142,-0.01657122510299427,1,COMFORT
33.1,41.1,-0.11910191443420441,-0.5095216710775355,2,WARM_HUMID
33.6,60.5,-0.13133838013574578,-0.26066002129946964,3,HOT
19.5,40.3,-0.02535550750888351,0.15433187485976813,0,COLD
31.8,58.9,0.2772512623450315,-0.20520147545380352,2,WARM_HUMID
29.9,51.0,0.0029187383278324675,-0.02669615803955196,2,WARM_HUMID
34.2,35.4,-0.02181453331556132,-0.057609702375917865,3,HOT
34.5,50.5,0.0531885417907024,-0.4662324750953417,3,HOT
25.2,63.0,0.03066965278447539,-0.5293079069312586,1,COMFORT
22.1,81.3,-0.023348296442846653,0.7905053928471898,1,COMFORT
15.4,57.0,0.24805836615741578,-0.7433822506902207,0,COLD
11.0,50.3,-0.1818239075027782,0.05654375285163116,0,COLD
26.8,52.0,0.06333712481375312,-0.3031497776905649,1,COMFORT
22.9,21.8,-0.1303830567977771,0.07463624312790902,1,COMFORT
27.2,51.5,0.38088919817289724,-0.7837023562770749,1,COMFORT
37.2,29.2,-0.07371207269246934,-0.2077188010834634,3,HOT
28.1,40.0,-0.05373665668612619,-0.3697386854584463,2,WARM_HUMID
20.4,57.6,0.11042190292012773,0.3015825740802543,1,COMFORT
24.9,24.6,0.026940664807236777,0.5624800977755297,2,WARM_HUMID
26.8,47.0,-0.17813976285442693,-0.14293721271666468,1,COMFORT
11.2,72.1,0.021538473821923827,-0.8508909398432536,0,COLD
22.5,48.8,-0.035534873098113894,0.03586990083530316,1,COMFORT
19.6,36.3,0.004521099197276606,0.3363356828840228,0,COLD
28.7,46.8,-0.13660703894155807,-0.6467825230034969,2,WARM_HUMID
23.3,48.9,0.19593301492517046,-0.19092497828713975,1,COMFORT
21.9,17.5,0.1716041375927166,-0.04671222701776944,1,COMFORT
25.0,32.2,0.12824169765842242,0.13074120167817313,1,COMFORT
19.6,31.3,0.06775559300939128,-0.34715237450717185,0,COLD
32.6,54.4,0.040725225692195076,-0.6566429620966097,2,WARM_HUMID
25.9,34.0,-0.18553705853907074,-0.36028947715497006,2,WARM_HUMID
28.2,61.3,-0.11049154336564823,0.21508655544857072,2,WARM_HUMID
18.7,40.4,0.06290128086924378,0.08401934782146636,0,COLD
11.6,61.8,-0.1472720518807093,-0.42464975925792575,0,COLD
35.7,49.6,-0.3201423510071985,0.4348627021197353,3,HOT
34.2,50.3,0.31395988079837556,-0.3598241696202468,3,HOT
28.1,83.2,0.13227274203009973,-0.4449340490641019,1,COMFORT
33.8,42.0,0.03685430725772391,-0.22100403733386567,3,HOT
19.2,36.7,-0.07375121094547667,0.20939090454754672,0,COLD
23.2,43.0,0.06078021184150872,0.1555798603824314,1,COMFORT
24.5,68.0,-0.021505539745795207,0.4523717261174718,2,WARM_HUMID
30.8,22.8,0.18028975043093148,-0.1619205190619344,2,WARM_HUMID
37.7,19.5,-0.09757109991888253,-0.278250477341891,3,HOT
24.7,56.9,0.18171147736351406,0.03905058310361813,1,COMFORT
18.5,42.2,-0.2529795089535505,-0.2883826370971578,0,COLD
18.9,36.2,0.22952161497658938,-0.6481675871328367,0,COLD
19.9,46.1,-0.13574954219963598,-0.6655595437991926,0,COLD
27.5,47.9,0.09736400765812511,0.023099164984418604,1,COMFORT
21.3,28.4,0.04238304761137491,-0.4377737938619694,1,COMFORT
18.9,59.5,-0.0011562977223366117,0.41136491757609356,0,COLD
22.6,49.3,-0.006421226733223727,0.13077222655853982,1,COMFORT
25.6,27.0,-0.16479306377667183,-0.6578061486605223,2,WARM_HUMID
12.8,64.0,-0.0222144138049693,0.05837125728488838,0,COLD
20.2,35.1,-0.2151068790979653,-0.3395693645008251,0,COLD
27.9,52.0,0.09784843176201294,-0.02256158415901749,2,WARM_HUMID
25.0,63.0,0.10647242304357071,-0.0040400862072087484,1,COMFORT
21.7,24.5,0.13020630002250605,0.680103763349293,1,COMFORT
15.7,32.8,-0.248001816683245,0.892335092212025,0,COLD
33.1,52.3,-0.12832317832078372,-0.6696318065580023,3,HOT
20.3,17.9,0.09960016157307144,-0.24887963654232725,0,COLD
27.8,89.3,-0.0001606700306121278,-0.03163734807063156,0,COLD
35.2,28.7,-0.02811693831678581,0.1297855537570354,3,HOT
31.8,44.0,-0.24755317562317938,0.08369890063017597,2,WARM_HUMID
28.1,79.9,-0.1999825580926494,-0.23693352608408255,2,WARM_HUMID
19.1,38.0,-0.10853397829189128,-0.8898956887128773,0,COLD
30.5,63.1,-0.21325035720885485,-0.2340303772395947,2,WARM_HUMID
24.3,26.9,-0.07676612827443556,0.11442630902322329,2,WARM_HUMID
27.1,64.1,0.04371268812677893,0.502667785890447,1,COMFORT
23.3,29.8,-0.1984209113523275,-0.4364236298466997,1,COMFORT
24.2,26.0,0.2335615148348599,-0.015942881234114605,1,COMFORT
18.9,27.0,-0.26998448868858294,0.22747457325888082,1,COMFORT
34.1,57.5,0.06283674170591796,-0.04569715771059733,2,WARM_HUMID
30.0,47.3,-0.26373643648877665,0.8649260547940492,2,WARM_HUMID
21.6,29.3,0.2590765029362777,0.2942740880770591,1,COMFORT
27.0,30.6,-0.06730358708573549,0.003587793109885086,2,WARM_HUMID
19.0,44.3,-0.06904601438615446,-0.33020064498049284,0,COLD
31.6,26.0,-0.030124684395113403,-0.457474623738679,2,WARM_HUMID
23.9,57.3,-0.09089455727564637,0.731541083532123,1,COMFORT
14.5,59.0,-0.015164734182308872,0.14059486342239644,0,COLD
17.0,37.7,0.02867221074818581,-0.5257404718560248,0,COLD
12.8,47.3,-0.2274753230978779,-0.14102411145566007,0,COLD
15.4,21.0,-0.1972484093207362,-0.8651050615097834,0,COLD
38.5,42.0,0.04134953726028458,-0.7934608900288873,3,HOT
20.8,31.9,0.018424847939450505,0.2514592568800476,1,COMFORT
29.6,33.3,0.17485617616536694,0.39934854245277807,2,WARM_HUMID
23.2,29.6,-0.09880449345655802,-0.10629470022784465,1,COMFORT
19.2,60.9,-0.3586311496115074,0.17125490216195516,0,COLD
19.7,31.5,-0.005185833822872852,0.3345524226275944,0,COLD
30.9,42.1,-0.10543671570593512,1.0825822103505722,2,WARM_HUMID
25.3,42.0,0.06415358466580741,0.40761019727849956,1,COMFORT
24.2,61.9,0.10645998170428884,0.10423327047894902,1,COMFORT
24.3,56.7,0.12231282893167378,-0.008213923167354939,1,COMFORT
20.5,43.2,0.015039294129329847,0.3052626402416474,1,COMFORT
19.9,52.8,-0.10265976515607485,0.06923949331609912,0,COLD
12.8,48.8,-0.27060904484222253,0.084102193827767,0,COLD
29.7,60.8,0.09792230125543488,-0.37391207748377525,2,WARM_HUMID
20.9,53.6,0.06829017358787866,-0.128409906046298,1,COMFORT
27.9,91.7,0.0013935102460041864,-0.19348297211153154,0,COLD
14.9,62.7,0.10271934555875183,0.3790548913094059,0,COLD
25.8,40.7,0.1229960463520179,-0.23148131950876066,2,WARM_HUMID
18.9,22.7,-0.06753998878972174,0.5339716404752288,0,COLD
23.8,36.5,0.057779996727629804,0.3035744539092544,1,COMFORT
17.2,52.8,-0.11322606794913524,-0.0556944485721255,0,COLD
11.6,61.8,-0.1472720518807093,-0.42464975925792575,0,COLD
24.3,23.5,-0.05035709345825893,-0.04125241026207495,2,WARM_HUMID
34.8,51.5,-0.23114205497383422,0.016320490440488656,3,HOT
24.2,20.6,-0.10117569632005112,-0.2223262940557057,1,COMFORT
18.6,27.0,0.09812075639269621,0.0647354188158941,0,COLD
36.0,69.0,0.14936541048324325,0.4442704642066135,3,HOT
31.1,27.1,0.06996839594541188,0.7042217226285039,2,WARM_HUMID
18.8,45.4,-0.12332484100341103,0.2368407346413334,0,COLD
29.3,40.0,0.2391757594837458,0.5303990490824728,2,WARM_HUMID
23.2,59.4,0.028335887935897076,0.310030700146174,1,COMFORT
28.0,54.4,0.17868910224477488,-0.02950307102470422,2,WARM_HUMID
20.8,54.5,0.02642832861170394,0.1704118887477894,1,COMFORT
29.0,76.5,0.00655380519099262,0.5312751648713673,1,COMFORT
29.1,79.1,-0.14485433851555118,-0.31750244875258854,2,WARM_HUMID
20.4,35.1,0.0535449980205468,-0.2148098636031926,0,COLD
27.5,49.1,-0.12640228622702207,-0.3877765911922779,2,WARM_HUMID
19.3,45.3,-0.11644692046614578,0.03619543387302118,0,COLD
32.5,69.8,0.15422789101231324,0.10795937466640251,3,HOT
18.8,36.8,0.056668722894897806,0.29958147641862337,0,COLD
27.9,20.0,-0.11829435428456961,1.1564302409322373,2,WARM_HUMID
21.9,42.7,0.0524917247137894,0.6720908659972882,1,COMFORT
19.7,40.6,0.16526067926793134,-0.37648538816637167,0,COLD
32.5,45.0,0.16315112567364895,0.13762732450429077,3,HOT
12.6,68.0,-0.11225379780837558,-0.5338923530988615,0,COLD
12.8,48.8,-0.27060904484222253,0.084102193827767,0,COLD
26.6,80.0,-0.3716255444068572,-0.4398771589744639,1,COMFORT
34.2,50.4,0.08688342226162638,0.5256458351237003,3,HOT
29.3,58.0,-0.00019951170394851152,0.15148333773409653,2,WARM_HUMID
27.5,34.1,-0.1504236023135425,0.01223788378259122,2,WARM_HUMID
19.3,43.4,0.15495397413527717,0.4256145915064402,1,COMFORT
24.1,47.7,0.23283973715322984,-0.1180251123265737,1,COMFORT
22.0,41.6,-0.09183807925609842,0.39518333785643134,1,COMFORT
29.9,61.0,-0.05815523399039762,0.28994010158469946,2,WARM_HUMID
22.6,35.0,-0.031946798482531694,0.27820461303794053,1,COMFORT
22.3,36.6,0.25555907320458565,-0.5110817355600247,1,COMFORT
37.0,44.0,0.13228313822896381,0.7597986429127279,3,HOT
19.7,43.6,0.004203135109018661,-0.5458223223490187,1,COMFORT
34.4,54.2,-0.08731794129552295,-0.2459738821693792,3,HOT
33.4,50.1,0.1890215449738762,-0.210822642772954,3,HOT
28.2,85.7,-0.2129786301877459,0.29085677548746325,0,COLD
25.7,32.4,-0.01111464846175104,0.4521542014865523,2,WARM_HUMID
22.7,22.5,-0.06306393836294999,0.20507017631281893,1,COMFORT
26.8,50.9,0.01652323594558505,-0.5045040261572942,1,COMFORT
25.0,43.4,-0.10992356042578447,0.42649200952641797,1,COMFORT
18.4,33.3,0.10849763683335294,-0.23133969523469744,0,COLD
21.3,82.9,0.04880166233472759,0.6944282324881588,1,COMFORT
20.7,31.7,-0.060539000548036515,0.46978698694404186,0,COLD
22.2,22.4,0.2941964081317429,-0.06702904681922309,1,COMFORT
30.2,74.8,-0.014181528028424163,-0.2313180515693838,2,WARM_HUMID
33.0,45.0,-0.12880113614858116,0.13737706639793726,3,HOT
14.6,50.8,-0.13750907794025563,0.5509038398317696,0,COLD
18.0,52.8,0.057218663976886706,0.019472195840855404,0,COLD
20.0,51.0,0.022362051593433584,-0.2217765392618528,0,COLD
33.8,34.0,-0.07161160592892006,0.1016068196704812,2,WARM_HUMID
21.2,28.4,0.2634318124835881,-0.41352965139744696,1,COMFORT
22.9,40.5,0.21761499600350612,0.4944434584269386,1,COMFORT
23.4,48.9,-0.059632304481866696,0.07455549093002038,1,COMFORT
16.2,37.7,-0.06777800732031503,0.10571219256614489,0,COLD
32.9,56.2,0.29766034350662973,-0.43499544206418944,3,HOT
19.3,48.3,-0.15814326992107164,0.21109404650622104,1,COMFORT
25.2,64.7,-0.02933228409453638,-0.04573835931398301,1,COMFORT
17.6,40.6,-0.0008380700952274671,0.5306011317904397,0,COLD
22.5,27.1,0.24253420670233922,0.3828828847015676,1,COMFORT
31.1,27.6,0.2059332788508046,-0.4927168907898297,2,WARM_HUMID
18.9,49.9,-0.05507783374156341,0.1858932583277299,0,COLD
32.0,61.9,-0.14859811162488576,0.7498777101877195,3,HOT
29.0,55.6,-0.3315116033502437,0.32716911464222953,2,WARM_HUMID
37.0,43.0,0.10251258468583371,-0.957780379836367,3,HOT
24.8,55.0,-0.024047162734414988,0.49296056402966903,1,COMFORT
32.2,66.2,0.2517860946523136,-0.12756183694389683,3,HOT
23.1,49.4,-0.07559048874266601,0.124356668394357,1,COMFORT
18.7,66.5,-0.017050003362215307,-0.09611593107322286,0,COLD
34.5,44.4,0.13708929319758598,0.751069498940735,3,HOT
24.6,58.0,-0.0946396250606685,-0.3240235004825772,1,COMFORT
24.9,34.2,-0.28962504010861245,0.09710736873649839,1,COMFORT
24.3,71.7,0.07799329943965241,0.42771720464455865,1,COMFORT
30.5,32.7,0.08864292478938711,-0.3828195887451756,2,WARM_HUMID
19.5,35.1,-0.04300820334117894,-0.07718158320864242,0,COLD
25.3,48.6,-0.1613604972662417,-0.23638927510494143,1,COMFORT
33.6,62.1,-0.5002339065938745,0.26358565131288675,3,HOT
20.4,36.2,0.34760306484222914,0.15563074336891092,0,COLD
33.1,61.8,-0.016292498240751362,-0.4101383756182811,3,HOT
24.8,68.1,-0.10388569639378609,0.2831225794977878,1,COMFORT
16.5,54.7,0.08193258698412474,0.3180175061374435,0,COLD
29.1,59.0,-0.1791284101638434,-0.036189682662276956,2,WARM_HUMID
24.5,22.2,-0.11531308188568877,0.0884699364536839,2,WARM_HUMID
11.0,50.3,-0.018609593107628386,0.7892841919880393,0,COLD
27.3,52.0,0.033702708862782885,0.3854853267667364,2,WARM_HUMID
31.3,35.0,-0.20103262559612375,-0.023075176704183638,2,WARM_HUMID
15.4,57.0,0.09036802060834384,0.18284349076769807,0,COLD
22.3,58.0,-0.00016933794117108026,0.33507574557240577,1,COMFORT
18.9,75.0,-0.27352391025743794,0.05879836641717123,0,COLD
18.8,38.1,-0.0938874026526903,-0.03571848067438171,0,COLD
18.0,27.9,-0.10411112327242737,0.3353863079837611,0,COLD
23.2,22.4,0.28027907821096365,-0.493915379372065,1,COMFORT
19.5,74.5,-0.2454452677649189,0.46054215377650326,0,COLD
25.8,69.0,-0.06916431521169707,-0.30979636256689647,1,COMFORT
19.4,46.3,0.02160463529688393,-0.24641766820169977,0,COLD
27.4,71.2,0.008379798216648837,-0.37462132252302094,2,WARM_HUMID
22.9,51.0,-0.18369894704911346,-0.05909978915604001,1,COMFORT
20.9,54.2,-0.1151593714152918,0.3177879007328912,1,COMFORT
23.9,21.8,0.13318100798266053,0.15936966825052665,2,WARM_HUMID
23.0,81.7,0.03180358563475627,-0.0742190047892599,3,HOT
33.3,46.5,0.033398500958009426,-0.2984189393563144,3,HOT
27.1,33.9,-0.018668478426388944,0.6339217374398853,2,WARM_HUMID
11.6,52.2,0.14051499836079726,-0.3379635242047056,0,COLD
23.1,26.2,-0.007512089828469995,-0.7143917335990171,1,COMFORT
29.6,47.0,0.0812194092307182,-0.6192145184677154,2,WARM_HUMID
19.9,35.6,0.060831660992035456,0.24013689524764903,0,COLD
23.2,62.2,0.05355299077787876,-0.47751757948154155,1,COMFORT
16.8,66.1,0.043032367561641166,-0.39061435906840647,0,COLD
23.2,58.3,-0.2252667717961614,-0.3229207985276856,1,COMFORT
25.2,69.7,-0.0008222992362646529,-0.03874059360207438,1,COMFORT
17.5,37.5,0.03237739955557473,-0.3368778803170976,0,COLD
26.0,32.5,-0.0922156671217149,0.08466440572733686,2,WARM_HUMID
30.2,73.0,-0.17568505920753805,0.30517035818862737,2,WARM_HUMID
11.5,82.0,0.04665585980521173,-0.0790439761619406,0,COLD
24.8,62.3,0.06592807494955763,0.1192693169790621,1,COMFORT
20.6,32.6,-0.12749499250114518,0.12542601326551256,0,COLD
21.8,22.4,-0.37824072021930644,-0.6487247154871784,1,COMFORT
20.8,25.7,-0.10703347364081302,0.4578113841215776,1,COMFORT
23.7,68.9,0.16991118805756766,0.2701597898379248,1,COMFORT
14.6,64.8,0.08615098420888327,-0.19451275748523308,0,COLD
23.2,56.1,0.25440479189701726,0.25043414177386,1,COMFORT
19.4,64.7,0.19182739873285662,0.17934192491899645,1,COMFORT
27.0,57.6,-0.28291930559265394,0.16587323832435708,2,WARM_HUMID
26.5,43.0,0.3018405668551148,0.4985535229929946,1,COMFORT
33.1,57.4,-0.08872323856063753,0.1533729465118416,2,WARM_HUMID
29.5,56.0,0.30153068081495243,0.5046978216923216,2,WARM_HUMID
20.2,78.3,-0.18381262683587787,-0.25556986010514915,0,COLD
23.4,40.5,0.09265340823950106,-0.5050837347206609,1,COMFORT
30.3,54.6,-0.3058724949263529,-0.46058682068075507,2,WARM_HUMID
20.8,39.9,0.18519028913651944,0.3283484653944071,1,COMFORT
29.6,46.0,-0.09860588309920866,0.6519000437626206,2,WARM_HUMID
30.7,71.0,0.4285354930455817,-0.16766501904339076,2,WARM_HUMID
21.0,42.6,-0.1998366880145168,0.38567178606014785,1,COMFORT
30.0,77.0,0.011604559542614504,0.23955671780440216,2,WARM_HUMID
30.5,73.6,-0.25142737457835956,-0.012967176284406013,2,WARM_HUMID
29.4,43.8,-0.002932370225314841,0.4987620398901082,2,WARM_HUMID
26.0,70.0,-0.027481308918856934,0.385093734620789,1,COMFORT
21.1,29.3,-0.16945011889658054,0.04735353810435364,0,COLD
21.5,60.2,-0.28428840410321904,0.4013837406089109,1,COMFORT
20.0,38.2,-0.009537509238232706,-0.16729637817962764,0,COLD
24.2,42.1,0.03976780081299766,0.07423573519228648,1,COMFORT
20.9,30.4,-0.0480266882612598,-0.47055665390190377,0,COLD
22.0,34.5,-0.13030938491875935,0.05951020204378324,1,COMFORT
28.9,51.0,-0.06628159312146022,-0.6813591038287838,2,WARM_HUMID
32.6,36.4,0.015953380745256183,0.5797600173341831,2,WARM_HUMID
20.2,37.5,-0.021513964517232986,-0.009923744696793083,0,COLD
31.1,61.0,-0.08829391928591611,-0.426649040270453,2,WARM_HUMID
27.7,50.0,0.3991977977636753,0.4858182847424181,2,WARM_HUMID
19.0,37.0,-0.20962340105411906,0.46397483813334084,0,COLD
30.0,71.7,-0.12830809344020902,-0.04770592251578915,2,WARM_HUMID
33.1,81.0,0.25252386982234604,-0.42634745811953584,3,HOT
23.3,44.4,-0.1405710785521564,-0.4112761821886798,1,COMFORT
20.6,22.4,0.14060511213805196,-0.09413769419734788,1,COMFORT
33.5,40.9,-0.040744112685342865,-0.2653902555365989,3,HOT
21.7,52.6,-0.0775842636173795,0.03365528576608976,1,COMFORT
21.2,33.4,-0.016418492874507872,-0.2950710398910935,1,COMFORT
28.5,39.0,0.19123125619180834,0.06560879668622176,1,COMFORT
28.3,22.9,0.005051153066326054,-0.05256509692045002,1,COMFORT
33.7,51.0,-0.24161958568324396,-0.35718001058317095,3,HOT
19.4,38.4,-0.3054616427546683,-0.10945798466655632,0,COLD
37.0,69.0,0.059029073194881515,-0.179286113998533,3,HOT
19.0,37.8,-0.22517294690122053,0.21786014858018798,0,COLD
13.4,66.5,-0.03070941369070678,-0.5179754233077135,0,COLD
33.8,42.0,-0.15166760266227913,-0.16397441113192907,3,HOT
30.8,69.0,0.15738208970338105,0.6132656160582006,2,WARM_HUMID
20.8,32.2,0.21339386105138608,-0.0956745059066232,1,COMFORT
34.0,59.8,0.17700284822564383,-0.07208382289187813,3,HOT
34.4,28.0,-0.0948460206291194,0.01643436887557808,2,WARM_HUMID
31.4,65.9,0.38520828499895127,0.40084492841811187,2,WARM_HUMID
27.1,33.5,-0.13921466361695095,-0.007369721462227361,2,WARM_HUMID
18.9,50.5,0.010113629344926054,0.15666548132582342,0,COLD
28.2,37.7,0.05159541406623928,0.3651085184498486,2,WARM_HUMID
19.7,37.2,0.049143932599262245,0.34093266283977147,0,COLD
34.0,25.4,0.028901989477420835,-0.48857236779972874,3,HOT
28.9,61.8,0.0443290479451792,0.5318308684529643,2,WARM_HUMID
25.1,35.7,-0.004674450474913493,-0.5804856653365967,2,WARM_HUMID
14.9,38.4,-0.07550351070742096,-0.49474535881759957,0,COLD
22.0,65.8,-0.07501256021520598,-0.19235256664767153,1,COMFORT
30.2,35.1,0.017108443701214886,-0.1206736693865004,2,WARM_HUMID
25.5,19.8,-0.06960736907235815,-0.11251189749905997,2,WARM_HUMID
23.7,46.0,0.09448563874742703,0.6202995607112651,1,COMFORT
24.9,55.6,-0.11565632357118069,0.1140577190912377,1,COMFORT
23.9,54.2,-0.27293020988749395,-0.4646702291934947,1,COMFORT
18.9,40.2,-0.19471558555307367,0.46536080396937857,0,COLD
24.2,32.1,-0.08829007665711523,0.13289254365689226,1,COMFORT
30.0,76.2,0.1226988148886005,-0.008672069784941247,2,WARM_HUMID
36.4,39.7,-0.002313395805396854,0.3983646486247921,3,HOT
21.2,29.4,0.09276935885823277,-0.9548147998470201,0,COLD
32.3,28.0,-0.048365244695198956,0.29631822333909386,2,WARM_HUMID
21.1,30.1,-0.0661947634410581,-0.006662765491479399,0,COLD
27.7,50.0,-0.1651931610116837,0.16131045091624474,2,WARM_HUMID
31.0,60.3,-0.11040008839185109,0.7277692920435264,2,WARM_HUMID
24.6,65.7,0.0003040081884746714,0.19079946863479588,1,COMFORT
23.6,23.7,0.14163222603777215,-0.33233539569845694,1,COMFORT
20.4,35.7,-0.16291645294884374,-0.3333769894566509,0,COLD
20.9,30.9,0.24367307804023886,1.1076061666942443,0,COLD
30.2,68.5,-0.04267501669137246,0.20916346616481088,2,WARM_HUMID
26.9,37.9,-0.09450726470225117,-0.019420766346210382,2,WARM_HUMID
27.1,52.1,0.032500842864569765,-0.252807313511983,1,COMFORT
26.8,60.0,-0.4062261054056415,0.2510887401266177,2,WARM_HUMID
16.2,64.0,0.12741039219464867,-0.38063219886720184,0,COLD
24.0,25.8,0.13700880354555628,0.25977323849343614,1,COMFORT
28.4,58.3,0.022183650694937464,-0.02608441932272599,2,WARM_HUMID
37.0,68.0,-0.006341799703961668,0.5190413064900982,3,HOT
30.2,20.4,0.07562209490577884,0.8256461024193866,2,WARM_HUMID
23.5,34.7,-0.1707887472225115,0.3074551769783046,1,COMFORT
35.0,80.0,0.23374676873808345,-0.1619718278476792,3,HOT
23.1,47.9,0.22897131917977906,0.3077644356086009,1,COMFORT
21.7,19.1,-0.2875010789673233,0.10203429649601144,0,COLD
26.8,33.1,-0.05684761110872869,-0.05609279563604966,2,WARM_HUMID
20.1,38.7,0.008198418136904813,0.3887306269775903,0,COLD
29.0,79.0,-0.11235246764162422,0.4073170590839956,2,WARM_HUMID
21.2,30.2,-0.353540504384471,0.17408305465629836,0,COLD
17.2,49.8,0.1963623156509701,-0.17454874868672238,0,COLD
11.0,56.5,0.26945699894962993,0.7428575510467309,0,COLD
27.1,36.2,-0.03310931354375498,0.4917840787248253,2,WARM_HUMID
22.6,42.3,0.0821119188096195,-0.41061592082151643,1,COMFORT
23.8,29.1,0.09008753792409242,0.01097643169854028,1,COMFORT
21.2,30.7,0.07595040069532298,-0.6092592923443191,0,COLD
20.6,32.6,-0.12749499250114518,0.12542601326551256,0,COLD
27.6,71.6,0.019135190677046443,-0.27628513823872025,2,WARM_HUMID
38.0,36.7,-0.25595653920821887,-0.3300694754548152,3,HOT
13.8,54.7,-0.12233876568287248,-0.0818385585092127,0,COLD
20.7,32.0,-0.018727236939503747,0.05560988153506499,0,COLD
33.8,51.4,0.3512882622421023,-0.1411722224990406,3,HOT
24.3,31.0,-0.2365842556379251,0.40986958727532896,2,WARM_HUMID
11.0,70.0,0.27015677948090006,-0.10147436367456245,2,WARM_HUMID
28.5,34.0,0.07706328324176688,0.08578062953725707,2,WARM_HUMID
17.5,86.0,-0.04894381375858964,-0.17208969125160353,0,COLD
19.6,30.5,-0.15795310150472,0.18826454431916684,0,COLD
26.6,37.0,0.02737515458988201,0.26778483807142656,2,WARM_HUMID
26.6,34.8,0.0658797989626378,-0.3738388581487533,2,WARM_HUMID
24.4,32.8,0.025788127336116816,0.39400394126670024,2,WARM_HUMID
36.4,40.4,0.0019368837343231168,-0.10653991345772396,3,HOT
31.7,66.9,0.07974123564501089,-0.7249906262742232,2,WARM_HUMID
20.4,31.0,0.016975118914310517,-0.3934096265911687,0,COLD
16.3,52.1,-0.04543278656984897,0.700657753732724,0,COLD
27.3,73.0,-0.05391453003917558,0.5844780912877111,2,WARM_HUMID
18.6,32.1,0.0775979230741794,0.6019679903066066,0,COLD
19.8,45.1,0.07219808534662776,-0.08198941411722696,0,COLD
29.8,71.6,-0.02415289824319451,0.18434824471053737,2,WARM_HUMID
31.8,53.0,0.09410590052811334,-0.36456796822350096,3,HOT
17.2,36.8,0.19832685487184998,0.2993614623452566,0,COLD
30.0,76.2,0.05817024167463882,-0.127727633161224,2,WARM_HUMID
37.5,32.0,-0.19346580138663447,0.2572515917948958,3,HOT
28.6,61.9,0.04502625739267815,0.282153430399453,2,WARM_HUMID
37.0,75.0,-0.05428210697668631,-0.6638986476797499,3,HOT
30.2,42.8,0.45393992591393334,-0.3731170872997117,2,WARM_HUMID
27.6,40.7,0.15470707879159964,-0.2712487376063146,2,WARM_HUMID
15.5,65.0,-0.050022466715686144,0.38536016016021923,0,COLD
26.5,44.3,0.06756179398941999,0.05845985162917458,1,COMFORT
22.0,26.4,0.06766474464471788,0.2579727981770092,1,COMFORT
30.0,40.3,0.06741404587723461,0.9112623145321779,2,WARM_HUMID
28.2,44.5,0.16671292869204415,-0.060696457315717156,2,WARM_HUMID
23.3,45.5,-0.10899866958894745,-0.3429740419003744,1,COMFORT
17.7,55.9,-0.013072258850313776,-0.013139525882839662,0,COLD
31.2,25.8,0.03471095269161234,0.14057669098722994,2,WARM_HUMID
24.4,25.9,-0.3025055857827879,-0.6794778647083473,2,WARM_HUMID
24.0,49.3,0.005198735487697641,-0.0371769652489934,1,COMFORT
35.4,38.0,-0.22419999547974528,0.3482955728822166,3,HOT
20.3,36.7,-0.07740397975825924,-0.1372335943726962,0,COLD
30.5,59.0,-0.032061490004367615,0.4589948324625446,2,WARM_HUMID
28.7,33.4,0.04435948431954796,-0.3309218161638198,2,WARM_HUMID
22.6,35.6,0.13826991173293507,0.12722438482186668,1,COMFORT
26.8,53.0,0.06866592992278286,0.3739243908048487,1,COMFORT
36.4,50.3,-0.06083637961115997,0.6983644633820543,3,HOT
16.9,53.0,-0.08732502048342052,0.2958181061738116,0,COLD
18.3,26.3,-0.04674618914050357,-0.3433933458675924,0,COLD
27.0,32.0,-0.05825204074517376,0.16385817454093632,2,WARM_HUMID
20.3,20.4,-0.06026166226911495,0.7080804764799209,0,COLD
12.2,49.8,0.16839081015043678,0.09548056955127761,0,COLD
29.8,38.0,-0.0013773530077708406,0.40017111069484745,2,WARM_HUMID
27.1,44.0,0.07710938286371637,-0.15464810419913338,1,COMFORT
19.3,35.2,0.1380520441807825,-0.5091525365710458,0,COLD
30.1,66.0,-0.22790191132152635,0.05891464732390759,2,WARM_HUMID
28.0,61.2,-0.046846112585937176,-0.7802555184820261,2,WARM_HUMID
22.1,49.9,-0.14339728741668686,-0.9415306655738465,1,COMFORT
25.5,75.1,0.280188440850232,0.13663913810749487,1,COMFORT
32.3,74.9,-0.04613660843456157,0.0059407147538904255,3,HOT
32.9,20.0,0.2902731060090344,0.15277343816334876,3,HOT
22.0,55.0,-0.06535388377450746,0.24300201722778114,1,COMFORT
20.6,36.1,0.12611690585127208,-0.05854319037881781,0,COLD
28.8,65.0,-0.009300601404904761,-0.7021343250714961,2,WARM_HUMID
22.7,62.7,0.032156047147486266,0.10381015014832258,1,COMFORT
23.9,30.2,-0.12110681591426352,0.18235079041839608,1,COMFORT
16.3,52.0,-0.20776825980177444,-0.1095636560352648,0,COLD
21.7,46.8,-0.037173271473590216,-0.2669215393704406,1,COMFORT
30.6,59.3,-0.15951627993926346,0.3031598728157432,2,WARM_HUMID
35.0,74.0,0.06397171528515305,0.6987695337638993,3,HOT
22.5,32.4,0.012674966059146893,0.13994371805679393,1,COMFORT
31.3,72.4,-0.04951543292283905,-0.525783096755743,2,WARM_HUMID
28.8,57.0,0.056101657606642104,0.256517558070864,2,WARM_HUMID
21.6,36.7,-0.04014836550083302,-0.12318992486978564,1,COMFORT
24.3,46.5,-0.17715520920102826,0.1258321900079593,1,COMFORT
22.3,25.3,-0.06977443008081308,0.012966399116374714,1,COMFORT
19.7,62.1,0.20846462009195332,-0.2966845419243028,1,COMFORT
17.0,39.8,-0.09193563175593762,0.48390642578059984,0,COLD
33.0,24.0,0.09055104747971299,0.8012473710260184,3,HOT
25.7,59.5,-0.26994453921577627,0.11672632126602676,1,COMFORT
24.6,25.0,-0.11683369579660599,0.5911432738235262,2,WARM_HUMID
35.3,31.8,0.011798008181279677,-0.08683564519997355,3,HOT
28.2,25.8,-0.23057332246335477,0.16363843465081798,2,WARM_HUMID
20.5,18.5,0.16170654318698094,-0.07734263298379503,0,COLD
27.3,52.0,-0.05994542784219035,0.3636099136525607,2,WARM_HUMID
28.9,61.8,-0.11232175065353656,-0.609339578636239,2,WARM_HUMID
29.0,59.2,0.008022661829398365,0.420188030856761,2,WARM_HUMID
25.9,26.6,-0.2305601980603295,-0.6080179948970416,2,WARM_HUMID
18.7,62.3,0.11472518753473879,0.21134953980589655,1,COMFORT
30.8,65.7,0.22047407861730062,-0.07870307080848399,2,WARM_HUMID
27.3,33.0,-0.10179645919411548,0.0012741528142973559,2,WARM_HUMID
22.1,36.0,0.06102092814463357,-0.07225045805250922,1,COMFORT
36.8,42.4,-0.11611472945376103,0.07244674219371015,3,HOT
29.8,48.0,0.06996469311184754,-0.5518292770277508,2,WARM_HUMID
24.5,43.9,-0.15356016679167275,-0.045207889294847176,1,COMFORT
31.0,25.0,-0.09114695180602089,-0.5280128096335044,2,WARM_HUMID
28.9,58.0,-0.052648736740289664,-0.9258011583973756,1,COMFORT
31.3,66.2,0.13345182314551782,-0.03377666161849416,2,WARM_HUMID
27.1,35.2,0.0750499810980938,-0.3249368827048628,2,WARM_HUMID
16.4,45.7,-0.1578040903840184,0.595662424098292,0,COLD
17.7,33.8,0.05403390556161431,0.550455999634329,0,COLD
33.0,67.0,-0.2060671307595081,0.6884614385796216,3,HOT
14.0,38.9,0.3456615656710275,-0.2497680897866934,0,COLD
30.9,63.4,0.005974739520614167,0.3508720526139242,2,WARM_HUMID
25.3,56.3,0.21702614102296203,0.12762359288501382,1,COMFORT
23.5,72.2,-0.3617657382418293,-0.028317731269928523,1,COMFORT
28.3,51.0,-0.2276810620021214,-0.04636210817184407,2,WARM_HUMID
17.5,51.4,-0.08903160751386867,0.4582422802022902,0,COLD
35.8,50.4,0.005874626149517806,-0.536576624659907,3,HOT
28.5,51.0,0.12009025968729364,0.3346642592495078,2,WARM_HUMID
15.4,57.0,0.08330474013532425,-0.29798788454789676,0,COLD
20.5,18.5,0.16170654318698094,-0.07734263298379503,0,COLD
25.4,46.0,0.15797292799993554,-0.25479606352338235,1,COMFORT
23.8,21.2,-0.04019364372551768,0.059377274350698644,2,WARM_HUMID
25.0,22.5,-0.11040978278109746,-0.43770844267365994,2,WARM_HUMID
25.0,29.7,-0.22569027190251598,0.02110193061706892,1,COMFORT
19.6,73.0,0.01982212249574753,1.0420952381559132,0,COLD
30.8,67.6,0.07095119324511076,-0.15924340378964083,2,WARM_HUMID
19.5,57.7,0.1747291173854336,-0.23852379961626952,0,COLD
19.6,62.0,-0.0801403652143593,-0.7629260118937307,1,COMFORT
21.8,42.5,-0.0941351110488312,-0.4618348060732034,1,COMFORT
24.5,27.0,-0.007381453811660745,-0.9984067383456315,1,COMFORT
27.3,52.2,-0.20870747399106188,-0.3792681286357035,2,WARM_HUMID
21.7,60.3,-0.09773920820801903,-0.42855598974712583,1,COMFORT
22.5,36.8,0.3212007146674506,-0.14908733959043,1,COMFORT
30.8,65.9,0.309402287654692,0.2335918019562533,2,WARM_HUMID
26.7,54.0,0.10625346709490299,-0.48847071296707417,1,COMFORT
23.9,42.9,0.39518875245345103,-0.3575135835253559,1,COMFORT
33.4,50.7,-0.09386057452352893,0.039831328016788986,3,HOT
27.0,54.1,-0.24589896285846657,-0.3355813085043182,1,COMFORT
29.0,44.0,-0.17969496438258922,0.4355692859761777,2,WARM_HUMID
21.3,48.4,-0.06263042445217323,-0.5226262568408199,1,COMFORT
24.8,28.5,-0.06999284522634683,-0.25793947697410774,2,WARM_HUMID
11.0,69.0,-0.10763379588000793,0.455321697642631,0,COLD
19.3,30.3,0.19818166891163644,-0.1662387644271718,0,COLD
20.5,34.4,0.38419466651566586,-0.7852026630177074,1,COMFORT
30.5,38.0,0.02927169075371926,-0.6062735262250166,2,WARM_HUMID
22.0,55.1,-0.008994266199536896,0.4454363099309966,1,COMFORT
24.1,37.6,-0.10200370823677361,0.11679515892935757,1,COMFORT
22.5,40.0,-0.23462717050730275,-0.0965234377325344,1,COMFORT
36.0,63.0,0.1279297723004911,0.6411401417500666,3,HOT
21.2,48.3,0.27358580856854264,0.667841640066128,1,COMFORT
32.1,49.0,0.06854694942692657,0.5000126269309532,3,HOT
23.0,48.4,-0.0641082028031516,0.3503881285234393,1,COMFORT
21.1,27.2,0.18648437144435917,-0.5360472065355782,1,COMFORT
21.5,42.8,0.059092801349090285,-0.0728998658081169,1,COMFORT
26.2,41.5,-0.10238272069158101,-0.19586909788203122,1,COMFORT
25.5,25.3,-0.09545120475919551,0.153435718122768,2,WARM_HUMID
37.4,32.0,0.03815319006971374,-0.16042782034177283,3,HOT
28.3,65.0,0.00019885331016108443,-0.7112665363812505,2,WARM_HUMID
33.0,55.6,0.021396165564327725,0.524715828662891,3,HOT
33.9,38.7,-0.10037837344645532,0.06077658858314611,3,HOT
26.3,41.8,0.0339280676909944,0.15146590549498984,1,COMFORT
29.9,17.3,-0.03935402096431135,-0.7970675106666907,2,WARM_HUMID
27.7,53.0,0.012298322073707905,0.1842731008537207,2,WARM_HUMID
30.5,70.1,-0.3410839425201128,-0.17991109312332082,2,WARM_HUMID
19.1,60.0,0.1142654589395661,-0.11406168462746709,0,COLD
37.0,81.0,-0.2367438999581275,0.24584884552457834,3,HOT
37.9,31.0,-0.002375632217262658,-0.21513663191333357,3,HOT
27.1,31.0,0.11866064791703754,-0.23151181194743967,2,WARM_HUMID
29.2,73.8,-0.17920252020248278,0.6507557493186529,1,COMFORT
16.3,36.9,-0.023584007533668,0.13822157865197968,0,COLD
18.9,44.2,0.007342638439121852,-0.1606034494216888,0,COLD
33.5,53.8,-0.08971372329959135,-0.9773542545979685,3,HOT
25.6,46.4,0.17388278358246623,0.036593279457527654,1,COMFORT
20.6,42.4,0.009527333659034885,0.6023433442401239,1,COMFORT
24.8,36.1,0.032004742177948894,0.05320750829519917,2,WARM_HUMID
30.1,74.4,-0.2053698993572545,0.060422722160395216,2,WARM_HUMID
35.4,42.0,0.004341515328197558,0.3806789029876261,3,HOT
22.6,22.4,0.09319173792438164,0.5209308234833426,1,COMFORT
17.8,57.4,-0.06079547476788407,-0.28370460517442536,0,COLD
25.1,36.8,-0.11092658569410789,-0.07924180137477618,2,WARM_HUMID
25.1,40.3,-0.12832240438883719,-0.2237219621895349,1,COMFORT
28.3,35.0,0.0801547347954575,0.06989492358601816,2,WARM_HUMID
24.2,38.1,0.08443979024043609,0.047092176735266236,1,COMFORT
36.5,20.0,-0.022536448319738996,0.133258558678503,3,HOT
23.0,81.7,-0.020854938070208533,-0.577683574694513,3,HOT
26.3,35.8,0.17141646377000158,-0.6064039832668704,2,WARM_HUMID
24.3,34.8,-0.019020235749483343,0.23689720889638255,2,WARM_HUMID
28.4,58.3,0.08478764408942766,-0.332653314222027,2,WARM_HUMID
18.8,58.0,0.18712450853524104,-0.039892843292675784,0,COLD
36.7,41.5,0.14954362222839296,-0.33742897556143686,3,HOT
31.3,38.4,-0.3777799472679828,0.46281878443643304,2,WARM_HUMID
36.3,41.9,0.20867787392739823,0.5265537825099993,3,HOT
18.9,50.5,0.010113629344926054,0.15666548132582342,0,COLD
32.8,56.7,0.05344623240402711,0.585262239092645,3,HOT
20.2,47.2,-0.1115623906893889,-0.25960323786330597,1,COMFORT
23.2,23.3,-0.0949598934762773,0.035001791052508856,1,COMFORT
18.7,40.4,-0.11977805882760421,-0.1564760917814041,0,COLD
24.8,18.9,-0.020950219003762923,0.29808017866119807,2,WARM_HUMID
25.6,17.3,-0.03026293002445158,0.45154213567677237,1,COMFORT
19.7,40.2,0.147814770880393,-0.6626414553973793,0,COLD
24.7,53.4,0.007785946039148136,-0.4466272743141551,1,COMFORT
30.8,50.0,-0.12334077728708942,0.7841594956215217,2,WARM_HUMID
15.3,53.0,-0.01080963157507709,-0.6357425415024371,0,COLD
31.6,62.0,0.16093420758330665,0.8204831222575589,2,WARM_HUMID
25.8,66.0,-0.09340492797308907,-0.2710763343751801,1,COMFORT
18.5,44.7,0.09878593913498457,-0.02505795054725002,0,COLD
31.5,53.0,-0.014253953868974295,-0.3819392071110952,2,WARM_HUMID
24.3,63.5,-0.10975228787887695,-0.3670316988889609,1,COMFORT
37.7,19.5,-0.09757109991888253,-0.278250477341891,3,HOT
23.3,46.6,0.12453140820595834,0.41957597482437575,1,COMFORT
28.7,65.5,-0.07998509693504428,0.350608943611799,1,COMFORT
27.5,59.6,-0.04582198658813249,0.27313499870346053,2,WARM_HUMID
31.1,40.3,-0.14962979335124493,-0.4508885337009015,2,WARM_HUMID
16.3,55.5,0.34292525632738563,0.6265899973764901,0,COLD
28.4,52.8,0.46450432706580796,0.2257555159426362,2,WARM_HUMID
10.0,54.0,-0.23062548273520875,0.6150288721880703,0,COLD
23.0,79.4,-0.12695069943139622,-0.1340443326891074,1,COMFORT
21.3,32.3,-0.034189045965569764,-0.23934839721985696,1,COMFORT
20.9,19.0,0.0007481463792828488,0.24425154261321103,1,COMFORT
25.5,48.0,0.0687201860884955,-0.24366888825817298,1,COMFORT
20.8,39.3,-0.07819460925964929,-0.1875545984222714,1,COMFORT
39.0,43.0,0.1825750702344966,0.3836647020543721,3,HOT
26.4,39.9,-0.08344235349967805,0.18809192927191778,2,WARM_HUMID
33.3,62.0,-0.15850929645374004,0.27865603719036514,3,HOT
24.1,41.9,-0.40119488192376346,-0.3277029207746221,1,COMFORT
27.3,49.3,-0.0238777550335104,-0.7450172527881846,2,WARM_HUMID
28.6,34.7,-0.09117358389234365,0.756886374591395,2,WARM_HUMID
27.5,37.6,-0.008276628059690384,1.2720221847426547,2,WARM_HUMID
39.8,22.3,0.28337948716648065,-0.3856160662605665,3,HOT
25.4,74.8,0.21360884875891692,0.09719961722579383,1,COMFORT
11.6,55.1,-0.30351657893242046,-0.2887688245484715,0,COLD
16.7,35.1,0.03942621494939608,0.5412968873264611,0,COLD
26.8,47.0,-0.19420222135813586,0.25481706392284215,1,COMFORT
18.3,34.5,-0.1934794488017552,0.13874284741777326,0,COLD
29.0,52.0,-0.2534762677497496,0.2886043447227876,2,WARM_HUMID
11.0,53.2,-0.031025822220623972,0.19176355321670835,0,COLD
26.3,42.2,-0.17343290183175503,-0.6506813348206887,1,COMFORT
33.5,62.2,0.0602144489051193,-0.4095855506652103,3,HOT
36.1,18.9,-0.2671322460120452,-0.6905058708221565,2,WARM_HUMID
25.4,40.0,0.11027530710848572,-0.3665032529236181,1,COMFORT
24.8,22.7,0.042202252123436555,-0.26774264392001457,2,WARM_HUMID
31.4,70.8,0.045553889088179526,0.06804393279738909,2,WARM_HUMID
26.6,66.3,0.42351403543647037,-0.20833998701597395,1,COMFORT
26.3,41.0,0.07749666689039508,0.10833153713140223,2,WARM_HUMID
28.4,49.3,0.25359419535094074,-0.23265348173553455,2,WARM_HUMID
34.1,24.0,-0.13290590825788612,-0.6023117927037851,3,HOT
24.0,62.0,0.015236846496465608,0.000451063893083964,1,COMFORT
30.7,62.0,-0.09860782715360926,-0.15404531752028783,2,WARM_HUMID
22.8,39.6,-0.3885833630426322,0.3654263612700792,1,COMFORT
22.9,55.4,0.2507492831092827,0.22781632604296825,1,COMFORT
22.0,52.8,0.06885508573600557,0.027875403223329917,1,COMFORT
21.3,33.8,0.16148629728663888,-0.3105561277400693,1,COMFORT
30.3,43.2,0.11718495187462341,0.7845386424013853,2,WARM_HUMID
27.8,25.3,0.4047060685226139,0.09511749641324135,2,WARM_HUMID
25.2,74.4,-0.04533186943513748,0.5414817789583094,1,COMFORT
19.1,45.7,0.14769836972064154,0.21679442630046758,0,COLD
19.2,19.3,-0.09704142802511784,-0.6883299856637354,1,COMFORT
25.1,57.0,-0.13430315604888,-0.2792044259313427,1,COMFORT
22.1,30.2,0.15981270587276364,0.21580203500230932,1,COMFORT
15.1,53.2,-0.06730097703409363,-0.5858745941579414,0,COLD
29.0,29.3,-0.10934388750497433,0.8997120274478816,2,WARM_HUMID
24.9,51.0,0.04862495287326631,-0.08427189572847865,1,COMFORT
19.9,55.6,-0.057097975835334096,-0.6114289783970555,1,COMFORT
27.0,30.0,0.2621862831709512,-0.10500232711460762,2,WARM_HUMID
27.0,54.1,0.19651226001103805,0.23226978173857382,1,COMFORT
32.0,53.0,0.1563182753842542,-0.06241930950773297,3,HOT
19.8,32.9,0.0077576827219780955,-0.32605435187496656,0,COLD
31.3,39.0,0.2475314125882758,0.779700030568685,2,WARM_HUMID
37.0,63.0,0.0588726069557202,-0.06555290700926215,3,HOT
19.6,73.0,0.2621361617004358,0.1130141989684676,0,COLD
19.3,46.8,0.032730798679827484,0.04530141233284099,0,COLD
22.7,47.0,0.09525347063636107,-0.2593142100495243,1,COMFORT
28.8,65.0,0.0386628810214126,-0.2636730347938742,2,WARM_HUMID
36.8,35.0,-0.013472002040448927,0.3770907611137221,3,HOT
24.2,33.0,-0.11497196593628539,-0.19236856577765782,1,COMFORT
32.5,44.2,0.24600684427457706,0.24725097514348893,3,HOT
31.0,72.0,0.02860506230384679,-0.5435360950426079,2,WARM_HUMID
19.3,72.5,0.02319728148549376,-0.12444398271395107,0,COLD
30.9,67.3,-0.01836853001222678,-0.5980407025515925,2,WARM_HUMID
38.2,44.9,-0.158339439954309,-0.042166388411014936,3,HOT
27.7,85.9,0.07445493654524488,-0.021718422659150166,2,WARM_HUMID
24.1,40.0,0.22004239692800032,-1.038308924322594,1,COMFORT
15.7,40.6,0.0787930683375596,-0.31070960409041964,0,COLD
29.8,67.9,-0.13192000879835628,-0.09319697643443975,2,WARM_HUMID
27.7,64.5,0.030907273451235978,-0.021484049998448138,2,WARM_HUMID
32.3,91.0,0.1702196736568237,0.41256256284934856,3,HOT
33.4,54.3,0.07507954728381276,0.1587040154700291,3,HOT
32.0,79.0,-0.10870688309878411,0.39884262615579325,3,HOT
27.4,20.3,0.07921885809467165,0.511709909899715,2,WARM_HUMID
31.4,65.0,-0.008371189209637347,0.5509837999238401,2,WARM_HUMID
32.9,20.0,0.12232515336663938,-0.14152523301558181,3,HOT
20.9,30.7,-0.06532110720572566,-0.1929391384665076,0,COLD
17.7,38.3,-0.04784497331525187,-0.045796482077459795,0,COLD
33.3,22.4,-0.09260309704570888,-0.31722447449741314,3,HOT
17.4,52.6,0.04231480112081138,0.1842293066303738,0,COLD
30.2,44.3,0.29354888986058425,-0.31824373775475423,2,WARM_HUMID
16.4,21.8,-0.1856722624135095,0.23703302033954496,0,COLD
23.3,27.1,-0.030061647378175797,0.3694346979942692,1,COMFORT
26.8,60.0,0.07208044926377415,0.2615746468318761,2,WARM_HUMID
20.5,49.7,-0.09942720518015927,-0.008466206987409033,1,COMFORT
28.0,74.0,-0.180258521157564,-0.12175360908973439,2,WARM_HUMID
28.2,53.7,0.1111610671023429,0.01494829918750857,2,WARM_HUMID
30.9,72.0,-0.3316702963511828,-0.5551354786858952,2,WARM_HUMID
25.2,62.3,0.16583315501052417,-0.7984617735677255,1,COMFORT
32.2,70.0,-0.2680451348326458,0.16875396080086938,2,WARM_HUMID
33.7,62.0,-0.09372278665435183,0.2888159593428475,3,HOT
27.9,80.0,-0.1088012047981118,0.7169771498259573,2,WARM_HUMID
26.0,34.0,-0.018559902014963492,-0.05597854814411224,2,WARM_HUMID
20.3,49.3,0.007646232792727012,0.624677015237488,1,COMFORT
31.6,65.2,0.0052592699873120095,0.4886359391967787,2,WARM_HUMID
24.3,20.6,-0.11229490859910392,-0.36208430814262627,2,WARM_HUMID
18.8,36.8,-0.05490767133635131,0.11148142037842766,0,COLD
24.7,22.5,0.11548641374310996,-0.3126911092455711,2,WARM_HUMID
22.2,48.4,-0.13610683277497437,-0.3475462653233066,1,COMFORT
19.8,38.3,-0.009412278835372675,-0.28546400108614556,0,COLD
23.0,49.0,0.247639287916979,-0.007307059637600064,1,COMFORT
10.4,56.5,-0.20577357407637722,-0.8360304684306197,0,COLD
20.1,52.1,0.1257582474765505,-0.1362101087038671,0,COLD
21.7,45.4,0.15876043621427632,0.5697573762572519,1,COMFORT
36.8,40.5,0.07978648105811752,0.37750220820512204,3,HOT
29.5,35.1,0.22245700925203443,0.26981880390996826,2,WARM_HUMID
25.9,60.0,0.2423559104907642,0.4548086207013373,1,COMFORT
25.4,53.9,-0.3943894473074256,-0.17350863052681598,2,WARM_HUMID
29.7,77.6,0.05945263788677235,0.3665103527078441,1,COMFORT
32.9,56.5,-0.19921750136305286,-0.3363876562435257,3,HOT
27.9,57.7,-0.04513181317931191,-0.5460559000815409,2,WARM_HUMID
16.2,74.5,-0.11231064910778381,-0.4726322201159688,0,COLD
30.7,78.5,-0.0627672611796943,0.21657083477280012,2,WARM_HUMID
19.9,36.4,-0.1307385706602642,0.0669838351466186,0,COLD
30.6,42.3,-0.0044131901109679605,0.12823128942059914,2,WARM_HUMID
15.0,50.0,-0.006993714782200372,1.068816886421438,0,COLD
22.2,46.0,0.30373179139941686,-0.21978411881297633,1,COMFORT
25.4,32.8,-0.04980684544159392,0.5497218000586452,2,WARM_HUMID
26.0,57.7,-0.16448883868028538,-0.5029238978832709,1,COMFORT
19.2,33.9,-0.02995630609232697,0.1793890815870075,0,COLD
25.2,36.7,0.11168795977096949,-0.22211559553598717,2,WARM_HUMID
29.0,34.0,0.11734930685264584,0.36551679667617687,2,WARM_HUMID
26.4,24.8,0.252974255699304,-0.4801995143260423,2,WARM_HUMID
18.3,29.4,0.2781704477200689,0.3853948909844472,0,COLD
34.2,50.3,0.31395988079837556,-0.3598241696202468,3,HOT
32.0,26.0,0.10117575497322327,-0.21893885247635403,2,WARM_HUMID
26.3,51.0,-0.09799938488605678,0.1063956087505493,1,COMFORT
25.9,27.5,0.01948910880807208,-0.17298688613878807,1,COMFORT
30.8,74.6,-0.1483944157905181,0.2524247361434318,2,WARM_HUMID
19.7,37.2,0.2263860029741251,0.2285882773070935,0,COLD
18.8,34.5,0.06951674071740935,-0.11879264169985614,0,COLD
23.4,32.3,-0.1649533630403287,-0.6009986120790396,1,COMFORT
22.1,68.7,-0.02448929723999415,0.40431845748204875,1,COMFORT
11.6,63.6,0.3206414558119234,-0.39184031270811537,0,COLD
27.8,31.0,-0.009741017073607885,-0.2190789777466683,1,COMFORT
20.1,32.0,-0.13626965062841653,0.10290362910416506,0,COLD
26.7,31.6,0.10827374882598362,0.2801897715527331,2,WARM_HUMID
31.6,41.5,0.16316653193893366,-0.1631033570834025,2,WARM_HUMID
34.0,46.0,-0.06734257452348,-0.3555719084951904,3,HOT
19.6,36.3,-0.12921651441964296,0.12242924910748654,0,COLD
32.0,47.0,0.34427952537884887,0.3635335787481049,3,HOT
18.4,39.2,0.26632362738600723,-0.24336799779955542,0,COLD
19.8,32.8,0.11838337485907091,-0.19865796341228695,0,COLD
34.8,49.0,0.02124495417566076,-0.23783698827735,3,HOT
11.0,51.3,-0.09765630431230372,-0.45679085940103215,0,COLD
29.2,78.0,-0.21421007641581677,-0.2992910624402507,1,COMFORT
23.0,61.0,0.21178110808568598,-0.4466404717165003,1,COMFORT
25.8,67.2,0.07237551695258039,0.25109187740608985,1,COMFORT
31.3,24.6,-0.1007581183887116,-0.20200244416508262,2,WARM_HUMID
31.7,59.7,0.16712358751274914,0.3609181280150855,2,WARM_HUMID
15.3,69.0,-0.05422679586757039,0.26907772525277646,0,COLD
32.5,35.8,-0.2616724245381106,-0.10234193247977011,2,WARM_HUMID
22.3,42.3,-0.11905690094324498,0.22104990818085232,1,COMFORT
20.2,37.6,0.03542136148186516,0.13139721816731123,0,COLD
25.9,49.7,0.11206192164824798,0.35485525623654457,2,WARM_HUMID
11.0,50.3,-0.20746463135092813,-0.3521262837537132,0,COLD
17.1,33.0,0.05591508364146032,-0.025901562357459714,0,COLD
36.4,15.4,0.1299764607800664,-0.011382067315600689,3,HOT
34.8,50.7,0.31278003989458714,-0.8212963945056141,3,HOT
17.6,59.8,0.04410245989599466,0.06904697159471913,0,COLD
19.8,32.3,0.030735808303877885,0.3585401944286408,0,COLD
23.5,49.2,-0.054527747214008944,0.723095713612841,1,COMFORT
26.4,52.0,0.17593414179472175,-0.08305155526060004,1,COMFORT
32.0,86.0,0.03812156478511725,0.31256566543425346,3,HOT
33.0,56.5,-0.264165960768565,0.013299211204373466,3,HOT
26.4,58.6,-0.062036986682730666,0.2683719727144221,2,WARM_HUMID
20.5,31.9,0.10952357460471632,-0.0721931059515534,0,COLD
22.1,40.4,-0.097718619045726,-0.51946108518752,1,COMFORT
15.1,63.1,0.05063720044994584,0.18748997373013424,0,COLD
24.9,25.2,0.08108711557394391,-0.12553806439778867,2,WARM_HUMID
34.1,52.7,0.1146139687888238,0.17764573561011657,3,HOT
19.5,36.1,0.05848362866409404,-0.47570712444266355,0,COLD
23.4,31.2,0.04601487519931391,0.053940277184419766,1,COMFORT
20.2,87.0,0.017416607209343783,-0.364111804262514,0,COLD
15.0,48.9,-0.03431765158790723,0.5614495394738521,0,COLD
26.6,33.1,-0.2037308620550871,-0.30783843594211163,2,WARM_HUMID
37.0,40.1,0.028288164533990107,-0.10838404482804831,3,HOT
22.9,35.1,-0.05344519765980928,-0.2641361356790234,1,COMFORT
25.2,15.8,-0.0018967906730633958,-0.5348161425300133,2,WARM_HUMID
11.0,69.0,-0.11127309625526373,-0.5465859032120906,0,COLD
17.0,50.0,0.20672184234554652,0.3819410085846129,0,COLD
22.8,46.1,-0.10139064972057406,-0.11414302162118624,1,COMFORT
20.3,36.0,-0.12263723801665365,0.1579120178996191,0,COLD
24.7,74.1,-0.14961063498971738,-0.39901592465735863,1,COMFORT
27.2,64.9,0.007769050794447447,0.34428691430722624,1,COMFORT
24.5,23.3,-0.1933197771106627,0.24208687465884113,2,WARM_HUMID
25.2,45.9,0.10496814526161068,0.5095886672784751,1,COMFORT
33.1,81.0,0.25252386982234604,-0.42634745811953584,3,HOT
31.4,63.7,-0.09405417777455918,0.3367577462859335,2,WARM_HUMID
36.8,39.0,-0.3425389594527772,0.3249186864691793,3,HOT
24.7,24.0,0.28084867869395413,-0.11886658802431993,2,WARM_HUMID
11.6,66.9,-0.04658049594898841,-0.1942020884350676,0,COLD
11.6,70.4,0.03014989548160751,-0.03493816962570895,0,COLD
28.5,64.0,0.052156384808637504,0.31636324907239055,2,WARM_HUMID
24.7,70.8,-0.029085851686449067,-0.5846108381705859,1,COMFORT
29.7,77.0,-0.04096982155788787,-0.2550735629907754,2,WARM_HUMID
12.8,48.8,0.08038008237092713,-0.5797051684519752,0,COLD
37.0,40.4,0.26546469613635215,-0.1669826039342086,3,HOT
28.1,63.8,-0.2337227979544974,0.004961391982912736,2,WARM_HUMID
25.7,24.3,0.1147693249044354,-0.7243448681005443,2,WARM_HUMID
30.5,70.6,-0.39889217760710977,-0.32234943985256925,2,WARM_HUMID
22.3,53.3,0.08581534707228783,-0.5807512664167201,1,COMFORT
26.6,51.0,0.05860438813922162,-0.20914944498225935,1,COMFORT
12.8,64.8,-0.2113954620765392,-0.16419094726178782,0,COLD
19.5,74.5,0.11860293150387605,-0.03321018119817792,0,COLD
19.5,58.8,-0.18584489172072557,0.6866466061518777,0,COLD
30.3,39.4,0.13322359826151625,0.04894529075366468,2,WARM_HUMID
28.4,72.1,0.07391165737664887,0.6383936110614674,2,WARM_HUMID
21.3,28.8,-0.24141179183158418,0.8679541017425326,1,COMFORT
32.8,67.9,0.02233299059306552,-0.34035868787820134,3,HOT
23.5,38.2,-0.17033737644269206,-0.3295610924502234,1,COMFORT
29.0,45.2,-0.08522108045342572,-0.23118879107688084,2,WARM_HUMID
28.8,61.0,0.03917062904272216,-0.04529675800459719,2,WARM_HUMID
30.3,53.0,0.05004931579304224,0.43031264457437396,2,WARM_HUMID
32.2,38.9,-0.0010774449296220138,-0.19165605622243345,3,HOT
29.3,29.8,-0.0896218287036605,0.285700264625305,2,WARM_HUMID
17.7,50.5,-0.1780830614614334,0.04473789689985127,0,COLD
15.1,69.7,0.21230670533013682,0.5199134615832548,0,COLD
27.5,66.1,-0.0073621256751786775,-0.3617640762664462,1,COMFORT
31.5,68.0,0.054583704322508066,-0.4374483266185686,2,WARM_HUMID
27.1,63.0,-0.06229318708512019,0.19820587046775529,1,COMFORT
25.8,65.0,-0.19996925321667097,0.569929624904426,1,COMFORT
27.6,48.0,-0.24937379820535113,0.09321418466159534,1,COMFORT
30.0,85.0,-0.0974030827207812,0.3002983101826425,3,HOT
28.0,62.0,-0.11020243536184375,0.5294120192699557,2,WARM_HUMID
19.6,58.2,0.053668660348274104,0.09305001002404256,0,COLD
29.5,44.4,0.2286836896392768,0.14766797494563283,2,WARM_HUMID
28.5,49.3,-0.05373528923847717,0.06488329089888813,2,WARM_HUMID
37.0,75.0,-0.05428210697668631,-0.6638986476797499,3,HOT
26.0,50.0,0.040724296623847196,0.20521809964045976,2,WARM_HUMID
26.4,73.2,-0.03237461331542317,-0.6950196144475677,1,COMFORT
18.3,46.8,-0.06751732506918477,0.7092921864665743,0,COLD
20.3,32.9,0.02182888173104613,0.49623692872610836,0,COLD
31.9,68.0,0.030022749721113698,0.6912078224228804,2,WARM_HUMID
18.3,30.8,-0.033257875853242726,-0.17602909683633428,0,COLD
31.9,66.5,-0.03538071968005158,-0.3697799968596198,3,HOT
37.0,68.0,-0.006341799703961668,0.5190413064900982,3,HOT
26.0,30.4,-0.015213979043084871,0.11988498028119997,2,WARM_HUMID
18.0,56.0,-0.0073315850279391205,-0.7245561383868409,0,COLD
25.4,33.0,0.14667233245293004,-1.091423088851302,2,WARM_HUMID
25.1,24.7,-0.05103755706897234,-0.6336411616640407,2,WARM_HUMID
30.6,73.4,0.03662835409857033,-0.4277098879333231,2,WARM_HUMID
31.8,36.0,0.06183310403481709,-0.2709692593044453,2,WARM_HUMID
28.5,51.4,-0.006363112773889925,0.38169963810297414,2,WARM_HUMID
23.3,49.0,-0.11573361846274086,-0.7437305323112271,1,COMFORT
31.6,27.7,0.23396129209259456,0.34218064166414114,2,WARM_HUMID
33.0,55.5,-0.0076511800642792135,0.13605785776741888,3,HOT
16.2,37.7,-0.012872664131954132,0.22225003717868877,0,COLD
29.0,55.0,0.07527897446712231,-0.7393829158497922,2,WARM_HUMID
20.3,31.7,-0.07378890418753974,-0.49451115923519445,0,COLD
23.9,17.5,0.08380429243827286,0.46983281947692634,1,COMFORT
35.0,37.0,-0.16890809413665753,-0.37341106816013786,3,HOT
29.3,46.0,-0.07314501314324443,0.37007017924983127,2,WARM_HUMID
17.7,51.9,-0.11742453319850185,0.4406910836628961,0,COLD
19.7,31.5,0.037281765767848085,-0.7041454669105242,0,COLD
25.4,31.3,0.058819218823152386,-0.5095373845554158,2,WARM_HUMID
20.0,32.3,0.0222896025037443,-0.21077049496443512,0,COLD
18.4,61.0,0.13708346122889292,0.2723456747891627,0,COLD
23.0,50.7,-0.02932886715440415,0.3095170530687212,1,COMFORT
25.3,30.1,-0.12332304229169266,-0.33292103729398076,2,WARM_HUMID
30.0,85.0,0.04390138258100586,-0.37129192094256036,3,HOT
29.1,77.8,0.08869802408607651,0.8107797991824373,1,COMFORT
12.8,59.2,0.1282678145748577,-0.597995583284833,0,COLD
26.1,39.6,0.1295885324943669,1.2425878485882356,2,WARM_HUMID
20.5,33.0,-0.04322203344572843,0.6333825160892493,0,COLD
30.0,85.0,-0.023762907919802446,-0.08037115452941762,3,HOT
31.5,69.3,0.1594856225254201,0.8159583164241765,2,WARM_HUMID
29.1,59.0,0.16152722169865205,-0.06039178830098271,2,WARM_HUMID
17.0,70.0,-0.31514718157493976,-0.008945634890037168,0,COLD
18.7,30.0,-0.10565404863313223,0.25450600916474103,0,COLD
24.1,32.0,0.16549627688524168,-0.013825494713044352,1,COMFORT
26.4,25.7,0.1556043176225095,0.5109704750132221,2,WARM_HUMID
28.2,53.7,-0.2532032766895313,-0.6685632879362643,2,WARM_HUMID
15.7,63.0,-0.1410498281264352,0.003949100538868678,0,COLD
32.7,31.5,-0.10211430800911478,0.5335277469569154,2,WARM_HUMID
30.2,36.0,-0.1448497205284812,-0.4072086776943622,2,WARM_HUMID
34.1,42.2,-0.3161225771124191,0.2974680971594217,3,HOT
26.8,81.2,-0.1703774805046035,-0.015882660395722704,2,WARM_HUMID
30.4,80.9,0.19625075505814918,0.1822687178266058,2,WARM_HUMID
24.5,44.9,-0.21790038176033,0.29876747378844504,1,COMFORT
22.8,21.3,-0.04621601570924792,-0.30915916134563215,1,COMFORT
27.9,38.0,-0.003457583412819929,0.1565253832929477,2,WARM_HUMID
15.0,51.0,-0.09191012625221355,-0.7593906807038461,0,COLD
19.9,38.8,-0.24231254164029936,-0.2595172072701592,0,COLD
31.8,67.7,0.3279054747001278,0.27631130787239927,2,WARM_HUMID
24.7,32.3,0.024744751844574437,0.34056306186551333,2,WARM_HUMID
11.0,68.0,-0.3618826226879716,-0.2595117352473637,0,COLD
17.2,52.8,-0.019167489346588167,0.10149635844010621,0,COLD
27.2,33.8,0.12455530564342024,0.12948887451749322,2,WARM_HUMID
27.6,52.0,0.27943036821002654,-0.628931700580625,2,WARM_HUMID
20.2,59.0,0.26347399225129786,-0.07077643152129447,1,COMFORT
16.2,61.4,-0.19215911059886578,0.5103201087418554,0,COLD
31.9,68.4,-0.13564427799773845,-0.6085657140025234,2,WARM_HUMID
22.6,62.3,-0.04689090733007766,0.05371803993810825,1,COMFORT
27.9,40.2,0.33144083640635663,-0.01907036178077475,2,WARM_HUMID
18.8,49.3,-0.10946153674473758,0.2843876371464031,0,COLD
22.3,37.8,-0.06853624021347335,0.3821487880495522,1,COMFORT
18.8,58.9,0.2014192973132558,0.6009012746348481,0,COLD
23.3,55.6,-0.22233471355159629,0.16585226957300633,1,COMFORT
19.0,36.8,-0.09355740523745891,-0.1465196652191899,0,COLD
32.9,56.1,0.1051696801069377,0.2554819851937477,3,HOT
19.6,43.0,-0.18222505709060768,-0.45491129173531175,1,COMFORT
28.7,35.6,0.09874979689851968,-0.03419327288918216,2,WARM_HUMID
21.6,39.6,-0.0270203406614777,0.38684752371345354,1,COMFORT
32.9,49.8,-0.08051717140755,0.05369776659253315,3,HOT
26.6,75.7,-0.032845608965179476,-0.048943049483996054,1,COMFORT
34.6,41.0,0.23753396144501454,0.030684400866935302,3,HOT
14.9,34.4,-0.040040953070943894,-1.0269448371066427,0,COLD
25.0,43.1,0.07551575763242209,-0.3332055242512881,1,COMFORT
25.2,46.0,-0.064327188840911,0.4784666411215466,1,COMFORT
22.8,49.8,0.3638061864519268,-0.7800563018432923,1,COMFORT
34.1,43.0,-0.13347863170914454,0.7271612395292498,3,HOT
33.5,89.0,0.16933299512885217,0.16517424603961303,3,HOT
20.0,69.6,0.4324496183406206,-0.3205413886909513,1,COMFORT
17.5,59.2,0.026617962561794765,0.30079596623093346,0,COLD
25.3,50.2,-0.13163129840088605,-0.41841734580620316,1,COMFORT
11.0,68.9,0.16437051669049682,-0.595587512408977,0,COLD
29.2,39.7,-0.08874654603952825,-0.9309577569008738,2,WARM_HUMID
11.0,82.0,0.17335990681813382,0.6356478109349093,0,COLD
31.4,75.5,0.2852076998379474,-0.04930290637211661,2,WARM_HUMID
32.7,37.6,-0.06558539132375615,0.3974059975153023,3,HOT
22.4,22.7,0.17209080819651754,-0.7266462931211786,1,COMFORT
24.7,43.6,-0.17012715146995824,0.45078312903573337,1,COMFORT
29.9,75.0,0.21526808869558386,-0.36157603160976703,2,WARM_HUMID
20.6,35.9,0.019939269724125158,-0.4723211463122574,0,COLD
22.5,44.8,-0.0036603521724164305,-0.07875224319944356,1,COMFORT
23.6,34.3,0.07083909361103495,0.8434733212177088,1,COMFORT
24.9,42.8,-0.34695380834957085,0.2718920357957277,1,COMFORT
23.0,29.8,0.021908377244683697,0.14009729617032993,1,COMFORT
26.9,59.0,0.1494471863603364,0.16953867939532993,2,WARM_HUMID
30.5,66.5,-0.07727363971136368,0.23128632247838157,2,WARM_HUMID
28.7,63.0,-0.2648623062163408,0.43322698482554944,2,WARM_HUMID
20.8,50.0,0.026990498280957433,-0.3197024666511486,1,COMFORT
32.0,68.0,-0.12614620103048815,-0.193903100189043,2,WARM_HUMID
22.4,54.0,-0.15502293325003422,-0.5033265557045447,1,COMFORT
24.6,25.8,-0.1714048329455407,-0.10466024534030854,2,WARM_HUMID
17.4,45.4,-0.06769542965154969,0.6194930412736995,0,COLD
17.3,79.9,-0.2626463361607842,-0.16678670374520765,0,COLD
20.2,31.2,0.02389079582505116,0.30751628036170703,0,COLD
25.4,66.0,-0.17651207893054996,0.2912132434715821,1,COMFORT
28.8,55.0,-0.07764169485542571,0.031262263077177846,2,WARM_HUMID
23.1,67.3,0.2132355768011981,-0.6667693512762503,1,COMFORT
24.3,33.2,0.009978375236931663,0.6026976941351433,2,WARM_HUMID
23.7,28.3,0.10953336879730291,-0.4199334509322249,1,COMFORT
20.9,30.0,0.22119417414227127,0.4380240748199442,0,COLD
32.2,38.0,-0.007472749635900367,-0.27210158157201453,3,HOT
32.5,74.5,-0.07997059016096401,0.014942123287757125,3,HOT
17.1,31.0,-0.09453621011070129,0.031137809428462,0,COLD
26.3,40.9,0.19178944399795186,-0.6201927178140509,2,WARM_HUMID
23.6,49.9,-0.10790119572579193,-0.16830901532013587,1,COMFORT
33.5,65.2,0.05127454827691589,-0.1129052585566821,2,WARM_HUMID
33.3,41.3,-0.1030639109721317,0.5683853907067332,3,HOT
22.1,69.0,-0.08726612725017656,-0.08623966507681752,1,COMFORT
15.0,35.8,-0.09003063368784422,-0.12225901141971218,0,COLD
19.8,37.1,0.05061153010156445,-0.043787953038500846,0,COLD
32.6,20.8,-0.13447041566253004,0.3663921078610821,2,WARM_HUMID
30.3,69.7,-0.1530937560755731,-0.03336540945297972,2,WARM_HUMID
30.1,41.0,0.27107949654568275,-0.08200785237667461,2,WARM_HUMID
25.8,19.3,0.19641492920299594,-0.24257425695786272,2,WARM_HUMID
33.2,31.0,-0.18757161477576925,0.658789428699868,2,WARM_HUMID
32.0,31.4,-0.08120786779615659,-0.095576952565203,2,WARM_HUMID
29.9,28.4,0.10529237576091689,0.14574422671243673,2,WARM_HUMID
32.9,71.9,-0.3091745766591805,0.049528861187730894,3,HOT
27.5,67.6,-0.011040798277000816,-0.19205687479125969,1,COMFORT
22.1,37.3,0.012229065075540148,0.27716879509452985,1,COMFORT
18.6,50.8,0.009009813046806984,-0.11107664725502316,0,COLD
30.5,30.9,-0.3511327919816693,-0.36755408430168224,2,WARM_HUMID
23.2,23.6,-0.04793154351839664,-0.3043384618193091,1,COMFORT
27.2,50.0,-0.34187108252406034,-0.2751207990872334,1,COMFORT
11.0,64.0,-0.06234206257675872,-0.12165945801273506,0,COLD
22.5,42.1,-0.1831299958859802,-0.18235440257863786,1,COMFORT
22.4,29.6,0.19393473969281527,-0.3425457646499135,1,COMFORT
32.4,46.0,-0.40632467462286526,0.3624049212623314,3,HOT
29.5,29.2,0.09697686932435494,0.5928038159879133,2,WARM_HUMID
19.8,37.1,-0.1832530719352613,0.37405541043645224,0,COLD
19.8,31.1,-0.27902736068545214,0.35165103019195176,0,COLD
19.5,57.7,0.19186787815184048,0.3413137564084989,0,COLD
20.4,66.5,-0.40080814028463657,0.2057407585191307,1,COMFORT
23.2,21.8,0.18080174541400212,0.3032729595732387,1,COMFORT
10.0,81.0,0.004372786848751901,0.23719316840171795,0,COLD
23.3,28.3,-0.15781264008521012,-0.2743787171849099,1,COMFORT
30.8,72.0,-0.005620818208527096,-0.29709798827447964,2,WARM_HUMID
34.5,44.4,0.13708929319758598,0.751069498940735,3,HOT
33.6,59.9,0.05146148747714017,0.3845290723144441,3,HOT
36.6,41.9,0.15370623763301355,0.07634337460564244,3,HOT
30.1,66.0,-0.06171399106740036,0.4131076336228987,2,WARM_HUMID
26.6,37.3,-0.14141860923117244,0.2400814608272803,2,WARM_HUMID
26.5,40.7,0.21816790076933987,-0.03268474552973273,2,WARM_HUMID
18.1,63.1,-0.08837153182265846,0.04543882246361433,0,COLD
34.0,56.0,0.10664399523052372,0.6263858492548158,3,HOT
31.5,34.9,0.16103069909754686,0.2623199119993145,2,WARM_HUMID
21.3,80.0,0.036339543094045634,0.1874556457362356,1,COMFORT
28.0,44.0,-0.15084020635341985,0.40774412598630266,2,WARM_HUMID
27.5,59.6,-0.25748721186806667,-0.5289615888769742,2,WARM_HUMID
21.0,53.4,-0.006119455597686177,0.6159836218470954,1,COMFORT
28.3,53.0,-0.04090853546215057,-0.4260257270207084,2,WARM_HUMID
32.2,58.3,-0.10035608796395652,0.26389873834486105,2,WARM_HUMID
31.9,17.8,-0.007731331291147733,-0.0693393327040546,2,WARM_HUMID
16.8,58.0,-0.04439513595723902,0.09648355558270477,0,COLD
28.0,64.6,0.04637941711604538,-0.0429912787238583,2,WARM_HUMID
25.0,64.0,0.1327204460133883,0.1436790708066382,1,COMFORT
20.6,31.6,0.14781027253604098,-0.06685353925832858,0,COLD
25.5,31.8,0.21452591154281692,0.5388096669179201,2,WARM_HUMID
27.6,49.2,0.18430920828433803,-0.07181381448709327,2,WARM_HUMID
28.4,58.0,0.1678867376346144,-0.02824430305657056,2,WARM_HUMID
36.0,48.0,0.23239258736374477,-0.008772900906593972,3,HOT
13.4,48.4,-0.07769579573166564,-0.2894410478067493,0,COLD
23.2,41.5,-0.13424062690766453,-0.46935721224600446,1,COMFORT
23.8,37.0,0.16974622361659997,-0.2841251220412301,1,COMFORT
31.7,63.1,-0.1290973697872095,0.22577103852422883,2,WARM_HUMID
14.9,34.2,-0.2794295379676854,-0.5642147925461197,0,COLD
13.8,54.7,0.15625992789818954,0.32534283880413184,0,COLD
17.8,51.8,-0.07867251689337659,0.3990365267734628,0,COLD
11.0,53.2,0.07364903435485835,0.5344782243292513,0,COLD
19.8,32.9,0.0077576827219780955,-0.32605435187496656,0,COLD
29.9,58.5,-0.02438995394800387,0.24589142860984745,2,WARM_HUMID
16.6,58.0,-0.10840150132978799,-0.3357469722682051,0,COLD
15.6,52.8,0.05477715604539691,0.38586933300451215,0,COLD
20.9,37.2,0.15036275427836476,-0.2841848665792223,1,COMFORT
11.0,53.7,0.010182039210475816,-0.6573861724959902,0,COLD
30.9,35.0,0.048430722864686554,-0.21312876975641834,2,WARM_HUMID
36.0,61.0,0.20648911389144323,-0.6341261028895231,3,HOT
27.6,30.3,0.29117558872671906,-0.49404921211095315,2,WARM_HUMID
23.2,69.0,0.03895837525822228,-0.6327432431440815,1,COMFORT
28.5,51.4,-0.02189688258829674,-0.09088182861970556,2,WARM_HUMID
27.8,53.9,0.3182446960995305,-0.1847226918448447,2,WARM_HUMID
19.6,22.8,-0.13914527263312657,0.06037772994196042,0,COLD
24.0,32.8,0.06342520862986664,0.4882999032605147,1,COMFORT
23.0,51.7,-0.0012348546854266088,-0.17574729735397793,1,COMFORT
29.5,27.7,0.17966442370342742,0.5243316747678455,2,WARM_HUMID
17.8,63.0,-0.24263458827934317,-0.2647895489293326,0,COLD
22.5,41.5,-0.10216904402036375,-0.4348878062970809,1,COMFORT
18.0,52.0,-0.10733166296377912,0.26806961510804744,0,COLD
16.0,51.5,-0.18772841914567964,0.10845488902789409,0,COLD
26.5,32.1,0.11467783627740823,-0.015984510343442306,2,WARM_HUMID
25.8,31.1,-0.13813485467755648,0.3660949024967527,2,WARM_HUMID
22.8,27.8,0.09561438325039291,-0.38889022971950515,1,COMFORT
20.8,29.4,0.15777885483008044,0.5659045620409925,0,COLD
18.5,46.3,-0.08394812712377432,0.273936020905267,0,COLD
23.9,21.3,-0.027421992865582143,-0.1106540116074126,2,WARM_HUMID
36.9,28.1,-0.1282341372529861,0.7808401526373999,3,HOT
21.8,43.0,-0.18650164146659592,-0.04295665574024246,1,COMFORT
37.1,47.3,-0.15554673280326134,0.28819875365450376,3,HOT
24.2,63.6,-0.15519889463604275,-0.2788412323627631,1,COMFORT
20.6,55.8,0.10949526725355278,0.721213120210487,1,COMFORT
29.8,81.1,0.11385620580813005,-0.1471828583488265,3,HOT
24.6,35.8,0.003931543727797636,-0.755830748872246,1,COMFORT
27.2,39.0,0.003119056151311184,0.18393637750860573,2,WARM_HUMID
21.1,44.8,0.00024775756986540615,0.0057128715642471035,1,COMFORT
18.5,70.0,-0.04137790719566182,0.25359418410648493,2,WARM_HUMID
19.5,37.8,0.012580875264140045,-0.18635276785610538,0,COLD
19.5,32.9,0.15072468855164042,-0.5515108117724016,0,COLD
35.9,58.3,0.0052379209791902056,1.271017307243472,3,HOT
29.5,57.5,-0.2250839259925513,-0.16305376632599516,2,WARM_HUMID
29.9,58.5,-0.17694585414144612,-0.49014242335193486,2,WARM_HUMID
22.6,49.1,-0.04503273275225574,-0.2571263794757585,1,COMFORT
21.7,35.9,-0.19277796447836243,0.3669183813069561,1,COMFORT
20.6,20.7,0.07305388447020407,0.44128271901205524,0,COLD
35.1,29.4,0.11144931164087271,0.05192554076868842,2,WARM_HUMID
28.7,60.0,0.014164654196904585,-0.5990044106757905,2,WARM_HUMID
35.2,33.4,0.03355972581063248,-0.34407785398271373,3,HOT
21.6,57.4,-0.07897331605262119,0.047993714265807515,1,COMFORT
29.9,62.8,-0.09820573458870867,0.23325528111139895,2,WARM_HUMID
22.6,40.6,-0.10146965399798685,0.5466820948312107,1,COMFORT
18.6,25.7,0.005475933357828021,0.30562669223984296,0,COLD
21.4,37.8,-0.12806392155157764,-0.6042184851730635,1,COMFORT
37.8,35.0,-0.10283705729683695,0.2954276536792149,3,HOT
25.7,29.3,0.15869410707581888,-0.10517929848631216,2,WARM_HUMID
35.3,28.0,-0.11788733442142627,-0.5869592216680698,3,HOT
23.2,60.7,0.18469563953530285,0.9244765507961628,1,COMFORT
15.7,65.2,0.04043176900048379,0.12112330355114516,0,COLD
34.6,54.9,0.03643137391101164,0.06150398569835661,3,HOT
19.9,56.1,0.37470729162259525,-0.6298866377755941,1,COMFORT
27.2,83.6,0.16048847987463408,-0.41984415458350216,2,WARM_HUMID
32.4,69.9,0.08347239313888791,-0.16730357968453957,3,HOT
28.4,58.3,-0.10635274282019126,-0.27995329226043864,2,WARM_HUMID
26.3,39.8,0.040225042473296065,0.5280799417476992,2,WARM_HUMID
30.7,57.5,0.1057722988407265,-0.4373909902896056,2,WARM_HUMID
24.6,72.6,-0.13068778982809928,0.5896222211823332,1,COMFORT
17.2,52.8,-0.13297669447944516,0.39788047475717947,0,COLD
19.9,56.1,-0.2193535846706762,-0.6325827269077817,1,COMFORT
27.1,57.9,0.19711124722869064,-0.1730316242763601,2,WARM_HUMID
27.9,47.7,-0.06373671151242634,0.06177800364426737,1,COMFORT
33.1,54.6,0.16378105709113114,0.3905973042711564,3,HOT
22.9,42.6,0.03727098269956383,-0.5481557256945381,1,COMFORT
37.0,62.0,0.15686192649943542,-0.6538650886582021,3,HOT
30.8,65.9,0.03956346083158627,-0.03322708151597846,2,WARM_HUMID
31.1,47.0,0.007085914956595298,-0.28712018239045894,2,WARM_HUMID
27.6,76.2,-0.1279760841839357,0.19151265062448633,2,WARM_HUMID
20.8,17.9,-0.17576918669569275,0.1967095924134383,0,COLD
27.5,21.0,-0.05467689553712591,-0.5088570448274189,2,WARM_HUMID
20.6,31.7,0.09263565754772562,0.032054318358704384,0,COLD
18.1,40.2,0.00810774942690014,-0.16502282172624483,0,COLD
28.5,72.0,0.11268315292908368,-0.3128163328021175,2,WARM_HUMID
25.6,26.4,-0.055513137420338116,-0.3504309229929224,2,WARM_HUMID
16.1,19.8,-0.16353061425781398,-0.6485769562886643,1,COMFORT
28.2,25.8,0.09550049117420063,0.23389859633626414,2,WARM_HUMID
15.6,65.9,0.055496882082112044,0.3216346647437589,0,COLD
28.7,71.3,0.1567470742699791,-0.27790009647698216,2,WARM_HUMID
33.5,40.6,-0.14606773008001936,0.11803900547494231,3,HOT
20.3,36.0,0.11908749164451482,0.5912465649304038,0,COLD
29.0,31.0,0.4040298429842497,0.6730677034390038,1,COMFORT
19.8,51.0,-0.11825710009302075,-0.6605419379374485,0,COLD
24.4,31.1,0.02013097137357318,-0.6718058271184176,2,WARM_HUMID
28.7,64.1,-0.04934106346002471,1.051188035928567,2,WARM_HUMID
20.7,36.3,0.175599244397649,-0.2810250997758969,0,COLD
29.1,63.8,0.3104269450676369,-0.14579319996258996,2,WARM_HUMID
23.6,36.5,-0.334354228109972,-0.6374264287947762,1,COMFORT
18.6,49.8,-0.034414091353977404,-0.23057236596455477,0,COLD
35.5,45.3,-0.09681359691940272,0.1783474488844362,3,HOT
17.2,73.9,-0.046681243376052214,0.5017633718523528,0,COLD
23.8,26.0,0.11864620081837046,-0.09468848378516975,1,COMFORT
26.6,32.0,0.07738860040221084,0.5842238900089248,2,WARM_HUMID
30.4,69.5,-0.02960327330019964,0.08242788382733215,2,WARM_HUMID
19.0,38.7,-0.08658017788458125,-0.016437453869387983,0,COLD
31.2,37.0,-0.014222691430393685,-0.10296638748888694,2,WARM_HUMID
29.8,75.4,-0.2600575972683193,0.7052043000406467,2,WARM_HUMID
37.6,39.6,0.010899177359956951,0.026265676202558028,3,HOT
21.0,29.8,-0.022635010458373944,0.08613853393620884,0,COLD
22.1,42.0,0.14646609076535638,-0.05878158773036438,1,COMFORT
20.2,46.1,-0.049168153443632276,0.2329831940458388,0,COLD
35.0,68.0,-0.012332893391519327,0.5206788248301799,3,HOT
21.1,44.4,0.07403827288112888,0.5330974232211064,1,COMFORT
28.5,62.8,0.06329532321501861,-0.1834760095891306,2,WARM_HUMID
19.7,22.8,0.12096176433926385,0.36892480406669925,0,COLD
20.1,30.0,0.09573780045162686,-0.25070917413114885,0,COLD
18.0,58.1,-0.047683183739635496,0.02519734180357602,0,COLD
16.3,55.0,0.11892459133393753,0.6130003919715067,0,COLD
27.9,66.0,-0.22307313535646564,0.3837976097516195,1,COMFORT
34.5,43.0,-0.06660893410341846,0.02504569841627102,3,HOT
27.5,52.0,0.3585972201503773,-0.5708424149399706,2,WARM_HUMID
27.6,30.0,0.12933352678304655,0.5290978630707038,2,WARM_HUMID
24.6,72.6,0.2081883073790849,-0.18374684025646945,1,COMFORT
21.5,65.3,-0.1720174647939824,0.620143798860502,1,COMFORT
29.3,65.0,-0.26608539739830483,-0.48277621073705546,1,COMFORT
31.6,38.0,0.05540922915299128,0.023475651323498173,2,WARM_HUMID
34.1,54.0,0.1765191891337289,0.9387272820123723,3,HOT
23.1,42.4,0.010568938598865353,0.2958012983113566,1,COMFORT
28.9,34.4,-0.09714581981141877,0.3577854314160057,2,WARM_HUMID
32.1,67.0,0.031188010107593638,0.4680073019584079,2,WARM_HUMID
31.6,72.5,0.24780338396688983,0.18545515996056905,2,WARM_HUMID
31.6,63.0,0.13050903253612256,0.7616167099027077,2,WARM_HUMID
24.1,22.5,0.04263337624557863,0.08271660335667051,2,WARM_HUMID
25.4,32.9,-0.16300678435155155,0.11891357254269248,2,WARM_HUMID
25.1,24.8,0.23182760474934577,0.06971510038774507,2,WARM_HUMID
22.7,22.4,-0.19320069374897,0.23415519841320612,1,COMFORT
35.6,26.3,-0.27676408393282703,0.31538447773496947,3,HOT
21.9,74.8,-0.03638547238323861,0.37260832022824686,1,COMFORT
28.9,50.0,0.2815193718837099,0.8697622255645646,2,WARM_HUMID
36.6,28.2,0.13855178437317944,-0.19050007110253225,3,HOT
24.3,65.3,-0.1307495901532436,-0.29133727652782093,1,COMFORT
21.0,29.4,-0.40053406927177265,-0.09336389020353134,0,COLD
26.5,47.0,-0.13063849048050155,0.16964276763360311,1,COMFORT
19.9,88.3,-0.056933766437564245,-0.2139228991235883,0,COLD
28.9,55.0,0.033667772783995804,-0.015717416992532006,2,WARM_HUMID
29.2,63.0,0.1411556733567204,0.06377214911102838,2,WARM_HUMID
25.8,49.6,-0.004432759611868692,0.1920611296122523,2,WARM_HUMID
25.8,40.8,-0.12565146476150807,-0.14340789924107744,2,WARM_HUMID
24.8,31.3,0.14768547689357978,0.7648601426598113,1,COMFORT
23.9,83.2,-0.053453111882272406,0.5128544584453073,1,COMFORT
29.5,61.7,0.08602063532186309,0.42069176576619594,2,WARM_HUMID
26.5,59.0,0.04238699257324494,-0.11982764954217431,1,COMFORT
28.8,60.6,0.03895485119127801,-0.04475670378417801,2,WARM_HUMID
16.4,42.0,0.01568133683238243,0.044283466896460594,0,COLD
26.6,33.0,-0.05840183538532475,0.08049054389975015,2,WARM_HUMID
24.8,35.6,-0.15127346166629804,-0.8499623546789723,2,WARM_HUMID
32.1,71.1,0.033306532221910795,0.374534124176246,2,WARM_HUMID
22.3,32.4,-0.04719632637953197,-0.2561848005446188,1,COMFORT
27.4,36.0,-0.29527563201570806,-0.7664172083116326,1,COMFORT
31.5,31.7,0.04823932500991683,-0.7938604550334012,2,WARM_HUMID
21.2,30.2,-0.05992365571184312,0.11286521842297888,0,COLD
16.8,40.7,-0.09654611225928941,0.6699708602869767,0,COLD
23.8,23.8,0.040424566471413056,-0.2588930020559579,1,COMFORT
26.2,56.0,-0.1061504198428171,0.10351774243217549,1,COMFORT
16.2,51.8,-0.08679241177863271,0.27287444128678046,0,COLD
25.1,46.0,-0.05396529686836286,-0.046702206138359695,1,COMFORT
23.4,29.6,0.06393426716299236,0.4714541604731376,1,COMFORT
14.1,44.6,-0.04675613887008217,-0.27315278565249973,0,COLD
24.2,45.0,0.100352393317344,0.3696483940523701,1,COMFORT
20.7,66.0,0.13288218960068116,0.12273670473836842,1,COMFORT
11.5,79.0,-0.017731266835641912,-0.3507850200239242,0,COLD
39.8,24.8,0.10971209978966896,-0.2630383634307081,3,HOT
36.5,20.0,-0.022536448319738996,0.133258558678503,3,HOT
21.9,47.3,-0.028147882149138305,-0.34178800096764633,1,COMFORT
26.2,67.2,0.21152978870591982,0.3497116888789539,1,COMFORT
24.5,20.9,0.14186530293655952,-0.5746266493241408,2,WARM_HUMID
31.9,66.5,0.002308134675190299,-0.10779588727945162,3,HOT
18.3,39.4,-0.13289561008466652,0.2959923555588818,0,COLD
21.7,40.0,0.14263831777817487,0.2938524137858992,1,COMFORT
19.5,35.2,0.15187809522154647,-0.17950469379524753,0,COLD
11.6,62.3,0.045231220025521955,0.13155923894664856,0,COLD
28.1,27.4,0.30191247661218795,-0.33273722524575267,2,WARM_HUMID
29.7,56.2,-0.18272641002109782,0.24104156143150265,2,WARM_HUMID
23.8,54.7,-0.3037631077323862,0.2379746691313808,1,COMFORT
28.4,63.9,-0.13844653475611407,-0.005423444489886915,2,WARM_HUMID
26.8,50.0,-0.009919892193873368,0.39231550956578837,1,COMFORT
27.3,53.0,-0.09759897410525754,0.5530927864269842,2,WARM_HUMID
23.0,81.7,-0.013583466175369095,-0.0014685679729874483,3,HOT
31.5,48.0,-0.042453240830839234,-0.29860802532824654,2,WARM_HUMID
39.0,37.0,0.046227226895754044,0.1333804061409318,3,HOT
25.9,66.7,0.03906139335902289,-0.41551153452779266,1,COMFORT
21.5,31.6,0.058075293994020644,0.28995123924828187,1,COMFORT
31.1,65.4,0.09856297140768257,-0.33273237116793286,2,WARM_HUMID
27.4,55.0,-0.20353305812816586,-0.7881241565788384,1,COMFORT
17.5,61.3,0.08319483009610219,-0.5832808169616787,0,COLD
31.9,63.0,0.11341727642627722,0.3894278331309527,2,WARM_HUMID
17.6,59.8,-0.20458019004440123,-0.1784462915540449,0,COLD
28.6,42.7,-0.0060976235754626245,0.25304825231027406,2,WARM_HUMID
35.1,63.0,-0.10904894889276255,-0.05638342174993948,3,HOT
19.5,58.9,0.059131412275216795,0.13212374468616578,0,COLD
27.7,27.0,-0.08728251378182486,-0.026412053891940637,1,COMFORT
26.2,47.0,0.12711325157256323,0.4534557874068411,1,COMFORT
24.2,33.0,0.010812942498426232,-0.5200577487560502,1,COMFORT
23.7,55.0,0.10862048389717459,0.027811341672086255,1,COMFORT
24.8,77.7,0.023132168710224586,-0.21285229915217677,1,COMFORT
17.6,59.8,-0.016554713893778977,-0.27431058658829593,0,COLD
11.0,57.4,0.2710612074965199,-0.12424816890493784,0,COLD
22.7,47.9,-0.04958780076874979,0.3323667310417058,1,COMFORT
25.9,60.0,-0.11887851706728189,-0.16740370077839403,1,COMFORT
24.0,39.7,0.18490925131024266,0.6967262543238935,1,COMFORT
30.3,75.6,0.08897365190974144,-0.17406525528878558,2,WARM_HUMID
23.2,80.7,-0.1949119362257022,0.3183818643743486,1,COMFORT
33.8,38.8,-0.1304418318364224,-0.12847830023259318,3,HOT
21.9,36.2,-0.08564105992389891,-0.09726253638448845,1,COMFORT
25.2,43.0,0.00267367893076876,-0.15667572892662943,1,COMFORT
16.4,45.0,0.2883336840404179,0.08567494967356794,0,COLD
16.4,24.4,0.019317055239342826,-0.0970726342436099,0,COLD
16.8,21.1,-0.02302510433546758,-0.3003599085932612,0,COLD
12.8,64.8,-0.03208645646627687,0.5084264823807871,0,COLD
22.2,46.8,-0.015028559268991291,-0.1265254390244339,1,COMFORT
22.6,43.7,-0.1571437779262457,-0.3516118821305352,1,COMFORT
30.6,55.1,0.03963644901461134,0.06939605932820621,2,WARM_HUMID
19.1,46.2,-0.003452969289113023,-0.38556385574088403,0,COLD
16.3,24.2,0.0374388714111575,0.08589336077238975,0,COLD
27.7,29.4,-0.027149287864400903,-0.44328758527172074,2,WARM_HUMID
30.9,78.3,-0.03639996921406838,-0.07657978158612895,3,HOT
21.3,67.4,0.015436400096318224,-0.6002043119044812,0,COLD
12.2,60.1,-0.03815180992851632,0.25139485374436393,0,COLD
36.7,38.7,0.04905738845793523,0.03776032178349107,3,HOT
29.8,47.5,0.19948850695469922,0.7474607265345814,2,WARM_HUMID
35.2,15.9,-0.060606440648438585,-0.10219797756053539,3,HOT
30.3,55.4,-0.14222635787578514,0.047302455041126325,2,WARM_HUMID
21.7,47.1,-0.13935563078979507,0.07628431364225914,1,COMFORT
30.9,16.0,-0.3082864395133234,0.42901789713191607,2,WARM_HUMID
30.7,72.8,0.2895808301672076,-0.738423488125826,2,WARM_HUMID
17.2,48.3,0.11397847575891895,-0.10668466370241927,0,COLD
22.3,21.4,-0.003940116332248528,-0.3559145476618571,1,COMFORT
27.8,51.6,-0.05782398613685373,0.15645930811806627,2,WARM_HUMID
34.8,40.2,-0.055213747888112875,0.07338472450359444,3,HOT
29.2,63.6,0.011070600639986331,-0.36943524826536955,2,WARM_HUMID
11.8,61.1,-0.030433082598698723,0.06726503796839382,0,COLD
41.8,45.8,-0.051502275164876876,0.19347623162596564,0,COLD
35.1,38.9,-0.011883761040552452,-0.2870333374157298,3,HOT
17.3,79.9,0.10438981514112745,-0.21081048675391822,0,COLD
19.5,31.9,-0.1429950705651651,-0.021888258210678975,0,COLD
36.3,50.1,-0.07094470788408262,0.3185781922531947,3,HOT
23.6,39.4,-0.1753017056429298,0.45395330328728084,1,COMFORT
28.5,51.1,0.23894787490140373,-0.1979867676176621,2,WARM_HUMID
16.2,70.0,-0.02607202693375806,-0.577723786406989,0,COLD
25.6,30.5,-0.2231061669605965,-0.5341597037798621,2,WARM_HUMID
33.4,54.8,0.01312549728965811,-0.5344347650068594,3,HOT
30.0,66.8,-0.1825453023455644,-0.028851104179247425,2,WARM_HUMID
19.4,40.1,-0.03933503540742839,0.04240227516508731,0,COLD
24.3,21.6,-0.012492871386768462,-1.054477064718327,2,WARM_HUMID
18.6,46.3,0.049794589284983044,-0.3477193654725337,0,COLD
30.8,69.4,0.05499998584762035,-0.24005854440048605,2,WARM_HUMID
20.7,71.6,-0.12282782405542277,0.2351179173641117,1,COMFORT
31.1,72.2,0.23792958976186954,0.20806671674000177,2,WARM_HUMID
32.9,46.0,0.13632714917756752,0.0662754119075865,3,HOT
16.8,37.4,-0.1991000555045165,0.7578199537335292,0,COLD
21.9,53.2,0.1809461604928827,0.45754605728037395,1,COMFORT
31.1,71.6,0.10309005143589364,-0.6220070008505304,2,WARM_HUMID
20.7,50.9,0.0032498117555345278,-0.5410947303548541,1,COMFORT
25.7,54.0,-0.08327992900397975,-0.09901369472861053,2,WARM_HUMID
29.2,41.9,0.1467004463997613,-0.7426887859986926,2,WARM_HUMID
18.0,58.7,-0.06928275726513121,-0.1171693011004666,0,COLD
17.2,62.8,-0.06770628466220154,-0.4193713398702717,0,COLD
15.7,63.0,-0.1410498281264352,0.003949100538868678,0,COLD
23.8,73.6,-0.3852040892415469,-0.12607560810070467,1,COMFORT
26.6,57.3,0.17552885011058422,0.9892454428306627,2,WARM_HUMID
34.0,80.0,0.0076387001063641605,0.8014761146933037,3,HOT
18.8,67.0,0.048307080648853966,-1.077344949525126,1,COMFORT
31.9,66.5,0.002308134675190299,-0.10779588727945162,3,HOT
24.8,36.6,-0.04086140686485182,0.05129174069625249,2,WARM_HUMID
13.4,48.8,0.10397671349415871,-0.16098856143825369,0,COLD
22.1,21.1,-0.01960576782048228,-0.3215027465309157,1,COMFORT
30.5,65.7,-0.031699636510448465,0.2263796318386545,2,WARM_HUMID
11.6,58.3,-0.027887956909061533,0.23347320867328084,0,COLD
25.3,43.5,0.07907251451917646,0.20798098080495114,1,COMFORT
22.8,51.8,-0.16774818895031698,0.009454333774499632,1,COMFORT
27.7,33.3,0.09181880282232763,0.3184178888102499,2,WARM_HUMID
29.3,75.3,-0.11298487149969294,0.7389539594046868,2,WARM_HUMID
24.8,42.9,0.0979005402753547,0.5134121283678533,1,COMFORT
26.4,32.0,0.06483944259512332,-0.9847146909890916,2,WARM_HUMID
24.0,53.6,-0.09026355302877455,0.039517619866667554,1,COMFORT
25.4,25.8,0.054921978894852355,0.03652219341938125,2,WARM_HUMID
30.6,75.5,0.09596062600483421,-0.12964622854577101,2,WARM_HUMID
23.2,17.0,-0.049493065607930674,0.5067194276045395,1,COMFORT
22.0,27.6,0.08899474288351625,-0.15941088161828199,1,COMFORT
24.7,26.1,0.014810187440395039,0.45355671196563635,2,WARM_HUMID
21.7,20.9,0.007326501520711769,0.5436075584379497,0,COLD
20.8,29.4,-0.1521916240205049,-0.30901792708878373,0,COLD
35.6,38.0,-0.21410641706108505,-0.8509911476404837,3,HOT
19.6,72.5,0.2207377623854841,0.6512946962519127,0,COLD
34.2,59.2,0.007722303714299578,0.05810436793670202,3,HOT
28.5,51.4,0.061631892175688485,0.10584605315917846,2,WARM_HUMID
30.3,48.0,-0.11268842161054604,-0.0047336392584336985,2,WARM_HUMID
31.8,32.3,-0.1466904907136655,0.5671196664713078,2,WARM_HUMID
24.0,21.4,-0.26946679198644213,0.3950754080899894,2,WARM_HUMID
34.8,55.2,0.1509361120967455,-0.003369577370787002,3,HOT
27.8,51.0,0.07031613841125356,0.7388590070257944,2,WARM_HUMID
20.3,36.2,0.16162608040880325,-0.5078056126241626,0,COLD
23.7,55.4,0.1787541364751846,-0.20654936941278415,1,COMFORT
25.3,33.5,0.32004684070228456,0.05623286481254919,2,WARM_HUMID
37.0,68.0,-0.006341799703961668,0.5190413064900982,3,HOT
15.6,35.5,0.045901980274947456,0.478100261985486,0,COLD
26.3,34.3,0.08322018123287585,0.26354612040949643,2,WARM_HUMID
30.7,60.8,-0.09453422843897526,-0.2439484023770604,2,WARM_HUMID
23.0,81.7,-0.1268043306570332,0.05042006439687002,3,HOT
12.2,64.4,0.18745351760950857,0.45464698392210834,0,COLD
27.2,57.5,-0.08115333375464233,-0.9720037117241722,2,WARM_HUMID
32.0,80.0,0.051825275502379385,-0.2682750206468591,3,HOT
25.8,50.8,0.2863085774138704,0.033142390363855606,2,WARM_HUMID
28.7,33.9,-0.030273969860401345,-0.8340969373133142,2,WARM_HUMID
22.1,19.7,0.057258598514320275,0.04240700948395619,1,COMFORT
30.0,85.0,0.08989210012748654,1.0291378102022972,3,HOT
34.4,39.3,-0.3962879112650039,0.6298677241286667,3,HOT
19.5,74.6,0.28939049949319234,0.5406905093888625,0,COLD
33.2,47.8,-0.012618754477097729,0.6383628940040537,2,WARM_HUMID
18.4,42.4,-0.12148351486341122,0.7687843105185768,0,COLD
25.1,35.1,-0.15587103239959457,0.7589134479798578,2,WARM_HUMID
24.5,25.2,-0.20800169505693025,0.06223995530690466,2,WARM_HUMID
33.8,52.4,0.0846026704202737,-0.40333036322836047,3,HOT
20.6,31.3,0.07410025009545267,1.0022254241423487,0,COLD
20.0,44.4,0.05917322931836368,-0.1971080912287729,1,COMFORT
23.2,64.0,0.08589929689143093,-0.48045629545877955,1,COMFORT
37.5,51.7,0.040457043649310846,-0.2116230030196071,3,HOT
32.9,61.0,-0.08830572503351547,-0.025945632064495697,3,HOT
16.6,54.4,0.13501550008874005,0.550795412887483,0,COLD
28.2,51.0,-0.013713054295368015,-0.5817205171846396,2,WARM_HUMID
26.1,23.7,-0.20070769143861192,1.0552660067190194,2,WARM_HUMID
18.2,55.0,-0.0465217492516019,0.08407714547255288,0,COLD
27.3,33.8,-0.18457259563880993,-0.33896501941166773,2,WARM_HUMID
34.2,35.4,-0.02181453331556132,-0.057609702375917865,3,HOT
32.0,32.5,0.2122115729039719,0.18974333340150024,2,WARM_HUMID
21.2,30.5,-0.13996786330292124,0.4129450531403846,0,COLD
30.9,65.7,-0.19288739150494602,0.29060307201422075,2,WARM_HUMID
22.6,31.3,-0.18415824016077048,-0.04224818550538026,1,COMFORT
28.7,71.2,-0.26786119229193944,0.5760629934391693,2,WARM_HUMID
23.5,28.4,0.05282886969655836,-0.11521925881251625,1,COMFORT
30.7,69.0,0.07764672384597597,-0.2073006581449474,2,WARM_HUMID
29.9,28.0,-0.08221817059886716,0.03212927020717206,2,WARM_HUMID
20.6,36.3,0.17643385601377937,-0.16909816043755524,0,COLD
21.1,29.3,0.07614177344148712,-0.3372352756192607,0,COLD
29.9,58.5,0.06872604018679003,-0.04564440118475443,2,WARM_HUMID
34.3,49.4,-0.08278730223136142,0.2778955896091268,3,HOT
32.0,27.5,-0.23406502017075465,0.6035533312310444,2,WARM_HUMID
24.3,32.5,-0.1512174479682344,-0.14643090729664776,2,WARM_HUMID
31.5,25.7,0.018808645771010744,0.13715921311412557,2,WARM_HUMID
23.9,28.1,-0.19575660047143756,-0.0270649677207599,1,COMFORT
28.9,60.9,0.1972388144445604,-0.006575300486483457,2,WARM_HUMID
22.3,42.9,0.1018629027623773,-0.2688797128463306,1,COMFORT
27.4,34.4,0.03765053147252198,-0.2284170378030846,2,WARM_HUMID
21.9,53.2,-0.08040769157881378,-0.2659077848495651,1,COMFORT
34.8,49.0,0.02124495417566076,-0.23783698827735,3,HOT
16.8,48.3,0.16120667740894992,0.1422909213691245,0,COLD
27.3,47.6,-0.20562630672435087,-0.3259174870955987,1,COMFORT
24.8,38.3,-0.1335291859833514,-0.023228981819430696,1,COMFORT
18.6,49.8,-0.020072403862116804,0.67878668644429,0,COLD
22.7,53.1,0.26286431825809087,0.03868881266374648,1,COMFORT
36.0,72.0,0.0023659725570652976,0.13180935140714686,3,HOT
11.0,54.6,-0.15027348115114514,-0.08131675934661688,0,COLD
33.0,56.7,-0.047613900297828825,-0.34796854546514744,3,HOT
24.0,32.7,-0.0688465170372722,0.030728817387456087,1,COMFORT
27.0,33.5,-0.2105500959075791,-0.07813541031420877,2,WARM_HUMID
25.7,53.8,-0.17132085069406758,-0.6524619426292778,2,WARM_HUMID
23.3,52.4,0.24286136712154605,0.0875421836803083,1,COMFORT
36.4,43.6,-0.20113571541386022,-0.7400695866575778,3,HOT
24.4,27.0,0.055097908177379494,-0.7704845113484836,1,COMFORT
27.2,47.8,-0.16346881745908498,0.09409064458845012,1,COMFORT
23.4,33.1,-0.1215768784698273,0.33520577183196754,1,COMFORT
23.5,26.7,-0.08604638399348366,0.08662232355374373,1,COMFORT
12.0,40.0,-0.03338476061571199,-0.722934776535489,0,COLD
31.0,18.7,-0.01140733615455639,-0.4369856210132387,2,WARM_HUMID
24.8,73.2,0.023440301653863037,-0.024302126605887937,1,COMFORT
37.2,25.7,-0.14888629404271697,0.2940977366247909,3,HOT
27.1,37.0,-0.036402191521804995,0.24883277317628272,2,WARM_HUMID
15.6,52.8,0.24105285123739215,-0.2455716977147355,0,COLD
28.9,54.7,0.17866360247192872,-0.4478239082698971,2,WARM_HUMID
36.0,48.0,0.23239258736374477,-0.008772900906593972,3,HOT
22.4,28.1,-0.0012376454100714845,0.3184258044855939,1,COMFORT
25.8,57.5,0.0312940920728472,-0.36744554324317447,1,COMFORT
30.2,75.1,0.2153512956561675,0.278580522735319,2,WARM_HUMID
17.5,53.0,-0.19636120869861384,0.1333713958835309,0,COLD
29.2,55.0,-0.0803945167671072,-0.09719240145773311,2,WARM_HUMID
14.0,31.7,-0.02524134445907644,0.6395763616553991,0,COLD
22.6,28.5,-0.018573765508807183,-0.08450786097742262,1,COMFORT
26.9,34.6,-0.0484751498553727,0.9820700535315532,2,WARM_HUMID
11.6,51.3,0.15000812956094972,0.2039957886477297,0,COLD
20.6,20.7,0.04438748853741951,0.353417801070059,0,COLD
18.9,59.0,0.060596860876630715,-0.3174950538012609,0,COLD
26.9,40.5,0.039412432522631505,-0.343023143263413,2,WARM_HUMID
21.7,58.2,0.06375788913530195,-0.11183394261055116,1,COMFORT
20.5,41.2,-0.030031033532653063,-0.32153702577568016,1,COMFORT
23.4,27.2,0.027485339855263604,-0.31904101981457456,1,COMFORT
27.5,63.0,-0.0894946122852679,0.6130608188933487,2,WARM_HUMID
15.0,50.0,0.0406382014061162,0.21767025617770397,0,COLD
21.5,45.6,-0.07823147671913523,0.263538699645964,1,COMFORT
25.0,56.8,0.13484776408467963,0.003634538904435947,1,COMFORT
32.0,61.9,-0.1200262947996156,-0.6978351573079589,3,HOT
35.2,41.0,0.005859364818037658,0.19542790161807702,3,HOT
19.2,59.2,0.14047256659806767,-0.0006012954732340718,0,COLD
25.0,48.5,0.19505871230120111,0.043739215705396274,1,COMFORT
29.0,62.4,0.056459459920345026,0.1570294009486373,2,WARM_HUMID
29.8,76.5,0.0912067859440797,-0.2782451759347628,2,WARM_HUMID
19.9,30.3,-0.000335717471127164,0.6156207751107088,0,COLD
25.5,53.1,0.04482503334231646,0.45909400953418705,2,WARM_HUMID
22.6,42.5,-0.05495149808842684,0.2910417708185592,1,COMFORT
13.4,66.5,-0.12419327317778918,0.17849348586142633,0,COLD
29.2,53.0,0.21838286970303653,-0.35434506203670146,2,WARM_HUMID
25.2,83.0,-0.020129653392817946,0.7634407014623391,3,HOT
35.8,32.8,0.08408981034313329,-0.14495869419950289,3,HOT
27.7,29.9,0.04029762147525164,0.3936226778953246,2,WARM_HUMID
15.1,47.3,0.1007598223260641,0.3942386476414402,0,COLD
27.6,57.4,-0.051120584718731904,-0.052351417172317005,2,WARM_HUMID
30.5,73.8,-0.07581742820332718,0.2279657157502157,2,WARM_HUMID
28.5,51.4,-0.03427052188533075,-0.33165198983784244,2,WARM_HUMID
28.3,44.0,-0.09113531876693338,0.27434103498970286,1,COMFORT
19.5,45.4,0.019728409511723485,0.4601148875845671,0,COLD
31.8,18.7,-0.020593660186554986,-0.2461941720398132,2,WARM_HUMID
33.9,39.5,-0.0711961927136428,0.09535337280784947,3,HOT
16.2,30.3,-0.20987122870958547,0.0035456971515111695,0,COLD
26.0,66.0,0.09546364960951956,0.05508101818132576,1,COMFORT
18.3,40.2,0.34764551830108176,-0.3146824769052885,0,COLD
30.5,65.3,-0.0026934437639911523,0.5292162785528643,2,WARM_HUMID
33.8,46.3,-0.09572232075695879,-0.6524750862716211,3,HOT
35.0,74.0,0.002964071066790658,0.008807899041454431,3,HOT
32.8,67.9,0.02233299059306552,-0.34035868787820134,3,HOT
23.7,29.8,-0.13648329029885267,0.7585216535983972,1,COMFORT
13.4,61.0,-0.2662586141709503,0.24679373335183896,0,COLD
23.9,56.7,-0.31468822257881984,-0.2320595272563522,1,COMFORT
32.0,79.0,-0.22764569342352814,0.48018751315632935,3,HOT
23.5,27.0,0.22599381961345416,-0.7019670333197273,1,COMFORT
30.2,65.9,0.256464487749686,-0.1988621915133002,2,WARM_HUMID
31.8,79.5,0.16357082535854908,-0.4289079925617079,3,HOT
33.1,51.0,-0.023305948232699804,-0.40205699606773787,3,HOT
25.3,83.4,-0.01812498961828114,0.015593163776547379,0,COLD
22.0,45.3,-0.134754871492456,-0.10499674221889475,1,COMFORT
23.2,74.2,-0.14519849427177606,-0.07080332972371026,1,COMFORT
19.6,72.5,0.2207377623854841,0.6512946962519127,0,COLD
27.0,31.5,-0.01574602136526081,-0.16431697711411353,2,WARM_HUMID
19.9,32.1,0.13466205714369328,-0.15062630695723914,0,COLD
27.6,67.9,-0.17428164696368917,0.01506930042329064,1,COMFORT
34.5,45.1,0.06492550570413991,-0.09017287670913439,3,HOT
35.7,34.0,0.035292793318047015,-0.9497281723024896,3,HOT
33.3,40.6,0.19262063240813507,0.33565037424096583,3,HOT
25.9,66.7,-0.08506425685933058,0.6924500714136657,1,COMFORT
32.2,41.7,0.02748630673638235,-0.47682315363005023,2,WARM_HUMID
22.8,52.2,-0.1451484642432782,0.05710792691608681,1,COMFORT
18.9,38.4,0.01731900068773665,-0.7516283076379597,0,COLD
30.0,78.4,0.06900628736930078,-0.5689122257738014,2,WARM_HUMID
27.1,54.0,-0.014294329858042814,0.2501241219152998,1,COMFORT
18.1,36.1,-0.16237779303747707,0.5479616961158251,0,COLD
22.2,45.9,0.2300027827871987,0.20551124312428037,1,COMFORT
22.9,50.6,0.14279114547428798,-0.07759059071515984,1,COMFORT
36.5,34.0,0.14231076338830992,0.11211174226590144,3,HOT
11.0,53.7,0.010182039210475816,-0.6573861724959902,0,COLD
32.4,41.0,0.06611282139336075,-0.41815108755654323,3,HOT
31.7,58.1,0.04754038998257978,-0.8291126617765308,2,WARM_HUMID
15.1,53.2,-0.06730097703409363,-0.5858745941579414,0,COLD
35.5,28.2,0.1725193017590448,-0.5147750767010367,3,HOT
22.8,26.9,0.14446985430977988,-0.2134243425072985,1,COMFORT
35.9,22.0,-0.04921055555470149,0.8625756330007326,3,HOT
17.6,52.0,-0.006974487168983689,0.16587813314117747,0,COLD
34.4,40.7,-0.1912919307869036,-0.05922606761358992,3,HOT
23.8,31.5,0.14543167170303212,0.242635242377105,1,COMFORT
32.0,61.9,0.07836678163900414,0.4297647024494813,3,HOT
30.8,49.9,-0.19681318325576042,-0.2873379740659289,2,WARM_HUMID
32.6,39.0,0.017774088423613593,-0.2519665620800203,3,HOT
20.7,31.2,-0.15194618937299365,-0.053922847844412675,0,COLD
34.6,41.0,0.19201127304663224,-0.3550787930767625,3,HOT
31.0,59.1,0.0729430957111342,-0.43268158682184316,2,WARM_HUMID
17.7,41.1,0.051790576441843324,-0.8782733894586443,0,COLD
18.5,33.1,0.054908387319118686,-0.4130772730902108,0,COLD
24.5,29.9,-0.11070075037786765,0.5555597481480247,1,COMFORT
34.3,56.3,-0.05386974421633121,-0.021935851702801476,2,WARM_HUMID
19.9,52.4,0.09182595244008593,-0.17763661401011777,0,COLD
33.2,50.3,0.14201166759837341,0.17502251141828185,3,HOT
32.8,53.0,0.07017348637970519,-0.40480710274341497,3,HOT
24.9,47.3,-0.20922027957039283,0.4550854145335186,1,COMFORT
27.3,33.0,0.0681726174393818,0.29979284108796433,2,WARM_HUMID
27.4,55.0,-0.14277234996006127,0.019617135077947396,1,COMFORT
26.2,41.1,-0.12357919659346299,-0.9984038897687881,1,COMFORT
18.3,35.6,0.16580451504974106,-0.07167810061380077,0,COLD
19.7,31.5,-0.005185833822872852,0.3345524226275944,0,COLD
22.7,30.5,0.18709554759970165,0.3064451353748412,1,COMFORT
22.7,26.6,-0.07790664757919485,-0.36734089645273094,1,COMFORT
30.9,56.0,-0.008507999729177929,0.43084680247889384,2,WARM_HUMID
33.4,58.0,0.0734061841841877,-0.17036928919343566,3,HOT
27.3,49.3,-0.12089881781772513,-0.3180369349606722,2,WARM_HUMID
24.6,33.0,-0.07448835295772183,0.6743674956560392,2,WARM_HUMID
25.0,68.8,0.14287318517056752,0.7914795564457197,1,COMFORT
31.5,24.0,-0.13868461715671498,0.6645435370877096,2,WARM_HUMID
19.5,57.7,0.1747291173854336,-0.23852379961626952,0,COLD
26.4,24.8,0.07264954943782516,-0.12532153591525488,2,WARM_HUMID
19.3,33.0,-0.049067423443592516,0.12099602956511075,0,COLD
27.1,80.0,-0.08156651549184042,0.5202129732516835,2,WARM_HUMID
26.0,54.0,0.3503379556930717,0.13036110240849202,1,COMFORT
18.2,25.7,-0.03514148778148502,0.4633458152191692,0,COLD
26.4,32.0,-0.01486414503619035,0.12149081583661081,2,WARM_HUMID
30.4,32.0,0.2556888139946065,0.06957926953142984,2,WARM_HUMID
17.8,46.8,0.23696836864525417,0.5278748775769605,0,COLD
27.3,33.8,-0.06047248579578074,0.34088203481929746,2,WARM_HUMID
15.8,38.7,-0.049781720954059784,-0.7164944837099094,0,COLD
13.4,52.2,0.10829828658604426,0.5046318062704597,0,COLD
20.1,30.5,-0.18049306945087498,-0.24958016986401677,0,COLD
24.3,26.6,0.35704892002655825,-0.47980724200760927,2,WARM_HUMID
25.2,38.7,-0.05567665421371433,0.5966495405425991,1,COMFORT
36.0,69.0,0.11561696633160108,0.14554443608036446,3,HOT
28.4,61.5,-0.19359458539890265,-0.13112107000795856,2,WARM_HUMID
20.7,41.2,0.13827394372609347,0.24454601499028353,1,COMFORT
20.1,52.4,0.031630899596625135,-0.024885850332252792,0,COLD
23.0,53.4,-0.10537920870485734,0.3240057304033379,1,COMFORT
23.4,60.9,-0.20626222088281979,-0.7783526602497499,1,COMFORT
21.8,62.6,-0.16498725356097088,0.4385258283771625,1,COMFORT
23.1,49.1,0.1370615828516511,-0.12652810950973198,1,COMFORT
23.0,55.7,-0.07242010330274244,-0.07078326662838377,1,COMFORT
13.8,36.7,-0.09946382607380817,-0.3392832864698239,0,COLD
25.0,37.0,0.07593614839588891,0.04930997901273093,2,WARM_HUMID
34.6,27.0,0.09621069061291466,0.18505470748280872,2,WARM_HUMID
31.9,16.4,-0.24084501045941814,-0.14411294444516376,2,WARM_HUMID
19.2,43.6,-0.026306952648147086,-0.027617562459062963,0,COLD
27.0,54.1,-0.06413254385321657,-0.38112988028277994,1,COMFORT
24.0,50.6,0.024138681894960164,-0.18904235745410536,1,COMFORT
30.8,65.8,0.07402450926776029,0.1630196387444808,2,WARM_HUMID
15.3,47.6,-0.05810726175220722,-0.23684231895238864,0,COLD
27.7,81.3,-0.009592556074714683,-0.3453578874198052,2,WARM_HUMID
17.8,38.0,-0.06658897416523375,0.6126675153554866,0,COLD
17.7,38.6,0.18307145866216118,0.32711209874397595,0,COLD
31.8,79.5,0.0017604554582903772,0.21542206380865583,3,HOT
27.5,38.0,-0.0019932095822903103,-0.4570444010788215,2,WARM_HUMID
32.7,62.7,0.07322313968082353,-0.0789508306402831,2,WARM_HUMID
27.2,33.4,-0.07987744607447235,0.29469617010699,2,WARM_HUMID
11.0,71.9,0.12331662709242193,-0.3404308746500586,0,COLD
29.6,47.0,0.015114423435239815,-0.10939226703358847,2,WARM_HUMID
22.4,42.8,0.04035277076479387,-0.04873197688128003,1,COMFORT
24.5,48.4,0.2296821157218623,-0.7482319670641121,1,COMFORT
20.4,35.8,-0.1694963806176624,-0.12025977979806463,0,COLD
30.2,74.7,0.016683500226128703,-0.18866751784277636,2,WARM_HUMID
26.6,60.0,-0.033971833785229014,0.5021616574221088,1,COMFORT
17.2,52.8,-0.13297669447944516,0.39788047475717947,0,COLD
21.2,58.3,0.1961313194040933,-0.13474759967269342,1,COMFORT
21.5,36.6,-0.04899206709918189,-0.24259019013077193,1,COMFORT
28.7,36.0,0.05392136963206883,-0.27633783294484043,2,WARM_HUMID
18.4,41.9,-0.1601107391347432,0.722910538514892,0,COLD
22.5,28.1,-0.12214775981095119,0.022283471945134352,1,COMFORT
21.8,21.0,-0.21792432575531143,-0.07870037804265279,1,COMFORT
19.5,58.8,-0.1343790575869652,-0.3327906878435831,0,COLD
22.5,35.3,0.024838575725620468,0.2664934717025927,1,COMFORT
22.8,63.0,-0.0951656952229467,-0.3616608816627877,1,COMFORT
22.5,59.8,-0.011222763052587797,0.27633678289145,1,COMFORT
21.1,32.0,0.09336410692916443,0.45166504582477307,1,COMFORT
14.6,70.8,-0.37960558006431255,0.6834538589575009,0,COLD
36.6,34.0,0.01871678695161179,0.569193198225354,3,HOT
12.2,70.4,0.06070717902377415,-0.5567888669911616,0,COLD
33.6,47.9,0.13513629848225606,-0.2541494191393753,3,HOT
38.0,70.0,0.026522521675210905,-0.3256440549807913,3,HOT
17.1,62.0,-0.006467481767062826,0.16932344512815173,0,COLD
37.2,34.4,0.17052814529075747,-0.3656469794640232,3,HOT
39.6,24.1,-0.2526140594021108,0.665331057543152,3,HOT
15.6,52.8,0.047604394988304204,-0.16186708952980988,0,COLD
26.8,60.0,-0.15953072194060922,-0.4735572154495463,2,WARM_HUMID
18.2,90.0,-0.03763442277079798,0.3830949512757771,0,COLD
17.3,79.9,0.10438981514112745,-0.21081048675391822,0,COLD
33.3,55.4,0.20166508621245063,-0.6342115424291288,3,HOT
28.1,30.2,-0.1020274962527481,-0.2925798635653737,2,WARM_HUMID
29.6,60.7,-0.2541484051943203,-0.014189797454373097,2,WARM_HUMID
28.5,51.4,0.11114955501441587,-0.4939347780258982,2,WARM_HUMID
32.8,67.9,0.02233299059306552,-0.34035868787820134,3,HOT
29.3,46.0,-0.22178204054981984,0.7548076812907301,2,WARM_HUMID
27.2,80.7,0.08660763365500833,0.1729116591548876,2,WARM_HUMID
18.5,59.0,-0.06850013848570895,0.31385183973591013,0,COLD
35.3,38.8,0.1973297174441361,0.5812260131193762,3,HOT
24.1,19.0,0.02732598986562979,-0.30118931845182856,1,COMFORT
33.8,56.5,0.00936475549911644,-0.1644313198479822,3,HOT
31.8,57.2,0.03001956259270062,-0.16153509782315628,2,WARM_HUMID
23.6,35.5,-0.23219529183690685,0.10353206719261028,1,COMFORT
16.4,21.8,-0.1856722624135095,0.23703302033954496,0,COLD
26.1,41.8,-0.25833854009362783,-0.5628731903889956,1,COMFORT
10.4,52.7,0.04170785267588866,-0.160328830446405,0,COLD
17.9,37.0,-0.02983434625374888,0.4905722840454357,0,COLD
21.2,30.5,0.09815822010911449,0.4001826172785532,0,COLD
31.0,66.5,0.32821987723486196,-0.19619096735043284,2,WARM_HUMID
29.4,34.0,0.3396145994483137,0.5793264664796153,2,WARM_HUMID
18.9,59.0,0.2283139735123786,-0.023748569743195287,0,COLD
18.7,49.8,0.1991812838210094,-0.010630811236324741,0,COLD
19.5,40.3,-0.02535550750888351,0.15433187485976813,0,COLD
23.5,63.1,-0.03234614052640476,-0.4860490869330925,1,COMFORT
24.5,49.5,0.1326795525731484,0.5857556066298512,1,COMFORT
28.2,52.2,0.0630792032805878,0.3296913218823541,2,WARM_HUMID
23.9,54.9,-0.06566671567271579,-0.13922544027741038,1,COMFORT
30.3,27.4,-0.26542728325446097,0.5391005077182925,2,WARM_HUMID
23.8,34.1,0.16720412689976763,0.08937151544565694,1,COMFORT
19.4,46.3,0.13905042005924306,0.1173777650026854,0,COLD
15.0,51.0,-0.09191012625221355,-0.7593906807038461,0,COLD
21.4,33.7,-0.0644822454653475,0.1739244727570678,1,COMFORT
30.3,44.2,0.3151200850708308,-0.7624264436981889,2,WARM_HUMID
37.3,44.7,-0.20366724593472302,0.4420714274375973,2,WARM_HUMID
34.3,20.6,0.16801941094965658,0.43033952664216557,3,HOT
31.2,58.1,-0.3389079386856279,-0.04482399651876669,2,WARM_HUMID
34.0,35.8,0.11744202697383313,-0.28378378457774267,3,HOT
17.6,48.0,-0.19193350200169468,-0.07616592181553201,1,COMFORT
19.6,29.5,0.04410616307460265,-0.004298035811526379,0,COLD
23.0,28.4,-0.31395665346151214,0.6617792018357976,1,COMFORT
27.0,49.1,0.12905446489550385,-0.22755868783228805,1,COMFORT
20.7,33.4,0.15702013552370195,-0.09623549750783411,1,COMFORT
19.5,31.9,-0.15607276473687487,0.13541367478519492,0,COLD
22.1,52.1,0.012366264995226368,0.27310714391957663,1,COMFORT
23.0,20.0,-0.029153677001366195,-0.5495587709018903,1,COMFORT
21.9,28.0,-0.09426182218686735,0.13056940770908426,1,COMFORT
21.8,50.2,0.1395271177421035,-0.6044855837331307,1,COMFORT
31.2,55.0,-0.1964024292868123,-0.2574259965303479,2,WARM_HUMID
10.4,74.9,0.17074583059302234,0.22717042841545465,0,COLD
18.4,33.3,0.045141990728873885,0.3691406427207151,0,COLD
19.3,73.4,-0.07656417395081429,0.4827426570907643,0,COLD
19.2,36.2,-0.020142784993316006,-0.021159018965901086,0,COLD
26.1,39.7,-0.061149086784890234,0.24068819067106403,2,WARM_HUMID
22.9,23.1,0.07029282380339887,-0.9788661611130419,1,COMFORT
34.9,58.9,-0.10572772660860853,-0.5313853867871214,3,HOT
27.2,34.8,-0.03714173046621765,-0.07876338646833933,2,WARM_HUMID
10.1,26.3,0.10010329266820173,0.08224776102213927,0,COLD
22.5,49.0,-0.11036305789409424,0.2032724126147965,1,COMFORT
24.3,26.4,0.233462405335765,-0.7416002261051922,2,WARM_HUMID
27.2,60.8,-0.013698438942460082,-0.6184867725165145,2,WARM_HUMID
20.6,40.6,-0.015723054891069402,0.08590037561845718,1,COMFORT
15.1,59.0,-0.16023057471814753,0.5292914446490299,0,COLD
25.3,32.0,0.22539738325051373,-0.0604236080796307,2,WARM_HUMID
20.2,78.3,-0.18381262683587787,-0.25556986010514915,0,COLD
28.0,69.0,0.16733585151446576,0.09242441604053792,1,COMFORT
25.4,54.0,0.07473326227451776,-0.130588420055586,2,WARM_HUMID
24.9,24.9,0.10260729471804596,0.14078781357212375,2,WARM_HUMID
28.0,46.3,-0.11974509744460882,-0.49868409004031405,1,COMFORT
33.0,56.5,-0.264165960768565,0.013299211204373466,3,HOT
25.8,19.3,0.15521987349530117,0.8966024119986606,2,WARM_HUMID
20.7,31.3,-0.1211155157162867,-0.20741606225994708,0,COLD
20.4,26.3,-0.08717242666078524,0.22400823329194752,1,COMFORT
24.6,32.9,0.13477904896222181,0.3471937452403289,2,WARM_HUMID
32.8,55.0,-0.02174383213559193,-0.5043685492360409,3,HOT
26.5,66.9,0.13128682292140798,-0.04733103064344851,1,COMFORT
27.8,60.1,-0.3716259177943525,-0.6960974051178992,2,WARM_HUMID
28.5,61.0,0.10036648181043567,0.545092763204261,2,WARM_HUMID
18.8,66.5,0.15823274037028193,0.4880807857969547,0,COLD
26.8,31.2,0.1519038306826404,-0.13027841951252764,2,WARM_HUMID
26.4,39.0,-0.15769265351920622,-0.01489103359616739,2,WARM_HUMID
26.2,44.2,0.23144390012602475,-0.49872293719070093,1,COMFORT
29.9,30.0,-0.06271194064818378,-0.7432437307680047,2,WARM_HUMID
19.2,43.0,-0.05281316211808214,-0.10464045442045847,0,COLD
28.4,72.1,0.2541073196175823,-0.05346825697957522,2,WARM_HUMID
15.0,35.8,0.2616743324039832,-0.297679758172702,0,COLD
26.7,39.4,0.04286875745359301,0.08377346204012738,2,WARM_HUMID
19.2,59.2,0.2761774736682473,-0.09381378240646232,0,COLD
17.2,48.5,0.22960988483355008,0.06886669413546519,0,COLD
18.6,45.3,0.17362794087149366,0.5886669364663629,0,COLD
14.0,31.7,-0.02524134445907644,0.6395763616553991,0,COLD
22.1,28.4,0.10499497419176641,0.2953360953658361,1,COMFORT
29.7,74.0,-0.22491772760324993,-0.07496037820423851,1,COMFORT
22.1,42.5,-0.006515834612682451,-0.04597253358443606,1,COMFORT
26.3,34.8,-0.0370637984890336,0.1564432938928735,2,WARM_HUMID
26.6,25.1,0.029088221532590122,-0.07810144901977033,2,WARM_HUMID
30.0,85.0,-0.09190459402974581,-1.374808072162862,3,HOT
29.1,61.5,-0.3267517972913084,-0.6040250070637998,2,WARM_HUMID
23.1,24.0,0.21272364152496964,-0.13275849943579227,1,COMFORT
19.5,74.6,0.28939049949319234,0.5406905093888625,0,COLD
30.8,63.8,0.08937828011569386,1.1521502362929954,2,WARM_HUMID
21.0,47.4,0.2651316979067889,0.349862902589396,1,COMFORT
29.8,76.8,-0.17437467131830026,0.24916883945773552,2,WARM_HUMID
24.8,58.6,-0.039245593242189174,0.6792528669920164,1,COMFORT
19.9,38.6,0.011857170322541882,0.40996233771493773,0,COLD
20.9,36.0,0.2405947571803539,0.25761742621944633,1,COMFORT
19.0,37.6,-0.3643668505749969,0.5902280287365967,0,COLD
22.1,40.7,0.20598432953140355,0.0062037396814914065,1,COMFORT
21.5,20.2,-0.299716106208441,0.0692882863855151,0,COLD
29.7,42.9,0.020511975397269466,-0.21788412993577838,2,WARM_HUMID
19.9,51.8,-0.14216635262261368,-0.02146649948498998,0,COLD
32.0,62.5,-0.09408861942923544,0.4368542496891434,3,HOT
33.2,67.5,0.04451587606263525,-0.4990554925985917,3,HOT
17.2,50.6,0.07855916481207802,0.05280552805007677,0,COLD
22.5,84.0,0.05517736011524022,0.005351706564579867,0,COLD
34.0,62.4,0.010339657846270894,-0.11843704644245433,3,HOT
18.4,60.0,0.12690179076311495,-0.2892772854626674,0,COLD
12.8,51.3,0.033161191952111396,0.10020647680182859,0,COLD
25.4,36.9,-0.0894295953131538,0.25329309479360196,1,COMFORT
32.9,36.2,-0.09477845622429942,0.09976690738913166,3,HOT
31.3,53.0,0.24337766579686146,-0.22159812655564332,2,WARM_HUMID
32.8,17.0,0.038377543577250026,-0.20728163934142044,3,HOT
24.8,43.5,0.12971992354721332,-0.5774714863541838,1,COMFORT
27.1,73.0,0.24081921530164438,-0.24129771722252547,1,COMFORT
23.1,55.6,-0.029785378032144066,0.3217275414475722,1,COMFORT
18.1,56.9,-0.20477390470336884,0.3167512928436228,0,COLD
27.4,42.0,0.07525275677531823,0.08880141480233521,2,WARM_HUMID
16.5,65.0,0.0729953934217217,0.10053806175072096,0,COLD
33.7,62.0,-0.09372278665435183,0.2888159593428475,3,HOT
33.1,40.0,-0.09006184051343838,0.012376024191612397,2,WARM_HUMID
26.6,42.5,0.06419439398289525,0.3679072222406544,1,COMFORT
16.3,75.0,-0.34649529006576596,0.7040231006447296,2,WARM_HUMID
20.8,59.0,0.17689457760957397,-0.41859705656828883,1,COMFORT
33.3,54.6,-0.04375509900297711,0.14942880298663694,3,HOT
18.9,55.0,0.12207619038908353,-0.4434505598700355,1,COMFORT
33.2,42.9,-0.08777416713855489,0.2906104888748317,2,WARM_HUMID
24.8,46.2,0.0393289782295584,0.5628246939239404,1,COMFORT
31.7,64.9,-0.1318704139661527,-0.041107966795355895,2,WARM_HUMID
17.0,56.5,-0.17169402868991107,0.06834952123352693,0,COLD
26.7,34.0,-0.21497277217870678,0.20202544574260184,2,WARM_HUMID
17.3,59.0,-0.09927968767161242,-0.5843845799288258,0,COLD
27.4,49.7,-0.2773061999406238,-0.45447388876262046,2,WARM_HUMID
25.2,59.7,-0.18455717360220875,-0.01894045519923676,1,COMFORT
18.3,49.3,-0.09663742293777983,0.0963112990750131,0,COLD
26.7,46.8,0.01977524318483917,0.19605300218076782,1,COMFORT
22.1,68.0,-0.034057244009406545,-0.03430313634422177,1,COMFORT
34.9,61.5,0.07249810179388341,0.2645942811479411,3,HOT
20.5,67.0,-0.004110343629975591,-0.05972467801147107,1,COMFORT
18.3,33.0,-0.1977366587851892,0.22282054038678145,0,COLD
30.1,61.8,0.18971542901624477,0.26962530805401724,2,WARM_HUMID
18.7,60.0,0.15524072447458986,0.15346756983209936,0,COLD
27.2,37.0,0.023919376020619377,0.3667579058888242,2,WARM_HUMID
25.4,58.3,0.04803693835549635,0.5730999965035676,1,COMFORT
21.9,28.6,0.15659927869960283,0.5852473243361386,1,COMFORT
34.0,30.0,0.14844475968689103,0.05264649095906904,3,HOT
26.9,63.0,-0.08604026593453513,0.16666987615886375,1,COMFORT
26.6,41.0,0.02757743171305423,-0.4356987870988334,2,WARM_HUMID
37.2,34.0,-0.4401435117550077,0.32243003001809506,3,HOT
30.2,32.0,0.04403062949529608,-0.40473658269613494,2,WARM_HUMID
14.7,22.3,-0.0019634716511885857,-0.0031473095872334603,0,COLD
25.5,53.7,-0.1923667385874429,-0.26143267594467373,2,WARM_HUMID
37.2,41.2,0.07908330713633771,0.11763010305530763,3,HOT
17.8,49.3,0.011481464605555753,0.23447500056809478,0,COLD
23.3,68.0,-0.13979667454762773,0.5824003354993954,1,COMFORT
24.4,32.9,0.27066162400476373,-0.30398563995772926,2,WARM_HUMID
24.5,22.3,0.08930709497944693,-0.07211364486300827,2,WARM_HUMID
18.6,72.6,0.09420460909987276,0.06258279206146024,0,COLD
29.0,55.0,0.2088697950096493,-0.4003573025879936,2,WARM_HUMID
24.5,49.3,0.012072106330098005,0.17691059462685893,1,COMFORT
23.0,79.4,-0.08394581936605248,-0.5761257176145441,1,COMFORT
29.0,56.0,0.01073493558290887,0.31276255772147443,2,WARM_HUMID
22.8,37.9,-0.20561176258002173,-0.08849496127904086,1,COMFORT
29.7,61.0,0.22154016391774115,0.4094362826581616,2,WARM_HUMID
19.0,50.7,0.12064154970253621,0.34587234540616907,0,COLD
14.0,64.0,0.03992667978062704,-0.20015512224270948,1,COMFORT
20.6,38.7,-0.07821697925887826,0.2482472452499748,1,COMFORT
16.0,68.0,0.04985195572080052,-0.26705294241785515,0,COLD
34.2,52.2,0.232661208569647,-0.060687689710754916,3,HOT
29.2,44.8,0.07966276964639246,-0.6338365973752236,2,WARM_HUMID
18.0,50.0,0.12747305479783594,0.9115359699412814,0,COLD
21.0,43.0,0.19678898629968763,-0.2267616683463457,1,COMFORT
15.1,71.6,0.043242223284091205,-0.08455309913853952,0,COLD
18.9,44.0,0.14329665772276634,0.53982606667865,0,COLD
27.2,37.0,0.0879248700589175,0.3430024399291025,2,WARM_HUMID
24.4,23.4,0.23675140162459282,0.5224110503689524,2,WARM_HUMID
23.7,22.4,-0.18201950402293846,-0.49050546158976066,1,COMFORT
20.2,41.9,0.14009614830279327,-0.1251687262605483,1,COMFORT
23.0,56.8,-0.027953593495706423,-0.12006444477482325,1,COMFORT
28.2,52.0,0.32943347132291984,0.5280608354074275,2,WARM_HUMID
29.4,60.5,-0.22808367843108834,-0.39590399252923414,2,WARM_HUMID
24.1,49.2,-0.07134215563137238,-0.17206559919733638,1,COMFORT
25.6,76.8,0.07152362576755408,-0.2553809628876487,1,COMFORT
29.1,60.0,-0.24310640029453168,0.5652541620877731,2,WARM_HUMID
21.0,77.0,0.06800395917070898,0.6345550826281855,0,COLD
18.6,29.3,0.1341878299003013,-0.791579659232288,0,COLD
24.1,69.7,-0.024724053836426313,0.520123586323105,1,COMFORT
25.0,55.0,0.07185047150891383,0.05805579937277164,1,COMFORT
31.0,70.8,-0.06856427192508854,0.6453727072649551,2,WARM_HUMID
33.8,55.0,0.15215550975271955,-0.4394863445491791,3,HOT
36.7,38.7,0.04905738845793523,0.03776032178349107,3,HOT
24.4,15.8,0.08026265381025265,0.5439040445169717,2,WARM_HUMID
27.4,88.8,0.2770087520253489,-0.42900847009055776,1,COMFORT
31.2,45.0,0.1634238415817525,0.24383598354449765,2,WARM_HUMID
33.6,55.2,-0.11542671737517045,0.09407415731614835,3,HOT
23.2,24.0,-0.15110517694762346,-0.9006369185764088,1,COMFORT
24.9,43.7,0.09674786322682942,-0.07513656933255466,1,COMFORT
36.2,31.4,-0.21942338335142347,-0.09279340442754484,3,HOT
22.3,43.7,-0.0723384698093826,-0.20652567046847814,1,COMFORT
26.3,82.2,-0.07701829767244404,-0.4944999106418171,1,COMFORT
32.4,46.0,0.014293400049645213,0.39026907045126213,3,HOT
29.4,77.0,0.17124250255025347,0.22036116831097177,2,WARM_HUMID
16.8,39.5,0.019804708516267724,0.30601089548084515,0,COLD
23.5,50.5,-0.11381214913829243,0.059865263749422554,1,COMFORT
30.1,71.5,-0.0887061335087907,0.1983391728628472,2,WARM_HUMID
28.8,48.0,0.056867238794778834,-0.4037289572905549,2,WARM_HUMID
26.7,31.5,0.005779541648466702,0.2634344619151456,2,WARM_HUMID
22.3,28.7,0.06371942053069155,0.2281834428707931,1,COMFORT
17.6,59.8,-0.19818138477841934,0.3020090211436929,0,COLD
33.2,60.6,0.11791444801565626,-0.41370901143059496,3,HOT
28.7,51.7,-0.13861638651745742,-0.4156710344532692,2,WARM_HUMID
29.7,62.0,0.04970488670989682,-0.21164820410878413,2,WARM_HUMID
33.6,39.5,-0.13201404655827412,0.20686396991754946,3,HOT
33.8,38.8,-0.1304418318364224,-0.12847830023259318,3,HOT
37.0,88.0,-0.02423618567427403,-0.32391513610828476,3,HOT
31.3,38.8,-0.017904679113139296,0.30229836552598366,2,WARM_HUMID
22.2,36.3,-0.0302237849870059,0.13826966253959824,1,COMFORT
28.9,76.6,-0.16641727178782703,-0.06870923310182063,1,COMFORT
33.2,73.0,0.06760188559888573,-0.6533843521974522,3,HOT
32.5,33.0,-0.046320047723011744,-0.8222449226132875,2,WARM_HUMID
27.4,58.2,-0.1788609384948883,-0.6004090584196917,2,WARM_HUMID
27.6,42.1,-0.11699519415841884,-0.560749613288231,2,WARM_HUMID
23.4,38.0,0.04998457009501845,-0.4825230025310589,1,COMFORT
17.5,49.5,0.06160429706662922,0.2705519103437988,0,COLD
33.4,54.8,0.10399581854088642,-0.8400225732650647,3,HOT
33.6,54.2,-0.0498916182838171,0.08953217401142394,3,HOT
32.4,42.0,-0.2650224137918638,0.07526777844164018,2,WARM_HUMID
28.6,58.1,-0.007247951810151648,0.13843000439236944,2,WARM_HUMID
17.2,52.8,0.12401218541408544,-0.27459389134129275,0,COLD
17.5,56.0,0.11810627073359896,0.4706869621271018,0,COLD
28.9,63.0,-0.13742878732218636,-0.005424366043205174,2,WARM_HUMID
29.5,78.2,0.07329588362523105,-0.1051774898385791,1,COMFORT
21.5,39.3,-0.1286043167301226,0.2318726723724089,1,COMFORT
25.5,47.1,0.2831788481937958,0.8229061154754387,1,COMFORT
24.4,68.6,0.13021886070621672,-0.7527356532080752,2,WARM_HUMID
26.5,38.0,0.10097720269049375,0.16958044702596511,2,WARM_HUMID
26.4,34.8,0.04382232631781983,-0.07352701168405977,2,WARM_HUMID
34.0,40.0,0.13799944316009974,-0.3934408800987289,3,HOT
18.9,33.9,-0.024603816339020677,-0.43270192726487455,0,COLD
29.5,73.7,0.14768893423436955,0.47728035194484,1,COMFORT
22.6,28.1,-0.11218610137239932,0.26535649928500016,1,COMFORT
30.3,53.0,0.15563099163868488,1.327075899217208,2,WARM_HUMID
30.1,70.5,0.25105360459820086,-0.13744274010761734,1,COMFORT
34.7,22.2,-0.269903502182471,0.018021847962347966,3,HOT
23.2,56.0,-0.10944766620755804,0.02852363600978583,1,COMFORT
11.6,50.3,0.1917243334834348,-0.8244144278946082,0,COLD
20.7,35.8,0.03981455640968493,0.1867979827999274,0,COLD
27.8,57.2,0.03786262841806705,-0.39075073636655117,2,WARM_HUMID
22.5,30.5,0.16833446909104494,0.0055801545316682966,1,COMFORT
21.3,67.3,0.15773686792846406,0.5383757651885727,0,COLD
26.8,48.8,-0.23366832844663965,0.5194513848802871,1,COMFORT
22.6,38.4,0.16868739426730558,-0.6762492909104469,1,COMFORT
31.1,69.7,0.13431916565836974,0.20929728100474876,2,WARM_HUMID
23.0,40.1,0.050411130374543554,-0.2928704945177467,1,COMFORT
35.0,65.0,-0.05158418934935873,-0.7837424046659195,3,HOT
18.6,46.3,0.036161411820494274,0.11635895426532804,0,COLD
20.7,57.5,0.025614921712946354,-0.21233508530372333,1,COMFORT
11.0,66.1,0.11225329236465066,-0.08421393056769962,0,COLD
11.0,51.8,-0.2454212648368561,0.22443276198337717,0,COLD
22.2,41.9,0.12898808078605342,0.13045780681890795,1,COMFORT
20.0,78.0,-0.155780232767744,0.3289350385557357,0,COLD
25.8,50.0,0.07079674853438082,-0.1891391377031386,2,WARM_HUMID
24.4,29.6,0.18549296132144627,0.3969468227991369,1,COMFORT
27.4,58.7,-0.12417722475714824,0.03377464811163727,2,WARM_HUMID
14.6,73.1,0.07864160574535564,-0.030995811815465176,0,COLD
25.3,25.4,0.11110260058853952,-0.2016627289991266,2,WARM_HUMID
32.0,56.3,-0.22774009108386603,0.48596978641592775,2,WARM_HUMID
27.5,52.8,0.07628029764406961,-0.22492828166715154,2,WARM_HUMID
19.8,36.5,0.08277232264813927,-0.45479142372707976,0,COLD
29.0,37.4,-0.03355039112968742,-0.6059054191663347,2,WARM_HUMID
22.4,46.0,-0.1378302700096367,0.4142408430650628,1,COMFORT
26.9,49.0,0.07830309526661498,0.10028627210534008,1,COMFORT
17.8,42.5,0.07219728450993994,-0.4593043956240472,0,COLD
23.0,63.3,0.06370047440879287,0.14472571210993662,1,COMFORT
33.5,53.4,-0.0022670385128921765,0.09057742306456652,3,HOT
27.8,40.6,0.0803138934454309,0.6009608694118753,2,WARM_HUMID
26.9,59.0,0.059953192762896235,-0.4916964628251651,2,WARM_HUMID
29.7,76.8,0.1923779625045861,-0.8094422600528332,2,WARM_HUMID
13.4,49.8,-0.013312285436634593,0.6855595131350306,0,COLD
29.9,52.9,0.010699559404473724,-0.3618585892440665,2,WARM_HUMID
15.3,34.0,-0.2530409575055357,-0.01692242914801322,0,COLD
32.8,68.7,0.11449791771497214,-0.9948620324525241,3,HOT
33.8,48.4,-0.10593713837725244,0.4294893198140639,3,HOT
26.0,30.4,0.16571796610757256,-0.07282300363165621,2,WARM_HUMID
20.1,32.0,-0.13626965062841653,0.10290362910416506,0,COLD
35.9,58.3,0.0052379209791902056,1.271017307243472,3,HOT
32.7,65.5,0.07081450365826442,-0.12125956372915768,2,WARM_HUMID
29.3,29.0,-0.20208808763720237,0.3992257323344004,2,WARM_HUMID
33.8,30.0,-0.03645917983212997,0.07545809575259002,3,HOT
11.0,58.3,0.15445108840535898,-0.21652723173173022,0,COLD
29.0,35.0,-0.21165852465991228,0.48149466627155174,2,WARM_HUMID
25.6,46.8,0.15883977467991273,-0.2650484935810166,1,COMFORT
33.0,46.8,-0.03828325324432658,-0.8620625198225723,3,HOT
26.9,27.3,-0.3010554148819882,-0.45595824397212703,2,WARM_HUMID
19.2,27.5,0.3228988635542836,-0.40060908299084064,1,COMFORT
28.1,30.0,0.04622207900501921,0.3022986857740023,2,WARM_HUMID
27.3,50.2,0.1264235623585937,0.39068240927779563,2,WARM_HUMID
37.1,34.0,0.08092469515030641,-0.7013508802540267,3,HOT
11.0,50.8,0.11572882526799445,-0.7220795067196843,0,COLD
29.9,27.0,-0.04291092229514357,0.25378860924017344,2,WARM_HUMID
16.2,51.8,-0.08679241177863271,0.27287444128678046,0,COLD
29.1,45.0,0.10408848497868872,0.540388870414134,2,WARM_HUMID
21.7,28.7,-0.09316327779929152,0.47635431315800436,1,COMFORT
35.6,40.2,0.16952470383991752,0.08221341966094588,3,HOT
27.7,30.5,-0.3032120472571543,-0.13913315237720048,2,WARM_HUMID
22.0,49.6,-0.11957771883503507,0.13536602714436083,1,COMFORT
28.1,22.8,0.1360042278687333,0.4314429758174133,1,COMFORT
23.0,21.4,0.12183483225690916,-0.2511315744025297,1,COMFORT
27.8,49.5,-0.057416760256433774,-0.10383718511383294,1,COMFORT
18.0,27.9,-0.10411112327242737,0.3353863079837611,0,COLD
29.2,63.6,-0.45286245877080633,-0.11657140352872997,2,WARM_HUMID
21.4,36.7,-0.062129846708381335,-0.26794480543075927,1,COMFORT
36.4,41.4,-0.03674099965325669,0.2706146957343337,3,HOT
20.2,37.5,-0.021513964517232986,-0.009923744696793083,0,COLD
23.7,48.4,0.016934030551182123,-0.15310519040079107,1,COMFORT
29.6,49.0,0.010405470398710414,0.0758021659590812,2,WARM_HUMID
22.2,28.8,0.11545230281148078,-0.535761265097582,1,COMFORT
18.9,59.0,0.06513139015991937,0.09105103905761003,0,COLD
30.3,65.8,0.026238520116294583,-0.1091288183740103,2,WARM_HUMID
17.2,36.7,0.18238707682591926,0.6401878329949469,0,COLD
21.6,39.6,-0.1289098816225801,-0.9990296742906882,1,COMFORT
19.1,46.6,-0.14211343425276882,-0.47562779675768435,0,COLD
27.8,40.0,-0.027442045169300988,0.6453538745479195,2,WARM_HUMID
17.8,47.4,-0.12626011034911513,0.29323970730614163,0,COLD
31.1,59.0,0.10257836963387099,-0.1848832942269257,2,WARM_HUMID
30.0,85.0,-0.09626416144835181,-0.9780287611106853,3,HOT
19.9,36.4,0.3250438900870449,0.38446831351478994,0,COLD
17.3,46.0,-0.20069375236588263,-0.05083930227405125,0,COLD
16.8,66.5,0.0898200147279378,0.4211345913623068,0,COLD
32.7,69.6,0.04436446211211754,0.639837307537162,3,HOT
33.3,73.4,-0.35989691651910166,0.028669243635743736,3,HOT
38.0,75.0,-0.3166330941821151,-0.5880844636710313,3,HOT
18.9,22.7,-0.14303686425243065,0.10728953842020561,0,COLD
31.6,71.7,0.29424000899953223,-0.09664843266172757,2,WARM_HUMID
17.6,55.9,0.25045939487664565,0.891691974508932,0,COLD
25.3,34.5,-0.02822848807596708,-0.05932012523015711,2,WARM_HUMID
18.3,38.1,0.05517293526657978,0.03248484676323036,0,COLD
19.6,73.0,0.08439256148134965,0.20780943727890377,0,COLD
17.0,38.5,-0.05632500601133564,0.017873060604917498,0,COLD
32.8,61.0,-0.15844621957136296,0.3724222820774796,3,HOT
22.4,41.6,0.044844092008043936,0.27885130369178146,1,COMFORT
25.8,32.8,0.28698862653406365,0.4960992129521383,2,WARM_HUMID
35.0,62.0,-0.018353799433072526,-0.015947529440819924,3,HOT
20.2,58.0,0.16050753714241114,0.10539836142451992,1,COMFORT
28.6,67.3,-0.0027882833298521277,-0.20448341100871747,1,COMFORT
20.1,30.0,0.054286175454148225,0.5240171209831596,0,COLD
37.5,25.0,0.025272974348130393,0.7974068388544905,3,HOT
21.4,21.0,0.2340056486836238,0.3003938690963374,0,COLD
33.5,60.3,-0.13151283472068478,0.21286349375178482,3,HOT
30.1,63.0,-0.07036962813156133,0.26524675409920223,1,COMFORT
19.7,31.3,-0.1443934916411367,-0.41747682744093706,0,COLD
34.7,64.2,-0.03515490325791565,0.40765403293475116,3,HOT
25.1,75.8,-0.34690461927799426,-0.33966604060591293,1,COMFORT
31.4,64.9,-0.007248199097730898,0.6358988545118138,2,WARM_HUMID
29.8,65.0,-0.1000783627166258,0.6052932795294049,1,COMFORT
26.1,60.0,-0.13645251254727503,-0.5009708718141667,1,COMFORT
22.3,21.4,-0.24950985851635576,-0.4280587264726002,1,COMFORT
27.0,60.0,-0.050750726497992255,0.15141393887814042,2,WARM_HUMID
18.1,63.4,-0.09082900418601007,-0.16028326120144457,0,COLD
25.9,20.1,0.08397719816553857,-0.168093198252158,2,WARM_HUMID
25.8,19.3,-0.25371780554340617,0.35190849539289093,2,WARM_HUMID
18.7,66.5,-0.024762084750456916,-0.01355513163966824,0,COLD
13.4,52.7,0.07373593398491564,-0.12703587057010615,0,COLD
23.4,47.3,0.08538846924709063,-0.00370928710535395,1,COMFORT
24.8,30.6,0.44472769946747076,-0.632732587898702,1,COMFORT
34.2,43.4,0.15830385388202542,0.2184580977207945,3,HOT
23.5,46.7,0.19467115149578507,0.2898737637005018,1,COMFORT
13.5,51.5,0.02328690780874189,0.2574349011488455,0,COLD
33.6,53.2,-0.08882494949750687,-0.3724485725741929,3,HOT
19.2,16.9,-0.20971654791594815,-0.5495548215620948,0,COLD
29.4,74.0,-0.1960084453817936,-0.11245666983225389,1,COMFORT
29.5,81.0,-0.16842146719024892,0.08363067639034953,1,COMFORT
20.5,32.9,0.02262801552102485,-0.18443871996369288,0,COLD
22.1,79.5,0.026487517832670126,-0.35111874920991226,1,COMFORT
20.6,36.3,0.17643385601377937,-0.16909816043755524,0,COLD
23.0,58.1,-0.034265513023262466,0.02841972661846255,1,COMFORT
39.3,26.9,-0.14480730310567416,0.28075904079337666,3,HOT
30.6,56.9,0.006068987256503817,0.07678765905477355,2,WARM_HUMID
22.7,29.4,-0.0650282875189328,0.6138081772044757,1,COMFORT
27.0,47.4,-0.18650433910198355,-0.2843092861282229,1,COMFORT
24.4,31.9,-0.12484732043201095,0.07111583250002208,2,WARM_HUMID
23.3,52.4,0.1287989399654739,-0.375200558461753,1,COMFORT
29.9,28.0,0.030235367197464412,0.1246934763859564,2,WARM_HUMID
20.6,39.0,0.12666838081074985,-0.696177805192817,1,COMFORT
33.8,48.5,0.06265221075258715,-0.43415299941339713,3,HOT
22.9,44.2,-0.026849330221610505,0.07405870009516706,1,COMFORT
16.2,70.8,-0.1379866918695251,-1.0078777750693397,0,COLD
20.6,37.3,0.04871373593003126,-0.5519443486867134,1,COMFORT
23.0,29.9,-0.13534065060953274,0.24308794083703247,1,COMFORT
23.3,25.3,0.16891785032048748,0.2946419553263106,1,COMFORT
29.7,62.1,0.11002260143842917,-0.48506872822040337,2,WARM_HUMID
19.7,38.1,-0.158205668244888,-0.6260763298281007,0,COLD
20.4,35.8,-0.10249000458267396,-0.8098171067767356,0,COLD
23.0,43.9,-0.0767645935100474,0.5442074477402249,1,COMFORT
35.8,15.4,0.09594620205003389,-0.3850896124206195,3,HOT
20.8,29.4,0.021110358964045027,0.49172136393963073,0,COLD
31.6,27.8,-0.11296673702959675,-0.37580945365672475,2,WARM_HUMID
28.7,27.0,-0.2538879805610089,0.14036500573077412,2,WARM_HUMID
26.7,36.8,-0.027324087578688615,-0.15325435848575233,2,WARM_HUMID
26.0,59.5,-0.0680145535387299,-0.361777842692127,1,COMFORT
29.2,38.0,-0.1270276449188047,0.5166586341502154,2,WARM_HUMID
19.1,34.2,-0.1350796279940146,1.0648347483375207,0,COLD
21.2,29.6,-0.15549362417800974,0.09279507735243694,0,COLD
28.1,63.0,0.13586042152975372,-0.03721074165087206,2,WARM_HUMID
30.6,51.3,0.27294941846139176,0.2897428792081029,2,WARM_HUMID
19.1,70.7,0.13234297388988234,0.4724221646747784,1,COMFORT
27.7,41.3,-0.17325127460998538,0.3070236606036962,2,WARM_HUMID
22.0,54.6,0.13191008700809956,0.4256626511924886,1,COMFORT
24.0,22.4,0.12233913668942444,-0.08519465800078897,2,WARM_HUMID
26.7,30.4,0.13326703955378316,0.6969877131345812,2,WARM_HUMID
18.9,59.5,0.2794139529570423,0.28049125344173803,0,COLD
28.1,52.8,0.09689850625995082,0.41497584268695675,2,WARM_HUMID
18.1,58.5,0.0752841584790933,-0.2764364551937181,0,COLD
24.8,35.1,-0.10412806039556158,0.0925732629673283,2,WARM_HUMID
21.3,45.0,0.026685938925930092,0.48170719759825575,1,COMFORT
27.8,27.0,-0.05067959716964887,0.18083638033903215,2,WARM_HUMID
21.1,29.3,0.16505893384180936,0.0024723760316773414,0,COLD
27.2,80.7,-0.03834361620241326,0.5501886285964915,2,WARM_HUMID
37.9,36.0,0.05161829871065875,0.39394996837622154,3,HOT
27.9,35.0,-0.001393284235172362,-0.06141979743437434,2,WARM_HUMID
34.2,52.2,0.232661208569647,-0.060687689710754916,3,HOT
15.7,66.9,0.20178715686410062,0.17112927459874003,0,COLD
26.1,23.7,-0.07031971371923401,-0.26918374165846864,2,WARM_HUMID
27.7,31.0,0.11248503591355657,0.6561874872479353,2,WARM_HUMID
26.9,30.8,-0.30394815821342125,-0.482899097849462,2,WARM_HUMID
17.2,36.8,0.19832685487184998,0.2993614623452566,0,COLD
23.0,60.8,0.13894180903745817,-0.12494002123616213,1,COMFORT
21.6,25.6,-0.15529646550069914,-0.21962714389197596,1,COMFORT
33.5,51.7,-0.14371674885327212,-0.3496966150952636,3,HOT
20.1,49.5,0.009426813752797136,0.4023514854375858,1,COMFORT
19.1,80.0,0.28536448207067966,-0.3453530224621393,0,COLD
19.0,38.1,0.1032307959679324,0.06302288057436657,0,COLD
31.4,70.0,0.029793386908679366,0.8313121436440281,2,WARM_HUMID
25.7,25.8,0.049421711762634456,0.24736693879623442,2,WARM_HUMID
27.3,52.0,-0.08463713979860829,-0.016104069014283687,2,WARM_HUMID
23.6,49.9,-0.02172412410902063,0.3896503179734624,1,COMFORT
18.7,49.6,0.2995448805640559,0.5457945788744251,0,COLD
20.2,37.0,-0.019824262853298583,0.4719740024363017,0,COLD
27.2,85.2,-0.030616242093432514,0.17170359420232367,0,COLD
13.4,45.8,0.20734061303291726,-0.036730030011195354,0,COLD
32.7,71.3,-0.037766861121392666,0.34658274464385097,2,WARM_HUMID
31.8,53.0,0.24028511771548072,0.10715112853315907,3,HOT
26.7,58.7,-0.1154560648856783,0.22926723001574956,2,WARM_HUMID
18.9,60.9,-0.2972974896156106,0.6344612505912997,0,COLD
19.0,33.7,-0.05606419369936945,0.0009394151806662642,0,COLD
20.5,20.3,0.0915992939862001,-0.3980525954831591,0,COLD
12.2,74.2,-0.21560224791833302,-0.6219845562624834,0,COLD
28.0,36.0,-0.2746717317507525,-0.10322639004741621,2,WARM_HUMID
28.0,62.2,-0.04343326423203518,0.5839718367735317,2,WARM_HUMID
22.0,53.1,-0.0871720062865661,-0.34581089401205006,1,COMFORT
21.0,31.2,0.008530792542864643,0.18589957960601164,1,COMFORT
20.2,38.9,0.03232979696911238,-0.2264238304403301,0,COLD
19.4,44.8,0.10531712087651283,-0.02033258264194339,1,COMFORT
35.4,47.9,-0.049883794185147844,0.22521400032209585,3,HOT
23.0,38.0,-0.23352726009535305,-0.25744784204528404,1,COMFORT
22.3,28.3,0.15810535237928783,-0.3068413528927249,1,COMFORT
19.8,38.3,-0.22536368964653275,-0.4340190870075884,0,COLD
34.9,54.9,-0.17611565705642568,0.3303726742520887,3,HOT
33.0,59.3,-0.18314258564983057,0.013340600725628149,3,HOT
24.8,45.9,-0.08855662960639589,-0.37442117599969216,1,COMFORT
20.4,32.5,0.31558664376333423,-0.018361595266599844,0,COLD
25.9,40.9,-0.05122806225079577,0.22846994669691767,2,WARM_HUMID
33.0,79.0,0.09500871651684688,0.4278267913846976,3,HOT
25.0,63.3,-0.09885249186820388,0.10093190425671404,1,COMFORT
17.1,44.2,0.2466543754487758,0.17244103078225043,0,COLD
18.5,33.1,0.054908387319118686,-0.4130772730902108,0,COLD
12.8,65.2,0.0928814085415218,0.9300245019674462,0,COLD
18.2,43.2,0.19713398635553686,0.488906133106354,1,COMFORT
25.8,66.7,0.2941375818641876,0.17798057724035343,1,COMFORT
26.9,40.0,0.15903148612483195,0.7121989199526779,2,WARM_HUMID
24.4,31.1,0.022712550309389505,-0.4692685771356887,2,WARM_HUMID
26.4,66.4,-0.04020072797495823,0.1772285829779574,1,COMFORT
34.0,36.4,0.25808182418604203,0.01355824082610794,3,HOT
35.2,40.0,0.09990526290984704,0.09177966327757048,3,HOT
30.6,20.0,0.15473057530507453,0.23866873340370312,2,WARM_HUMID
24.3,24.6,0.10661818373828834,0.08617369226153399,2,WARM_HUMID
32.1,66.6,-0.32748005438743466,0.2074173067156817,3,HOT
21.2,71.7,-0.1988322630873793,0.8164364358979048,1,COMFORT
21.8,35.3,-0.004537705546735756,-0.27094205834950785,1,COMFORT
29.8,71.9,-0.007944533716447122,0.5890618017219811,2,WARM_HUMID
26.9,40.5,0.11860211374169388,0.12531536676537952,2,WARM_HUMID
22.2,22.4,0.24016114592465887,0.6814043946635922,1,COMFORT
31.1,71.0,0.05811582977752164,-0.015974980794292822,2,WARM_HUMID
32.7,68.8,0.013566087727178341,0.2783050465515772,2,WARM_HUMID
35.0,74.0,-0.25139039116227185,0.02826877177004343,3,HOT
19.0,37.2,-0.10606666219398139,0.5419825704456445,0,COLD
13.4,52.2,-0.04205873797940723,-0.12064995031608657,0,COLD
35.1,54.2,0.13431222931150047,0.5361384666344694,3,HOT
15.4,56.5,-0.20092046624366341,-0.46395235495639375,0,COLD
22.0,54.7,0.007817697039511524,-0.49845746967763155,1,COMFORT
13.1,57.0,-0.14372077932332009,0.24807096658965594,0,COLD
19.6,45.0,0.19133565151222798,-0.258039602117535,1,COMFORT
35.7,15.4,0.3604962801934051,0.7397956176374244,3,HOT
30.5,49.8,-0.21830633058839263,0.5868952423116914,2,WARM_HUMID
31.9,51.3,-0.24840707202725246,-0.234739127165054,3,HOT
20.6,68.0,0.04907477907291759,0.09510025016740807,1,COMFORT
14.0,50.0,-0.34491832855048477,0.17274687361875501,2,WARM_HUMID
24.6,54.5,-0.1849245198987112,0.3581545394816088,1,COMFORT
27.2,80.7,-0.10090818477670059,0.7789462342553534,2,WARM_HUMID
27.6,60.3,-0.040673033374793575,-0.10627974534799589,2,WARM_HUMID
29.8,60.8,0.3315026613976955,-0.5464047037997922,2,WARM_HUMID
26.9,32.4,-0.15486840578975725,0.5497567332707887,2,WARM_HUMID
21.5,76.6,0.013703630606992848,0.007814495511390228,0,COLD
22.0,33.4,0.1561022264179062,0.4587049189124093,1,COMFORT
28.6,50.6,0.1780616518112633,-0.4087093933278981,2,WARM_HUMID
19.9,46.1,0.022290629719101725,-0.18894054232002952,0,COLD
18.3,48.7,0.08965624321205315,-0.12614700372816753,1,COMFORT
19.0,57.7,-0.1624802524776902,0.46768583477400577,0,COLD
32.5,69.7,0.2162098665482639,-0.09035080321354688,3,HOT
32.6,42.8,0.033479578895973236,-0.008535544709565773,2,WARM_HUMID
22.6,29.8,-0.18499796045524722,-0.33394865784612643,1,COMFORT
33.1,62.0,0.03731310378605156,-0.04397734298976726,3,HOT
18.9,59.5,-0.24099041030370089,0.05279565166654729,0,COLD
12.8,59.2,-0.0799541781978166,0.10177703088065822,0,COLD
23.1,63.8,-0.10736619451387591,-0.8101757643642156,1,COMFORT
29.9,17.3,0.048275278503415564,0.44121153203914354,2,WARM_HUMID
31.2,68.1,0.054633010729956265,-0.055413317492514616,2,WARM_HUMID
19.4,38.8,-0.020982527142934953,0.04595700076237529,0,COLD
33.7,60.8,0.004803801505232603,0.4801336024905005,3,HOT
21.7,20.5,0.14301822650158805,-0.662672060894352,0,COLD
25.6,42.0,-0.015335131482451804,0.37035351254163135,1,COMFORT
27.2,43.0,0.034349458868901034,0.20919818629200748,1,COMFORT
21.4,55.8,-0.12670158949398747,-0.25043129970208305,1,COMFORT
32.6,45.3,0.20114256336154365,-0.18325681176982359,3,HOT
26.3,27.9,-0.06044266134256764,0.33389535084248423,2,WARM_HUMID
19.4,75.0,-0.12092604095724357,-0.1290787530278941,0,COLD
19.6,22.8,0.025397058578078596,-0.16830150572257593,0,COLD
21.6,39.7,-0.023183822983160938,-0.024627044877669816,1,COMFORT
22.5,29.4,-0.027558907822260285,0.3430564387790878,1,COMFORT
20.1,30.3,-0.1454592321992027,-0.43886716121970537,0,COLD
26.9,59.0,-0.19452479219337698,-0.7219386651745462,2,WARM_HUMID
32.8,64.4,0.013143773275494585,-0.273951990333081,2,WARM_HUMID
24.4,34.6,-0.01503713848479529,-0.3725566167871386,2,WARM_HUMID
25.7,59.5,-0.08428855310273477,-0.07785262658051369,1,COMFORT
20.5,49.5,0.029239309087275005,-0.02422071556555411,1,COMFORT
23.8,39.1,0.021739191921457186,0.07343929650829616,1,COMFORT
26.9,43.1,0.10404091882517386,0.4888521621947982,1,COMFORT
29.0,47.7,0.03588304177775129,0.08814906986661139,2,WARM_HUMID
31.5,32.8,0.2324905932497603,0.8763745013646024,2,WARM_HUMID
33.2,53.0,-0.1467559166422548,0.008533305527256499,3,HOT
18.7,30.0,0.053302931730674866,0.029091750710058064,0,COLD
28.6,53.4,0.19066481151776496,-1.0198702974953366,2,WARM_HUMID
11.0,51.8,0.004493561691754553,-0.4416211037641478,0,COLD
16.7,51.8,-0.1844824672929811,-0.17412614505269441,0,COLD
31.3,66.2,-0.24993730341485396,0.05082172079948899,2,WARM_HUMID
20.0,70.5,-0.14249935552795429,0.20712992195395794,1,COMFORT
31.4,48.3,-0.025242572503393828,0.3851720887761172,2,WARM_HUMID
20.7,31.2,-0.09693723568610325,0.06865921297685393,0,COLD
25.8,66.7,0.03697584633715097,0.6309051608218861,1,COMFORT
23.8,36.0,-0.024321169568455623,-0.44236665844487694,1,COMFORT
24.2,51.0,0.022562835771536463,-0.3275593721358441,1,COMFORT
29.4,51.0,-0.16947747858278397,-0.6241796847613834,2,WARM_HUMID
20.6,31.3,0.15032889807048816,-0.22551214574384232,0,COLD
17.3,45.8,-0.07318989027672805,0.6097440500577103,0,COLD
29.0,46.6,0.228876282854727,-0.12230205476658716,2,WARM_HUMID
16.9,42.0,-0.06932961344381783,0.5537493566563128,0,COLD
31.3,42.5,-0.03034116879157597,-0.6709966358583008,2,WARM_HUMID
30.8,40.3,0.10811985431701229,0.05880948303721898,2,WARM_HUMID
18.2,55.6,0.18915636964006774,0.3385708267336357,0,COLD
32.1,70.9,-0.01992094531150424,0.8650326050502738,2,WARM_HUMID
18.8,40.6,-0.12269500004582891,0.923560454982471,0,COLD
19.2,38.0,-0.1949517828495549,-0.3808022282246092,0,COLD
20.9,37.1,0.08099127455319939,-0.44276439761149033,1,COMFORT
32.0,15.1,-0.0867170188073465,-0.6935302248594424,2,WARM_HUMID
18.7,60.0,0.15524072447458986,0.15346756983209936,0,COLD
23.0,29.0,0.09529676753731033,0.869363365987788,1,COMFORT
27.9,51.0,0.3869564006481478,0.19525855462541172,2,WARM_HUMID
31.4,55.2,0.13551810736213807,-0.008058933646437179,2,WARM_HUMID
31.1,68.0,-0.12295970346582893,0.6831985962688316,2,WARM_HUMID
23.6,19.8,0.07349043782400283,-0.2828889779600403,1,COMFORT
30.1,57.4,0.20926528597534463,-0.17804776570712255,2,WARM_HUMID
34.0,26.0,-0.29837778984420255,-0.11614142665019461,3,HOT
24.3,45.0,-0.0605472694862995,-0.4480313907723498,1,COMFORT
23.0,46.0,-0.08369933397545419,-0.27979070173044435,1,COMFORT
15.6,52.8,0.047604394988304204,-0.16186708952980988,0,COLD
33.7,62.0,0.02801501467156175,0.15902366607601998,3,HOT
19.8,37.1,0.1442050474104624,-0.9050052574963838,0,COLD
29.0,43.0,0.14014798668589104,0.6703925306464229,2,WARM_HUMID
18.4,33.3,0.10849763683335294,-0.23133969523469744,0,COLD
35.0,93.0,-0.25930930609668124,-0.2820287059848653,3,HOT
29.3,53.0,-0.08271269647355496,-0.03415401461550084,2,WARM_HUMID
18.6,46.3,0.049794589284983044,-0.3477193654725337,0,COLD
31.4,69.7,-0.09385056435964088,-0.938704104734355,2,WARM_HUMID
21.7,73.9,-0.08303561775308813,0.9561201444961664,0,COLD
18.8,39.5,-0.18928161650377276,0.8050820993609751,0,COLD
26.9,51.0,0.08800341752249646,-0.39848484947100155,1,COMFORT
17.0,50.0,-0.1800480678295975,0.1884542151019014,0,COLD
14.6,48.3,-0.038900415680702786,0.03881700407442558,0,COLD
34.1,52.7,0.1146139687888238,0.17764573561011657,3,HOT
29.3,61.1,-0.03236146113321671,0.04755082308201786,2,WARM_HUMID
19.3,37.2,-0.1701585803056815,0.18365147921570663,0,COLD
20.0,36.6,-0.09499948822953545,0.2332491000224991,0,COLD
30.6,28.1,-0.056146849421027635,-0.11440821583937666,2,WARM_HUMID
20.5,31.9,0.18525836032613754,-0.3490020343618647,0,COLD
27.9,75.4,0.05855970065168421,0.23568867132329588,2,WARM_HUMID
24.2,39.6,0.14392494166705747,-0.3233019942919649,1,COMFORT
27.7,38.7,-0.2975643314179567,-0.01758398548848093,2,WARM_HUMID
19.0,32.8,0.06456640557136036,-0.09807934441815813,1,COMFORT
23.6,49.4,0.28577905554135236,0.888622706166549,1,COMFORT
28.4,34.5,-0.02779150888058589,-0.7125230209948985,2,WARM_HUMID
22.4,78.9,0.2332009663433848,0.15969232425218596,1,COMFORT
34.8,57.7,0.027975932532510014,0.040473683810195664,3,HOT
18.2,36.8,-0.13997617605788773,0.12928681157262414,0,COLD
28.1,40.0,-0.08283918781689129,-0.15656996750900784,2,WARM_HUMID
33.6,51.3,0.08416673733283546,0.36120330191787753,3,HOT
32.7,41.0,-0.03795449345361771,0.046080405396601076,3,HOT
23.0,61.2,0.14405324128746588,0.22534046118917744,1,COMFORT
21.7,45.7,0.21839108757014933,0.022701229357952844,1,COMFORT
20.5,36.3,-0.013146568217606581,-0.3053717097555885,0,COLD
28.9,61.8,-0.24478962066085563,-0.60627096866881,2,WARM_HUMID
32.9,20.0,-0.2396398754393148,0.09731278132745,3,HOT
28.0,87.6,-0.15391021241117364,-0.22282521943400435,0,COLD
29.7,58.9,-0.1233642885120806,0.4546240935961689,2,WARM_HUMID
26.8,51.0,-0.04291584653722213,-0.8625100498685749,1,COMFORT
34.8,55.2,0.1509361120967455,-0.003369577370787002,3,HOT
31.5,71.0,-0.04222598421311536,0.4468659587893464,2,WARM_HUMID
16.5,66.0,-0.0796254608572024,-0.13179305860290969,0,COLD
28.8,41.0,-0.07866722043939778,0.0076300625129353235,2,WARM_HUMID
10.0,82.0,0.18516854681470366,0.5528469406217144,0,COLD
26.0,50.0,-0.13762542315213955,-0.7721421819092249,2,WARM_HUMID
16.2,61.4,-0.11120179419343902,-0.15227296499267914,0,COLD
36.4,39.7,-0.002313395805396854,0.3983646486247921,3,HOT
30.6,67.6,0.017657163760806446,0.4713552235929414,2,WARM_HUMID
22.3,28.4,0.23903475170380706,0.3335347912610165,1,COMFORT
26.0,50.3,0.0896317835215735,-0.036940541966994964,2,WARM_HUMID
23.7,39.9,-0.2830640286296762,-0.3179287577417581,1,COMFORT
28.7,44.0,0.2105054955187786,-0.07497767482168198,1,COMFORT
20.4,31.3,-0.05300788493268491,-0.13826193320791888,0,COLD
16.0,70.0,-0.08080390222021903,0.22175593443917868,0,COLD
18.7,36.9,0.001831302297207701,0.4008264310314935,0,COLD
23.0,81.7,-0.19388554964338026,-0.13592229767400987,3,HOT
25.8,59.1,0.2746179719435957,-0.003254906690689249,1,COMFORT
19.1,46.2,-0.003452969289113023,-0.38556385574088403,0,COLD
19.8,61.0,-0.23111367124730434,0.02009311055249125,1,COMFORT
37.1,42.4,0.04771428601070617,-0.4870595884533711,3,HOT
23.5,65.4,-0.334519537937192,-0.4662902956666535,1,COMFORT
22.9,40.6,-0.051846281996273204,-0.6130964099685907,1,COMFORT
31.7,57.8,-0.02189210676240056,-0.8144933729418806,2,WARM_HUMID
25.2,32.9,-0.19090906247537975,0.11358812062418376,1,COMFORT
19.6,45.4,0.07268956537628775,0.008812075770829582,0,COLD
27.1,47.3,-0.14017280224642534,-0.35458290539926657,1,COMFORT
21.1,29.9,-0.24871698818674454,0.11659119871612456,0,COLD
25.3,35.6,-0.05864991622854579,0.2111573121148271,1,COMFORT
24.2,30.3,-0.06274061043024655,-0.13360293871752124,1,COMFORT
22.2,34.4,-0.10315921829210561,-0.43766037857510515,1,COMFORT
22.1,56.6,-0.09196991230259664,0.13742839255160125,1,COMFORT
37.3,39.0,0.061655957837552365,-0.0492145978420436,3,HOT
20.1,36.2,0.13717548260277485,-0.7381567998765801,0,COLD
23.5,56.4,-0.06896120925945587,0.32138380382384063,1,COMFORT
21.0,30.4,-0.16378208576025954,0.47014747456881756,0,COLD
28.5,51.4,0.031783983213773716,0.262384883049306,2,WARM_HUMID
20.0,30.0,0.1910067734850958,-0.24427824517386082,0,COLD
22.1,42.0,-0.17736012523541037,-0.47180826914736723,1,COMFORT
17.0,70.0,-0.05355067341765223,-0.271509261983017,0,COLD
23.0,35.2,-0.18251784616221264,-0.11824467454704146,1,COMFORT
27.5,67.6,-0.006579046575870574,-0.0014832750680965692,1,COMFORT
24.7,56.2,0.08425165630849518,-0.2624327709865037,1,COMFORT
29.8,75.4,-0.10457818705324971,-0.4367672849803076,2,WARM_HUMID
16.7,50.0,-0.22593223063597626,0.23968272589358214,0,COLD
24.0,52.0,-0.23731397843900076,0.4962029574323558,1,COMFORT
23.4,65.6,-0.14298685766185099,0.9086621271343325,1,COMFORT
34.0,31.0,0.10590771258272305,0.6088998195076689,3,HOT
19.0,22.0,0.12468166547996336,0.05643938494633484,0,COLD
33.2,69.0,-0.16882335709475646,0.41450803176771045,3,HOT
28.0,41.6,-0.29632042356668314,0.8982495575036034,2,WARM_HUMID
35.0,37.0,-0.08070716377352077,-0.30059545588421627,3,HOT
12.2,68.1,-0.02371011892876885,0.6387740260281963,0,COLD
22.5,27.8,-0.25947382198951613,0.3640565851306438,1,COMFORT
34.2,39.0,0.18627988112569344,0.09256484915662497,3,HOT
20.1,37.6,-0.10513999993382253,-0.21725319352507144,0,COLD
26.4,34.2,0.017971421438082252,-0.4845831487163059,2,WARM_HUMID
28.3,87.5,0.008466687064016779,0.0010993199226485967,2,WARM_HUMID
20.8,83.6,-0.20531852149280505,-0.14884760699305663,1,COMFORT
35.0,31.0,0.11484532809115973,-0.43207305553960645,3,HOT
25.7,34.0,-0.11596386678219447,0.7016016166829049,2,WARM_HUMID
18.6,46.3,0.036161411820494274,0.11635895426532804,0,COLD
17.2,49.8,0.1963623156509701,-0.17454874868672238,0,COLD
26.8,85.1,0.1661440688256556,-0.23245499962524382,0,COLD
15.1,61.4,-0.054017989528906914,-0.045831371940827155,0,COLD
20.6,35.4,-0.21952136734134745,0.16855143359040495,0,COLD
28.2,64.2,0.04570025319761254,0.18425536296089326,2,WARM_HUMID
16.2,62.3,0.2712416985421722,-0.8757325853730503,0,COLD
27.0,33.3,-0.031618697637721224,-0.16895958063933117,2,WARM_HUMID
32.7,41.0,-0.03795449345361771,0.046080405396601076,3,HOT
25.7,30.2,-0.09330741928025549,-0.1342793887251499,2,WARM_HUMID
15.9,61.9,-0.014766797126512268,0.020881160416109282,0,COLD
25.5,58.4,0.1085950923574257,0.6035689251754444,1,COMFORT
13.5,51.5,0.4019443040850004,-0.4063665072107123,0,COLD
25.6,34.0,0.008436800635976828,-0.016216540134612017,2,WARM_HUMID
25.8,67.9,-0.1659077349392266,0.07441577115592023,1,COMFORT
22.1,62.0,-0.3004422620797789,0.4862668062311533,1,COMFORT
17.1,51.3,-0.018820673337027884,-0.03706593762024512,0,COLD
27.5,67.6,-0.11273806093366222,-0.31220738820316707,1,COMFORT
26.1,31.0,0.3100647379040919,-0.25915391977361474,2,WARM_HUMID
32.9,36.2,-0.09477845622429942,0.09976690738913166,3,HOT
31.0,38.2,0.07167358032044323,-0.6192022352945652,2,WARM_HUMID
17.9,40.7,0.05993768298116389,-0.07261952305307177,0,COLD
33.0,61.0,0.0489199533363177,-0.9902542209144878,3,HOT
35.0,47.0,0.05553753584978481,-0.7372999946458587,3,HOT
22.0,25.9,0.0858508440364342,-0.4360993239156332,1,COMFORT
29.2,56.0,0.000242854703541168,0.6435350742765911,2,WARM_HUMID
23.0,45.8,0.14128188623657237,0.06165366950026127,1,COMFORT
23.8,22.7,0.07216054910909146,0.20764774274338782,2,WARM_HUMID
26.7,34.1,0.007704349102092914,0.500841542923713,2,WARM_HUMID
32.0,45.7,-0.09067226166396802,0.40039464093721167,3,HOT
28.4,52.0,-0.056279457048590546,0.21634434441340256,2,WARM_HUMID
25.8,41.0,-0.04950791028660012,0.07683095052895107,2,WARM_HUMID
27.2,37.0,-0.24004066567555649,-0.08679622179642345,2,WARM_HUMID
28.9,54.7,-0.20995222570990293,0.2797476577751234,2,WARM_HUMID
19.7,57.3,-0.2129131145553701,0.40279737797053106,0,COLD
38.9,26.0,-0.1282873967444743,0.14185253195503109,3,HOT
23.6,28.4,-0.07565247347087023,0.6171618388641276,1,COMFORT
22.5,84.0,0.05517736011524022,0.005351706564579867,0,COLD
39.4,48.3,0.14107559231060912,0.023903272089961625,3,HOT
18.6,49.7,0.03107228845300518,0.5167452644256162,0,COLD
26.5,38.6,-0.3736127607451231,0.39269195119019706,2,WARM_HUMID
15.1,68.9,-0.08994311670990397,0.1710402780793222,0,COLD
21.7,33.2,-0.008333070408405457,0.06089004314618979,1,COMFORT
34.9,54.9,-0.17611565705642568,0.3303726742520887,3,HOT
30.9,78.4,-0.20086336035370256,-0.20749580355148947,3,HOT
26.2,24.1,-0.04639103961530995,-0.6279790605429186,2,WARM_HUMID
13.4,52.7,0.07373593398491564,-0.12703587057010615,0,COLD
31.5,58.4,-0.13561347648778926,-0.36428774328454194,2,WARM_HUMID
19.2,43.1,0.15453745409543504,0.47787607456966175,0,COLD
28.5,50.2,0.2018812504766575,-0.6127135042550127,2,WARM_HUMID
25.5,32.7,0.05942262989601186,0.2832239128279867,2,WARM_HUMID
31.1,54.6,-0.056270191641222836,-0.03941015756582796,2,WARM_HUMID
16.6,58.0,-0.10840150132978799,-0.3357469722682051,0,COLD
17.2,70.0,-0.010791642706589189,0.4130676599657931,0,COLD
23.1,59.6,0.20052887509997677,-0.0820166999420957,1,COMFORT
19.6,73.0,0.08439256148134965,0.20780943727890377,0,COLD
12.2,61.4,0.22303253466778697,0.04452024309272004,0,COLD
35.7,46.4,-0.16565807045968148,0.4915183023817149,3,HOT
27.7,54.5,0.006659950966156659,-0.46651632467301696,2,WARM_HUMID
10.4,53.2,0.1373640831543151,0.7083556342477023,0,COLD
30.5,65.3,0.035004402925942056,-0.2842328235696015,2,WARM_HUMID
36.4,40.6,0.18501006124605657,-0.7110794179880364,3,HOT
37.0,58.0,-0.015973919755623463,0.3819850073048486,3,HOT
23.9,42.4,-0.04219404790043541,0.46613008970166075,1,COMFORT
28.1,87.4,0.07847400501032437,0.4993822943817664,0,COLD
36.4,41.3,-0.26322632930583584,-0.06996254729147426,3,HOT
20.3,54.5,0.14844478482938947,-0.07887048144043293,1,COMFORT
22.2,31.8,0.31115745201295525,-0.15899441346055637,1,COMFORT
29.5,34.4,-0.0185241291339605,-0.5408548281368841,2,WARM_HUMID
33.9,56.0,-0.27613113469974676,0.4786056487646099,3,HOT
22.3,31.3,0.023088871884801656,-0.5309753039498214,1,COMFORT
28.8,40.0,0.11034329958686201,-0.11650171510788238,2,WARM_HUMID
17.9,56.1,-0.26763250991746834,-0.18159706581242718,0,COLD
20.4,53.9,-0.22030795416513052,-0.44095324493574933,1,COMFORT
29.4,52.2,0.09290239431520478,-0.10639057228953075,2,WARM_HUMID
36.1,44.1,0.03379300794376459,0.23310307473667097,3,HOT
20.5,38.7,-1.5416190509978554e-05,0.053334627052834996,1,COMFORT
35.5,25.4,-0.254212015966634,0.3607602795320488,3,HOT
23.0,56.8,-0.16249103831486145,-0.35400002589972146,1,COMFORT
23.9,25.7,-0.2230087331096972,0.40030165978066523,1,COMFORT
24.7,32.9,0.04600454130447564,0.021967143957375465,2,WARM_HUMID
13.4,45.8,0.20734061303291726,-0.036730030011195354,0,COLD
13.4,38.4,0.1607647580616074,-0.15855758834982395,0,COLD
17.3,44.2,0.15746737085643828,0.1740699324897541,0,COLD
21.0,23.4,0.06636101457385546,-0.08261038436814795,1,COMFORT
27.1,43.1,0.2402848187384972,0.9059643550559993,1,COMFORT
18.9,22.0,0.01082975360119258,0.23318128995618614,0,COLD
23.5,25.7,0.03214503480806215,0.1422822356501116,1,COMFORT
21.5,35.4,-0.01887730588925771,0.6688672260907449,1,COMFORT
30.8,19.1,-0.05588701985136421,-0.5787982316651014,2,WARM_HUMID
27.5,63.3,0.06440996996266461,0.19325681796255198,2,WARM_HUMID
25.0,24.5,-0.10937685782649874,0.5158020850782593,2,WARM_HUMID
33.8,38.8,-0.1304418318364224,-0.12847830023259318,3,HOT
37.8,35.0,-0.08287520892523734,0.6220696077592507,3,HOT
18.8,58.3,-0.11056511612520063,0.25473020251491457,0,COLD
29.3,41.0,0.2237914588742461,0.00409404419878238,2,WARM_HUMID
29.6,40.0,0.058354728670799924,-0.5589977487738389,2,WARM_HUMID
34.6,50.0,0.10860033825000237,-0.4226133877884253,3,HOT
21.1,33.5,-0.07362362744660376,0.1836473586964453,1,COMFORT
33.3,36.0,-0.08638721508871154,-0.0907343715960679,2,WARM_HUMID
35.0,40.0,-0.08344185973056155,-0.0589038437602394,3,HOT
23.1,29.5,0.17265452120033084,0.6333868332924432,1,COMFORT
22.5,40.0,0.11252968524757427,0.27054624784599984,1,COMFORT
20.3,37.0,0.02190159146635904,0.6075273259851011,0,COLD
11.6,60.5,-0.09325163606857566,-0.46438952682775486,0,COLD
14.6,50.3,-0.005400601577266615,-0.05051196998784479,0,COLD
35.4,38.0,-0.22419999547974528,0.3482955728822166,3,HOT
23.1,49.9,0.01874654648417501,-0.5704056079952696,1,COMFORT
25.0,55.0,0.17810790773471266,0.18763067031021322,1,COMFORT
18.6,44.7,0.1415507053617961,-0.40056386227857566,0,COLD
17.0,58.0,0.030584434114893297,0.251857843233154,0,COLD
24.1,36.8,0.07424517350871658,0.3347001356380822,1,COMFORT
27.3,41.2,0.028211003548765955,-0.46542618428561555,2,WARM_HUMID
35.3,56.2,-0.004197598900619238,0.8041602110988365,3,HOT
32.1,31.1,-0.03470639362350583,-0.05283104607718417,2,WARM_HUMID
19.7,42.5,0.07067937495485255,-0.00532132838669061,1,COMFORT
24.5,25.4,0.031866704253928416,-0.24019312516669494,2,WARM_HUMID
23.8,41.7,0.03431434349657294,0.03313526895902951,1,COMFORT
30.6,72.0,0.03369484737841126,0.5446204895391714,2,WARM_HUMID
34.5,48.3,0.10335504461128094,0.15300245280967728,3,HOT
31.7,60.3,-0.08441243935732638,-0.22645743252173156,2,WARM_HUMID
14.6,45.3,-0.1333522913848664,0.7458653710139544,0,COLD
26.1,39.2,-0.11187223199136141,0.3776359499225052,2,WARM_HUMID
25.2,54.4,-0.16057819568611786,-0.2146997485304541,1,COMFORT
24.7,25.0,0.08777256011015336,-0.23916646462616092,2,WARM_HUMID
27.3,21.8,-0.14499206743350634,0.2367922921423861,2,WARM_HUMID
19.4,39.6,-0.10388459488043963,0.23633554867300732,0,COLD
18.5,37.7,-0.2701156052883954,-0.1638917117530104,0,COLD
18.3,60.0,0.06748633332468416,-0.24083741772062026,0,COLD
22.9,29.1,-0.10285738065298046,-0.33055496801300926,1,COMFORT
26.4,35.7,0.06713508928799454,0.3519748405218008,2,WARM_HUMID
20.5,32.9,0.02262801552102485,-0.18443871996369288,0,COLD
35.0,65.0,-0.05158418934935873,-0.7837424046659195,3,HOT
17.0,75.7,0.18543074673893942,-0.05612415854751285,0,COLD
30.0,20.9,-0.25969868683144726,0.1451623196546484,2,WARM_HUMID
19.7,57.3,-0.2129131145553701,0.40279737797053106,0,COLD
29.6,52.2,0.08844588470361,-0.30941748099469407,2,WARM_HUMID
28.9,54.0,0.23787940519453601,0.9332288006935315,2,WARM_HUMID
30.3,41.3,0.23042351592824178,-0.09674889428125244,2,WARM_HUMID
22.3,34.0,0.16670329695447464,-0.4231359268263005,1,COMFORT
32.4,58.0,-0.001915724682813346,-0.1365873237615895,2,WARM_HUMID
26.2,40.8,-0.060479657758996386,0.5023252764808677,2,WARM_HUMID
18.2,28.0,0.11000220107672713,0.6496250117837246,0,COLD
33.3,19.2,0.07774665408032977,-0.3409617482850016,2,WARM_HUMID
16.8,55.6,0.003193265327482961,0.23074073755507551,0,COLD
25.9,56.7,0.1929997501786229,-0.01287498590448011,1,COMFORT
25.0,67.1,0.1407217189730973,-0.0057907806089121305,1,COMFORT
22.2,37.0,-0.10408833283838365,0.43110749942659043,1,COMFORT
22.7,21.6,0.0802494053057496,0.10722680772391867,1,COMFORT
28.2,44.0,-0.424954543521411,0.0336111411955535,2,WARM_HUMID
15.4,57.0,0.09036802060834384,0.18284349076769807,0,COLD
28.2,29.5,0.13376164391295872,-0.5461625175312167,2,WARM_HUMID
33.4,62.3,0.2532156508379235,-0.40430322224327164,3,HOT
19.6,31.4,-0.019277623599754577,-0.05866259423021084,0,COLD
24.7,68.7,0.09837537911455142,-0.04215120095202086,2,WARM_HUMID
23.9,38.6,-0.11835898851945421,-0.3916856625634271,1,COMFORT
33.5,52.7,0.034973597845051635,0.2864384751685624,3,HOT
22.3,43.0,0.08266454749647578,0.5271226228574664,1,COMFORT
35.4,35.9,0.007127374189867203,0.2833648970196555,3,HOT
23.0,61.0,0.10170563943634738,0.4884380778948981,1,COMFORT
27.0,28.5,-0.2701455469153885,0.12765112886684454,2,WARM_HUMID
23.0,48.8,0.12679204569102726,-0.09886027904137452,1,COMFORT
20.8,30.5,-0.13448783109707874,-0.2710912919965264,0,COLD
20.1,63.0,-0.0957094513974195,-0.35907077984789665,1,COMFORT
25.8,57.7,-0.02690634830215367,-0.5456546905475533,1,COMFORT
19.4,46.3,0.13905042005924306,0.1173777650026854,0,COLD
19.7,31.5,0.037281765767848085,-0.7041454669105242,0,COLD
19.9,37.4,0.019339656605758333,0.22840801604660693,0,COLD
19.4,38.4,-0.3054616427546683,-0.10945798466655632,0,COLD
22.0,49.6,0.08354420711500175,0.3718471051063296,1,COMFORT
16.2,37.7,-0.06777800732031503,0.10571219256614489,0,COLD
23.0,81.7,0.08827204700967642,-0.42775189733611463,3,HOT
22.7,22.4,0.06726198742186643,0.5101080652602067,1,COMFORT
25.0,22.6,-0.14244003660975063,-0.03171551111405626,2,WARM_HUMID
32.3,69.1,0.007673464303147099,0.15402211183449208,3,HOT
36.0,93.0,-0.16714390632244816,0.5596921394200292,3,HOT
29.3,54.2,0.07317793414768027,0.24681026213882318,2,WARM_HUMID
24.6,30.3,0.0034522630395132604,0.5113735449581637,1,COMFORT
36.5,20.0,-0.022536448319738996,0.133258558678503,3,HOT
24.9,54.0,0.22471464502316763,-0.3883598834240317,1,COMFORT
23.3,30.5,-0.03250976837346925,0.13652903368867428,1,COMFORT
23.2,19.1,-0.049494735874741354,-0.30486437673835926,1,COMFORT
23.4,27.5,-0.06970025031410342,-0.07845959624134409,1,COMFORT
27.5,82.2,-0.0335909136469911,-0.003840996443412135,2,WARM_HUMID
23.5,30.5,-0.12535017125711584,0.0320687289921478,1,COMFORT
23.2,69.0,-0.2441313656824744,0.5379063570552813,1,COMFORT
18.4,25.3,-0.0781551079897866,-0.03804776163023981,0,COLD
24.1,48.5,-0.10101213593398087,-0.18398213914838762,1,COMFORT
19.8,51.8,0.13858905227724422,-0.7121492910083019,0,COLD
20.2,37.6,0.13574430622412997,0.8492477588492362,0,COLD
18.0,36.5,-0.2597486285958982,0.7808107640231912,0,COLD
34.5,21.9,-0.1142183335145776,0.7666414911499978,3,HOT
27.9,36.0,-0.09020514659268204,0.14991349580508342,2,WARM_HUMID
22.7,50.5,0.050877250645625906,-0.22492747866832952,1,COMFORT
16.1,72.0,-0.28182853706147243,-0.5161500479567181,0,COLD
23.9,22.4,-0.1674676282776071,-0.009028518565660842,2,WARM_HUMID
26.5,38.8,-0.011665285313504463,0.399466730096544,2,WARM_HUMID
25.6,25.1,-0.007284017222934455,0.07856454896328573,2,WARM_HUMID
21.8,25.3,-0.13812338727920787,-0.28067695608977067,1,COMFORT
27.8,66.0,0.1279892533993509,-0.10446112736869517,1,COMFORT
13.4,62.3,0.07364205518492452,-0.3669890978500321,0,COLD
22.7,36.2,-0.06083672774356735,0.320576018270457,1,COMFORT
26.0,29.1,0.016360587457562303,0.11330229750010179,2,WARM_HUMID
27.6,76.2,-0.18608405428378408,0.402531551441855,2,WARM_HUMID
27.2,50.0,0.23014596097223824,-0.6190902258939783,1,COMFORT
31.4,49.0,-0.06515366438067016,-0.8276321966166272,2,WARM_HUMID
23.4,42.2,0.08999452095533843,-0.4223041645583357,1,COMFORT
16.2,69.0,0.011045833941035957,0.22405180272670894,0,COLD
22.6,65.6,-0.12219012858391258,-0.7223066536049765,1,COMFORT
26.6,45.0,0.05866918153990893,-0.19020564378278418,1,COMFORT
35.1,54.2,0.13431222931150047,0.5361384666344694,3,HOT
17.9,26.4,0.046357025253605216,-0.6631494820343806,0,COLD
23.0,81.7,0.23811168401235897,-0.4616951981910806,3,HOT
15.1,71.2,-0.031947551997962856,-0.5170625633356154,0,COLD
27.3,24.3,0.04126402154156312,0.2409724441958636,1,COMFORT
22.7,54.4,0.05404330735836179,-0.46581403466012283,1,COMFORT
23.1,36.2,-0.19289482299441674,-0.12406443136507216,1,COMFORT
27.7,54.5,-0.09902599707773363,0.5078082033858141,2,WARM_HUMID
26.4,61.7,0.014776833161953676,0.17817449450447245,1,COMFORT
18.3,30.2,-0.05678821702786452,-0.1207708767770662,0,COLD
22.0,19.3,-0.11053906466256493,-0.46765171789726595,1,COMFORT
10.0,69.0,0.2159396891145203,0.6376994497890063,0,COLD
22.7,54.8,0.11022591453112589,-0.21745828780392162,1,COMFORT
25.8,48.1,-0.15198045993374368,-0.8978722213007363,1,COMFORT
28.8,63.4,0.02791395313139029,0.35811384485483266,2,WARM_HUMID
20.7,31.2,0.1977091934756087,0.15214259848085399,0,COLD
19.4,37.5,-0.4431585898621079,0.1960460863078317,0,COLD
30.7,43.0,-0.1547949425770769,-0.840763227523675,2,WARM_HUMID
29.4,87.0,0.017497659063097068,0.1653172595341697,2,WARM_HUMID
21.3,68.3,-0.13056780249294508,0.5038823344757924,0,COLD
28.9,49.0,-0.19757665698048013,-0.42856446322308606,2,WARM_HUMID
23.2,21.1,-0.29618893640789695,-0.2735953435736662,1,COMFORT
35.0,48.0,-0.012523192545890627,-0.251188532249874,3,HOT
24.5,32.6,-0.037102639072336976,0.000244289920238322,2,WARM_HUMID
35.7,46.4,-0.16565807045968148,0.4915183023817149,3,HOT
22.2,30.5,0.03403979157003718,0.7930032150904665,1,COMFORT
23.3,39.3,-0.1968257164411771,0.3205085982576845,1,COMFORT
28.5,51.1,0.20521121030675651,0.6763264781636655,2,WARM_HUMID
34.2,30.0,-0.058236458028230825,0.14071230011049748,3,HOT
18.1,33.0,-0.06707732805532028,-0.08047828733003515,0,COLD
23.9,55.4,-0.10143162310287271,-0.001233256555626254,1,COMFORT
20.0,32.5,-0.1928180268821078,0.37611856933185017,0,COLD
36.9,30.8,0.03997749698313085,0.06728273232896395,3,HOT
33.0,79.0,0.057607330956407896,-0.1728509517597511,3,HOT
22.3,50.0,0.12297118527071178,-0.05446047281553349,1,COMFORT
37.0,58.0,-0.17203128076410654,-0.1432437791238843,3,HOT
19.6,45.4,-0.04471734864426909,0.2213700844573038,0,COLD
24.3,25.5,0.05899660403286642,0.23936722744340921,2,WARM_HUMID
24.3,33.5,-0.11463688462096623,0.09980013810769577,2,WARM_HUMID
30.1,54.0,-0.07401395590634124,0.27959710985517544,2,WARM_HUMID
29.6,38.0,0.04010884711078544,-0.1565928022601883,2,WARM_HUMID
22.4,25.5,0.0842365325874083,0.2506188699134,1,COMFORT
14.0,51.3,-0.06956131069979145,-0.21721893920865704,0,COLD
26.6,75.7,0.14067983085149474,0.3676795340089095,1,COMFORT
34.7,50.0,-0.03558849393354087,0.1218575093896005,3,HOT
26.8,81.2,0.14531775513139475,0.2250101638575963,2,WARM_HUMID
31.8,69.7,0.07727841922465344,0.26841080028651054,2,WARM_HUMID
31.5,74.7,0.11988696862758677,0.5221094038712998,2,WARM_HUMID
22.2,49.3,0.3920808468157249,-0.6291716006158521,1,COMFORT
25.4,32.2,-0.08377945840517019,0.1561957176139741,2,WARM_HUMID
31.9,68.0,-0.1793513276170992,-0.11765179275731452,2,WARM_HUMID
25.6,68.8,0.36991717123060924,-0.42432841481472305,1,COMFORT
32.1,49.0,0.06854694942692657,0.5000126269309532,3,HOT
31.0,27.5,0.20107049607500668,-0.2544180681167549,2,WARM_HUMID
29.3,58.7,-0.3412645987782316,0.9359233941393669,2,WARM_HUMID
15.6,52.8,0.05477715604539691,0.38586933300451215,0,COLD
34.4,42.1,0.08597403344827863,-0.09696352069152125,3,HOT
31.2,71.9,0.18845406636621503,-0.31146366433966494,2,WARM_HUMID
12.8,67.7,0.1809842873597895,0.3850450003032412,0,COLD
17.5,59.5,-0.15767454095252909,0.9835910483786319,0,COLD
22.7,39.6,-0.16819446996138232,1.1731324896033621,1,COMFORT
29.2,29.3,-0.031448531143257005,0.36189151491964244,2,WARM_HUMID
31.8,65.2,0.01008085010899884,0.5916481292002181,3,HOT
31.1,59.2,-0.011567694920862287,-1.1539009816918622,2,WARM_HUMID
24.0,20.6,-0.12939212712552522,-0.42712930673334715,1,COMFORT
23.2,67.2,0.2508384232521714,0.042399083085306495,1,COMFORT
20.8,29.6,-0.01198666465072488,-0.7905607052818725,0,COLD
28.4,53.5,0.0884510452363988,-0.34750219651746433,2,WARM_HUMID
31.0,66.0,0.13104336675947725,0.29313866740176303,2,WARM_HUMID
19.4,30.6,-0.13532495422571406,0.07394444195186244,0,COLD
18.8,44.2,0.30928248743948145,0.10781155086994701,0,COLD
24.2,35.1,0.15016677317958957,0.0008706630283167648,1,COMFORT
19.3,58.3,-0.0934989512784059,-0.7568275132063254,0,COLD
28.3,30.9,-0.11547595590237497,0.42767863223282565,2,WARM_HUMID
23.7,57.0,-0.000630287308673414,-1.0137996930728848,1,COMFORT
16.2,61.8,-0.09649814301097442,-0.3060317496551071,0,COLD
33.3,62.9,-0.08175413593836474,-0.6058182964903639,3,HOT
37.0,87.0,-0.11035965357860646,-0.09047351439363538,3,HOT
18.6,50.8,-0.01944076342532074,-0.09449559152426452,0,COLD
32.8,53.0,0.07017348637970519,-0.40480710274341497,3,HOT
29.1,52.2,0.00480756899668985,-0.02224584713313806,2,WARM_HUMID
29.5,58.0,0.15863530465397296,0.07350939678992856,2,WARM_HUMID
19.5,74.5,-0.2454452677649189,0.46054215377650326,0,COLD
24.0,55.0,-0.03907327992200294,0.29327747334830534,1,COMFORT
17.8,26.5,0.07599565950642098,-0.8479736435409015,0,COLD
32.1,49.0,-0.1232540174546251,-0.1884918498542054,3,HOT
16.8,70.0,-0.032108665594802605,-0.40848545917074075,0,COLD
22.6,34.5,-0.2708449937433817,-0.19549904267999374,1,COMFORT
31.3,23.5,0.008279886379513383,-0.18193884128463553,2,WARM_HUMID
31.5,71.8,0.03994430346609352,0.16587805441228046,2,WARM_HUMID
20.4,31.0,0.016975118914310517,-0.3934096265911687,0,COLD
35.0,31.0,0.11484532809115973,-0.43207305553960645,3,HOT
21.2,48.8,0.1646162840245125,-0.21596632790043568,1,COMFORT
32.9,62.3,0.06417218401779579,0.19806781145254132,3,HOT
15.4,57.0,-0.17309826572929174,0.44910463252999205,0,COLD
20.6,36.0,-0.14214794814795031,0.33184640988497294,0,COLD
33.6,55.4,-0.06501312666241789,0.14000899176082413,3,HOT
20.1,38.0,-0.08011824624193435,-0.5108908216139005,0,COLD
24.1,61.3,0.07626818006362811,-0.28989711011132163,1,COMFORT
23.9,83.2,0.11255314668611006,0.48739379235101216,1,COMFORT
19.6,36.3,0.11016387792145006,0.0928708703863144,0,COLD
21.4,31.7,0.16808701427894443,0.28670467630610624,1,COMFORT
13.0,56.6,-0.02792223284484735,0.8839130725168357,0,COLD
30.5,30.5,-0.022419407600375856,-0.11610057302593074,2,WARM_HUMID
19.2,38.0,-0.1949517828495549,-0.3808022282246092,0,COLD
34.8,57.7,0.027975932532510014,0.040473683810195664,3,HOT
21.1,53.1,-0.07786013349316896,-0.7964772387176612,1,COMFORT
16.8,54.0,0.12510413530894962,-0.17378916071107797,0,COLD
17.3,55.4,-0.19590188390251162,0.34660786646745356,0,COLD
23.4,45.1,0.11087326080179709,0.30730315913893613,1,COMFORT
24.3,51.3,-0.14279450040968575,-0.42931668461286576,1,COMFORT
15.7,42.1,0.04617202302398867,0.21109321818513044,0,COLD
21.1,29.9,-0.24871698818674454,0.11659119871612456,0,COLD
22.7,40.6,-0.07486552362060614,0.009821412121601638,1,COMFORT
23.3,20.8,0.3386485335582687,-0.2799321988362949,1,COMFORT
32.8,55.6,-0.00043853229605925355,0.0481876679320455,3,HOT
15.7,68.9,0.15670490064846695,0.45133672102059696,0,COLD
21.0,80.8,0.043371928136387405,-0.25649927110682097,1,COMFORT
30.2,57.0,0.12594957966467832,0.011475687649201814,2,WARM_HUMID
22.3,42.3,0.19836879624124157,0.4637111894073729,1,COMFORT
19.0,66.0,0.053051939325855675,0.5784715117756465,0,COLD
13.4,66.5,-0.12419327317778918,0.17849348586142633,0,COLD
20.8,30.5,-0.05506119690272745,-0.46679592383931245,0,COLD
40.0,71.0,0.032395628637184676,-0.36187496170464195,3,HOT
30.7,71.8,-0.1269907263582386,-0.01919935226071108,2,WARM_HUMID
28.2,79.8,-0.05099755835272788,0.5355178414915207,2,WARM_HUMID
30.8,34.0,-0.23283020324231835,-0.11581132217177036,2,WARM_HUMID
16.4,56.0,0.13825369472141547,0.7163072993893019,0,COLD
19.9,56.2,-0.01059509694779611,0.24659849557049116,1,COMFORT
23.9,27.3,0.038655741731280426,-0.8723006397856287,1,COMFORT
30.1,28.0,-0.01278395776706087,-0.23898311580717557,2,WARM_HUMID
35.9,45.6,0.020733684391509046,-0.03240932400731596,3,HOT
31.7,68.0,0.30199814191461627,-0.11768133239326678,2,WARM_HUMID
16.2,61.4,-0.07435927374741809,-0.16872142717082722,0,COLD
21.6,39.5,-0.21525844023425267,-0.3651747156114916,1,COMFORT
29.4,46.9,-0.008702264159089562,0.04668137592438765,2,WARM_HUMID
28.5,62.8,-0.04772139489921403,0.04764389827260157,2,WARM_HUMID
17.4,24.5,0.19668356619778263,-0.364869480459455,0,COLD
23.5,43.6,-0.11254274298279793,-0.2769820180783663,1,COMFORT
13.1,28.4,-0.1354365010571891,-0.12231361374131643,0,COLD
27.5,36.0,-0.2650903311189385,-0.21278175195915916,1,COMFORT
16.4,58.3,0.014439422184551905,0.35450644630102846,0,COLD
33.5,64.6,0.18419817143784015,-0.12791837849869941,2,WARM_HUMID
19.4,40.1,-0.03933503540742839,0.04240227516508731,0,COLD
25.1,57.9,0.03596034510747618,-0.13133483182163957,1,COMFORT
27.3,49.3,-0.07097867824262186,-0.12549071505576295,2,WARM_HUMID
25.5,42.6,-0.051708152876689395,-0.842844363451188,1,COMFORT
19.5,57.7,-0.0006070701943342161,-0.5424049495410531,0,COLD
27.7,40.1,0.3304868642887339,-0.2946373738211922,2,WARM_HUMID
17.9,40.1,0.08940130094791798,-0.41562716966334695,0,COLD
34.3,43.7,-0.14451007151588743,0.47153084809696005,3,HOT
32.4,54.0,-0.09022672721547888,-0.021535711941770154,2,WARM_HUMID
33.2,54.5,0.04827838532101993,0.5240284530866147,3,HOT
23.5,24.4,0.1305044462848959,0.36133945661060246,1,COMFORT
19.1,34.2,-0.1350796279940146,1.0648347483375207,0,COLD
18.5,36.0,0.02123936801098242,-0.4675611433938882,0,COLD
25.4,53.0,-0.13039304804829657,0.048426358035491675,1,COMFORT
33.6,59.9,0.05146148747714017,0.3845290723144441,3,HOT
23.0,17.3,-0.26500813278940605,-0.18233660098004456,1,COMFORT
21.1,63.8,0.18353694896389103,-0.31371836442515977,1,COMFORT
24.6,59.0,-0.008808064065694308,0.00018813366023321453,1,COMFORT
21.7,68.4,-0.3328274367076575,0.05976615330356736,0,COLD
34.4,48.9,0.19147922751769367,0.029563290011784673,3,HOT
34.1,43.0,-0.13347863170914454,0.7271612395292498,3,HOT
11.0,56.9,0.0240263998580789,0.13009037762661935,0,COLD
28.7,72.9,0.09158404002230401,0.18000087567933543,2,WARM_HUMID
26.2,41.0,0.16288433487473672,-0.6219750010409324,2,WARM_HUMID
31.5,57.3,0.08223348562279847,-0.014907616814599579,2,WARM_HUMID
15.7,65.2,0.17053911982504574,-0.025445171544616847,0,COLD
18.6,46.3,-0.12040825743373745,0.5480031246669151,0,COLD
20.4,35.1,0.1592927494890024,-0.13160453571390074,0,COLD
26.8,39.4,0.058570532664045216,-0.8883624220502476,2,WARM_HUMID
19.2,34.8,0.12323082259623155,0.15503448571592754,0,COLD
16.2,71.2,0.07604737568744498,-0.36724013907442266,0,COLD
22.5,22.8,-0.1701379054734089,0.5054525317056053,1,COMFORT
19.8,32.9,0.0077576827219780955,-0.32605435187496656,0,COLD
24.5,55.6,-0.04137599398446848,-0.3976186764012769,1,COMFORT
26.5,35.0,-0.1067959840888384,0.031477856342654036,2,WARM_HUMID
36.2,50.0,-0.06044381032366188,0.004059742686964978,3,HOT
30.5,33.0,0.06295584125358988,0.3620024061359248,2,WARM_HUMID
19.6,34.2,-0.04359166270873722,-0.10508325691678078,1,COMFORT
23.0,63.3,-0.09750542695514529,-0.21185933135292206,1,COMFORT
28.7,51.2,-0.0636685284008091,-0.7013537455295915,2,WARM_HUMID
17.7,39.5,-0.1500944058724861,0.17786048310778746,0,COLD
21.3,37.9,-0.15578071257558743,-0.050274535410933324,1,COMFORT
24.1,58.0,0.018885208259243853,0.01467383694886943,1,COMFORT
36.9,30.8,0.03997749698313085,0.06728273232896395,3,HOT
22.7,47.3,0.04187641200455227,0.10473089540106109,1,COMFORT
10.0,81.0,0.004372786848751901,0.23719316840171795,0,COLD
23.4,22.7,0.11540184154651661,0.14214931063918526,1,COMFORT
35.0,80.0,0.16650064428084121,-0.16227144182588427,3,HOT
17.5,51.4,-0.08903160751386867,0.4582422802022902,0,COLD
28.2,56.3,-0.06821714818856357,-0.25621545609187546,1,COMFORT
38.9,26.0,0.05232176578272039,0.29753575170156177,3,HOT
26.6,54.7,0.07572719724772833,0.41524107305341657,1,COMFORT
32.4,69.5,0.1945700592680171,0.19141451084256006,3,HOT
28.7,58.0,-0.007988202562674641,-0.375342503212132,2,WARM_HUMID
26.4,31.1,-0.013708450807539203,0.11208740150691195,2,WARM_HUMID
21.0,31.9,0.21134603082646242,-0.010116716228812203,1,COMFORT
20.4,32.5,0.11936648610383814,0.24123178815835977,0,COLD
31.2,55.3,-0.2961233200996454,-0.020441707435031917,2,WARM_HUMID
27.0,63.9,-0.11051824183787365,-0.04746067994742524,1,COMFORT
30.6,71.6,0.10897723781021755,0.13757455298915863,2,WARM_HUMID
20.2,37.2,-0.0036429743505038766,0.06608386234246146,0,COLD
15.4,57.0,0.003835861560901875,0.10500506868342144,0,COLD
12.8,64.8,0.1918624813991897,0.07977716634760751,0,COLD
23.6,34.4,-0.18750384833814063,-0.1340561861338385,1,COMFORT
24.8,38.2,0.15077506673892851,0.398869246495191,1,COMFORT
22.0,44.5,0.049210734697609684,-0.18279778061226576,1,COMFORT
19.7,35.6,-0.021547525446172174,0.07468295518521147,0,COLD
30.7,67.0,0.07216055542661585,0.46859587631248023,2,WARM_HUMID
17.0,43.2,-0.03404136992068865,0.6386708452059269,0,COLD
33.0,55.0,0.16293140509749582,-0.5743724735170622,3,HOT
25.2,52.3,0.30770228253809534,-0.027663908648287095,1,COMFORT
19.4,45.7,0.1798554767954442,0.5361603853023511,0,COLD
22.3,62.1,-0.12037880277065686,-0.97351396313544,1,COMFORT
33.7,52.7,0.17228142311222577,0.6599764379979206,3,HOT
18.0,50.1,-0.11779768803948575,-0.604904268362354,0,COLD
24.7,39.4,0.023883684286179298,0.5008744376924174,1,COMFORT
34.1,47.9,0.1879595590393369,-0.2646262022115637,3,HOT
27.5,62.0,0.030085379584641428,0.16085798543021082,1,COMFORT
32.1,58.7,0.1558258849159921,-0.6761645194881952,2,WARM_HUMID
17.2,52.8,0.07798896591581764,0.1361763329627726,0,COLD
20.2,31.2,0.02389079582505116,0.30751628036170703,0,COLD
15.4,57.0,0.0012795196994968255,0.4151822182606002,0,COLD
11.0,50.3,-0.05884630960646347,0.4034298808262997,0,COLD
22.2,34.2,0.19793382023403203,-0.413177978404883,1,COMFORT
25.0,39.5,-0.02408394142526961,0.33884047065808953,1,COMFORT
23.4,70.0,0.05637304886076625,0.7649928092617652,1,COMFORT
17.4,50.0,-0.013627053975022578,-0.1361318952212092,0,COLD
23.9,25.1,-0.3544917334691301,0.0818693485595065,1,COMFORT
24.4,25.2,0.20121987378605896,0.007707275996873116,2,WARM_HUMID
24.9,36.5,-0.08381824091079228,-0.3841650894407732,2,WARM_HUMID
24.4,22.3,0.03405432905834179,-0.4832015648993895,2,WARM_HUMID
31.0,79.0,0.11234261961139522,-0.34186792037021374,3,HOT
18.3,31.7,0.029982056969591,0.5689814115034898,0,COLD
26.3,44.0,0.0968166038971399,-0.09913967611930523,1,COMFORT
36.2,41.5,-0.00018330589157166275,0.08064978546253149,3,HOT
24.0,38.6,0.3317755476873267,0.2737441519246187,1,COMFORT
27.4,54.6,-0.09485611420806624,0.28346484880542877,2,WARM_HUMID
18.9,37.4,-0.06135267717224091,-0.6291163535542822,0,COLD
24.9,38.1,-0.20913489117992093,-0.03841452057002946,1,COMFORT
25.8,66.2,-0.15901869735093632,-0.5132515419481756,1,COMFORT
34.7,50.0,-0.03558849393354087,0.1218575093896005,3,HOT
24.9,63.9,0.1217577598922362,0.30630533979639607,1,COMFORT
29.8,81.1,0.11385620580813005,-0.1471828583488265,3,HOT
22.8,24.7,0.28736169777307163,0.07016816940645425,1,COMFORT
19.0,52.3,0.0038740338199758583,0.17846009671429114,1,COMFORT
27.0,55.8,0.12979346342028747,-0.1099177912617092,1,COMFORT
25.1,64.4,-0.1195111960274218,-0.05655163569731421,1,COMFORT
25.0,68.8,0.2990343598259142,-0.2534628312043369,1,COMFORT
28.3,51.0,-0.19897081924666243,-0.30061020462465016,2,WARM_HUMID
29.0,53.0,0.22587094498220622,-0.03872819358371357,2,WARM_HUMID
15.6,68.0,0.11880901531190133,0.18203543344252343,0,COLD
25.9,24.5,-0.06065547141605968,0.2439544999993166,2,WARM_HUMID
19.3,31.9,0.10368649247703761,-0.25284217633411393,0,COLD
22.7,40.6,0.09764035160797643,0.407141562808849,1,COMFORT
30.8,20.5,0.15169431719593796,0.9103995578077699,2,WARM_HUMID
33.4,54.8,0.01312549728965811,-0.5344347650068594,3,HOT
22.1,32.9,0.03588962634158378,-0.005051678300007122,1,COMFORT
22.7,26.5,0.10187682876821058,0.19775302030258915,1,COMFORT
23.3,31.7,0.016131285624014478,-0.6275854015043519,1,COMFORT
12.2,69.7,0.07088073304818006,-0.49874347759033033,0,COLD
32.6,62.0,0.1790821616869405,-0.7397299563040596,2,WARM_HUMID
20.6,24.6,0.13846454205937908,-0.40213733843250576,1,COMFORT
35.0,49.8,0.09213670473414776,-0.09852804281751149,3,HOT
12.2,67.7,-0.16083575749079929,0.35905682570532993,0,COLD
31.3,39.4,-0.1386094211011598,-0.3907854752461286,2,WARM_HUMID
28.0,83.3,0.04854860385973734,-0.3768439484275833,1,COMFORT
23.2,53.0,0.15920382832981558,0.5873845532845658,1,COMFORT
22.0,79.5,-0.012769788732529546,-0.00857670556580549,1,COMFORT
32.7,45.5,-0.09660017359010013,-0.6689212984433,3,HOT
36.2,43.8,0.3217089764644238,-0.8253975163188785,3,HOT
21.6,75.2,0.1797251685910297,-0.2013296134833087,0,COLD
23.0,50.6,0.34980744063961633,0.09046639571804567,1,COMFORT
18.8,44.3,-0.09456876812782163,0.5197072396092476,0,COLD
25.2,60.7,-0.09889492138569829,-0.21660334855765503,1,COMFORT
24.2,32.2,0.08181934542051575,0.29892029738228615,1,COMFORT
19.6,32.0,0.23965489889413732,0.05902172648485868,0,COLD
24.0,26.7,-0.014731241945829008,-0.4045311564337298,1,COMFORT
18.9,46.7,0.06231403328242535,-0.6349966209413378,0,COLD
21.7,30.2,0.13571458525935204,0.15125470085859546,1,COMFORT
33.4,48.0,-0.12555528036848404,0.4984821281727406,3,HOT
29.5,55.3,0.20879535051047474,0.47091438280183495,2,WARM_HUMID
24.0,27.3,0.11115275648326244,0.16959371857908995,1,COMFORT
21.2,28.8,0.06437122794924102,0.359000641532909,1,COMFORT
30.7,27.5,0.19634841145936682,0.3510636408532284,2,WARM_HUMID
24.9,48.1,-0.12383758214758714,-0.30057745672288644,1,COMFORT
23.7,21.3,-0.13803077123114993,-0.3934997763524276,1,COMFORT
36.0,69.0,0.14936541048324325,0.4442704642066135,3,HOT
27.7,54.5,-0.02519687416994201,0.10739183839441376,2,WARM_HUMID
10.0,68.0,0.1682925737872837,-0.17870201067156355,0,COLD
19.7,29.6,0.1508597479591107,0.10068020691284447,0,COLD
27.6,54.0,-0.07163999270604769,-0.2316273756158061,2,WARM_HUMID
18.3,36.0,-0.006557528239122573,0.1440238781970184,0,COLD
34.8,43.9,0.2383599431367806,0.5604919467240748,3,HOT
22.8,31.2,-0.07994931455336632,-0.08412101014653851,1,COMFORT
25.5,59.8,0.05177808976107528,-0.652217602227021,1,COMFORT
32.0,86.0,0.28005173554444507,-0.12248828103636507,3,HOT
32.1,20.0,0.015193316697657538,0.3645711286860098,2,WARM_HUMID
27.6,53.7,-0.02063336851439233,0.30910947440570635,2,WARM_HUMID
22.4,60.7,0.09485688138382443,-0.2732862877506953,1,COMFORT
31.0,29.3,-0.21948658086400832,0.23689327052209797,2,WARM_HUMID
14.5,33.0,-0.08226749723564931,-0.2008184198935397,0,COLD
25.3,61.2,-0.17222242322712958,-0.22740051480223525,1,COMFORT
19.5,37.0,0.1947303226342547,-0.15866538379582532,0,COLD
24.2,40.2,0.19086328066615346,-0.4769313876969662,1,COMFORT
24.7,22.4,0.2803599755517391,0.044277340780596454,2,WARM_HUMID
21.3,26.9,-0.21892850610834388,-0.07143982345881991,1,COMFORT
30.8,24.9,0.2611287115521652,-0.11500482436052216,2,WARM_HUMID
17.8,50.1,0.054935362977560784,0.019007979378823744,0,COLD
21.6,67.2,0.00022258661061781346,0.11292464930335143,0,COLD
15.7,28.2,-0.12462876751748851,-0.899573806863098,0,COLD
24.8,24.0,0.26022293767156546,0.5243385998860886,2,WARM_HUMID
30.7,28.0,-0.09211838475124742,0.33886994063865156,2,WARM_HUMID
22.3,26.0,-0.03330638529481821,-0.2564119995336727,1,COMFORT
19.8,41.9,-0.29260453416301613,-1.081984403708973,1,COMFORT
25.8,66.7,0.05427178026340309,0.26469896075723715,1,COMFORT
18.9,33.9,0.049921068787611954,-0.29203569764135934,0,COLD
11.0,50.3,-0.10989527075458189,0.48282547896937933,0,COLD
23.5,46.3,-0.0037549235460607247,-0.4224608425714002,1,COMFORT
13.4,67.3,-0.053869998968848275,-0.085107710593301,0,COLD
36.3,41.2,-0.047614960889710976,-0.46712427469241713,3,HOT
34.0,48.4,-0.07225618330623268,0.63364740980869,3,HOT
26.0,49.8,0.06430855085808614,0.1453109163862771,2,WARM_HUMID
29.0,40.1,0.3137498152905119,-0.004869813944093646,2,WARM_HUMID
25.9,50.1,-0.0801424577243819,-0.44827589526827527,2,WARM_HUMID
31.4,67.6,-0.03933459294271882,-0.5529521498603954,2,WARM_HUMID
22.3,55.4,-0.06858082985451902,0.3872441686720102,1,COMFORT
20.1,30.5,0.028395159127139576,-0.17056398251200963,0,COLD
24.2,65.6,0.05026891996104959,-0.035735495859342575,1,COMFORT
28.1,52.8,-0.28216155071761156,-0.2766088368260229,2,WARM_HUMID
36.4,26.1,0.011202245918135853,0.23291135917860345,3,HOT
19.2,50.3,-0.06856518400413464,-0.5430260681729683,0,COLD
25.5,53.7,0.10333978895404583,0.18227427965314882,2,WARM_HUMID
27.5,44.0,-0.039677226196591614,-0.0797718426373637,1,COMFORT
36.0,47.0,0.0068237214496128,-0.010842737268100177,3,HOT
17.4,62.2,-0.2652395264252229,0.4019551476136709,0,COLD
21.6,60.5,-0.10881807935647538,0.06295395118037062,1,COMFORT
18.0,60.0,-0.031317079165735284,-0.18163893140316775,1,COMFORT
16.1,51.1,0.18627110685498732,-0.6634519736457682,0,COLD
34.3,58.5,0.13419861775380074,-0.16444397818739648,3,HOT
26.9,61.0,-0.11889342455567747,-0.0058217477557036615,2,WARM_HUMID
27.7,56.7,0.020882063725232002,-0.8325762203172298,1,COMFORT
28.2,42.5,-0.02701614007661437,0.21824834425537018,2,WARM_HUMID
32.9,48.8,0.08560438354617196,-0.03696260283786923,2,WARM_HUMID
29.9,76.5,0.3207082817451007,0.5904950265467329,2,WARM_HUMID
22.8,52.7,0.05826369205162596,0.7866272285226827,1,COMFORT
30.1,46.1,-0.060454944695186544,1.0715515914368712,2,WARM_HUMID
27.4,27.5,-0.21426216783964547,-0.3272153990761646,1,COMFORT
22.4,72.0,0.0759580120849342,0.23693169553823729,1,COMFORT
19.6,71.0,0.09066587321937662,-0.29253893043346907,0,COLD
32.1,51.0,0.23530228782620363,-0.24990350445568277,3,HOT
34.5,40.0,-0.05360814969948483,-0.2650902527376539,3,HOT
28.0,69.7,0.026272544037992285,0.6464783620584518,1,COMFORT
25.0,27.4,-0.11447935738392957,-0.458934555044827,2,WARM_HUMID
21.6,33.7,-0.03768669091567818,-0.43855289509221324,1,COMFORT
27.7,40.3,-0.0115490496207507,-0.06001577555034221,2,WARM_HUMID
18.4,20.5,-0.024097992954911166,0.4564246998705199,0,COLD
23.8,47.0,0.09684182194028132,0.11933242623200009,1,COMFORT
24.0,49.8,0.01661514433919956,0.210206725521856,1,COMFORT
23.0,35.7,0.0073496951798065705,0.4185199125294554,1,COMFORT
28.7,62.3,-0.12405870780915368,0.23702548801400827,2,WARM_HUMID
14.0,45.7,-0.022161227723079286,-0.6296933441585812,0,COLD
24.4,25.2,0.0012674307837164706,0.24641749610478675,2,WARM_HUMID
35.0,50.4,-0.07121908536599023,0.43580546899185013,3,HOT
22.0,37.2,0.09066559732237571,0.13359811529244703,1,COMFORT
17.7,42.2,0.16199747544513024,0.12077967970452236,0,COLD
24.0,57.0,0.04481779674586928,-0.06892609808966468,1,COMFORT
38.1,44.0,-0.22704812616934766,-0.5531821859801059,3,HOT
30.9,78.4,-0.20086336035370256,-0.20749580355148947,3,HOT
30.2,73.6,-0.3044184795608417,-0.7564518363845526,2,WARM_HUMID
33.4,59.4,0.1355837100954002,-0.23134928667742627,3,HOT
20.7,35.0,-0.15154946813948006,0.34520327330405665,0,COLD
18.3,66.9,-0.0011728764437935564,0.33866132261532256,0,COLD
34.7,55.4,0.23303922156747414,-0.6844578526006592,2,WARM_HUMID
23.7,36.5,0.1132229635050274,0.05007594713177005,1,COMFORT
33.2,70.6,-0.18909661739829833,0.7259970486313163,3,HOT
25.9,40.5,-0.03687286900665863,-0.2117309821145899,2,WARM_HUMID
25.7,57.2,0.03360071501031743,-0.5243052117965072,1,COMFORT
29.8,59.6,0.2899409304146796,0.25148686579699736,2,WARM_HUMID
22.8,32.3,-0.05999351089145232,-0.19503540022029675,1,COMFORT
16.8,47.8,-0.18483339196160026,0.16932650391687507,0,COLD
18.5,33.8,-0.12793320658301263,-0.13017608548968837,0,COLD
24.4,15.8,0.04491814832221661,0.13467371550525034,2,WARM_HUMID
26.6,28.6,-0.09516139664958226,0.43035319284968265,2,WARM_HUMID
25.2,50.6,-0.3789565581696879,0.35025581865680966,1,COMFORT
27.3,44.0,0.043375296586172715,0.5102556844141487,1,COMFORT
19.0,59.9,0.2037330169262039,-0.625765215394572,0,COLD
31.0,56.2,-0.07753608388540148,-0.2258100896566928,2,WARM_HUMID
20.8,29.4,0.15777885483008044,0.5659045620409925,0,COLD
18.8,58.9,0.2014192973132558,0.6009012746348481,0,COLD
21.0,36.2,0.11780184045154245,0.37905481457543866,1,COMFORT
18.1,66.2,0.02332875563754845,-0.18686119003246138,1,COMFORT
29.5,40.3,0.14189114409591566,1.0168214139692524,2,WARM_HUMID
15.7,59.2,0.022153235500866123,0.3815139096162712,0,COLD
32.9,56.1,-0.013256267353844003,0.39265340849124025,3,HOT
28.5,51.1,0.33198358311289566,-0.4762459634940013,2,WARM_HUMID
17.2,73.9,-0.2126459635841109,-0.007505150670990859,0,COLD
22.8,41.9,0.164846001960829,-0.10481705609564862,1,COMFORT
20.3,42.8,-0.0800962005913692,0.2540361481712141,1,COMFORT
34.1,46.0,-0.046812193446526276,-1.2004652242215028,3,HOT
24.7,47.2,-0.1797577190158437,0.6011940073105969,1,COMFORT
17.6,52.0,-0.006974487168983689,0.16587813314117747,0,COLD
28.2,79.9,0.09330449961585392,-0.08929260439427689,2,WARM_HUMID
29.7,57.0,0.05867785432696648,0.12873614829651556,2,WARM_HUMID
36.2,31.4,-0.21942338335142347,-0.09279340442754484,3,HOT
33.4,39.3,0.3295651820193244,-0.15842734824703747,3,HOT
36.9,39.9,0.049413631938574336,-0.10757879884936501,3,HOT
19.5,45.4,0.019728409511723485,0.4601148875845671,0,COLD
11.6,56.0,0.13261780779321508,-0.406985840799535,0,COLD
19.3,39.2,-0.18090335571121782,-0.7314183959856306,0,COLD
21.6,31.7,-0.03617024165818544,-0.4234637849258038,1,COMFORT
21.3,45.3,-0.07501621620430883,-0.6947210161943898,1,COMFORT
29.4,40.3,0.15073954411018248,0.034931934512452044,2,WARM_HUMID
11.6,52.2,0.14051499836079726,-0.3379635242047056,0,COLD
10.4,48.8,-0.08106042656934447,0.04445794446142603,0,COLD
18.5,33.1,0.054908387319118686,-0.4130772730902108,0,COLD
32.3,69.6,0.013787015430194486,1.0404657695835282,3,HOT
31.5,48.2,-0.06834872648829303,0.27520449741313197,2,WARM_HUMID
17.6,72.0,-0.10707812404395199,-0.0639250627072359,0,COLD
26.5,25.1,0.05106662651747565,0.7957275231861553,2,WARM_HUMID
24.8,53.6,0.005419099809960189,0.2286635737192901,1,COMFORT
35.0,45.6,0.1265841827544103,0.2887502196733402,3,HOT
30.6,73.1,-0.24918066077758838,0.10573811325551644,2,WARM_HUMID
18.8,37.5,-0.199024070830053,0.33410020019153697,0,COLD
26.3,34.7,0.0831828825688322,-0.13998107001831053,2,WARM_HUMID
21.0,30.7,0.22675101212781465,0.36743011874852827,0,COLD
29.6,56.3,-0.253990272519203,-0.5574743170079647,2,WARM_HUMID
26.3,53.0,0.014005856141497686,0.4912124587926119,1,COMFORT
22.6,72.9,-0.08177995180412015,0.5448271040003498,1,COMFORT
21.1,29.3,-0.10865454477051911,0.19307208750720145,0,COLD
24.7,55.1,-0.05565960433512787,0.1830292694886846,1,COMFORT
23.3,35.0,-0.05407278400608068,0.47039435381717465,1,COMFORT
10.0,82.0,0.18516854681470366,0.5528469406217144,0,COLD
19.0,37.0,0.18428274057460634,-0.03353759343487422,0,COLD
24.4,46.2,0.09446092716131071,0.32857627284117147,1,COMFORT
24.4,45.4,-0.011818972114727556,-0.7521472108559865,1,COMFORT
27.3,46.0,0.10463804555087985,0.39773689126001943,1,COMFORT
22.7,54.5,0.4498101158253697,1.0030885386985282,1,COMFORT
20.8,29.6,-0.10278949627056719,-0.13482762306978588,0,COLD
22.8,55.3,0.1114421454340703,-1.4144668761761867,1,COMFORT
21.7,50.6,0.12803389577889207,-0.42901830313869055,1,COMFORT
34.2,47.2,-0.08124014643114497,0.281019795493536,3,HOT
18.9,22.7,-0.06753998878972174,0.5339716404752288,0,COLD
26.9,24.7,0.005803725246419572,0.8644154345329338,2,WARM_HUMID
33.2,59.0,0.1536519302978737,-0.28224738154124945,3,HOT
32.0,59.1,-0.024972837642231883,0.03159098943844363,2,WARM_HUMID
23.2,19.1,-0.25027482395979567,-0.34234409808051897,1,COMFORT
27.7,54.5,0.08203749730052251,0.3439196907859439,2,WARM_HUMID
12.8,60.1,-0.2952041887369278,-0.22095114339777444,0,COLD
32.0,41.2,0.07380794717433134,1.1132806943747817,2,WARM_HUMID
14.6,30.0,0.25347429213971706,-0.42804126203460807,0,COLD
23.8,50.0,0.04048787784393268,0.12457735712033574,1,COMFORT
23.0,81.7,-0.19388554964338026,-0.13592229767400987,3,HOT
29.1,44.2,0.11622791654357346,0.46585343572281046,2,WARM_HUMID
25.7,33.1,0.06965424147194106,-0.2778208903073026,2,WARM_HUMID
28.8,49.6,0.24664210207052228,0.38225699813196734,2,WARM_HUMID
18.9,59.2,-0.2150345884448161,0.23179343573045333,0,COLD
24.5,40.0,-0.22954187038946813,0.17697295402366786,1,COMFORT
22.9,25.5,0.11626438164645239,0.12656850874151757,1,COMFORT
27.3,54.0,-0.038835746055611596,1.0286614519067772,2,WARM_HUMID
32.0,47.0,-0.08452502769840063,0.21470549024839297,3,HOT
27.3,30.8,0.03603459386556714,0.3309843613774035,2,WARM_HUMID
15.3,60.0,-0.2235524711191196,0.5137275988718185,0,COLD
19.6,35.3,-0.29649328426861365,0.07879041755688238,0,COLD
17.0,68.0,0.16461340311340603,0.0539347224306839,1,COMFORT
19.8,42.4,0.040851102019744116,0.5209562441473761,1,COMFORT
32.7,63.7,0.011428863217308339,-0.21489975293927577,2,WARM_HUMID
21.0,29.8,0.20937925461781465,-0.34482853990738016,0,COLD
32.2,31.3,-0.10469808713167125,0.6451633341792524,2,WARM_HUMID
27.2,67.3,0.10314161031166129,-0.06216272379064337,1,COMFORT
21.2,61.9,-0.10129841496298085,0.1815448102746713,1,COMFORT
22.4,28.5,0.2676766151586766,0.41035199496959446,1,COMFORT
18.0,38.9,0.12522555317040385,-0.1891031137589821,0,COLD
27.7,39.0,0.12349198735165579,0.2508771582665946,2,WARM_HUMID
20.1,29.8,0.08277713709637652,0.40341344940787666,0,COLD
26.5,40.7,0.010324811452454164,0.20735737437399712,2,WARM_HUMID
37.0,44.2,-0.1717507099519672,0.44437234741602816,3,HOT
20.0,38.0,-0.0032127442428504936,0.16422687423627305,0,COLD
27.4,85.4,-0.23732626671648108,-0.09432743957682048,2,WARM_HUMID
19.2,60.9,-0.3586311496115074,0.17125490216195516,0,COLD
20.3,31.3,0.059374526346870425,0.2994388610394515,0,COLD
30.0,71.0,0.06807951057235281,0.5668895121889482,2,WARM_HUMID
25.4,19.8,0.020876113298908323,0.4836767242365252,2,WARM_HUMID
22.8,53.3,-0.020608291051536904,0.15414597497961524,1,COMFORT
18.3,35.6,0.16580451504974106,-0.07167810061380077,0,COLD
33.1,51.3,-0.07676141431030002,0.15401113556482537,3,HOT
33.0,79.0,-0.13360710315590835,0.960953918638322,3,HOT
32.9,62.3,0.03282365281824115,-0.450889244736172,3,HOT
22.0,28.2,0.07878014490235197,0.48354494570548506,1,COMFORT
38.9,17.8,-0.3273151941301443,-0.31945177659098434,3,HOT
23.0,56.8,-0.0002799219426351491,0.08527221822847042,1,COMFORT
27.5,31.0,-0.09259285603183308,0.24183863042048157,2,WARM_HUMID
34.1,40.0,0.110771817205659,0.3741856851851839,3,HOT
19.7,41.1,-0.09466775606901492,-0.12698085128810715,1,COMFORT
31.0,43.0,0.11951480380614452,0.540974820611682,2,WARM_HUMID
22.3,29.0,-0.16796413626225593,-0.23883895186246829,1,COMFORT
18.3,31.8,-0.13907144783033148,0.016043076898103106,0,COLD
23.0,46.0,-0.36145757844781284,0.49762472605791547,1,COMFORT
26.6,78.7,0.19258302935150587,-0.12031480107183666,2,WARM_HUMID
26.7,39.6,-0.04564869938091596,0.48867033330665716,2,WARM_HUMID
27.5,52.0,0.01628395586647847,0.1794359891069841,2,WARM_HUMID
32.7,53.2,0.29049552951820873,-0.10062529061037524,2,WARM_HUMID
29.4,57.1,0.2864118358988868,0.14347357628878216,2,WARM_HUMID
24.2,35.9,0.19432741061417216,0.0017121889106787886,1,COMFORT
34.0,35.8,0.11744202697383313,-0.28378378457774267,3,HOT
27.3,32.1,-0.19096713003378377,0.7965169820135758,2,WARM_HUMID
24.0,62.6,0.340348741748918,-0.6768185075847639,1,COMFORT
21.5,36.8,-0.24361510169670572,-0.6534649357205482,1,COMFORT
24.4,53.0,0.029314487403977792,-0.11144296545853408,1,COMFORT
19.3,61.4,0.18342370511536243,-0.5833525333118813,1,COMFORT
15.5,55.0,-0.1433278152628856,0.008745140565359362,0,COLD
18.5,22.8,-0.1735494683496546,0.4446221634046412,0,COLD
32.8,76.0,0.1738022888221389,-0.6397819552360774,3,HOT
32.2,71.2,-0.03192244188092505,-0.4990496480939876,2,WARM_HUMID
19.5,71.5,-0.10405447386966062,0.1287572482963372,0,COLD
30.5,27.4,0.09149648146630489,0.24714841624482942,2,WARM_HUMID
26.3,34.3,-0.033748703113675095,0.06732483665457108,2,WARM_HUMID
33.4,59.0,-0.18734709840253586,-0.7706619451251231,3,HOT
23.0,20.8,-0.23484955457364126,0.2562291811432246,1,COMFORT
37.5,31.0,0.16336947840823057,-0.09555263321581225,3,HOT
10.4,54.2,-0.02882383934984445,0.0021331846274924584,0,COLD
26.3,64.8,0.042259011639412966,0.33894098643383375,1,COMFORT
37.0,50.0,0.0343577684862829,-0.6269810120086643,0,COLD
29.8,78.8,-0.1263443575155103,-0.7397937382534175,2,WARM_HUMID
34.8,40.0,0.10746841331915785,-0.02632706966122287,3,HOT
27.2,52.9,0.030988149478870998,-0.2686417845370511,1,COMFORT
23.2,18.9,-0.1624782669999075,-0.4248887370834033,1,COMFORT
31.8,49.4,-0.2398944528815485,0.40006521715299004,2,WARM_HUMID
21.0,53.0,-0.0009588480089680676,0.703161898560519,1,COMFORT
37.9,46.8,0.0006001890354893097,0.49339439471685553,3,HOT
20.7,48.7,-0.20666425923169168,0.44183993763198787,1,COMFORT
24.4,22.5,-0.05945758095323801,-0.631033251271631,2,WARM_HUMID
21.1,84.0,-0.118803500710843,-0.8434196492394883,1,COMFORT
22.3,36.5,-0.43314207752191786,-0.6189202038616912,1,COMFORT
21.3,67.4,-0.177011220946675,-0.3725835209562878,0,COLD
32.1,22.6,-0.12506208610786737,-0.10803038513545789,2,WARM_HUMID
19.6,73.8,-0.05656470299079751,-0.18995314788346288,0,COLD
28.4,37.0,-0.07378536712593077,0.39039264647672095,2,WARM_HUMID
11.0,54.6,0.046927114673606815,0.08516667442126326,0,COLD
33.9,54.2,-0.10031479070553047,0.26421689032515444,3,HOT
28.5,27.3,0.04834946425635111,0.07730722443617781,2,WARM_HUMID
16.9,34.5,-0.2321559601861781,0.33795664960504884,0,COLD
17.8,49.0,-0.02258825091129518,-0.07465532804186856,0,COLD
17.0,72.0,-0.04749866471049655,-0.2537160636532112,0,COLD
27.8,29.0,-0.1479423628639413,-0.7532070488154868,2,WARM_HUMID
24.8,65.6,0.06059752893671005,-0.5600235096509713,1,COMFORT
17.6,38.6,-0.03581289030951515,-0.15907806453519013,0,COLD
31.2,69.0,-0.07809312709718261,0.34198931374336033,2,WARM_HUMID
28.9,29.4,-0.10207410716460714,-0.33273503077202204,2,WARM_HUMID
29.2,63.8,-0.2917440675600157,0.22227068584025944,2,WARM_HUMID
18.9,40.0,0.024973969067268675,0.19959541397689634,0,COLD
17.7,41.2,-0.01409285484484266,0.26952517541554,0,COLD
24.6,31.8,0.06517149767762566,-0.03814775841383524,2,WARM_HUMID
24.9,57.3,0.38243717346471273,-0.08128186194357241,1,COMFORT
33.8,51.4,-0.16666147973744935,0.4290078248440266,3,HOT
17.6,59.8,0.07338510203250533,0.011558346049975984,0,COLD
21.6,20.7,-0.10107855208107709,-0.01439915565781034,0,COLD
22.5,25.7,0.026696225128088134,0.6986332133372228,1,COMFORT
15.7,67.7,0.15927869137574618,0.030884169422816056,0,COLD
20.6,55.8,0.02451794859369814,-0.09907823949456508,1,COMFORT
12.8,69.7,-0.03190160668994342,0.0951498897597211,0,COLD
40.0,70.0,-0.16036355191683344,-0.6726997401084713,3,HOT
24.1,62.2,0.2990936482434618,-0.21009408506096633,1,COMFORT
25.1,51.8,0.09839408282120603,-0.24297157495274602,1,COMFORT
18.4,50.9,-0.20324557693274597,-0.25656960624926023,0,COLD
20.0,32.3,0.0222896025037443,-0.21077049496443512,0,COLD
29.4,55.2,-0.14193418079024253,0.28671776971874374,2,WARM_HUMID
19.2,39.6,0.3433185991320434,-0.3351494035092496,0,COLD
23.9,36.6,0.08607649532716531,0.12254649418171684,1,COMFORT
17.3,28.8,0.025947119307361342,-0.19591852384907893,0,COLD
13.4,24.1,-0.005537848990291759,-0.23017246395510355,0,COLD
23.1,43.2,-0.2053260139306222,-0.3362895178974245,1,COMFORT
29.8,66.7,0.18890755977463788,-0.7822460308550789,2,WARM_HUMID
32.6,45.3,0.20114256336154365,-0.18325681176982359,3,HOT
24.5,34.2,-0.1036489219259837,-0.11066223187607444,2,WARM_HUMID
26.6,31.4,-0.38752790352675515,0.1332088749412709,2,WARM_HUMID
21.5,39.5,0.1618072613044439,0.3352812615582729,1,COMFORT
29.0,49.0,0.26243651147804087,-0.3944549424635252,2,WARM_HUMID
23.5,31.2,-0.15799732891259355,-0.010923920640215183,1,COMFORT
29.6,46.0,-0.007344754628767538,0.5288324889871633,2,WARM_HUMID
21.2,30.2,-0.353540504384471,0.17408305465629836,0,COLD
23.5,64.0,0.024695779717460738,0.5341922491443721,1,COMFORT
15.0,38.0,0.08770880205539107,-0.006079761916958532,0,COLD
22.7,40.1,-0.2649793385129938,-0.18851561868118372,1,COMFORT
11.6,61.4,0.3786576012145318,0.129880458543102,0,COLD
34.3,53.6,-0.016647370924789264,0.5411115667886776,3,HOT
24.0,34.1,-0.21098560005753195,0.05850133488705609,1,COMFORT
30.1,54.0,-0.2451722551189652,-0.359862593578524,2,WARM_HUMID
21.7,43.7,0.12101121706230811,-0.3239840448033824,1,COMFORT
19.6,73.0,0.03978436278070649,-0.17177017711678122,0,COLD
36.0,69.0,-0.014362672532337986,0.3439061316216832,3,HOT
27.3,20.5,0.3921555016951324,0.3240669495128356,2,WARM_HUMID
22.3,25.8,0.1524045590406767,0.07962517699990429,1,COMFORT
31.4,67.7,-0.05044095884569061,-0.17270976963695753,2,WARM_HUMID
33.0,73.0,0.17485511352612668,-0.22016365890004055,3,HOT
24.0,77.2,-0.16196109604760928,-0.09058188424809868,1,COMFORT
30.0,40.9,-0.2895711339868683,0.10851239997645717,2,WARM_HUMID
17.1,53.0,0.12642040368907992,-0.13097239367958952,0,COLD
18.8,45.4,-0.12332484100341103,0.2368407346413334,0,COLD
32.0,70.2,-0.26866760875830265,-0.3085172587001431,2,WARM_HUMID
27.8,63.3,0.01597581021287797,-0.8329575768323214,2,WARM_HUMID
33.9,62.0,-0.028760665981323517,0.05329883234005226,3,HOT
19.2,37.0,-0.21804508480774426,0.7322450802673265,0,COLD
35.1,45.4,0.08498830584237058,0.20254531036162648,3,HOT
32.2,44.8,-0.2770034473078743,0.42974080461289904,2,WARM_HUMID
18.9,36.2,0.22952161497658938,-0.6481675871328367,0,COLD
13.4,45.8,0.20734061303291726,-0.036730030011195354,0,COLD
26.7,40.0,0.26417821873010605,0.04867782515128527,2,WARM_HUMID
23.0,56.8,0.08904478369019432,-0.1841336719238339,1,COMFORT
30.5,30.9,-0.02385903667029431,0.08871056359386548,2,WARM_HUMID
18.3,37.3,0.026309902387646505,0.7419269614551868,0,COLD
36.1,27.6,-0.0816935084007446,-0.2785706120980525,2,WARM_HUMID
32.7,49.8,0.028438569559812343,0.10396656679591212,2,WARM_HUMID
30.0,74.4,-0.11197886694469027,0.14950936104385773,2,WARM_HUMID
27.3,76.8,-0.01879851095786865,0.6010295337891227,2,WARM_HUMID
15.0,40.7,0.06843742327927992,0.15251584260320772,0,COLD
32.0,57.0,0.34674140629509514,0.1453270966720087,2,WARM_HUMID
24.3,55.0,-0.03119918946779376,-0.47325087354782314,1,COMFORT
28.3,31.0,0.029226351040520706,0.1189168250198393,1,COMFORT
34.0,18.3,-0.06902805733468184,0.4827646135283784,3,HOT
36.0,32.5,0.13117913019403887,0.23686134434887585,3,HOT
17.5,59.2,0.026617962561794765,0.30079596623093346,0,COLD
35.5,28.1,0.05950703258887906,0.3049073688310969,3,HOT
12.2,72.7,-0.3739115469469182,0.6708393438292317,0,COLD
21.7,48.3,0.1323142862810599,0.4649777224203624,1,COMFORT
31.8,43.7,0.04181186311950961,0.5105537984236249,2,WARM_HUMID
36.3,19.8,-0.04601590269954456,-0.45216163716426694,3,HOT
11.0,51.3,0.09455717376761288,0.5364430935848878,0,COLD
22.6,43.6,0.07235668789593937,0.11321170641698892,1,COMFORT
34.1,52.7,0.1146139687888238,0.17764573561011657,3,HOT
35.5,51.7,-0.14511509058071745,-0.009100939833854451,3,HOT
20.1,36.8,-0.292756094457815,0.147773428088567,0,COLD
20.2,38.9,0.03232979696911238,-0.2264238304403301,0,COLD
13.4,62.3,0.07364205518492452,-0.3669890978500321,0,COLD
21.1,59.7,-0.13136720315363187,-0.01005373733126451,1,COMFORT
26.8,48.0,0.16245768647629155,-0.595110318591871,1,COMFORT
22.2,36.5,-0.0799538179649354,-0.6102987688848847,1,COMFORT
23.9,53.2,0.34819279997204283,-0.1825877899245792,1,COMFORT
29.0,51.0,0.2247075426804893,0.233917726217027,2,WARM_HUMID
19.5,51.3,0.16584880471878938,0.3998125025893675,1,COMFORT
29.9,62.4,-0.5129858968730564,0.7435775478721216,2,WARM_HUMID
36.1,51.4,0.039975476273604774,-0.4953733639087964,3,HOT
18.7,39.9,0.07119058845521414,0.12247147654400414,0,COLD
24.6,23.3,-0.11652172935063518,-0.14731067837499742,2,WARM_HUMID
37.1,41.4,-0.14651108147657052,0.04240310758981615,3,HOT
23.5,38.1,0.07375643787159053,-0.9106732631285189,1,COMFORT
15.4,56.5,-0.20092046624366341,-0.46395235495639375,0,COLD
27.2,80.7,-0.22889038242216964,0.30155277332371194,2,WARM_HUMID
27.0,64.0,-0.12058037543895596,-0.5456442927869917,1,COMFORT
29.2,24.7,-0.10695777891722262,-0.487283792692504,1,COMFORT
24.8,25.1,-0.16228562357970777,0.18785609588071955,2,WARM_HUMID
18.3,31.7,0.029982056969591,0.5689814115034898,0,COLD
29.5,47.8,-0.09694198634235146,-0.22713515445063162,2,WARM_HUMID
21.6,46.5,0.19307715700591366,-0.39818251785734143,1,COMFORT
23.6,54.3,-0.12051514112568856,-0.35953796000803423,1,COMFORT
30.8,69.6,0.00219516930435022,-0.7053563925352204,2,WARM_HUMID
24.6,42.2,-0.16511659644004142,-0.4700538004308612,1,COMFORT
36.4,38.0,0.0718678691674158,-0.08899729883509239,3,HOT
34.0,62.0,-0.020253479487946254,0.014210496438709072,3,HOT
33.7,62.0,-0.09372278665435183,0.2888159593428475,3,HOT
31.2,42.0,-0.04029686299646138,0.4662984275969959,2,WARM_HUMID
21.1,29.3,-0.21374567577231182,0.18704843124978277,0,COLD
30.0,93.0,0.08380091635767983,-0.30338848590084244,3,HOT
19.9,35.3,-0.21232861003705597,0.23552406361143785,0,COLD
30.4,61.7,-0.1754489325934037,-0.13041290388679477,2,WARM_HUMID
19.5,39.0,0.014615116544595455,-0.16000562764198223,0,COLD
31.8,67.0,-0.31011631500598147,0.10372395549931024,2,WARM_HUMID
31.3,69.0,-0.03882012954133751,0.4225752969818948,2,WARM_HUMID
27.5,63.5,0.25743878285581845,-0.2600508359545605,2,WARM_HUMID
26.7,40.7,0.1861448398107798,-0.18113633072201618,2,WARM_HUMID
25.7,57.2,-0.21889491004248174,-0.3615755502624055,1,COMFORT
25.9,30.1,-0.02478165206512817,-0.07173294528643337,2,WARM_HUMID
22.9,49.8,-0.09673926904834468,-0.06754790828980672,1,COMFORT
32.0,67.0,0.28113283590656585,-0.6198137491350274,2,WARM_HUMID
22.1,27.6,-0.21340593656350415,0.018189782461332942,1,COMFORT
30.4,61.1,0.07387851693095346,0.5979167225994484,2,WARM_HUMID
35.3,15.5,0.017366403773787863,-0.047002766822068325,3,HOT
11.0,51.8,-0.014223582498652488,0.7801829387197262,0,COLD
34.2,30.0,0.13369555303046332,-0.08781693652400893,3,HOT
22.5,28.7,-0.07495839635351666,-0.3896016948668014,1,COMFORT
33.1,19.0,-0.05052901614403319,0.7459795933869806,3,HOT
11.0,56.5,0.044425351761328134,-0.07439412258218839,0,COLD
33.8,58.4,0.21866948279610796,-0.4460726018317363,2,WARM_HUMID
33.0,61.0,0.013605484373465758,-0.1191796372022232,3,HOT
16.0,70.0,-0.058653947664833256,0.4130827240135646,0,COLD
28.7,61.5,0.017285980045802746,0.6304768796462215,2,WARM_HUMID
25.4,33.2,0.06420881214767483,0.6230379387657069,2,WARM_HUMID
14.8,66.0,0.039306647270205615,0.3736234575157455,0,COLD
21.1,37.5,-0.2281044581065705,0.36722400398558896,1,COMFORT
23.9,68.1,-0.03171645521646574,-0.5407112098517047,1,COMFORT
30.8,37.0,0.054745345652285476,-0.0509065471800247,2,WARM_HUMID
28.7,63.9,0.11196538341586051,0.19067862458716683,2,WARM_HUMID
25.3,57.0,0.08443212902615321,0.34579902697566883,1,COMFORT
26.1,46.0,0.10635056363827684,-0.37296989900884403,1,COMFORT
25.0,35.8,0.03270451865138113,0.2928031145399479,2,WARM_HUMID
11.0,51.3,-0.0193593258806786,0.03262135625284997,0,COLD
21.9,59.1,0.09168286160032188,-0.23996302344986892,1,COMFORT
17.5,86.0,-0.04894381375858964,-0.17208969125160353,0,COLD
19.4,58.0,-0.06973696133340344,0.7667736843287578,0,COLD
24.1,53.0,-0.06861462562625922,0.37596181416837116,1,COMFORT
24.4,31.1,-0.02268399240653125,0.6318727803368528,2,WARM_HUMID
22.9,34.8,0.2941704370571017,-0.0607589073735027,1,COMFORT
25.0,54.0,-0.12696514521884678,0.649063402702519,1,COMFORT
18.5,50.8,0.23251182359416386,0.4322983640817591,0,COLD
24.8,52.3,0.118230621119578,0.01312182003737733,1,COMFORT
23.0,38.7,-0.3625100475218393,-0.3294584003977858,1,COMFORT
23.8,62.0,0.1708631301193312,-0.13857924705564684,1,COMFORT
29.0,49.0,-0.18657948530869276,0.537774462750542,2,WARM_HUMID
15.1,67.7,-0.28763528795061116,-0.37588021703479835,0,COLD
29.1,47.3,-0.029153515311411277,0.3094337731576824,2,WARM_HUMID
31.5,55.0,-0.058067591036970664,0.7736126551533791,2,WARM_HUMID
21.3,31.2,-0.0328020922830772,-0.6836715488147203,1,COMFORT
28.7,60.0,-0.12031664411296522,0.6657124789889873,2,WARM_HUMID
20.6,35.4,0.09819629892367554,0.4390478404191372,0,COLD
33.5,57.9,0.12139457834346476,0.10992975654667887,3,HOT
36.8,40.5,0.07978648105811752,0.37750220820512204,3,HOT
14.0,31.7,0.05961964381072046,0.1577969997717959,0,COLD
31.1,17.8,-0.08075241862664652,0.36902492756577443,2,WARM_HUMID
17.0,73.0,-0.22307667218250493,0.2757130528179661,0,COLD
11.6,52.2,0.14051499836079726,-0.3379635242047056,0,COLD
21.3,37.6,0.058168024033486705,-0.1309956283513613,1,COMFORT
25.0,63.0,-0.0777674125368336,0.030930213872693953,1,COMFORT
21.1,36.0,0.32828720879872764,0.028231289005065455,1,COMFORT
28.2,60.3,0.12382932507000084,-0.3218458769345963,2,WARM_HUMID
22.5,18.4,-0.18335469224808587,-0.7482183848066407,1,COMFORT
24.0,29.4,-0.13849285237438647,-0.018771697165003338,1,COMFORT
27.1,33.9,-0.20180086760890473,0.22247154929524846,2,WARM_HUMID
25.4,46.0,-0.17811092322805228,-0.16358336350752223,1,COMFORT
17.2,62.8,-0.028061140488408087,-0.1442037129762432,0,COLD
16.6,42.4,0.2028059048961489,0.39676528290292623,0,COLD
32.3,74.3,-0.1622476644396091,-0.3918548174318594,3,HOT
22.7,44.7,0.026414323234627415,-0.07269193381755736,1,COMFORT
11.6,58.8,0.02435550841995916,-0.49272829161152104,0,COLD
18.3,35.1,0.25481329389251667,0.027186797406182763,0,COLD
33.1,43.0,0.08169907602411039,-0.31280883926091213,3,HOT
31.4,32.3,-0.0921285627188239,-0.4911258708528447,2,WARM_HUMID
21.8,47.9,-0.21957278762265622,0.3655579564739872,1,COMFORT
22.2,49.5,-0.16848055451011215,0.07779322161902327,1,COMFORT
27.6,76.2,0.08701451062717015,0.10313718327689057,2,WARM_HUMID
36.5,46.1,-0.12698980438415405,0.7800228823323381,3,HOT
18.8,49.2,0.10880963282708299,0.001109315838796594,0,COLD
29.3,20.2,0.10817427331262325,0.40325184923521384,2,WARM_HUMID
30.3,31.2,0.0720912890021021,0.11634628480284906,2,WARM_HUMID
14.7,22.3,-0.0019634716511885857,-0.0031473095872334603,0,COLD
28.3,31.0,-0.11070856254920873,-0.3943103850037754,1,COMFORT
27.7,61.0,0.002748074842643143,-0.7487387076728003,2,WARM_HUMID
23.4,35.3,-0.19939659554403424,0.4124668768257844,1,COMFORT
24.3,27.2,0.05733894248224765,-0.28859434869474243,1,COMFORT
30.3,41.3,-0.08176308449933854,0.25789175175679074,2,WARM_HUMID
24.7,65.6,-0.009319174079453567,-0.8351745141804074,1,COMFORT
27.0,39.0,-0.018453054408476943,-0.12298151010034844,2,WARM_HUMID
29.8,75.0,0.04359997396695744,0.482857056829035,2,WARM_HUMID
28.9,54.7,-0.33296669211777763,-0.5346612852784252,2,WARM_HUMID
14.6,69.3,-0.05536574079307843,-0.2600030948961395,0,COLD
27.3,72.3,-0.3936691593552689,-0.18377441962134922,2,WARM_HUMID
16.6,58.0,-0.15649654439022126,-0.42574370210878804,0,COLD
23.3,67.3,0.053492568420292895,-0.11021927296488464,1,COMFORT
19.0,37.0,-0.055982726906499636,-0.3411216281883076,0,COLD
30.0,36.1,0.22250185490492036,0.1451032526030422,2,WARM_HUMID
26.9,59.6,-0.18125279242433984,0.6621871497402231,2,WARM_HUMID
35.2,41.0,0.005859364818037658,0.19542790161807702,3,HOT
21.7,21.1,-0.016320559221148723,-0.2047854725021733,1,COMFORT
25.9,58.9,0.19643660530233337,-0.45733623471220364,1,COMFORT
27.4,29.5,0.3257642200300827,0.32406201429772746,2,WARM_HUMID
17.2,43.0,0.018832287997672243,-0.21191885237811792,0,COLD
25.3,67.1,0.19823245577353302,0.5833553735906976,1,COMFORT
22.8,49.8,-0.020893254334425338,-0.02501084746970115,1,COMFORT
23.0,81.7,0.15354708187951366,-0.2552512723618026,3,HOT
33.0,66.4,-0.0618083482140865,-0.30562661567345933,2,WARM_HUMID
22.1,55.0,-0.0876468598992473,0.8145485743150584,1,COMFORT
28.4,37.0,0.2929376073734266,0.1590980467613171,2,WARM_HUMID
31.1,75.0,0.13672479235898982,-0.16513529974343022,2,WARM_HUMID
28.9,60.1,0.09581865606204776,-0.4518765593685421,2,WARM_HUMID
27.4,22.0,0.04309018936811886,-0.23478232300950333,2,WARM_HUMID
27.1,84.4,0.14298685744434836,0.4222720784571822,2,WARM_HUMID
31.8,79.5,0.16934351027744213,0.2711043096473428,3,HOT
30.8,33.1,0.26955247747469313,-0.3312284191535199,2,WARM_HUMID
26.5,43.1,0.06486972818327648,-0.2522554718085159,1,COMFORT
24.4,19.9,0.3312088616263633,-0.11494587676763068,2,WARM_HUMID
22.5,28.4,-0.0443149707746518,-0.08260406416038413,1,COMFORT
30.7,70.7,-0.027404936544085167,-0.17705552929220725,2,WARM_HUMID
31.5,75.0,-0.1601125478833033,-0.05294955373319041,2,WARM_HUMID
11.0,59.7,0.027412114186200178,-0.27600893362008894,0,COLD
33.7,60.3,-0.1724059979308658,0.5972585574633721,3,HOT
22.0,27.6,0.13680620087884962,0.18697588210015503,1,COMFORT
33.0,73.0,-0.009870542869398155,0.12506356072034341,3,HOT
25.7,59.5,0.11225393588362773,-0.3140824177204452,1,COMFORT
29.5,76.6,-0.06808253982736084,0.04970066114715128,2,WARM_HUMID
35.5,21.0,0.024252382264023074,-0.01674791214863394,3,HOT
21.3,29.6,0.27842006991077045,0.21886209754531297,1,COMFORT
29.0,30.0,-0.10092284730963533,0.10609434215522938,2,WARM_HUMID
39.4,48.3,0.14107559231060912,0.023903272089961625,3,HOT
20.4,35.1,0.1592927494890024,-0.13160453571390074,0,COLD
33.8,48.4,-0.10593713837725244,0.4294893198140639,3,HOT
24.2,53.0,-0.05986058088646399,0.6127279683111024,1,COMFORT
17.3,53.0,-0.011187034515527133,0.015293078418624685,0,COLD
22.5,27.0,0.061925233628639116,0.12152488800533164,1,COMFORT
24.9,32.3,0.04408254935245116,-0.17597001628772302,1,COMFORT
33.7,59.8,0.1607258041919663,-0.2670620649403637,3,HOT
34.0,17.1,0.06440260704919062,-0.06439421900730889,3,HOT
34.0,74.0,0.048052022869567425,0.20386506000586332,3,HOT
34.0,39.0,0.018198612129196438,0.24649112273530527,3,HOT
26.8,32.3,-0.1115238778428,-0.16507440161363252,2,WARM_HUMID
24.3,41.0,-0.22421632301666397,0.17804076536177846,1,COMFORT
35.0,80.0,0.16650064428084121,-0.16227144182588427,3,HOT
18.8,34.0,0.031012538347975904,-0.014596787707835438,0,COLD
32.8,60.5,0.234520579824889,-0.15845374774386442,3,HOT
21.4,60.0,0.067479081849744,0.4185282656674216,1,COMFORT
27.2,31.7,0.10765831037853298,0.7618353496391312,2,WARM_HUMID
30.6,54.6,-0.08684865233795072,0.3643659202169194,2,WARM_HUMID
23.5,49.5,0.05473542845986076,0.22597272038566604,1,COMFORT
31.1,69.4,0.05505701893949518,0.3174988222852125,2,WARM_HUMID
17.2,73.9,0.06769842371151175,-0.1276033090780179,0,COLD
28.0,37.0,-0.02722547432035007,0.04473008209964389,2,WARM_HUMID
23.6,54.7,0.14051014850510574,-0.11395272029220094,1,COMFORT
31.9,59.5,0.038769026147860354,-0.5955923022245121,2,WARM_HUMID
24.9,53.1,-0.022561498297555157,0.5806350350056815,1,COMFORT
28.9,64.6,0.13439833207462687,0.5305726083660928,2,WARM_HUMID
11.0,53.7,-0.15188681634141274,-0.31739168002755896,0,COLD
34.3,15.3,0.2640942051936739,-0.13079335139078327,3,HOT
27.2,51.0,0.01731538611019684,-0.5221897968207145,1,COMFORT
22.3,63.7,0.17936354992472645,0.23950303227242437,1,COMFORT
26.9,63.0,0.015278444289298004,0.02141798888053672,1,COMFORT
21.2,76.8,-0.29189827601930074,0.3331062546500758,0,COLD
36.2,31.4,-0.21942338335142347,-0.09279340442754484,3,HOT
29.0,29.3,-0.06827983572242387,-0.018040283247241443,2,WARM_HUMID
21.0,27.5,-0.15099198932275204,-0.4163181981422702,1,COMFORT
24.0,43.9,0.07808411937658047,-0.39216415148070144,1,COMFORT
23.8,48.0,0.11322093751198341,0.08248810346362252,1,COMFORT
17.2,26.5,-0.022073295782529073,0.952229270081287,0,COLD
21.0,29.4,-0.40053406927177265,-0.09336389020353134,0,COLD
18.5,36.7,0.06607196960808255,-0.27059376481331093,0,COLD
27.1,41.0,-0.07939981686725563,0.5325690011493789,2,WARM_HUMID
36.0,48.2,0.1250980751714285,-0.2915677442735668,3,HOT
29.6,66.0,0.09196837488437766,0.18692975410109094,2,WARM_HUMID
22.6,27.4,-0.009367834168671717,0.6459170837329392,1,COMFORT
28.7,59.8,0.06560038739850674,0.015012685801027038,2,WARM_HUMID
28.5,51.4,0.05268133720007119,-0.08205338113710067,2,WARM_HUMID
30.0,29.7,-0.057281078585754625,0.3492288800558201,2,WARM_HUMID
15.1,42.7,-0.036478467812480264,0.09461774567708373,1,COMFORT
21.1,29.3,0.10134966798854649,0.021948889923929724,0,COLD
17.7,33.8,0.05403390556161431,0.550455999634329,0,COLD
28.6,34.9,0.06296938651225766,0.03176911849279217,2,WARM_HUMID
30.2,67.5,0.0854378077292137,-0.4452428476103707,2,WARM_HUMID
28.7,67.0,0.24980278764352964,0.47756392770726586,1,COMFORT
18.3,33.0,-0.07342004930129861,0.5586796541443698,0,COLD
25.4,62.0,0.12455892963709345,0.24878502929746535,1,COMFORT
22.5,71.7,0.05421096917579043,0.46650781927863183,1,COMFORT
19.9,56.2,-0.02230943817260904,-0.24849434318278668,1,COMFORT
23.6,32.7,-0.08215752883495,0.7656378016483348,1,COMFORT
25.4,59.0,0.2121280932496635,-0.47150487488040443,1,COMFORT
14.6,74.9,0.021396020783449505,-0.16335268415478887,0,COLD
27.9,90.0,0.10888854174726029,0.2586415948134492,0,COLD
19.1,49.6,-0.08393865298714451,-0.07947432588853022,0,COLD
23.9,37.0,-0.1364147503957923,-0.3795076340798849,1,COMFORT
18.9,59.2,-0.1513345275286192,0.3353909157185071,0,COLD
20.2,31.2,-0.14180251099608546,-0.23383548605126167,0,COLD
35.0,49.8,-0.2875723131216271,0.43743427780237065,3,HOT
28.6,58.1,-0.05892015253217129,-0.43580422298427934,2,WARM_HUMID
23.3,26.1,0.09360850978735305,-0.022447902548746256,1,COMFORT
16.8,37.4,-0.1991000555045165,0.7578199537335292,0,COLD
16.6,58.0,-0.15649654439022126,-0.42574370210878804,0,COLD
24.7,24.3,0.025560657753257738,-0.36943814911318784,2,WARM_HUMID
18.7,34.0,0.11747398316655161,-0.01804479978084343,0,COLD
32.4,46.0,0.2905212224519501,-0.3374195726002547,3,HOT
17.1,38.0,0.12644928067806463,0.37933654624554236,0,COLD
30.7,78.0,0.06022472258193133,-0.36701903264775887,2,WARM_HUMID
29.8,48.0,-0.16192992782490584,0.09852937837307342,2,WARM_HUMID
33.7,52.7,-0.0015500263316992296,-0.3533145182636058,3,HOT
26.0,22.8,0.07515948718508886,0.3333104750303606,2,WARM_HUMID
23.1,73.3,0.020270346067010017,-0.029585993418413278,1,COMFORT
24.8,25.5,0.08368149663958178,-0.392093476618018,2,WARM_HUMID
27.3,52.0,0.014697473020634315,-0.22875503882039727,2,WARM_HUMID
19.5,39.2,-0.292869487993996,0.3165152909834938,0,COLD
28.7,51.2,0.21807306306148125,0.25153242505435774,2,WARM_HUMID
22.4,31.1,0.031463950811171953,0.05721199776743313,1,COMFORT
30.4,56.0,-0.07279333815372939,-0.07900936787568888,2,WARM_HUMID
20.2,62.0,-0.1585948596616604,-0.7196946725220011,1,COMFORT
26.3,71.0,0.12763469432519584,-0.7394417057189013,1,COMFORT
23.6,52.7,0.19042258593555936,-0.2563925684486625,1,COMFORT
26.9,40.5,0.024112724969572813,-0.08297708078713746,2,WARM_HUMID
27.4,22.0,-0.03006674740158375,-0.3730162179283037,2,WARM_HUMID
32.0,23.0,-0.359265385483511,0.5622373980842256,2,WARM_HUMID
30.2,57.0,-0.13510070737687202,-0.03901467426699512,2,WARM_HUMID
25.8,80.2,-0.01317778821451638,0.7271596086955352,1,COMFORT
35.6,39.3,-0.16515175890096176,-0.39918458904197096,3,HOT
33.2,62.7,0.08855737011827783,0.1781799973582055,3,HOT
37.0,41.1,0.10077873786610193,0.10372378082608678,3,HOT
35.5,51.5,-0.21183879411267006,-0.703364199005771,3,HOT
27.8,57.5,0.11134327613674555,0.011859323257693288,2,WARM_HUMID
30.0,68.1,0.19332620993179414,-0.054559026191776216,2,WARM_HUMID
13.8,37.7,-0.10250715547801943,-0.2614140348274429,0,COLD
21.4,47.1,-0.21297379701863542,0.1747463981762737,1,COMFORT
16.5,57.0,-0.055086765208341625,0.42257804209414573,0,COLD
21.9,42.9,0.14990363153792596,-0.8390811669633852,1,COMFORT
12.8,64.4,0.10809247449800756,-0.7140058851016968,0,COLD
25.0,36.0,-0.04426433836914253,0.48566204023988346,2,WARM_HUMID
29.8,67.0,-0.058278116277451386,-0.8118707246468495,2,WARM_HUMID
32.3,40.0,-0.01915608107229528,-0.16329956604834814,3,HOT
20.1,30.5,0.005632961499084436,0.5525562646747582,0,COLD
28.9,62.3,0.028386703384561538,0.26873194145190277,2,WARM_HUMID
24.5,26.3,-0.06673490989433055,0.8756106615112549,2,WARM_HUMID
22.5,49.1,-0.15688257412766046,-0.2923698935700393,1,COMFORT
33.6,49.8,-0.07063044299908683,-0.6122782959576822,3,HOT
22.7,47.4,0.09729183435945989,0.23768350230379243,1,COMFORT
23.0,81.7,-0.19388554964338026,-0.13592229767400987,3,HOT
32.0,79.0,-0.10870688309878411,0.39884262615579325,3,HOT
21.5,37.5,0.08952315475207986,0.06144171132997445,1,COMFORT
19.8,29.4,0.23410274591351105,0.3225611989544523,0,COLD
26.4,44.0,-0.010192610451150282,0.07011610191460056,1,COMFORT
28.4,53.0,0.07380282719891988,-0.24426093955145764,2,WARM_HUMID
24.3,43.4,-0.07776023100053091,0.14174385827250321,1,COMFORT
11.6,67.3,0.14644502290482903,-0.1477644955110361,0,COLD
38.0,36.0,-0.037291818273194347,-0.3833771319549864,3,HOT
37.5,32.0,-0.19346580138663447,0.2572515917948958,3,HOT
29.0,41.0,0.47050290724834093,0.3603802383431254,2,WARM_HUMID
19.9,88.0,0.062212981550679614,-0.3832560136962427,0,COLD
21.3,45.7,0.06903584148418769,-0.9593440283386081,1,COMFORT
20.8,17.9,-0.17576918669569275,0.1967095924134383,0,COLD
34.6,44.8,0.08342205706035989,0.6155815645017347,3,HOT
24.5,19.4,0.2708125269629671,0.7911366829918065,2,WARM_HUMID
20.2,38.9,0.03232979696911238,-0.2264238304403301,0,COLD
17.8,65.0,-0.14519442591926943,0.8999352050690889,0,COLD
27.5,42.0,-0.061452988894424604,0.5050692508785962,2,WARM_HUMID
33.1,51.8,-0.12067889297368083,0.058392550582080975,3,HOT
26.1,68.0,0.021022316838162344,0.10335501153446232,1,COMFORT
33.1,73.9,-0.18492936800270632,0.36278842712086345,2,WARM_HUMID
13.0,72.0,-0.024632067606224144,0.377340846677252,0,COLD
33.8,42.0,0.04341983623818163,-0.7431449754989145,3,HOT
16.3,55.4,0.22512645454205674,-0.15224968155809224,0,COLD
21.1,30.8,-0.12337794662725243,-0.6550463705297384,0,COLD
12.2,47.8,0.21759965349418062,-0.17878305755640586,0,COLD
22.5,32.2,-0.11539711512819067,-0.2963702630339082,1,COMFORT
22.0,48.0,-0.06561874504851156,-0.29954340006757574,1,COMFORT
13.8,36.7,-0.08801171410950175,-0.12106991992193848,0,COLD
22.3,32.9,0.1154436428581938,0.16983187711644285,1,COMFORT
24.7,38.6,-0.03477373866106534,-0.1875868281902014,1,COMFORT
18.2,51.3,0.003411892075150844,-0.0870668993036158,0,COLD
24.3,53.7,-0.26166334188293106,0.6053833116477075,1,COMFORT
20.1,31.0,0.0030514067715865915,-0.09480202432212313,0,COLD
29.5,40.3,-0.012511610211984206,-0.20329673813937152,2,WARM_HUMID
20.3,20.4,-0.08108466309033997,0.12623130943302602,0,COLD
17.9,51.0,0.21787059694099312,-0.050112698840225116,0,COLD
27.8,88.4,0.16297958368482326,-1.5130462040701294,0,COLD
19.6,45.4,0.011089852526386014,-0.21322095342084207,0,COLD
25.5,53.7,0.04370917022398674,0.4098169216386093,2,WARM_HUMID
14.0,61.0,0.10523963374010571,0.15824227189167034,0,COLD
36.0,58.4,0.1745242499546072,-0.36028045059191743,3,HOT
26.4,67.0,0.1043795758640678,0.36796635940873784,1,COMFORT
17.4,40.0,-0.09097408483069501,0.4948147143441688,0,COLD
13.1,60.0,-0.11343213879730052,-0.009172209569881552,0,COLD
10.0,70.0,-0.11816373864306588,0.7404516814939301,3,HOT
36.1,38.9,0.1317850023690513,-0.05425379651080953,3,HOT
20.8,39.8,0.05778081492602706,0.009943239012921995,1,COMFORT
31.4,19.3,0.11535474831634132,-0.6132388313279088,2,WARM_HUMID
26.0,39.4,-0.08673181473296308,0.23369259490343364,2,WARM_HUMID
28.3,51.0,0.12787029651494258,-0.8615643425814717,2,WARM_HUMID
16.6,59.0,0.19786515411689817,0.5179790904652601,1,COMFORT
11.0,84.0,0.09852087427642205,-0.04574565110731278,0,COLD
23.2,36.6,-0.029015832068379578,0.2755081724726864,1,COMFORT
20.8,53.2,0.11631016220742144,-0.20284266585227018,1,COMFORT
39.0,70.0,-0.24099047852588318,0.9317880442093767,3,HOT
25.7,43.4,0.08684053531979942,-0.12445179903470299,1,COMFORT
34.7,45.9,0.14242242626137513,0.3818597441139051,3,HOT
15.1,38.9,-0.0029527162367487653,-0.28482406376677144,0,COLD
28.7,49.1,0.03703303522983999,-0.151179477757865,2,WARM_HUMID
31.0,70.0,0.08642839163281431,0.4431493447146541,2,WARM_HUMID
20.8,30.7,0.08048707776398323,0.23104376185147468,0,COLD
20.9,56.0,-0.042493943912656804,-0.5551387453846306,1,COMFORT
13.1,57.0,-0.14372077932332009,0.24807096658965594,0,COLD
15.7,32.8,-0.248001816683245,0.892335092212025,0,COLD
33.9,52.0,0.23075924766574174,-0.14827477418531385,3,HOT
20.9,46.3,-0.2123159829422142,-0.7332877463663782,1,COMFORT
25.4,34.0,0.028399246093856117,0.20780765007097526,2,WARM_HUMID
26.7,77.0,0.18496400440674407,-0.10577543775269876,1,COMFORT
33.0,59.0,0.1267730475607822,0.5751933726698548,3,HOT
25.8,39.0,0.05409718371536924,-0.9066449028505285,2,WARM_HUMID
31.2,71.1,-0.08866457717103378,0.010006151426108568,2,WARM_HUMID
19.6,73.0,0.2621361617004358,0.1130141989684676,0,COLD
20.4,31.8,-0.27932111388680153,-1.1074018731851056,0,COLD
21.8,34.3,0.033839869760093046,0.36747679173261916,1,COMFORT
31.1,28.9,0.0018254523424357794,0.16315276303841053,2,WARM_HUMID
31.1,71.6,-0.19410674483669735,-0.4870138198980806,2,WARM_HUMID
22.6,45.1,-0.2299025956385601,0.15786475187889062,1,COMFORT
20.8,29.6,-0.1767321953119372,0.13950234671828135,0,COLD
28.2,59.0,-0.08668811652490659,0.8742565611092792,2,WARM_HUMID
11.0,49.8,-0.028015234963102115,-0.47738705728941,0,COLD
18.4,46.1,-0.05176561452287851,-0.48393908318115897,0,COLD
22.7,63.7,-0.046961680382039385,-0.7877014386643136,1,COMFORT
40.0,71.0,0.032395628637184676,-0.36187496170464195,3,HOT
20.9,41.0,-0.04719706412203862,-0.6343577261064417,1,COMFORT
23.4,21.6,0.03526175620376021,-0.52487260658068,1,COMFORT
30.9,21.7,0.04272595430331749,-0.2632788033500353,2,WARM_HUMID
33.0,79.0,-0.13360710315590835,0.960953918638322,3,HOT
24.5,50.0,0.1558667681130403,-0.3304104067805667,1,COMFORT
20.4,57.6,-0.1256748107259742,-0.0007543812130332999,1,COMFORT
18.7,61.1,-0.01600046298990599,0.30743430759171136,1,COMFORT
17.1,50.1,0.16795316678300717,-0.9835406116221274,0,COLD
23.1,45.7,0.08367945448314214,0.6175578770573882,1,COMFORT
19.8,52.6,0.20431367466116931,-0.4890539986887179,0,COLD
24.5,24.6,-0.22030395383779575,0.22802233776099534,2,WARM_HUMID
22.9,30.6,0.027356196226829034,0.014774905435626135,1,COMFORT
30.8,32.3,0.06752609185492181,-0.23985621416664782,2,WARM_HUMID
21.8,45.0,0.2200042250301166,-0.07073415896886373,1,COMFORT
23.1,58.1,-0.004683691466583456,0.03818445063568958,1,COMFORT
32.0,32.7,-0.03401411949752171,-0.5812743924749207,2,WARM_HUMID
22.5,31.3,0.008784765521329846,-0.41183626973797544,1,COMFORT
17.1,39.6,-0.24410256535122263,1.0960956775669146,0,COLD
39.0,70.0,-0.09539179113279761,0.7596387408785655,3,HOT
29.4,52.7,0.14408750528816422,-0.8785051753663412,2,WARM_HUMID
21.7,68.0,0.17589059381145097,-0.43172110426823007,0,COLD
17.7,33.1,0.2017439499261223,-0.25519852942317217,0,COLD
29.4,57.0,0.2729286312976968,-0.3611231279172126,2,WARM_HUMID
38.0,81.0,0.1184000046395971,-0.14674180244099064,3,HOT
26.3,23.3,0.015965312464693324,0.3683963367202205,2,WARM_HUMID
23.1,67.9,0.16887622766368393,-0.21392332022775187,1,COMFORT
24.4,24.3,-0.18161139399437468,0.15343037769997042,2,WARM_HUMID
29.5,62.0,0.17803049063521545,-0.05312947873492932,2,WARM_HUMID
29.0,79.0,0.03601957623279763,0.2946545903674732,2,WARM_HUMID
23.0,61.6,0.05849156721347851,-0.17912057913034696,1,COMFORT
40.5,23.7,0.08838424273299555,0.5383255343386816,3,HOT
39.3,26.9,-0.14480730310567416,0.28075904079337666,3,HOT
22.8,29.4,0.1331270777920468,-0.6929840634255556,1,COMFORT
34.8,48.0,-0.08888623347724865,0.14848387773391744,3,HOT
15.7,52.2,0.010866796438869657,0.041423340574540106,0,COLD
18.0,42.0,0.11452840018572347,0.216041653233266,0,COLD
28.2,25.8,0.33666101068383153,-0.028545023246159235,2,WARM_HUMID
26.2,42.6,0.12879053527441806,-0.03289841915722245,1,COMFORT
12.0,70.0,0.09725591665646849,0.6001400778717241,0,COLD
31.5,70.2,-0.017318597578378413,0.128753461179412,2,WARM_HUMID
33.2,52.5,0.17945347769236394,0.05581820759153743,3,HOT
16.6,55.8,-0.05798279400131704,0.2389175246143639,0,COLD
27.9,51.3,-0.010737853934081857,-0.5244334246770438,2,WARM_HUMID
20.5,48.1,0.2152053511150805,-0.3029081710501752,1,COMFORT
28.4,28.4,0.01336903568849599,-0.29474278216254673,2,WARM_HUMID
32.8,51.8,-0.3305559285334761,-0.47650361973255206,3,HOT
24.3,31.1,-0.13501321012452364,-0.5446862822591033,2,WARM_HUMID
29.3,68.0,-0.020492803721635856,0.05549086803632739,2,WARM_HUMID
21.0,37.5,-0.213311299113874,0.08557584336794898,1,COMFORT
26.5,31.9,0.055866776278396896,-0.18649056161363745,2,WARM_HUMID
26.5,55.1,0.21618126620740863,-0.20051892799971724,1,COMFORT
19.1,34.1,-0.15064775765745123,-0.03895918975198929,0,COLD
21.6,31.2,-0.05059184542971678,-0.6212388601613997,1,COMFORT
33.7,56.5,0.18556677532297586,-0.3188399314975708,3,HOT
30.9,73.7,-0.03889139615681301,-0.23991758891374984,2,WARM_HUMID
30.8,36.2,-0.05159553493833174,-0.0926604884324674,2,WARM_HUMID
35.4,47.9,-0.049883794185147844,0.22521400032209585,3,HOT
25.8,19.3,-0.1472233598251659,0.5212233254163843,2,WARM_HUMID
32.3,56.0,0.2675976742781796,0.5325736085701078,2,WARM_HUMID
21.4,53.2,-0.1539107169928148,0.7193326212094147,1,COMFORT
11.6,50.8,0.018896151493497756,0.21407338316101987,0,COLD
38.1,31.7,-0.27940352852798683,0.5220780460061171,3,HOT
18.2,51.0,0.07835892441494144,0.3904503603962248,0,COLD
36.3,42.7,-0.03762819918415425,0.022885822237599534,3,HOT
12.2,63.1,0.10539184127001053,0.3959266741015026,0,COLD
25.4,53.0,0.07771525530449636,-0.4572460061969357,1,COMFORT
16.8,37.8,-0.10880100612221354,0.09441001925798698,0,COLD
26.8,58.3,-0.1329893734613081,-0.32398628596786183,2,WARM_HUMID
15.7,32.8,-0.248001816683245,0.892335092212025,0,COLD
19.2,49.6,-0.0034220541071884477,0.5106319678196142,0,COLD
18.9,66.0,-0.031846717197062425,-0.18023394918892607,0,COLD
23.5,46.0,-0.2186651197826259,0.1314611334109797,1,COMFORT
14.0,48.3,-0.04893723593967627,-0.11212329642080576,0,COLD
19.0,43.8,-0.00441917700451392,-0.3168819730711049,0,COLD
25.5,55.6,-0.10299067977723012,0.40108063893052076,1,COMFORT
18.7,34.9,0.16849537966707848,-0.07646900199132241,0,COLD
19.0,43.6,-0.14872905616569482,0.27473333316272847,0,COLD
22.6,33.0,-0.035414980149352716,0.23480620571562918,1,COMFORT
20.7,31.3,-0.33996098598410057,0.5231195101911393,0,COLD
21.7,56.0,0.0365653140474115,0.22985061733289647,1,COMFORT
30.6,65.7,-0.15537424738399,-0.35542223604914225,2,WARM_HUMID
29.6,75.0,0.12299987038758885,0.15504983633423197,2,WARM_HUMID
30.5,29.9,0.09677752447213529,0.25844435412226735,2,WARM_HUMID
20.8,30.2,0.2917033903329447,-0.06250676826279922,0,COLD
30.6,68.8,0.05393148984514402,0.11206668289464622,2,WARM_HUMID
27.5,39.4,0.06509059192676647,-0.2085968271334665,2,WARM_HUMID
28.7,71.6,0.028531643901426332,-0.5257317875417024,2,WARM_HUMID
21.1,30.1,-0.2176637041177409,0.09220603275163966,0,COLD
23.7,62.9,-0.10787425426748475,-0.1768650611553463,1,COMFORT
20.6,69.0,0.1973182587661152,-0.31353482822258333,1,COMFORT
32.9,80.0,0.06122834488533513,0.05967895340622581,3,HOT
29.6,71.0,0.05322848103866663,0.3966713503582044,1,COMFORT
19.7,55.5,0.0028924418041132594,0.08997965166858803,1,COMFORT
21.4,72.3,0.012983514965512174,0.21201438738304088,1,COMFORT
19.5,58.3,-0.1863118779209885,0.21881869551891545,0,COLD
17.2,58.5,-0.00966726992699742,-0.23670467010958918,0,COLD
37.8,18.4,-0.16639612987469923,0.4383197066160663,3,HOT
22.5,27.0,0.012042742780218045,-0.9401550146281732,1,COMFORT
32.8,55.6,-0.00043853229605925355,0.0481876679320455,3,HOT
23.4,55.1,-0.08037398942752069,0.355879677710346,1,COMFORT
26.1,68.3,0.10106922218439039,0.1366845470619245,1,COMFORT
20.7,60.8,-0.1397479177630995,-0.5809968810855312,1,COMFORT
31.9,65.8,0.19005866408382918,-0.29186332789687375,3,HOT
10.0,54.0,-0.05275113642656571,-0.291246740529523,0,COLD
33.7,65.5,0.1529940815773236,0.4335561749885506,2,WARM_HUMID
32.5,40.7,0.20745860978724076,0.07189491332429497,3,HOT
22.3,46.1,0.02200979318591646,0.7449351366129856,1,COMFORT
21.1,56.4,-0.08625889432154729,0.45004876134447375,1,COMFORT
23.2,32.8,-0.1585205561830664,0.12917305090429299,1,COMFORT
28.2,52.2,-0.12527791110903966,0.9159114903014922,2,WARM_HUMID
24.1,26.0,0.03608711365898881,0.4916284641703086,1,COMFORT
25.0,66.0,-0.0950923634720497,0.9921452758348084,1,COMFORT
27.5,60.6,0.06723960080795248,0.5019430708406658,2,WARM_HUMID
28.1,79.9,-0.35041044075318944,0.440024582823307,2,WARM_HUMID
31.2,26.5,0.053811208216245444,0.3975575866840694,2,WARM_HUMID
27.4,71.2,0.10666707386624374,-0.6314871916461091,2,WARM_HUMID
31.9,66.0,-0.136580453225113,-0.1715499258431156,3,HOT
20.7,61.7,0.08243890402584513,0.26314069492531517,1,COMFORT
26.7,44.0,-0.011165014365006942,-0.2708968754598044,1,COMFORT
33.2,40.6,0.07677411376813013,0.3677728298670102,2,WARM_HUMID
24.1,25.4,0.05729606551824242,-0.28458579492851277,1,COMFORT
31.8,68.9,-0.025281887385533674,-0.18291836652143245,2,WARM_HUMID
19.6,40.6,-0.15085958255219725,-0.3571490503207606,0,COLD
20.8,29.2,-0.2194372330467118,0.14110596725239605,0,COLD
27.9,33.0,-0.10439383882521931,-0.08390653920380348,1,COMFORT
15.7,52.2,0.010866796438869657,0.041423340574540106,0,COLD
28.1,80.6,-0.0488625543297096,-0.09260033839752914,2,WARM_HUMID
24.5,26.3,-0.13864162553303455,0.15140795326397818,2,WARM_HUMID
18.3,40.2,0.34764551830108176,-0.3146824769052885,0,COLD
15.6,35.5,0.045901980274947456,0.478100261985486,0,COLD
29.5,20.0,0.010652747141289104,0.5603651532063261,2,WARM_HUMID
19.2,59.4,0.32547105417842315,-0.20009688877079143,0,COLD
24.9,60.2,-0.21540170407250872,-0.012233310429068212,1,COMFORT
33.2,69.0,0.019383177296284124,-0.06518011384831456,3,HOT
26.6,32.2,0.04444183322096875,0.21401788241985642,2,WARM_HUMID
30.1,61.0,0.19214093650000913,-0.3851361734882385,2,WARM_HUMID
29.2,40.0,0.205580421599507,-0.4931767754242066,2,WARM_HUMID
15.0,63.0,0.21388654984820413,1.0407940170038403,0,COLD
27.4,59.2,-0.20626183691914612,-0.20785011027017775,2,WARM_HUMID
24.6,67.3,0.06416277221209113,-0.35585667881616073,2,WARM_HUMID
31.3,69.8,-0.18443853135988456,0.4284658138944048,2,WARM_HUMID
23.7,43.6,0.16810285596338928,0.10742961809934232,1,COMFORT
17.2,36.7,0.18238707682591926,0.6401878329949469,0,COLD
25.5,63.9,-0.0818589060954291,0.015544648196575393,1,COMFORT
17.3,22.1,0.1360176400013144,0.43685820239655293,0,COLD
25.6,60.4,0.24869934020295292,-0.09556760076256562,1,COMFORT
25.0,41.1,0.18135152983514957,-0.032672415488536714,1,COMFORT
34.4,39.0,-0.06823765300036382,-0.6463480902740877,3,HOT
18.9,50.2,-0.061018384631964205,0.8412236022968108,0,COLD
14.0,38.0,-0.2209718814969795,-0.4589977880520925,0,COLD
24.3,67.4,-0.054972018964095086,0.06346658405210635,2,WARM_HUMID
37.0,81.0,0.00263761150097225,0.339219905971076,3,HOT
29.6,65.9,0.056818664459895384,0.15312079267209378,2,WARM_HUMID
31.6,66.0,-0.13030153732214594,-0.376942674487875,2,WARM_HUMID
19.2,38.8,-0.030225496762752282,0.5968550790194606,0,COLD
23.3,39.3,-0.0017680643657208145,-0.09540186223605357,1,COMFORT
28.4,33.9,-0.07534741515025085,0.763748424399512,2,WARM_HUMID
17.2,62.3,-0.23957503916041267,0.023844918869924923,0,COLD
17.0,49.5,0.09313131238601208,0.1109920280571371,0,COLD
30.9,25.0,0.039716296646696944,-0.09999000891876303,2,WARM_HUMID
24.8,54.2,0.034192209759396006,-0.09672990932835081,1,COMFORT
18.1,58.5,0.31488742788826346,0.5794217415467716,0,COLD
29.7,19.4,-0.019724735210756083,0.30801441237061966,2,WARM_HUMID
31.9,57.9,-0.266260462486023,0.5489721293813978,2,WARM_HUMID
18.1,52.3,0.08521304835177913,-0.004142538420715358,0,COLD
16.7,45.6,-0.029286180004279384,-0.40008201267127985,0,COLD
33.3,21.6,-0.14320647505393838,-0.15180702338918017,3,HOT
16.5,33.0,-0.1336044127893416,-0.2947239189428772,0,COLD
30.8,75.1,0.33007509467669477,0.35667839213812413,2,WARM_HUMID
21.3,67.0,0.15382403793993793,0.6191714403638898,0,COLD
25.5,24.8,0.08033312082169598,-0.10558164104522101,2,WARM_HUMID
20.6,35.6,-0.10091659760567867,0.28224232502205193,0,COLD
29.4,59.3,-0.16519899431545648,-0.21667214837291016,2,WARM_HUMID
33.6,52.9,0.20869591218408115,0.39410878896686263,3,HOT
27.5,42.4,-0.21812601661842732,-0.03865490736025182,2,WARM_HUMID
34.1,55.8,0.2215891659250398,-0.10773170704433499,3,HOT
23.3,26.5,0.003723959943044995,0.34076853651684763,1,COMFORT
25.1,60.0,0.3084310694910483,-0.3734744550989682,1,COMFORT
16.8,57.9,0.11967777382174505,-0.22866857756541586,0,COLD
21.6,81.9,-0.01982156621885445,0.19819894622531928,1,COMFORT
33.6,55.9,0.2928777140844142,-0.01936095734905343,3,HOT
24.5,42.6,-0.22197944732582187,0.038516980588464686,1,COMFORT
31.0,29.9,-0.2694575790725752,0.3279506367319117,2,WARM_HUMID
17.6,59.8,-0.15269241692027255,0.9076260291787712,0,COLD
19.9,46.1,0.022290629719101725,-0.18894054232002952,0,COLD
22.7,51.0,0.13350068301515813,-0.14675765642810393,1,COMFORT
23.7,45.0,-0.05074921222869313,-0.1818079717449911,1,COMFORT
35.0,65.0,-0.05158418934935873,-0.7837424046659195,3,HOT
31.0,85.0,0.029934449672273225,-0.07229368504464262,3,HOT
17.5,55.4,-0.23538087110773828,-0.30913319225911856,0,COLD
26.0,53.6,-0.0318640256955272,-0.42463075306171877,1,COMFORT
19.0,74.0,-0.20842127416701947,0.5795343860240545,0,COLD
21.6,81.3,0.06260478615781724,-0.327680591884794,1,COMFORT
26.5,38.1,-0.01836539846210962,0.23249530811361768,2,WARM_HUMID
29.3,40.0,0.1249508841998594,0.026013782846759155,2,WARM_HUMID
15.1,29.4,-0.03225886749713874,0.1754769659030362,0,COLD
12.2,67.7,-0.143421924212778,-0.2779730036445042,0,COLD
20.6,32.9,0.1715507762970706,0.18322292262546597,0,COLD
23.0,37.9,0.020007526272987682,-0.17534594079669208,1,COMFORT
33.0,54.0,0.07707280296798569,-0.20746015071400078,3,HOT
33.2,69.0,0.04199529394797304,-0.393748785300341,3,HOT
19.0,50.2,-0.1051934356187325,0.7485668376949168,0,COLD
22.1,29.4,-0.23178274611207814,-0.31488367606334494,1,COMFORT
19.6,45.4,0.07268956537628775,0.008812075770829582,0,COLD
34.0,46.0,-0.14203220712242506,-0.2379664417302934,3,HOT
25.8,63.9,0.17324355950108578,0.7826118755030091,1,COMFORT
27.6,64.0,0.023245802783470895,-0.3972779471919756,2,WARM_HUMID
24.8,32.5,-0.2539300986301444,0.6114975015597517,1,COMFORT
32.0,47.0,-0.21713329699945502,-0.0609516936370104,3,HOT
24.9,18.4,-0.10776641960456639,-0.49552099358952567,2,WARM_HUMID
24.3,22.8,-0.17182027022029597,0.1111120308284792,2,WARM_HUMID
27.5,67.6,-0.04462515827661733,-0.04886476635678905,1,COMFORT
10.0,54.0,-0.0013624191143529662,0.14448205482379498,0,COLD
23.2,43.3,-0.14358794015213971,0.6335775241061773,1,COMFORT
25.4,55.0,0.08758922779889458,-0.2253653666427977,1,COMFORT
28.4,58.3,0.03964993418702798,0.5008412350921302,2,WARM_HUMID
22.5,53.0,0.1688591144060351,-0.33310192814855644,1,COMFORT
25.0,54.0,-0.07589492984817829,0.23770100405070296,1,COMFORT
27.3,51.5,0.2062768586410866,0.092086439418747,2,WARM_HUMID
33.8,46.3,-0.09572232075695879,-0.6524750862716211,3,HOT
32.1,70.4,0.014666796801519914,0.7661806995590903,2,WARM_HUMID
26.6,69.1,-0.11268562017939546,-0.25271105296938545,1,COMFORT
24.0,29.4,-0.010288801384837887,-0.3122182999145188,1,COMFORT
23.6,36.1,0.06451337342576283,-0.23715719889074993,1,COMFORT
28.2,42.0,0.13061199668826048,-0.4299298307629073,2,WARM_HUMID
32.3,56.5,-0.005143669839529668,-0.4502983239965723,2,WARM_HUMID
35.3,56.2,-0.004197598900619238,0.8041602110988365,3,HOT
31.8,70.1,0.11417885590522629,-0.080706739642066,2,WARM_HUMID
19.8,45.1,0.07219808534662776,-0.08198941411722696,0,COLD
27.3,49.7,0.1252831418413707,-0.2954050648241862,2,WARM_HUMID
17.0,21.4,0.19482905057877584,0.04290257057661667,0,COLD
23.2,35.0,-0.0009601128904707051,0.6591971880902447,1,COMFORT
30.1,39.5,0.042992478680461486,-0.3970233166343543,2,WARM_HUMID
24.8,59.0,0.08817838322066025,0.1796451776742156,1,COMFORT
26.7,41.0,-0.11756302816866424,-0.6504289438125426,2,WARM_HUMID
28.1,45.0,-0.048059507271059114,0.48896669550022365,2,WARM_HUMID
24.5,20.9,0.09703798880332382,-0.5985685428510732,2,WARM_HUMID
19.4,46.3,0.02160463529688393,-0.24641766820169977,0,COLD
30.7,68.9,0.12539548864084152,-0.23814298307289034,2,WARM_HUMID
17.6,59.8,0.024950829892598374,-0.24283451647890064,0,COLD
33.0,43.0,-0.15136855225309107,0.2981975540279926,3,HOT
21.5,76.6,0.013703630606992848,0.007814495511390228,0,COLD
16.2,62.3,0.2712416985421722,-0.8757325853730503,0,COLD
23.5,21.7,0.022695740612033336,0.26299171523828424,1,COMFORT
33.8,70.8,-0.08439090344911043,-0.030351953716814917,3,HOT
26.6,47.4,-0.02730606936834887,-0.06674134315308934,1,COMFORT
20.0,52.2,-0.11229125012787149,-0.25578506091503733,0,COLD
24.5,51.4,-0.13310194966547906,-0.2613318164953839,1,COMFORT
34.1,54.0,0.1765191891337289,0.9387272820123723,3,HOT
30.8,65.5,0.0938641914503721,-0.17641107437962747,2,WARM_HUMID
21.5,36.0,-0.021872914357629402,0.018889134795771964,1,COMFORT
31.8,66.6,-0.04333386215010711,-0.008297759738144395,3,HOT
24.9,25.2,0.029216320783637072,0.2248483381437546,2,WARM_HUMID
16.0,52.0,-0.42695614744902205,0.030174399262477176,0,COLD
20.0,52.0,0.027462246639597624,-0.1527971368589117,0,COLD
26.2,77.2,-0.32908822392827325,-0.23728803505432886,1,COMFORT
27.1,41.4,-0.28104418873532344,0.2853019524833993,2,WARM_HUMID
20.1,48.4,0.08101985373445912,0.23533161304729747,1,COMFORT
33.8,50.0,0.19363786892751783,0.22785158562028524,3,HOT
22.0,61.6,0.1538932859735365,-0.4402940715065882,1,COMFORT
32.0,46.0,-0.3025785253809094,0.0978268491152477,3,HOT
20.0,37.1,0.19275432410214868,0.1381662285639664,0,COLD
21.6,52.4,0.040671881044657604,-0.15191828371684268,1,COMFORT
26.7,37.4,-0.1175796012738795,-0.046937693159501886,2,WARM_HUMID
22.5,55.6,-0.2936394440715813,0.17893829831248598,1,COMFORT
32.5,51.0,0.14376871653649437,0.4080469879977782,2,WARM_HUMID
31.2,56.0,-0.25495040902110905,0.6119201508801884,2,WARM_HUMID
26.0,39.6,0.27991494363499037,0.5033766749634633,2,WARM_HUMID
22.7,32.0,0.09228678934805545,0.31634806977673674,1,COMFORT
24.0,41.0,0.21784289736888493,-1.1519680571905588,1,COMFORT
24.8,48.6,-0.12260354455181781,-0.028530620974611606,1,COMFORT
23.5,37.7,0.12015608231276621,-0.14879774378382013,1,COMFORT
19.4,35.6,-0.15151927308996557,-0.3839851766208363,0,COLD
26.6,35.4,0.03707243696228747,0.3307258988986971,2,WARM_HUMID
34.6,15.3,-0.08263646087652032,0.3160019246129598,3,HOT
30.1,62.1,-0.04464236349056298,0.2626161709237392,2,WARM_HUMID
31.5,54.0,0.10377627060132848,-1.165229415300094,2,WARM_HUMID
31.6,63.8,0.20879935471690042,0.4069190097380759,2,WARM_HUMID
21.2,67.4,0.1031645772842653,0.032580723307002665,1,COMFORT
30.8,63.8,0.0992803990125063,0.19006844681832008,2,WARM_HUMID
19.4,25.7,-0.00911109853306518,0.4555297634545407,0,COLD
24.9,17.4,0.04303302008244394,0.4132490713340962,2,WARM_HUMID
25.2,43.0,0.1705971813547094,0.09331508658605221,1,COMFORT
14.5,84.0,-0.03730851361237988,0.12866792895480383,3,HOT
24.8,51.0,-0.1031853628417204,-0.0858559509134434,1,COMFORT
16.3,52.0,0.13564086094347036,0.01278005919878998,0,COLD
27.0,43.0,-0.1905091633068048,-0.565004358649598,1,COMFORT
33.6,55.4,-0.06501312666241789,0.14000899176082413,3,HOT
26.6,29.3,0.42355954114183336,0.19982443329957897,2,WARM_HUMID
11.0,56.5,0.044425351761328134,-0.07439412258218839,0,COLD
21.6,30.7,0.11626927894064439,0.5136338360609456,1,COMFORT
24.2,19.6,0.08356026994426148,0.009229506950306339,1,COMFORT
23.4,26.0,0.03744945778966574,0.3212164027292495,1,COMFORT
13.8,37.7,-0.10250715547801943,-0.2614140348274429,0,COLD
21.1,29.3,0.07614177344148712,-0.3372352756192607,0,COLD
27.0,62.3,0.08258637049274208,-0.5059264932641563,1,COMFORT
23.5,45.7,0.0818590313476639,-0.48604169456940016,1,COMFORT
22.2,57.3,-0.3166771596123975,0.23101039984619726,1,COMFORT
29.7,69.7,-0.10448008309211437,-0.43526164081621777,1,COMFORT
22.5,33.4,-0.022948823271896995,-0.0008276753382031598,1,COMFORT
14.0,57.9,0.06468124097486376,-1.1228006561036727,0,COLD
34.2,52.8,-0.1413356361220878,0.13257468918613532,3,HOT
23.3,59.9,0.07499963530523772,-0.34055222052437867,1,COMFORT
27.8,81.0,-0.08983742836655878,0.22714869875533364,2,WARM_HUMID
26.7,64.0,0.1076600857487283,0.24998844280146892,1,COMFORT
31.0,34.2,-0.11750796411022245,0.2924941063742901,2,WARM_HUMID
33.5,41.0,0.004392231157603755,0.6195598835532946,3,HOT
22.3,51.1,-0.02663658535875884,-0.443107456463882,1,COMFORT
17.2,52.8,-0.024267420258887645,-0.9300956059896761,0,COLD
27.6,50.0,-0.06213161713912989,-0.1495255086085496,2,WARM_HUMID
19.0,39.4,-0.14182025099919873,-0.13182639828965786,0,COLD
23.9,53.2,0.17116512217614518,0.11457165719258806,1,COMFORT
11.0,51.8,0.004493561691754553,-0.4416211037641478,0,COLD
26.3,31.1,0.17302542746723157,-0.44070468902153304,2,WARM_HUMID
35.3,39.0,-0.08846827970768746,0.2651138716289369,3,HOT
21.7,29.3,-0.12164112080170572,0.36668711815648286,1,COMFORT
23.3,23.4,-0.015812517885422747,0.2357589926725806,1,COMFORT
23.2,19.1,0.37077785711966965,0.6971343077624557,1,COMFORT
35.7,36.8,0.0587746087319124,-0.07616300154695822,3,HOT
14.9,33.8,0.25140321881398947,0.3559195866475026,0,COLD
20.5,36.8,-0.05424274555617254,0.5742478037358735,0,COLD
21.6,20.7,-0.10107855208107709,-0.01439915565781034,0,COLD
27.8,44.0,0.12048316009177681,0.373297591691437,2,WARM_HUMID
24.1,69.7,0.025108690746188666,0.41083431445247387,1,COMFORT
24.0,26.3,-0.16842224441078854,0.15644815591359862,1,COMFORT
25.3,34.0,0.007838773574622482,-0.36145115927837573,2,WARM_HUMID
23.4,59.2,-0.08010212478539992,-0.1816493262927992,1,COMFORT
21.7,68.2,0.30641063272425956,-0.02583551486962439,0,COLD
24.6,24.0,-0.15135084877877328,-0.2928734121313048,2,WARM_HUMID
32.4,50.0,0.08469308922452186,-0.5944834704230012,2,WARM_HUMID
27.2,33.3,-0.01989493663717253,-0.10983270610919973,2,WARM_HUMID
32.0,86.0,-0.04658173104163665,0.1698997476292231,3,HOT
18.6,42.3,-0.13996591157806637,-0.02230480473194868,0,COLD
17.9,38.4,0.023336920384595818,-0.14255375820635682,0,COLD
26.8,38.4,-0.13031513168593645,-0.01092741318919119,2,WARM_HUMID
36.4,34.5,0.12575629335556995,-0.017532291834570977,3,HOT
15.0,68.0,0.016582367932819617,0.2609040033731375,0,COLD
17.2,48.0,-0.11129882504164312,-0.3090293105334532,0,COLD
24.7,43.5,0.22726905888532378,-0.12247258585032937,1,COMFORT
22.2,28.5,0.19416135338410687,0.4623047262328808,1,COMFORT
38.9,17.8,-0.3273151941301443,-0.31945177659098434,3,HOT
20.9,41.3,0.03732344488171752,-0.24642962087637788,1,COMFORT
23.0,37.5,0.0398560647903686,0.07664272143234332,1,COMFORT
14.9,33.8,0.25140321881398947,0.3559195866475026,0,COLD
23.6,25.1,-0.17870536347073837,0.10725207327192779,1,COMFORT
18.4,44.2,0.09203041937777824,-0.8608664624440965,0,COLD
23.3,23.7,-0.08510177275609353,-0.3245319631515484,1,COMFORT
31.1,27.6,0.15624976839234747,-0.42185672423109466,2,WARM_HUMID
25.4,74.8,0.04450398136680068,-0.6171626037606183,1,COMFORT
23.2,39.8,0.2718131712962102,0.1896178222764983,1,COMFORT
21.3,43.2,0.24615529556414267,0.11290828464558232,1,COMFORT
29.2,30.8,-0.16543942329092176,-0.11011069139885828,2,WARM_HUMID
37.0,16.8,-0.1035505593672518,0.8542532798245145,3,HOT
25.6,34.3,-0.25029441397511787,-0.3208769713265487,2,WARM_HUMID
22.4,71.7,-0.1150564939532121,0.555253137199935,1,COMFORT
28.7,60.6,-0.1716430745608516,-0.550447058181783,2,WARM_HUMID
30.3,47.3,0.15428668344361704,-0.39167341136194955,2,WARM_HUMID
18.1,33.0,-0.06707732805532028,-0.08047828733003515,0,COLD
35.7,47.9,0.0928889126772099,-0.32053791847397217,3,HOT
11.5,82.0,-0.022704435536361353,0.572199338633154,0,COLD
19.0,36.3,-0.009990152390583517,-0.21993116172968263,0,COLD
23.7,46.2,-0.19023936479773407,0.8525894137717158,1,COMFORT
14.6,42.1,0.07219880443611755,0.030329224798335355,0,COLD
22.6,50.4,-0.3089093939281138,-0.4755390350209349,1,COMFORT
12.2,66.1,-0.22029718860749814,0.9049832142080808,0,COLD
29.2,53.0,0.22952418238191735,0.534063612529707,2,WARM_HUMID
24.8,62.8,-0.12196713888644913,-0.1968291773994101,1,COMFORT
21.5,55.4,0.07020041057774382,-0.24662678975920974,1,COMFORT
33.5,48.5,0.007491887507191286,-0.8153916988634505,3,HOT
19.0,33.7,-0.05606419369936945,0.0009394151806662642,0,COLD
16.0,60.3,0.19020413200279893,0.5670283735223961,0,COLD
16.4,58.3,0.014439422184551905,0.35450644630102846,0,COLD
36.0,75.0,0.02712385330697427,-0.6631929442496637,3,HOT
25.5,50.2,-0.08597680143933423,-0.14202869825140252,1,COMFORT
15.4,56.7,0.07580057214710227,-0.3654787968170457,0,COLD
28.7,71.0,-0.0890691795930039,0.2729768610996874,2,WARM_HUMID
37.5,27.2,0.1387935824528247,0.8398108224447528,3,HOT
24.7,33.9,0.23067824269897225,0.3240895240532113,2,WARM_HUMID
19.5,40.3,0.05440325764342343,0.5056714657253543,0,COLD
30.0,66.0,-0.014045428310875626,0.5820767013985243,2,WARM_HUMID
29.3,41.0,-0.025839055125970928,-0.5155526736142252,2,WARM_HUMID
12.0,40.0,-0.03338476061571199,-0.722934776535489,0,COLD
18.4,33.3,0.2690325120874209,-0.07171503116178658,0,COLD
32.8,61.0,-0.03746922167674278,-0.0490874395022775,3,HOT
29.6,51.0,-0.12495280165308696,0.10819288725867851,2,WARM_HUMID
21.9,48.3,-0.0034700490626397777,0.04692890853543327,1,COMFORT
24.7,31.8,0.06972984603452173,0.5532988112447629,2,WARM_HUMID
24.7,55.0,-0.11854970725477015,0.38235476391231904,1,COMFORT
16.8,65.7,0.3397980776874871,-0.21583069172285227,0,COLD
22.9,54.7,0.11588949881780768,-0.36406691617581294,1,COMFORT
30.3,45.2,-0.1160592449018892,-0.22052089424746046,2,WARM_HUMID
24.9,25.1,0.32214417281722213,-0.8231336088797946,2,WARM_HUMID
24.8,39.0,0.0073962497280333946,-0.0685334152801219,1,COMFORT
18.9,49.9,0.10505000052199699,0.6374016081933932,0,COLD
22.7,27.8,0.09045179540854986,-0.2116289729484914,1,COMFORT
30.8,62.6,0.20562586996793245,-0.059234417447778735,2,WARM_HUMID
19.6,73.0,0.10466858328527244,-0.0381379627612154,0,COLD
24.4,68.5,0.046936206659851466,-0.024650283406178756,2,WARM_HUMID
22.6,77.1,0.02132565387128584,-0.7388745901703175,1,COMFORT
13.4,67.3,-0.053869998968848275,-0.085107710593301,0,COLD
14.6,30.0,0.25347429213971706,-0.42804126203460807,0,COLD
27.3,63.8,-0.027805565193265807,-0.46751658344726277,2,WARM_HUMID
27.5,29.4,-0.06594242295255091,0.31454852907199826,2,WARM_HUMID
19.7,46.6,0.06839525998208835,-0.4334694781797015,0,COLD
17.3,41.6,0.24007179656089705,0.07797286184485847,0,COLD
37.9,59.3,0.03596843726424051,-0.22771908414085323,3,HOT
23.2,15.6,-0.13173428270939364,0.6163180711619164,1,COMFORT
27.9,33.2,-0.1751095470101418,-0.18013669629755502,1,COMFORT
23.1,65.1,0.20066236528838263,0.14390697467544356,1,COMFORT
24.9,74.0,0.15187761987488949,0.4545663023500929,1,COMFORT
27.1,42.0,0.09688356304138387,-0.651702903974286,2,WARM_HUMID
24.6,16.8,-0.030646081290024878,0.39857118977125694,2,WARM_HUMID
19.0,57.7,-0.1624802524776902,0.46768583477400577,0,COLD
18.2,57.4,-0.018978907429297434,-0.24920873632144236,0,COLD
30.2,43.5,-0.17724534287028906,0.2557035474935476,2,WARM_HUMID
18.7,66.5,-0.024762084750456916,-0.01355513163966824,0,COLD
20.8,50.0,-0.13916732943643403,-0.1511667192526693,1,COMFORT
29.2,45.0,0.07765200538490848,0.7445800894759753,2,WARM_HUMID
22.6,72.0,-0.0961403160039138,0.5109787212836399,1,COMFORT
29.5,58.0,0.18222044158591225,0.06994557331987507,2,WARM_HUMID
33.3,22.4,-0.09260309704570888,-0.31722447449741314,3,HOT
23.3,40.2,-0.19408835641783423,0.016548777034872217,1,COMFORT
17.2,50.6,0.07855916481207802,0.05280552805007677,0,COLD
16.0,74.0,-0.038951694526129364,1.0835749487144883,0,COLD
23.6,49.6,0.10031462414013247,-0.09537261431833349,1,COMFORT
21.8,52.0,0.040580908517270434,-0.6746613976889283,1,COMFORT
24.8,65.9,0.10790570512059243,-0.0638799663147227,1,COMFORT
25.4,33.6,0.17286834880572677,0.011897208166270774,2,WARM_HUMID
24.6,69.0,-0.05688142948898372,-0.3519770056448274,2,WARM_HUMID
21.5,76.8,0.03625372008930843,0.10798728070690294,0,COLD
27.7,39.0,-0.1463049040917375,-0.39132977724434886,2,WARM_HUMID
33.2,16.7,0.13699209270604262,-0.3138377271683565,3,HOT
33.2,67.0,-0.17468201671651745,-0.1595256682871734,3,HOT
22.5,18.9,-0.11589922672715698,0.08018663446481551,1,COMFORT
26.1,24.2,-0.045626768540510475,-0.07157011356860427,2,WARM_HUMID
30.0,39.9,-0.13784724872849166,0.0835619887905008,2,WARM_HUMID
29.2,55.1,-0.06888500772656198,0.1311188257640957,2,WARM_HUMID
20.4,31.0,0.016975118914310517,-0.3934096265911687,0,COLD
22.5,55.6,-0.12730588860964764,0.2555459872686364,1,COMFORT
26.4,41.2,-0.12088633567946946,0.27190421806724685,1,COMFORT
27.2,57.5,0.17312667359633713,0.43706890831453205,2,WARM_HUMID
13.8,37.7,-0.06943745692294907,0.03503201775779623,0,COLD
22.5,21.0,-0.322657902408283,0.1345632707590308,1,COMFORT
26.4,48.0,-0.0653229555854765,0.007278016988732554,1,COMFORT
15.4,66.0,0.10992627104964496,0.1945379112884157,0,COLD
15.1,68.5,-0.04939830772156976,0.3596587773743103,0,COLD
23.7,33.9,-0.06369701497919712,-0.4298962233399203,1,COMFORT
29.0,64.3,0.228173188202809,0.2672289545749245,2,WARM_HUMID
15.7,61.4,0.04637962052906533,0.33586849409207675,0,COLD
33.6,50.0,-0.2775599516019459,0.5038435970650517,3,HOT
22.3,21.4,0.20446245773842567,-0.07001346814040055,1,COMFORT
28.7,50.8,-0.03700866361716608,-0.14239783514852383,2,WARM_HUMID
20.3,36.7,-0.08752403902046457,0.11968928474609877,0,COLD
18.6,49.8,0.09702775065106671,-0.19274291321469272,0,COLD
26.8,49.1,-0.03515663177327212,-0.05469910480708665,1,COMFORT
24.3,50.0,-0.3115812404621676,0.1290955886568958,1,COMFORT
23.1,41.7,-0.03660984206720274,-0.2967744771603118,1,COMFORT
21.7,62.8,-0.042085755989782876,-0.37965181967308975,1,COMFORT
19.2,34.8,0.12323082259623155,0.15503448571592754,0,COLD
19.8,32.9,0.0077576827219780955,-0.32605435187496656,0,COLD
21.8,22.3,-0.0008628253645271242,0.23404917754347376,1,COMFORT
16.8,57.9,-0.21690827801781337,-0.8960572659317771,0,COLD
22.1,35.1,-0.01640642546299571,-0.37666614044673846,1,COMFORT
25.6,39.3,-0.12271184809589655,-0.19269192001550395,1,COMFORT
26.9,60.0,-0.11282346083858746,-0.8430074237366114,2,WARM_HUMID
25.5,36.9,-0.2024407883567892,-0.7690691330900983,1,COMFORT
25.3,80.0,-0.014563709483165392,1.073637323249849,0,COLD
24.0,22.5,-0.08207876833237364,0.1863779135015611,2,WARM_HUMID
26.0,54.0,-0.12144052798824692,-0.2374088977421599,1,COMFORT
20.1,31.0,0.0030514067715865915,-0.09480202432212313,0,COLD
23.9,34.8,0.007058024668780966,-0.21945194273311858,1,COMFORT
24.8,24.8,-0.08113635055253342,-0.38051460846534435,2,WARM_HUMID
22.7,39.7,0.0677471912957499,0.19357338795637788,1,COMFORT
29.3,52.0,0.13306196646694304,-0.23982059213275636,2,WARM_HUMID
35.2,43.3,0.19172327555036034,0.015754485549153898,3,HOT
28.5,30.3,-0.06377894299093265,-0.07843324895527883,2,WARM_HUMID
16.2,43.7,0.06582632447378274,0.38760804965677664,0,COLD
19.7,33.9,-0.14544486529436346,0.004050010633938564,1,COMFORT
23.4,31.0,-0.1109951759848366,0.07747342549814425,1,COMFORT
23.6,65.3,-0.12455593001200538,-0.03076128809622383,1,COMFORT
14.0,66.0,0.23090347839010403,-0.5206604224495248,0,COLD
37.0,67.0,0.1459956444365245,0.1477830570450873,3,HOT
26.6,62.9,0.004782165669996916,-0.14072542350913758,1,COMFORT
25.9,29.3,0.256063050110899,-0.25171110932383106,2,WARM_HUMID
17.5,64.0,-0.0742367809949774,-0.40637997400047055,1,COMFORT
29.0,47.0,-0.058654825791311,0.2844747222771869,2,WARM_HUMID
11.0,50.3,0.37970229517691034,0.7222061586623966,0,COLD
33.5,40.6,-0.14606773008001936,0.11803900547494231,3,HOT
23.6,76.1,-0.058263917273173094,0.12901593081438173,1,COMFORT
20.0,38.5,-0.14276783423274117,0.007298125429301249,0,COLD
31.5,44.4,-0.06379253040625542,-0.49334982964198465,2,WARM_HUMID
25.3,25.5,-0.023305046003325478,0.3372627174765327,2,WARM_HUMID
30.1,72.1,0.03368859498749877,-0.4365307805955314,2,WARM_HUMID
18.3,65.3,0.11192844359670577,0.14094624803540332,0,COLD
22.9,29.9,0.24874883139004345,-0.49186433158167875,1,COMFORT
23.4,23.8,-0.016719912416912404,-0.27100981018807885,1,COMFORT
31.6,66.0,-0.30588482666401506,0.35321300381916587,2,WARM_HUMID
27.0,32.0,-0.021735686862214696,0.3598663203212722,2,WARM_HUMID
23.8,59.5,0.06404654244310115,-0.8078548718470353,1,COMFORT
22.8,48.1,-0.1274727565202351,0.1416967114827393,1,COMFORT
22.9,63.9,0.05321593029420128,-0.8034729505951138,1,COMFORT
22.0,54.6,-0.026717688142107763,0.6115347488418268,1,COMFORT
32.0,85.0,0.03658815912340898,0.5437727840670596,3,HOT
18.4,44.2,0.09203041937777824,-0.8608664624440965,0,COLD
28.3,52.5,-0.039982095642112095,-0.3955759882069914,2,WARM_HUMID
26.6,75.7,-0.09343971004918004,-1.0273818499365743,1,COMFORT
20.6,32.3,-0.020896288656722075,-0.4069954008659769,0,COLD
18.7,31.0,0.06470300054693841,-0.19883571602934516,0,COLD
19.9,46.1,0.022290629719101725,-0.18894054232002952,0,COLD
29.5,42.2,-0.1930088643378079,0.40448312294224564,2,WARM_HUMID
22.3,23.6,0.026398228428819077,-0.07518632631797992,1,COMFORT
27.0,52.0,-0.09059777800737308,-0.006774342006651415,1,COMFORT
22.6,28.5,0.18837049359749997,0.3054959068404087,1,COMFORT
29.7,21.0,0.1566460041600948,-0.1096609084298119,2,WARM_HUMID
33.4,59.7,0.1540033144976358,0.2810352856041863,3,HOT
33.2,53.0,0.06123791335717077,0.21921128847461302,3,HOT
20.3,35.8,0.09047097759452703,-0.4165650175749974,0,COLD
26.1,39.1,0.11730641889095078,0.0469207489923791,2,WARM_HUMID
21.6,36.4,0.13967681559206022,-0.46085044175359835,1,COMFORT
21.4,72.3,-0.07878501869070714,0.020090927086813752,1,COMFORT
16.6,52.0,0.20485498496200585,-0.42076247772262115,0,COLD
28.2,35.0,-0.28391432663850774,1.2244320580115973,2,WARM_HUMID
25.9,36.0,0.06026567586854257,-0.5016572238459277,1,COMFORT
32.0,86.0,0.1348414707930978,-0.1294503680601686,3,HOT
23.6,23.7,-0.10554766466889902,-0.06268819821655257,1,COMFORT
28.4,53.0,0.03143013453941915,-0.4443167504187687,2,WARM_HUMID
29.8,76.4,-0.0015834652321279972,0.006597674257275841,2,WARM_HUMID
33.9,46.0,0.013810893526628577,-0.12626119713129533,3,HOT
22.6,52.1,-0.042244007200050414,0.1967582546603793,1,COMFORT
28.1,59.0,0.2209006013626473,-0.20750098756941282,2,WARM_HUMID
27.9,66.3,-0.07160172876657515,-0.5886683828820473,1,COMFORT
24.6,40.3,-0.1481284443640492,0.5882472419222384,1,COMFORT
21.9,67.2,0.19032114844754355,0.47293396806419397,1,COMFORT
30.2,73.6,-0.10435211162497725,0.011583617404798215,2,WARM_HUMID
31.3,49.8,-0.018732324078846053,-0.0586907920610476,2,WARM_HUMID
19.7,33.0,-0.00702942177942373,-0.2557407649792535,0,COLD
18.3,60.0,0.06748633332468416,-0.24083741772062026,0,COLD
19.7,62.0,0.18447422409128444,-0.26831399409936363,1,COMFORT
28.2,52.2,-0.30015853492664407,-0.5767364433163232,2,WARM_HUMID
16.1,44.8,-0.049333424500621385,-0.5885308754452618,0,COLD
29.2,79.5,-0.1520408763531703,-0.42845065760328743,2,WARM_HUMID
24.8,46.4,0.1115266005501895,1.0129627505491583,1,COMFORT
23.4,27.2,0.05514833201831617,-0.09247964714459289,1,COMFORT
13.4,45.8,0.20734061303291726,-0.036730030011195354,0,COLD
23.2,44.9,-0.06147250430641953,-0.13903281038455687,1,COMFORT
34.3,57.5,-0.09868477328621113,-0.27552760628796685,3,HOT
27.1,29.1,-0.13143685137328381,0.5258835127058082,2,WARM_HUMID
38.5,44.0,0.03786728324304951,-0.25773248621365835,3,HOT
19.5,39.0,0.014615116544595455,-0.16000562764198223,0,COLD
27.9,30.0,-0.08554711016796991,-0.6123303825962192,2,WARM_HUMID
28.7,51.2,0.14364273460409277,0.4017038587460988,2,WARM_HUMID
20.7,35.0,0.0767288508176831,-0.07056753520822645,0,COLD
12.2,67.3,-0.07281106937469357,-1.1535494573443088,0,COLD
15.0,74.0,0.09891026847727424,0.47150452891568195,0,COLD
19.7,58.0,-0.060335480487828816,0.5049518410757831,0,COLD
28.9,54.8,0.006476516631820398,1.168325108151295,2,WARM_HUMID
23.1,54.7,0.27761717136536,-0.22046910381531287,1,COMFORT
25.6,76.4,0.18823146173810038,-0.11411039281910935,1,COMFORT
27.7,36.0,-0.175835063015496,0.12416771059344606,1,COMFORT
31.3,55.0,0.16701045488158398,-0.33408671475283047,2,WARM_HUMID
19.7,37.2,-0.0037245471189970647,-0.4993811188063375,0,COLD
22.8,49.0,0.08527336693167473,0.1804556655858583,1,COMFORT
32.9,56.0,0.03367887899970404,0.028893065549629605,3,HOT
22.4,23.6,0.09306262254367752,-0.1147520650048939,1,COMFORT
20.8,28.6,0.1738804787204857,0.13857398772323748,1,COMFORT
22.8,42.9,0.13931611288520487,0.8834446699383446,1,COMFORT
23.9,43.0,0.011939679356405457,0.20086433694839273,1,COMFORT
26.2,31.0,-0.016599805283599417,0.37916744135841185,2,WARM_HUMID
19.7,35.4,-0.23403629663305758,-0.43251318811159645,0,COLD
24.3,30.0,0.08121766408622673,0.2020340205015176,1,COMFORT
18.9,36.4,-0.007093596856280219,0.08815744808081334,0,COLD
34.8,50.8,-0.16429203531647618,-0.2076526683470526,3,HOT
20.8,18.0,0.021396317735534066,0.1914551332055409,0,COLD
23.1,48.4,-0.0211983688990286,-0.4419823539340918,1,COMFORT
27.0,37.7,-0.20073514296485176,-0.6583101705463872,2,WARM_HUMID
17.2,52.8,0.038433985370012046,0.8302347647157226,0,COLD
23.9,39.7,0.1559254165723433,-0.6864223770981366,1,COMFORT
32.4,62.1,-0.06421652452946407,0.23168603856183526,2,WARM_HUMID
32.9,34.0,0.05976250498064288,0.14436103186987534,2,WARM_HUMID
24.3,20.8,0.026612735904327268,-0.17029208188625267,2,WARM_HUMID
23.9,21.1,0.15407265538397266,0.41335128730340137,2,WARM_HUMID
11.6,27.3,-0.10660379887005161,-0.2611681127884696,0,COLD
15.1,69.7,0.21230670533013682,0.5199134615832548,0,COLD
22.0,39.3,0.018102155468689016,-0.49359290583900217,1,COMFORT
23.2,43.9,-0.21493029989595847,-0.7099457384365997,1,COMFORT
17.0,39.8,-0.09193563175593762,0.48390642578059984,0,COLD
23.6,56.0,0.18493709320559834,0.3463676801577915,1,COMFORT
21.9,72.0,-0.04296554886379939,-0.1398644904067687,1,COMFORT
18.2,27.0,-0.10707984953583928,0.6734640531037082,0,COLD
27.7,41.3,-0.007709239078878543,-0.2694393067949154,2,WARM_HUMID
15.1,66.5,0.207810329709629,-0.2422763378676478,0,COLD
17.0,73.0,0.04765900518143951,0.2656392856436136,0,COLD
32.5,61.4,0.00715288920793624,0.13948130754214172,2,WARM_HUMID
33.7,53.0,0.2915419753648489,-0.014458624066995688,3,HOT
22.5,21.0,0.1921616317074742,0.06814995891472515,1,COMFORT
16.6,58.0,-0.15649654439022126,-0.42574370210878804,0,COLD
29.3,68.9,0.07889162709372001,0.7720327761799232,2,WARM_HUMID
31.3,29.0,0.18267517057080268,0.8022658729307732,2,WARM_HUMID
23.8,54.0,0.2094788443999395,-0.30165732784518445,1,COMFORT
31.1,38.4,0.13910684645478716,-0.6397502977331937,2,WARM_HUMID
34.1,54.5,-0.03137070211332906,0.6581531900388594,3,HOT
22.9,25.1,0.0338993824448399,0.3293552579984258,1,COMFORT
18.9,46.7,0.06231403328242535,-0.6349966209413378,0,COLD
36.2,30.2,0.10062103892658009,-0.19026774372718866,3,HOT
26.4,34.3,0.30906340476670485,0.3871835978815641,2,WARM_HUMID
19.6,27.6,-0.28311073600104764,-0.4195195099005211,1,COMFORT
29.9,58.5,-0.024441787996660063,0.10784588254364527,2,WARM_HUMID
17.0,45.3,-0.09540033347821948,0.4170544826274755,0,COLD
30.6,70.0,-0.14656082192121017,-0.2864454142155398,2,WARM_HUMID
28.0,60.0,-0.09176244617758987,0.17835969050058614,2,WARM_HUMID
31.3,71.6,-0.18707972443174656,-0.5140123202697975,2,WARM_HUMID
26.7,53.8,0.12859409538251892,0.27942535513146677,1,COMFORT
29.5,59.5,0.24933806190104815,0.32135436841136805,2,WARM_HUMID
33.2,61.0,-0.07652040921422829,0.5303956737348458,3,HOT
28.6,42.8,0.390275128175724,-0.46959466791282073,2,WARM_HUMID
13.5,51.5,-0.014498086442721124,-0.7274069448684759,0,COLD
24.4,50.0,0.028905888922896878,-0.030268687445764227,1,COMFORT
12.2,65.7,-0.060937959847802925,0.051125981614772435,0,COLD
21.0,77.0,0.10137563737810283,-0.37876535403127015,0,COLD
23.3,49.1,-0.04676300085515128,-0.6934742405115606,1,COMFORT
32.1,68.0,0.19486407524636704,-0.2822832393783493,2,WARM_HUMID
22.3,34.7,0.24689978370280252,0.39300153919745057,1,COMFORT
25.6,40.6,-0.04189153250040591,-0.22389998736381697,1,COMFORT
21.0,29.3,-0.17398458762454452,-0.07102811653966935,0,COLD
21.7,68.5,-0.05880367693980533,-0.16025911911688243,0,COLD
30.3,65.7,0.14759119504978344,0.14370586261911208,2,WARM_HUMID
25.8,57.7,0.10506519947389376,0.6845695940289758,1,COMFORT
12.8,48.8,-0.27060904484222253,0.084102193827767,0,COLD
19.4,49.8,-0.2590942767999739,0.12994757132032173,1,COMFORT
34.6,54.0,-0.1769955288550963,0.2627177333998468,3,HOT
32.8,60.1,-0.036782086701472025,-0.12242889512150541,3,HOT
19.7,26.9,0.05004563856070963,-0.6416798257845528,0,COLD
26.3,84.2,-0.2611345739490778,0.20510240712297959,0,COLD
29.9,61.0,0.4179206204454997,-0.44326711737152813,2,WARM_HUMID
18.4,56.9,0.14298636541557516,0.23313818528728067,1,COMFORT
25.0,21.6,0.16590016069533825,0.04316235242348209,2,WARM_HUMID
22.4,56.8,-0.06543665288943055,-0.26563271372187364,1,COMFORT
18.8,60.0,-0.038656924749092915,0.02236248427947764,0,COLD
16.8,55.6,0.003193265327482961,0.23074073755507551,0,COLD
26.9,58.3,-0.02508223285334757,-0.10514453284052741,2,WARM_HUMID
32.0,61.9,0.23220123312280386,0.18442107810347896,3,HOT
32.0,71.0,0.1964032964792708,-0.09930802623650582,2,WARM_HUMID
34.0,74.0,0.10590185183183273,0.004421028315733019,3,HOT
21.5,64.6,-0.030286256161094115,-0.7646751807078511,1,COMFORT
25.3,51.4,-0.04472853885390208,-0.23768887828264162,1,COMFORT
13.0,65.0,-0.1793362992335168,-0.12987889985367074,0,COLD
19.8,35.0,0.027976846237155257,0.3951525698006697,0,COLD
27.6,76.2,0.12901067701510854,-0.2621583528216776,2,WARM_HUMID
21.4,36.6,0.22529294477828934,-0.3073514555409235,1,COMFORT
26.0,36.0,-0.005251141500935385,-0.17512644491930351,1,COMFORT
15.4,60.0,-0.03364732128339295,0.3043841442176349,0,COLD
26.0,40.9,0.06319751394176833,0.4708886212820878,2,WARM_HUMID
23.6,57.0,0.13766582258272503,0.20329222657559148,1,COMFORT
19.3,21.3,0.11857992452666664,0.12697013395107715,0,COLD
17.1,39.6,-0.24410256535122263,1.0960956775669146,0,COLD
24.9,27.8,0.11997201004885824,-0.01927160444013156,2,WARM_HUMID
33.6,41.2,-0.0660535836363014,0.4015910335493915,3,HOT
31.0,85.0,0.029934449672273225,-0.07229368504464262,3,HOT
15.1,49.3,0.15430007445823882,-0.149671616884132,0,COLD
28.6,50.7,-0.01707188076206371,0.3203030778437177,2,WARM_HUMID
23.7,32.8,0.2569549181221596,0.4903713913294847,1,COMFORT
23.0,30.5,0.15614896812754134,-0.006801088641293209,1,COMFORT
26.2,33.6,0.11225605088388632,0.013655062871552708,2,WARM_HUMID
15.8,50.2,-0.1750069909096563,-0.07713404480461411,0,COLD
19.6,40.7,0.2730052219151159,-0.14910549743103715,0,COLD
31.3,56.1,-0.00812422464857856,0.146774982476525,2,WARM_HUMID
38.0,75.0,0.024805329069511082,0.24474712367736173,3,HOT
25.2,46.0,0.04695750732280796,-0.7424416866014356,1,COMFORT
32.5,69.7,0.19880206001102882,0.070282467588349,3,HOT
34.1,46.0,-0.046812193446526276,-1.2004652242215028,3,HOT
21.2,47.8,0.45025029566854724,-0.18477401854417724,1,COMFORT
26.8,41.0,-0.06596188237059038,0.11912982665083993,2,WARM_HUMID
30.8,69.6,0.15180979244339943,-0.4164087022511523,2,WARM_HUMID
20.3,37.0,0.02190159146635904,0.6075273259851011,0,COLD
29.4,54.4,-0.08940801624796899,-0.15776442417887415,2,WARM_HUMID
14.1,43.0,-0.14323036223761146,-0.19019811609995935,0,COLD
22.5,31.0,-0.08857868547591348,-0.0024574665079484695,1,COMFORT
30.3,30.4,-0.373921574909303,0.6581190098082366,2,WARM_HUMID
19.2,35.5,-0.12389645461622366,-0.21510326106352454,0,COLD
28.7,44.1,0.12404190914141994,0.7648342822222955,1,COMFORT
25.8,19.3,-0.07741347718282802,0.194898589651579,2,WARM_HUMID
18.7,67.0,0.1812976393295684,-0.14274173130280238,1,COMFORT
20.3,45.1,-0.04640237580023765,0.009139977211748456,1,COMFORT
29.3,71.9,0.08915823962677553,-0.03057589102311637,1,COMFORT
32.6,43.0,0.10846078806194742,0.5508011490428684,3,HOT
27.3,73.0,0.1974060623049152,0.15328038140437572,2,WARM_HUMID
19.7,25.6,0.1407236411084846,-0.09326763350195467,0,COLD
13.8,58.3,-0.0877823788877454,-0.5319423384731513,0,COLD
21.7,27.0,0.008564611935868353,0.4025737498079769,1,COMFORT
23.5,64.5,0.11218076308599069,-0.16618984290915212,1,COMFORT
23.1,67.2,-0.08829200606323842,-0.2838967777821629,1,COMFORT
24.4,56.4,0.2055870319481559,0.045129002926104,1,COMFORT
32.5,70.3,-0.023718303166695123,-0.6372780195702323,3,HOT
29.2,59.0,-0.08873570832537449,0.4277570863673983,2,WARM_HUMID
27.0,38.0,-0.02061727719415378,-0.056078244951252076,2,WARM_HUMID
30.3,76.4,-0.06582989261648521,-0.5046768016077756,2,WARM_HUMID
18.3,66.1,0.024462563019925002,0.016728283364664333,0,COLD
26.4,59.0,0.07901463255070161,0.2706912903822822,1,COMFORT
18.2,24.1,-0.1448952048681987,-0.44973772867349027,1,COMFORT
22.3,58.4,-0.17660279126635708,0.24358228207114566,1,COMFORT
31.4,26.8,0.19356911120645245,-0.23302336162176546,2,WARM_HUMID
36.4,43.8,-0.2312908258544319,0.30184350438008567,3,HOT
23.0,30.1,0.14832913340872508,-0.24802873708338985,1,COMFORT
30.0,79.4,-0.003456617905932389,0.1702947875076589,2,WARM_HUMID
23.6,58.5,0.23561865686172845,-0.7539430849580494,1,COMFORT
15.1,74.2,0.051648552514025454,-0.39445742262878947,0,COLD
38.1,46.0,0.17704774754791652,-0.14831946527841067,3,HOT
29.2,39.0,0.14273281171186294,0.3904134571312765,2,WARM_HUMID
26.1,42.0,-0.181072417707653,0.22360715554132207,1,COMFORT
32.0,69.0,0.10921405999857413,0.8442778617003809,2,WARM_HUMID
19.4,29.6,-0.06818496338126434,0.2214822113806812,0,COLD
23.1,34.0,0.006578516873105066,-0.4241860873549264,1,COMFORT
24.4,32.2,-0.1363792712669774,-0.20900203844597845,2,WARM_HUMID
26.6,54.9,-0.07502536460608557,-0.34432720887569496,1,COMFORT
26.4,39.6,0.02342595497551964,0.4661469163325969,2,WARM_HUMID
27.2,80.7,-0.020566574017493993,0.2371608496231392,2,WARM_HUMID
26.2,40.3,-0.08719610825099403,-0.4646573581853047,2,WARM_HUMID
27.5,32.0,-0.10491218101849313,0.36559025164768283,2,WARM_HUMID
24.5,68.7,0.01900803485133377,-0.7807470430477111,2,WARM_HUMID
23.3,76.2,-0.025196942520440448,0.32363833382357915,1,COMFORT
25.9,40.0,-0.24682683676880193,-0.07003868678877939,2,WARM_HUMID
33.4,56.1,0.04824547023049546,0.4000876384593117,3,HOT
30.0,76.6,-0.15441300894249008,0.17794637866854524,2,WARM_HUMID
19.5,40.7,0.2512694909535339,-0.6888975975239361,0,COLD
19.1,46.6,-0.14211343425276882,-0.47562779675768435,0,COLD
15.7,52.0,-0.22905096808611178,0.5510087624665156,0,COLD
27.4,22.0,0.014778903735808178,-0.128669640482551,2,WARM_HUMID
18.6,26.7,-0.11161631485290767,0.11654556820533508,0,COLD
18.8,66.0,-0.044835429465966616,-0.45236297520052643,0,COLD
31.8,38.4,0.24867564016782245,0.032560832047070304,3,HOT
19.6,35.0,-0.03033678657756301,-0.15599156538807898,0,COLD
16.4,48.5,0.28313270253837697,-0.08723862109945119,0,COLD
14.0,48.0,-0.22166581616299755,0.8549476440761655,0,COLD
10.0,54.0,-0.05275113642656571,-0.291246740529523,0,COLD
24.3,21.6,-0.04395009049969074,-0.08495151223253566,2,WARM_HUMID
35.5,29.0,0.153810985612693,0.02206885601192217,3,HOT
21.7,52.6,-0.16012725317861246,-0.3121626820742498,1,COMFORT
14.5,60.0,-0.010043833547286865,0.3939626360100655,0,COLD
33.4,50.7,-0.09386057452352893,0.039831328016788986,3,HOT
25.3,34.3,-0.013360865318158848,-0.22848661397620731,2,WARM_HUMID
29.6,37.9,0.0843065177830176,0.618993794999811,2,WARM_HUMID
21.5,45.0,0.1424833602373938,-0.747109126857461,1,COMFORT
33.5,45.0,-0.21375176616775737,0.14075437476351157,3,HOT
17.5,65.2,-0.007129844255883318,-0.4065492291937816,0,COLD
20.8,30.5,-0.0574226221480125,0.12259909674809218,0,COLD
15.1,61.4,0.06691840236517964,-0.24843675151900035,0,COLD
23.7,41.0,0.007136912572918169,-0.11592002610975094,1,COMFORT
21.1,30.1,-0.2176637041177409,0.09220603275163966,0,COLD
21.7,51.7,-0.027291815751362795,-0.23998731945317245,1,COMFORT
18.3,60.5,-0.041217093279035354,-0.4331270918761,0,COLD
26.0,40.0,0.017144340741074435,-0.3145554159893625,2,WARM_HUMID
26.1,24.0,-0.08854800358955699,-0.15939334771664818,2,WARM_HUMID
26.9,40.5,0.3044332182631697,-0.5677160066444054,2,WARM_HUMID
22.0,49.0,-0.30150414341173226,0.08417944392943204,1,COMFORT
31.8,31.2,-0.09308113131684909,0.11862818235942069,2,WARM_HUMID
35.6,38.4,-0.08003180060760806,-0.026160107689842144,3,HOT
18.7,36.0,0.3560595943655132,-0.3514764686573375,0,COLD
24.5,26.0,-0.13134467416886583,0.4385090887903842,2,WARM_HUMID
21.7,68.9,0.053320473721939425,0.2762456593744127,0,COLD
33.1,43.0,0.03259229567087827,-0.028533491706871,3,HOT
27.2,32.0,0.03857984555338911,-0.1914067557381218,2,WARM_HUMID
29.0,46.0,0.06576190492449678,0.5161499639593798,2,WARM_HUMID
18.1,39.4,0.11799127833770223,0.08072836002434046,0,COLD
31.2,36.0,-0.007109230245713301,-0.2821617128426461,2,WARM_HUMID
20.5,31.2,0.22911738383551755,-0.06802587918176449,0,COLD
29.9,73.9,0.12766039631530443,0.5191852847633972,2,WARM_HUMID
25.6,23.1,-0.06820150648704133,-0.25725416719009814,2,WARM_HUMID
13.4,50.3,-0.047918211048965806,0.18906060758149998,0,COLD
23.0,49.0,-0.09614121738964136,0.2559233585962692,1,COMFORT
26.6,48.2,0.12158129984204075,-0.16401294739092734,1,COMFORT
17.5,60.8,-0.13831044041153392,-0.10800171064361996,0,COLD
19.7,30.8,-0.1385100708787621,0.24277987156758396,0,COLD
24.4,25.0,0.19875647194727694,-0.35857700772628787,2,WARM_HUMID
35.0,65.0,-0.05158418934935873,-0.7837424046659195,3,HOT
35.0,93.0,-0.25930930609668124,-0.2820287059848653,3,HOT
21.2,30.8,0.1203751730540054,0.2592283912795927,0,COLD
32.0,61.9,0.05565806073230447,0.01273396965982334,3,HOT
23.0,39.4,-0.09363579354506314,0.06937067436871873,1,COMFORT
19.7,51.5,-0.034200859021457676,0.6364755852576004,1,COMFORT
13.4,48.4,-0.07769579573166564,-0.2894410478067493,0,COLD
34.3,19.0,0.13191255617061046,0.008378835544650484,3,HOT
23.6,63.5,0.11513335650988488,0.7942584773068005,1,COMFORT
19.0,37.2,-0.10606666219398139,0.5419825704456445,0,COLD
22.8,49.0,0.05415289319259068,-0.27332946704348765,1,COMFORT
21.5,67.0,0.07122245458999284,-0.24018101783903917,0,COLD
28.3,48.7,-0.11283821115913564,0.7390413673135152,1,COMFORT
27.5,67.6,-0.11596906273443974,-0.11308141652032085,1,COMFORT
25.0,24.1,-0.012582454833078969,-0.5513966065666196,2,WARM_HUMID
12.2,65.7,0.1879327993601845,0.06875214754062121,0,COLD
19.2,58.0,-0.18374610105447123,-0.5492069720812094,0,COLD
36.9,41.8,0.1591207807328169,0.12400716515786868,3,HOT
28.1,34.0,-0.03859500009266844,-0.124979029853233,1,COMFORT
18.8,33.7,0.045301407838531725,-0.4080775174791752,0,COLD
18.2,36.7,-0.12807346312565657,-0.16031302912721965,0,COLD
18.8,66.9,0.1424469508286531,-0.5388890005739674,0,COLD
26.1,26.2,0.011206428810156136,0.16824733195047017,2,WARM_HUMID
12.8,56.9,-0.4079556541088403,-0.011317581830641115,0,COLD
22.6,28.5,0.05179742918630716,0.5315719680348655,1,COMFORT
18.7,42.5,0.0032833231747252164,-0.12491470163789341,0,COLD
15.1,71.6,-0.128752222423919,0.3876253748095523,0,COLD
26.9,60.0,-0.2812758704468617,0.21473720464065524,2,WARM_HUMID
31.7,50.3,0.011030330953133988,0.8668254872644265,2,WARM_HUMID
28.7,51.1,0.10302868665183841,0.5077225817489027,2,WARM_HUMID
27.8,74.0,-0.024179502226063587,-0.25930582282113795,2,WARM_HUMID
23.0,79.3,-0.06251952290768828,0.3002426809073431,1,COMFORT
18.7,44.0,-0.006438298254148252,0.13863012808515338,0,COLD
19.2,19.3,-0.27421841228813254,0.6394062108585832,1,COMFORT
13.8,54.7,0.06793114901923368,0.37094468176671525,0,COLD
35.0,68.0,-0.16491645338378128,0.18907585426283044,3,HOT
25.8,49.6,-0.009925657185022776,0.037361525307688416,2,WARM_HUMID
22.8,45.7,-0.05375263985333284,-0.03742000161405334,1,COMFORT
33.7,53.9,0.05192487315821714,0.3937813580633316,3,HOT
17.9,47.2,-0.20185306498174066,0.5047430876659917,0,COLD
17.3,52.0,0.18866077012554897,-0.06046040377398594,0,COLD
25.3,48.6,-0.10434681751802945,-0.37120401975570005,1,COMFORT
16.8,45.8,-0.18510289896220178,0.6263275662469806,0,COLD
25.9,21.8,0.17770702491743215,0.42423082110478494,2,WARM_HUMID
29.6,50.3,-0.008865986843393646,0.4367931367530073,2,WARM_HUMID
31.1,74.7,-0.06283306408929416,0.38823623457542666,2,WARM_HUMID
11.0,54.6,0.046927114673606815,0.08516667442126326,0,COLD
33.9,53.0,0.24982116666938647,-0.14269002833866318,3,HOT
19.3,38.9,0.10036180918075065,0.2987605783339419,0,COLD
26.9,52.0,-0.05538108006711692,0.5642524835138972,1,COMFORT
30.2,67.5,-0.1685508140208542,-0.3608510378109081,2,WARM_HUMID
30.7,65.4,0.036317695272359375,0.5226909546712818,2,WARM_HUMID
34.4,45.8,0.017541762098909053,-0.14610645620055526,3,HOT
22.5,34.3,-0.184757955400322,-0.20300948945808012,1,COMFORT
26.3,35.5,-0.19227041701680742,-1.0845610387486035,2,WARM_HUMID
32.6,43.7,-0.12924090349404205,-0.5734137153252763,3,HOT
31.8,41.6,-0.027238249531491808,0.2738464152320596,2,WARM_HUMID
27.8,28.0,-0.2533729401045685,-0.2731888931739145,2,WARM_HUMID
27.7,54.5,-0.025508506309421853,0.016706119475085397,2,WARM_HUMID
31.4,74.0,-0.020841652629800176,0.023518431744298206,2,WARM_HUMID
16.9,33.7,-0.04899713447829172,0.3712674166755347,0,COLD
23.0,29.0,0.19812386252472974,-0.217392354091378,1,COMFORT
35.3,56.2,-0.001200007241442201,-0.7204882105889154,3,HOT
24.2,50.7,-0.035216004966728616,0.23863373492948692,1,COMFORT
28.7,51.2,0.4201831087635582,-0.024304484901566316,2,WARM_HUMID
32.0,79.0,0.2299666446683448,0.06596911268260362,3,HOT
23.0,53.7,0.1391573878125127,-0.48487513011835,1,COMFORT
31.2,69.0,-0.09955259479746344,0.6740512155939636,2,WARM_HUMID
30.3,50.0,-0.02582756504236134,-0.1507788603102354,2,WARM_HUMID
26.4,42.1,-0.03281594524169279,-0.6294557013609657,1,COMFORT
30.1,74.6,0.16029633293851273,0.050458931879504246,2,WARM_HUMID
34.3,42.0,0.24220939545103273,0.03735607264296811,3,HOT
29.2,55.0,-0.1403158053066893,-0.030057227024610462,2,WARM_HUMID
20.4,35.1,0.1592927494890024,-0.13160453571390074,0,COLD
28.0,63.4,-0.15702614294020023,0.26061333245452795,2,WARM_HUMID
22.3,39.6,0.08758245334260016,0.2878351579892278,1,COMFORT
27.5,41.7,0.14730813678190197,-0.30404558714263435,2,WARM_HUMID
22.4,43.2,-0.2312973414468514,0.011120468319666427,1,COMFORT
33.3,54.5,0.017856617811712595,0.15556849057674185,3,HOT
33.7,62.0,0.07764885307036845,0.1787977820832366,3,HOT
24.3,24.5,-0.03217538502363288,0.34705201340073627,2,WARM_HUMID
33.8,46.1,-0.198872870718953,0.10309238350598765,3,HOT
26.7,32.9,0.05655913644425997,0.24982600254311993,2,WARM_HUMID
19.8,36.8,0.16949555786107642,0.28164884815743774,0,COLD
29.5,58.0,-0.17486489355435272,-0.6999959299725208,2,WARM_HUMID
19.7,38.7,0.20878813315198783,-0.4399200501018168,0,COLD
24.3,43.0,-0.2550940874477067,-0.020231828029916594,1,COMFORT
19.8,31.6,-0.028595883991401352,-0.21408135044092602,0,COLD
21.0,30.5,0.12705898820724848,-0.35875757390670493,0,COLD
31.8,48.8,0.07227706035085128,-0.2676598406028421,3,HOT
29.2,53.6,-0.18043300808976914,-0.23103140625371155,2,WARM_HUMID
30.2,30.7,0.12657431617284368,-0.4488293839389069,2,WARM_HUMID
19.1,37.2,-0.0033896888195417544,-0.04260536804678715,0,COLD
32.0,62.0,-0.026357179854747628,-0.2162935481045564,3,HOT
20.1,30.0,0.007682317150758473,-0.8072356592360999,0,COLD
31.3,76.6,-0.16179911565458283,0.015902079134443626,2,WARM_HUMID
26.8,34.1,-0.1240274596260181,0.13838893038551206,2,WARM_HUMID
31.4,69.0,0.0006315781313678507,-0.2137874639106804,2,WARM_HUMID
31.4,70.1,0.1504203263137669,0.5556993841771484,2,WARM_HUMID
33.8,52.3,0.15003036569419131,-0.33521020970461446,3,HOT
24.3,25.5,-0.19467616498609988,-0.5973220215289021,2,WARM_HUMID
27.7,94.2,-0.08609019496113003,-0.01567815045037965,0,COLD
24.0,46.0,-0.09213353388248438,0.7406202188465555,1,COMFORT
26.4,84.7,0.1134095817739443,-0.11505867811805522,0,COLD
26.1,52.0,0.13430331461438993,-0.8183068051005036,1,COMFORT
29.2,62.1,-0.0014928432038281271,-0.4766089274549017,2,WARM_HUMID
27.2,41.7,-0.15867549279153514,-0.20354865996849375,2,WARM_HUMID
25.0,38.1,0.010213075200501074,0.45768461200128896,1,COMFORT
32.5,42.2,-0.1676829590437518,0.4199884409329959,2,WARM_HUMID
26.9,29.3,-0.0008584261357381071,0.22827315140223925,2,WARM_HUMID
33.0,59.0,0.1267730475607822,0.5751933726698548,3,HOT
26.4,23.1,0.01913154742043857,-0.0342714823899657,2,WARM_HUMID
19.5,57.7,-0.0348655129481237,-0.7903329264092984,0,COLD
29.3,62.0,-0.04408913768450303,0.21174324547252674,2,WARM_HUMID
35.4,46.9,-0.1082998308777203,0.12825019603248744,3,HOT
22.3,65.0,-0.04056131806169875,-0.03847446028727826,1,COMFORT
22.2,40.5,-0.12482314675742938,0.021086368727946416,1,COMFORT
30.9,72.7,-0.039934300930952425,0.18856326552312463,2,WARM_HUMID
20.0,30.0,-0.19710802570465238,-0.21027201494428077,0,COLD
26.4,36.2,-0.07599522506818789,0.21712820918354778,2,WARM_HUMID
25.9,24.8,-0.013272547813690298,0.8234286402505602,2,WARM_HUMID
15.2,40.1,-0.049829657421289995,0.08211311293587512,0,COLD
21.6,71.6,0.34968159049144865,-0.4595511318004277,1,COMFORT
15.7,68.9,0.15670490064846695,0.45133672102059696,0,COLD
26.0,57.7,-0.2621386875257206,0.5045433727691443,1,COMFORT
18.9,59.0,0.05412651378475657,0.9229658933383688,0,COLD
23.2,47.2,0.009295132635491515,-0.034769225398652,1,COMFORT
24.2,21.5,0.09099940854402969,-0.284837050375031,2,WARM_HUMID
12.2,59.2,-0.00572672689324246,-0.10001846981319151,0,COLD
28.0,42.8,-0.0008225457073886312,-0.1288930382000184,2,WARM_HUMID
19.2,70.0,0.3847731087899537,0.7571653255611783,1,COMFORT
33.3,26.0,0.19377444616776407,0.32321376965854154,2,WARM_HUMID
19.0,38.5,0.04431466223821443,0.5350373266015417,0,COLD
33.3,40.6,0.19262063240813507,0.33565037424096583,3,HOT
26.5,84.6,-0.08226055218953464,-0.5869310463226246,0,COLD
22.6,49.2,0.0529427371680689,-0.2401533046541351,1,COMFORT
24.4,31.9,-0.08127345919069835,-0.4338287358795862,2,WARM_HUMID
29.6,69.0,-0.06674553044806911,-0.36123162029328554,2,WARM_HUMID
24.0,50.3,0.02492851065467888,0.04199133434613256,1,COMFORT
28.2,42.2,-0.06701145654729702,-0.11828205028998112,2,WARM_HUMID
26.7,32.0,-0.23517891380481837,-0.07391772690805788,2,WARM_HUMID
31.3,24.2,0.16612488601772343,0.4253527422142918,2,WARM_HUMID
18.8,43.2,0.0019323190291238798,-0.317378742672543,0,COLD
20.1,31.0,-0.10854464944658694,-0.3562365971417989,0,COLD
18.2,65.0,-0.06967029491663482,-0.08980941320993775,0,COLD
27.7,50.0,-0.011418336845874158,0.1928376639647227,2,WARM_HUMID
20.7,31.7,0.12849976798041096,-0.5603394819469568,0,COLD
11.0,50.3,-0.1818239075027782,0.05654375285163116,0,COLD
23.7,40.2,0.11919618053604883,-0.020847483765759442,1,COMFORT
18.0,49.6,0.23440027578460243,-0.1464064535137376,0,COLD
31.1,28.9,-0.09462683261862845,-0.8915612527360621,2,WARM_HUMID
28.4,25.9,-0.19498116110526784,0.24162494608146845,1,COMFORT
26.8,48.0,0.1819646549968775,-0.47367598574070036,1,COMFORT
23.0,30.1,0.22503284459058656,-0.1092095584023044,1,COMFORT
12.2,59.2,-0.09472496962623984,0.29636189701710147,0,COLD
18.3,45.3,-0.2107365608342975,1.0460830009007984,0,COLD
24.2,53.5,-0.19356758472397825,0.2841883980942811,1,COMFORT
27.1,24.0,-0.19283483905666657,0.28668918063982596,2,WARM_HUMID
28.2,36.0,-0.3474215794453315,0.36671550843533085,2,WARM_HUMID
36.4,38.0,0.0718678691674158,-0.08899729883509239,3,HOT
27.8,52.0,-0.22544554925927296,0.2573190416188425,2,WARM_HUMID
25.9,45.0,-0.23234407875802124,0.5384275191659241,1,COMFORT
29.0,36.3,-0.23690177431053905,0.47818445480030025,2,WARM_HUMID
29.3,42.1,-0.17298765403304134,0.4771792308863604,2,WARM_HUMID
14.1,44.6,-0.0010883547698491748,0.2666261897440464,0,COLD
21.5,59.8,0.05193943616297437,-0.20627117385666938,1,COMFORT
18.7,36.9,0.001831302297207701,0.4008264310314935,0,COLD
21.1,29.3,0.034435896161137965,-0.38643119161271566,0,COLD
29.5,66.0,0.13040957626181862,0.07989291570797091,2,WARM_HUMID
30.3,71.0,0.09047941095880273,0.05179519089292888,2,WARM_HUMID
29.2,63.5,-0.0026273274486721255,-0.665860315774941,2,WARM_HUMID
26.8,47.3,0.09831984418972002,0.5941108890495203,1,COMFORT
30.8,74.5,-0.1329357650045194,-0.2713172913636053,2,WARM_HUMID
25.3,20.3,0.24203384612989035,-0.5249043241430587,2,WARM_HUMID
30.9,27.8,0.2709133676755442,-0.3946117567769709,2,WARM_HUMID
34.6,54.0,-0.04157494995644125,-0.15900138235106087,3,HOT
32.8,60.1,-0.036782086701472025,-0.12242889512150541,3,HOT
30.1,71.3,-0.06305329898647889,-0.41370935343932697,2,WARM_HUMID
33.9,52.0,0.23075924766574174,-0.14827477418531385,3,HOT
37.0,58.0,-0.17203128076410654,-0.1432437791238843,3,HOT
14.6,64.8,0.08615098420888327,-0.19451275748523308,0,COLD
29.8,61.9,0.22370690744434202,-0.39580814679587173,2,WARM_HUMID
23.5,39.3,-0.11297686919293054,0.7358625615278459,1,COMFORT
22.7,57.4,-0.0015082428274167308,-0.1651711321312631,1,COMFORT
16.0,59.8,-0.03066087636729708,0.24709513556997886,0,COLD
28.5,64.0,-0.05833242969550042,0.03250362398422713,2,WARM_HUMID
30.8,63.5,0.1364341827778939,-0.4892526504589803,2,WARM_HUMID
16.1,69.0,-0.017044040177884467,-0.5154484212422906,0,COLD
29.8,62.5,0.13029616970333863,-0.29263407806953284,2,WARM_HUMID
24.4,73.7,-0.34925273531615414,-0.32090174532516286,1,COMFORT
29.4,45.8,0.11391117802453232,0.04232541781236542,2,WARM_HUMID
23.1,59.1,0.007855915309135271,0.29064602516164023,1,COMFORT
27.2,32.8,0.11128712921558592,-0.172965193756062,2,WARM_HUMID
32.4,38.0,0.11786493734290363,0.22106444274966602,3,HOT
27.9,38.4,-0.24896057713394595,-0.10554695500945431,2,WARM_HUMID
20.4,31.3,-0.09682157664729427,0.311918561153522,0,COLD
31.1,75.9,0.0823683697237274,-0.167472497137378,2,WARM_HUMID
26.0,30.1,0.005748810328834487,0.8441617171021399,2,WARM_HUMID
35.4,48.6,0.08550115931703596,-0.16449698068185578,3,HOT
17.8,49.7,0.1386558925918409,0.9438801766279911,0,COLD
22.0,48.1,0.2812749964111446,0.007686531619303769,1,COMFORT
22.5,41.4,-0.0922086519014309,-0.2124269684926421,1,COMFORT
15.4,60.0,-0.03364732128339295,0.3043841442176349,0,COLD
35.6,32.5,-0.12419798970027413,0.4022636654065333,3,HOT
16.0,51.5,-0.18772841914567964,0.10845488902789409,0,COLD
30.4,69.0,0.24792512795085409,0.24693834940395354,2,WARM_HUMID
32.2,65.5,0.07999875459215212,0.38399424659012843,3,HOT
30.9,85.0,0.016163029705977643,0.7768215059291017,3,HOT
24.1,76.6,-0.07002831155998791,-0.45264829066207946,1,COMFORT
26.1,57.1,0.045064005912113646,0.21307418344822376,1,COMFORT
19.6,40.0,0.055897227972008266,0.05828731056245915,0,COLD
34.5,47.6,0.18283407656890707,-0.3635829865995122,3,HOT
20.3,48.7,-0.08856611553049124,0.22819231100442905,1,COMFORT
28.4,50.1,-0.0023033606273634953,-0.0499270215903497,2,WARM_HUMID
10.4,54.2,0.07519819399819531,0.25860878534423154,0,COLD
24.7,39.7,0.18451089586344524,0.9338753021764934,1,COMFORT
16.1,51.1,0.18627110685498732,-0.6634519736457682,0,COLD
22.5,42.0,0.25036042887394966,0.584516300101053,1,COMFORT
28.1,39.0,0.3739499276149186,0.31420796306593035,2,WARM_HUMID
21.7,36.6,0.048324541012823984,-0.4089636846446248,1,COMFORT
26.0,57.3,0.12702805040784787,-0.00036665307191654833,1,COMFORT
28.7,46.7,0.06887419739678372,0.21496293737005134,2,WARM_HUMID
20.6,46.6,0.20484057580539355,0.16915773811365112,1,COMFORT
21.7,19.7,0.1325770731987258,-0.021834939574113577,0,COLD
26.4,53.1,0.12040913586565466,-0.23801621741990658,1,COMFORT
19.5,30.5,-0.13003268773252,-0.03596624597548944,0,COLD
31.7,75.1,-0.010015622656611866,0.13752119740592103,2,WARM_HUMID
34.3,21.0,-0.2254442842499807,0.46553727546207785,3,HOT
23.4,46.5,0.004780957841509072,0.7084037965923117,1,COMFORT
22.3,34.5,0.17359805811469012,-0.01239835321246058,1,COMFORT
23.5,68.3,0.14945984066004994,0.14065810252718128,1,COMFORT
30.5,67.8,0.05798738837563946,0.1439296629127173,2,WARM_HUMID
18.9,59.5,0.2794139529570423,0.28049125344173803,0,COLD
21.4,47.1,0.015862826802367436,-0.2043577662683248,1,COMFORT
27.7,36.0,-0.0574225784419453,-0.44015765676881896,1,COMFORT
21.7,28.2,0.15627219634202721,-0.43342632484717747,1,COMFORT
25.7,48.8,-0.05163453309329195,0.11096709557468012,1,COMFORT
27.9,75.4,-0.1784138467058938,-0.032128525900442274,2,WARM_HUMID
35.7,46.4,0.22494688408546967,-0.3458011107777334,3,HOT
22.2,63.0,0.1400013456310879,-0.07562187665565027,1,COMFORT
33.9,52.0,0.23075924766574174,-0.14827477418531385,3,HOT
26.6,41.0,-0.3150039761477436,-0.38750986489454703,2,WARM_HUMID
18.1,58.2,-0.18595320006804142,1.1533738661013646,0,COLD
10.0,54.0,-0.05275113642656571,-0.291246740529523,0,COLD
19.0,46.0,0.16847125684621825,-0.35917351218960536,0,COLD
29.5,35.0,-0.2925743265256866,0.06783840664256467,2,WARM_HUMID
26.6,78.7,-0.013320210400662797,-0.04098176335794544,2,WARM_HUMID
30.0,93.0,0.003593792853523066,0.025982537643084724,3,HOT
32.7,69.6,0.04436446211211754,0.639837307537162,3,HOT
24.0,17.1,0.011233137655733662,-0.4495921530853248,1,COMFORT
23.4,48.0,0.23661799196452116,0.6021068356205456,1,COMFORT
30.7,44.2,-0.09032421542609219,0.4044029311853783,2,WARM_HUMID
11.0,49.3,0.0020215362274439534,0.07341067829166552,0,COLD
21.6,47.5,-0.16121218315576846,-0.5222354058544951,1,COMFORT
24.0,49.9,0.0316814098836685,-0.1616810617699771,1,COMFORT
27.0,19.9,-0.03970751523408927,0.8688592815144954,2,WARM_HUMID
24.1,46.3,0.02880063554530151,0.2774543018411106,1,COMFORT
26.2,37.8,0.11639522413446064,-0.3973145900401873,1,COMFORT
18.0,58.1,-0.047683183739635496,0.02519734180357602,0,COLD
27.4,53.2,-0.025742965497440422,-0.31153327430341216,2,WARM_HUMID
28.9,60.8,0.07609156962236464,0.6857225904857511,2,WARM_HUMID
29.7,74.7,-0.0048028206730606204,-0.001570262573774482,1,COMFORT
21.3,45.0,0.04575627137541944,0.038319271435466665,1,COMFORT
27.4,51.0,0.099319601178157,-0.795385165325558,2,WARM_HUMID
33.0,61.0,0.0489199533363177,-0.9902542209144878,3,HOT
22.7,51.7,0.08704021792782458,0.25441888006827085,1,COMFORT
38.0,70.0,0.10379414899885323,-0.7991808603896438,3,HOT
29.9,60.8,-0.09417421549822992,-0.40673366881051765,2,WARM_HUMID
24.4,53.1,0.15616617247868445,-0.5788391258795527,1,COMFORT
24.3,19.0,-0.06393210183938443,0.09760664520776642,2,WARM_HUMID
29.6,29.0,-0.2005088158313896,0.511023670047972,2,WARM_HUMID
26.2,33.7,-0.010069227815108838,-0.10395761768247631,2,WARM_HUMID
33.6,55.9,0.2928777140844142,-0.01936095734905343,3,HOT
34.6,15.3,-0.08263646087652032,0.3160019246129598,3,HOT
24.5,30.4,0.13686677762861787,1.3971031180212217,1,COMFORT
30.5,40.0,0.2056268869895724,-0.2827026663101399,2,WARM_HUMID
23.3,55.0,-0.026516124467367314,0.014064058769460966,1,COMFORT
19.8,45.1,0.07219808534662776,-0.08198941411722696,0,COLD
31.0,45.0,-0.008985266338221562,-0.46479334113573956,2,WARM_HUMID
35.6,39.3,-0.16515175890096176,-0.39918458904197096,3,HOT
32.1,37.0,0.20647446750293066,-0.6076961890798631,2,WARM_HUMID
31.2,56.0,0.2179249427473333,0.04199041607851862,2,WARM_HUMID
25.9,32.7,0.006630926232067878,0.22948665687424527,2,WARM_HUMID
27.8,55.0,0.24230635342041626,0.30994604151842164,1,COMFORT
24.0,22.8,-0.11921923598980667,-0.16486016281288007,2,WARM_HUMID
20.6,31.7,0.09263565754772562,0.032054318358704384,0,COLD
17.4,39.9,0.027251974068173715,0.47882720713515914,0,COLD
29.7,75.1,-0.11042956265740114,0.3921550581804871,2,WARM_HUMID
19.5,57.7,-0.14141283797448023,-0.27584369307711526,0,COLD
25.1,28.9,0.17955958686034101,-0.41427872801087945,2,WARM_HUMID
22.0,19.8,-0.16328000292256362,-0.18505978727724734,1,COMFORT
25.9,31.4,-0.027497526303495588,0.8115882955022841,2,WARM_HUMID
13.0,72.0,-0.024632067606224144,0.377340846677252,0,COLD
14.5,72.0,0.1028337544825776,-0.3511529579206299,0,COLD
18.2,28.0,0.11000220107672713,0.6496250117837246,0,COLD
19.2,37.5,-0.022942609404931327,-0.1442134508118306,0,COLD
27.1,42.0,0.06450202857170323,-0.053245641710187,2,WARM_HUMID
14.9,33.8,0.25140321881398947,0.3559195866475026,0,COLD
33.4,58.0,0.1069497645258582,0.043220821106364334,3,HOT
30.9,42.1,-0.2633156845966065,-0.07167400678149206,2,WARM_HUMID
30.1,28.9,-0.3017972048558554,0.39523102401275984,2,WARM_HUMID
20.2,46.2,-0.24191105535767682,-0.3059754072658961,0,COLD
17.7,55.5,0.061555759337724,-0.4457936276690429,0,COLD
16.1,48.0,-0.005182339138535938,-0.06013034984024967,0,COLD
23.3,43.6,-0.04831110889868896,-0.6600106604089846,1,COMFORT
31.7,58.0,0.053964855624902934,0.507954328837796,2,WARM_HUMID
31.1,56.2,-0.10488660963436129,-0.17012845010234778,2,WARM_HUMID
23.0,56.8,0.07268293893919374,0.25548735766627095,1,COMFORT
18.3,60.0,0.06748633332468416,-0.24083741772062026,0,COLD
33.3,31.8,0.1259984003916857,-0.4801628576754857,2,WARM_HUMID
20.1,30.0,0.020418695111376627,-0.16541398129156845,0,COLD
28.0,63.5,-0.15317474600890935,-0.029316828096707593,2,WARM_HUMID
24.4,65.2,-0.002892301462834686,-0.2519171145318903,1,COMFORT
27.3,73.0,0.24674419962718533,0.11305506017900975,2,WARM_HUMID
26.5,36.4,0.011151863347473487,-0.6029586858526698,2,WARM_HUMID
19.0,37.0,0.11078490588030922,-0.033557856047282175,0,COLD
20.9,30.5,0.060025440780074615,-0.1590852461771475,0,COLD
14.0,47.8,0.08352726163483366,-0.0952408809654634,0,COLD
21.3,28.5,-0.0612136045693068,0.23884324239617427,1,COMFORT
19.9,35.5,-0.053616426973689714,0.13767992711197502,0,COLD
15.1,43.7,0.005076785396914114,0.871216412040978,0,COLD
25.5,56.1,0.38591285838667105,-1.0165603050035465,1,COMFORT
22.6,45.8,0.03437888475908589,-0.1642444758492051,1,COMFORT
19.2,59.0,0.11262481640202232,0.10378233431789555,0,COLD
19.2,66.4,-0.042418981516398724,-0.10692208375840645,0,COLD
34.3,15.3,0.2640942051936739,-0.13079335139078327,3,HOT
25.4,20.8,-0.05705503441487937,-0.44795279177755776,2,WARM_HUMID
33.5,45.0,-0.21278040815411564,0.15249356825096053,3,HOT
25.5,44.4,-0.07652504781093773,-0.1604578479612062,1,COMFORT
26.2,24.1,0.13356856426154917,0.24487403350310888,2,WARM_HUMID
22.5,52.2,0.21246133437379225,-0.18709043877970435,1,COMFORT
33.1,19.0,-0.05052901614403319,0.7459795933869806,3,HOT
24.6,26.0,0.17996546665552235,0.5786292610700711,2,WARM_HUMID
17.9,45.4,-0.19314079254795916,0.3144067383183505,0,COLD
26.4,34.7,0.1426532004267232,0.6293523592654897,2,WARM_HUMID
35.5,31.0,0.10188652633725437,0.20835047324770084,3,HOT
28.9,54.0,0.003196747300791333,0.4342195235649734,2,WARM_HUMID
19.7,40.6,0.16526067926793134,-0.37648538816637167,0,COLD
22.2,24.7,-0.11740897395512659,0.47075125395793693,1,COMFORT
25.4,41.6,-0.5452800341310153,0.07012580055837779,1,COMFORT
22.3,44.3,0.17456785736127892,-0.3118248063975275,1,COMFORT
16.4,56.0,0.13825369472141547,0.7163072993893019,0,COLD
18.7,66.0,0.10361734897209496,0.09475353063128318,0,COLD
24.7,24.7,0.06329881215376668,0.05823872455546795,2,WARM_HUMID
15.9,72.0,0.23896404272478755,0.02732483193321031,0,COLD
32.2,66.9,0.22681892135649812,0.06163910910404802,3,HOT
29.5,28.4,0.04860546640597999,-0.3455732927892556,2,WARM_HUMID
12.2,61.8,-0.3758830013307325,-0.41349988110904523,0,COLD
30.4,70.7,-0.06052125442497093,-0.29186975077118615,2,WARM_HUMID
30.4,42.8,0.2891923770363124,0.08942620139206309,2,WARM_HUMID
29.5,38.3,0.2522017848978434,-0.4394962067390227,2,WARM_HUMID
19.6,46.8,0.1279713454175382,0.17923922944653842,0,COLD
22.2,53.5,0.1430542698953661,-0.011717637966370237,1,COMFORT
22.5,28.6,-0.01305228349772061,-0.16666202053295928,1,COMFORT
30.0,66.8,0.08425462005916502,0.2631198450881329,2,WARM_HUMID
12.2,63.1,0.043006421873120176,0.4294208666516817,0,COLD
31.9,66.5,0.002308134675190299,-0.10779588727945162,3,HOT
26.8,59.0,0.03332006574505692,0.618566528550671,2,WARM_HUMID
17.1,31.0,-0.22944385477614088,-0.22565712891729237,0,COLD
19.6,29.9,0.20090941836587356,0.41627313854961207,0,COLD
26.1,52.5,0.16474575239848532,-0.12229962801717792,1,COMFORT
29.5,58.0,-0.02969280364855028,-0.13224749531733523,2,WARM_HUMID
18.8,49.8,0.25306453192020656,0.3565994107726018,0,COLD
24.1,50.0,-0.22280965910548797,-0.22019887873928556,1,COMFORT
35.0,57.0,0.08334561400190385,-0.2622564900716597,3,HOT
22.9,69.1,0.10883310856168142,-0.43930604817487806,1,COMFORT
32.0,79.0,-0.017375897420923728,0.3390485668362273,3,HOT
23.8,32.4,-0.394008260992696,0.22630578542259816,1,COMFORT
26.6,78.7,-0.07828418090656863,0.5715436708886056,2,WARM_HUMID
28.7,61.0,0.09784592274153456,0.19652627711668735,2,WARM_HUMID
27.6,81.2,0.2531253099977268,-0.09435142299937764,2,WARM_HUMID
23.2,70.5,0.16969306595380898,0.4831788336159566,1,COMFORT
26.8,59.0,-0.06517443411484733,0.32542068805257046,2,WARM_HUMID
24.9,57.0,-0.025087722570736982,-0.15658695374151588,1,COMFORT
26.3,39.8,-0.15933604760149261,0.19922499634813903,2,WARM_HUMID
32.8,65.3,0.14296320824887404,0.26120439875352747,2,WARM_HUMID
30.8,70.5,0.033722510503721215,0.1264384574245636,2,WARM_HUMID
29.9,78.6,-0.0402190545941775,0.6052555158508277,2,WARM_HUMID
27.8,89.3,-0.0001606700306121278,-0.03163734807063156,0,COLD
27.2,64.9,-0.04266656478148424,-0.26582241235167325,1,COMFORT
22.1,29.1,-0.15595334162114713,-0.13484151062510966,1,COMFORT
34.1,47.9,0.1879595590393369,-0.2646262022115637,3,HOT
18.6,49.8,-0.1843427991577923,0.5171001165002805,0,COLD
28.5,59.7,-0.0837178114291427,-0.3311535480112099,2,WARM_HUMID
19.9,44.4,0.09670347049263499,-0.4320265082987065,1,COMFORT
18.9,59.1,-0.09471038333498373,0.35978904953242374,0,COLD
26.9,60.0,0.047876176562877064,-0.05472372492619381,2,WARM_HUMID
33.1,60.0,-0.4798896967818267,0.40494896490790755,3,HOT
17.2,52.8,0.07798896591581764,0.1361763329627726,0,COLD
18.2,45.1,0.2948789839168108,0.11275331724114375,0,COLD
24.3,31.1,0.11576138528717604,-0.5007981809517124,2,WARM_HUMID
21.7,35.3,0.08620394905613991,0.7285169912642301,1,COMFORT
19.0,46.0,0.16847125684621825,-0.35917351218960536,0,COLD
26.1,49.1,0.20274923066146652,-0.29755273322937675,2,WARM_HUMID
19.0,50.9,-0.06095080960502037,0.5150099444783999,0,COLD
22.1,54.8,-0.03454797494822068,0.27527363058865806,1,COMFORT
22.8,27.7,0.47371101392784354,-0.02348757149412546,1,COMFORT
34.7,46.2,-0.24539983362444423,0.06149922232949694,3,HOT
30.6,74.6,0.10604325148808137,-0.32177638597849956,2,WARM_HUMID
23.3,79.5,0.04891930278905542,0.6398003362736735,1,COMFORT
30.2,66.9,0.2516618261657809,-0.4182467206291396,2,WARM_HUMID
30.3,75.6,0.2836094772891044,-0.3380125268008577,2,WARM_HUMID
11.0,53.2,0.07364903435485835,0.5344782243292513,0,COLD
26.6,30.8,-0.05688362249661836,-0.08910945408743207,2,WARM_HUMID
21.8,29.8,-0.022543751778103017,0.21297411736309618,1,COMFORT
17.6,63.9,0.12131219248563291,-0.25306645055844584,1,COMFORT
37.1,45.8,0.026684919433448445,-0.015374258879523617,3,HOT
32.1,15.4,-0.09543355689778947,0.6219259128527278,2,WARM_HUMID
24.6,56.0,-0.09243929328239535,-0.2854031641436067,1,COMFORT
18.4,32.7,-0.01108985478853654,-0.013497809517292434,0,COLD
32.0,86.0,-0.04658173104163665,0.1698997476292231,3,HOT
21.3,73.8,0.06366646797136892,0.10276560321781941,0,COLD
17.7,52.1,-0.09002347425132412,0.5978137846703516,0,COLD
20.1,30.0,0.0411227826540377,0.44107128937887197,0,COLD
26.0,42.9,-0.1614725258859356,0.35356594880043174,1,COMFORT
36.8,40.5,0.07978648105811752,0.37750220820512204,3,HOT
27.0,22.0,-0.14418287675864525,0.16244162188731465,2,WARM_HUMID
17.2,73.9,-0.046681243376052214,0.5017633718523528,0,COLD
12.2,66.5,0.21915145586709164,0.17744073505120242,0,COLD
21.0,31.2,-0.21872887264754803,-0.12760512711755476,1,COMFORT
21.8,35.4,-0.20841458893828665,-0.16084450450909898,1,COMFORT
30.9,72.0,-0.032865079321329635,0.5105164473027758,2,WARM_HUMID
25.8,42.7,-0.007925165132105354,0.17053969156197166,1,COMFORT
26.1,48.7,0.024660429191461,-0.5460589005701307,1,COMFORT
28.4,35.0,-0.03332015784233838,-0.5830165378479379,2,WARM_HUMID
15.1,62.3,-0.2623021849717348,0.295867218256829,0,COLD
22.8,27.6,-0.06477710157255624,0.06565989810877655,1,COMFORT
28.1,38.0,-0.2659548702310322,-0.20385016291975466,2,WARM_HUMID
21.2,70.8,-0.06848679364171603,0.33149638633866607,1,COMFORT
25.9,34.4,0.06047552499515846,-0.11159593136055097,2,WARM_HUMID
29.7,75.7,-0.08775947570948991,-0.5899015672114043,2,WARM_HUMID
31.8,67.6,-0.0649464397863324,-0.015305983928319437,2,WARM_HUMID
18.3,66.5,-0.07776534478162557,-0.4565302564727127,0,COLD
24.3,28.9,-0.34775801794721245,0.4791680806705131,1,COMFORT
33.8,54.0,-0.0001398447886940542,0.4931344953695333,3,HOT
22.4,47.6,0.06310450979867409,-0.6407646167793596,1,COMFORT
30.5,61.2,0.012239755399809649,-0.24907381210461318,2,WARM_HUMID
25.5,44.7,0.028173020292442386,0.19672470884581042,1,COMFORT
32.1,48.0,0.18467942994703487,0.034535427053358755,3,HOT
26.4,53.1,0.12808262361312045,0.32924774691037245,1,COMFORT
34.7,48.0,0.055687115742763395,-0.08929413709207035,3,HOT
38.5,42.0,0.043401810543217186,0.15329216894998174,3,HOT
19.3,39.8,-0.034165646868545195,-0.19758441186391593,0,COLD
33.1,18.6,-0.07378191822217008,-0.17498074600663613,2,WARM_HUMID
20.9,67.7,0.3320155395513274,0.09151545326654799,1,COMFORT
19.8,52.2,-0.11635179842349068,0.8800957012294065,0,COLD
36.0,81.0,-0.30078852002115214,-0.019550425917616878,3,HOT
23.7,31.4,-0.15557523766572476,0.015210331321158115,1,COMFORT
29.9,28.0,0.2526419093453989,-0.22434372592957497,2,WARM_HUMID
27.7,31.0,-0.16996127596382352,-0.2571183342890526,2,WARM_HUMID
15.4,56.5,-0.04893505566620394,0.3363655192165749,0,COLD
27.1,60.5,-0.07036587119938534,-0.504977446188625,2,WARM_HUMID
19.5,57.7,-0.09529873848659176,-0.11040615218401735,0,COLD
27.3,52.9,-0.05024823968064432,0.11447097736931913,2,WARM_HUMID
35.6,32.8,-0.06205793971626851,0.08953911199194829,3,HOT
30.5,39.6,0.332371568647232,-0.2502967241224838,2,WARM_HUMID
35.8,46.1,-0.2014528903497121,-0.201556527794571,3,HOT
26.0,40.0,0.2525432008614253,0.6829208942083036,2,WARM_HUMID
22.2,45.3,-0.03026656087158547,0.1706735712571831,1,COMFORT
11.6,70.8,-0.05993643002972977,0.043679884668354874,0,COLD
27.8,62.1,-0.040472205091194945,0.045467975359561826,2,WARM_HUMID
30.4,52.8,-0.16210331934943636,-0.3320785314287183,2,WARM_HUMID
23.1,30.3,-0.09981463952710432,0.13303668864111629,1,COMFORT
19.5,57.7,-0.09149836495958388,0.4058462080666173,0,COLD
17.2,62.8,-0.06770628466220154,-0.4193713398702717,0,COLD
17.1,31.0,-0.09453621011070129,0.031137809428462,0,COLD
21.3,62.3,0.10358334064711333,0.6019255971630351,1,COMFORT
33.5,52.3,-0.057398461817768344,0.4158086610451701,3,HOT
20.7,31.5,0.04282292440320798,-0.14677091433568243,0,COLD
18.4,46.1,-0.05176561452287851,-0.48393908318115897,0,COLD
29.3,60.7,-0.06367075637966677,0.03945589716552674,2,WARM_HUMID
20.7,44.4,0.144799000074169,-0.11975153781626612,1,COMFORT
13.8,36.7,0.19261204148134303,0.32887508922082387,0,COLD
26.3,65.0,0.029913597898015065,0.23874546491165707,1,COMFORT
19.6,41.0,0.14031820518519314,0.39652740869302866,0,COLD
21.7,62.5,-0.01574001136418525,0.01882417173800241,1,COMFORT
22.5,25.7,0.1312842943744596,-0.30180075126508,1,COMFORT
20.1,46.8,0.056154970589621975,-0.11048796504675631,0,COLD
32.1,59.3,0.1818160069076707,0.43888691639332456,2,WARM_HUMID
23.3,23.6,0.048388604682390084,0.48253840164981654,1,COMFORT
33.0,67.7,0.06477029805654455,-0.5313493761475462,3,HOT
21.2,35.4,0.11755229235545503,-0.4413440444008229,1,COMFORT
29.8,39.0,0.06381863426774471,0.5769047221887843,2,WARM_HUMID
26.0,57.7,0.3349457068797648,0.2374154328980177,1,COMFORT
31.5,36.0,-0.05914012791900451,0.12374477290690085,2,WARM_HUMID
33.1,64.4,-0.06266326873812246,0.2227431981269511,2,WARM_HUMID
26.6,58.4,-0.06156047452928796,0.5372982584067235,2,WARM_HUMID
12.2,68.5,-0.059228456265532504,-0.0041978365069773975,0,COLD
18.8,39.9,0.04854487087694664,0.9983825287050394,0,COLD
26.8,39.8,0.1237052611179146,-0.3459696662673728,2,WARM_HUMID
35.9,38.8,0.05917869453108322,0.2633247113446801,3,HOT
11.0,53.7,-0.15188681634141274,-0.31739168002755896,0,COLD
20.7,31.5,0.08984945125263961,-0.25185015375617464,0,COLD
20.5,31.5,-0.023635890183455962,-0.47040170420659405,0,COLD
24.6,72.2,-0.24295347982749396,-0.8742965641743535,1,COMFORT
20.3,35.6,0.2658954597145155,0.33462417012714674,0,COLD
23.9,24.6,0.09282904952169531,0.5481590958263768,1,COMFORT
21.9,61.1,-0.1442102303686588,0.0851000208939668,1,COMFORT
31.9,23.0,-0.23191105345261367,-0.5452828265654097,2,WARM_HUMID
22.9,44.6,0.06435943354914109,0.3186030525990887,1,COMFORT
19.9,32.1,-0.2964891479993596,0.10377248376218462,0,COLD
15.0,50.0,-0.2832785119073109,-0.17176822580106854,0,COLD
25.2,83.0,-0.020129653392817946,0.7634407014623391,3,HOT
22.7,68.0,0.21819964370775688,-0.2625032836723067,1,COMFORT
20.8,29.6,-0.0020019697154971855,-0.005154416758256359,0,COLD
32.9,52.0,-0.22756550507746637,-0.1935711370693467,3,HOT
29.7,76.6,0.017882653565506126,0.05656405795009989,2,WARM_HUMID
36.5,34.0,0.14231076338830992,0.11211174226590144,3,HOT
23.4,49.3,-0.18934289327174217,0.2185476943184863,1,COMFORT
22.7,44.7,0.055410009952155774,0.4189945534105623,1,COMFORT
36.6,41.9,-0.02489339404938009,0.12367539689994422,3,HOT
20.5,31.5,-0.15016793680571916,0.6124135838132377,0,COLD
16.0,60.7,-0.006844864429914394,-0.3421286716084663,0,COLD
27.2,42.6,0.3617460287682853,0.7976807018387893,2,WARM_HUMID
19.1,33.3,-0.0031221133991912063,0.16404526882483872,0,COLD
20.0,27.9,0.05604801084317224,0.07892594457725138,1,COMFORT
33.3,50.3,-0.023630000509785722,-0.06046929938916721,3,HOT
24.5,30.4,0.060591062410245665,-0.448991162969448,1,COMFORT
27.3,55.6,-0.20100557745941752,0.5683810738506784,1,COMFORT
27.4,31.7,-0.09757267290709083,0.36987999541542727,2,WARM_HUMID
31.1,55.7,-0.08091446906676279,0.5508192850458925,2,WARM_HUMID
23.8,22.5,-0.19214818856061647,0.056187818935717164,2,WARM_HUMID
13.8,54.7,0.04369254985353845,-0.18724501425905973,0,COLD
35.5,22.9,-0.19530694070816873,-0.0459591711141014,3,HOT
26.0,57.3,-0.006222921344804257,0.19234706873307228,1,COMFORT
17.3,79.9,-0.15348798350633766,-0.41401725057632943,0,COLD
29.1,79.2,-0.13078589027906487,0.8497278549434237,2,WARM_HUMID
28.1,50.3,-0.09503112427110988,-0.3515686422926604,1,COMFORT
26.0,57.7,-0.21919059791184986,0.12648549492094185,1,COMFORT
23.7,29.4,0.09922749319164711,-0.20240347222734162,1,COMFORT
11.6,50.8,-0.2366653112164795,0.2719016218275191,0,COLD
35.6,39.3,-0.16515175890096176,-0.39918458904197096,3,HOT
24.0,33.3,0.12388988919081147,-0.018402664435235912,1,COMFORT
23.4,58.5,0.021237246407023208,0.0437063235490541,1,COMFORT
30.7,56.3,0.149872514680203,-0.16435759837023908,2,WARM_HUMID
18.8,40.6,-0.001806532943989725,0.1959980636198037,0,COLD
24.7,45.7,-0.08976105506868412,-0.02533806453947381,1,COMFORT
32.9,20.0,0.12232515336663938,-0.14152523301558181,3,HOT
26.6,58.8,-0.5391386309887377,-0.4963111842031027,2,WARM_HUMID
34.3,72.9,-0.12187047484385008,-0.42931526895394845,2,WARM_HUMID
11.0,57.4,0.2710612074965199,-0.12424816890493784,0,COLD
18.3,40.2,0.34764551830108176,-0.3146824769052885,0,COLD
19.0,31.1,-0.07615391552701373,-0.36454953767878945,1,COMFORT
33.1,46.6,-0.07833338366363511,-0.06932202681095403,3,HOT
19.6,33.0,0.0021017590411887286,-0.31422594434902495,0,COLD
34.4,42.1,0.08597403344827863,-0.09696352069152125,3,HOT
11.6,68.5,-0.03453755794780306,-0.16558013514816083,0,COLD
23.2,51.0,0.18353533236279412,0.410057977271339,1,COMFORT
23.7,44.9,-0.0521165428366953,-0.6182581811673709,1,COMFORT
18.4,36.2,0.13109846265103237,-0.6516755470843457,0,COLD
23.0,33.7,0.01000749915309143,-0.24902490756299886,1,COMFORT
19.5,40.2,0.06627378403939707,-0.12914825051527604,0,COLD
22.6,38.1,0.02277713244623559,-0.008994233463492976,1,COMFORT
27.7,45.6,0.059178540774281356,-0.7795510434830677,1,COMFORT
29.3,29.8,-0.22217185869325734,-0.028505376155913184,2,WARM_HUMID
17.6,59.8,0.06469257253294476,0.5180295924977226,0,COLD
30.5,65.7,0.16179132994728332,-0.8606610384252029,2,WARM_HUMID
35.0,37.0,-0.02840010680252613,-0.38314017942825834,3,HOT
21.9,59.0,-0.015794033981200186,-0.0911429102773938,1,COMFORT
35.4,45.0,0.004682188450434716,0.4056020239892839,2,WARM_HUMID
26.0,32.3,0.14779097715388842,-0.01756700474247699,2,WARM_HUMID
13.1,28.4,-0.1354365010571891,-0.12231361374131643,0,COLD
21.5,43.4,-0.1315944792561441,-0.37743650073538215,1,COMFORT
19.9,38.6,0.011857170322541882,0.40996233771493773,0,COLD
25.7,43.0,-0.24555336137931436,0.06208022338621281,1,COMFORT
30.3,66.6,0.20514769559039583,0.20513506903139694,2,WARM_HUMID
21.6,45.2,0.03684948620658737,0.17405714005633133,1,COMFORT
33.1,57.4,0.12351178363137952,0.3794424815516017,2,WARM_HUMID
26.2,31.2,-0.2719181586520423,-0.005094967207004621,2,WARM_HUMID
34.8,51.0,-0.2003197940172178,-0.12576723585594984,3,HOT
22.8,31.4,0.23713468790046388,0.8236813936820875,1,COMFORT
34.2,50.4,0.20996087186426626,-0.5320103063195545,3,HOT
22.7,30.6,0.13022797921686666,-0.05727378046789483,1,COMFORT
30.0,30.6,0.24774584230288188,0.2809146184586787,2,WARM_HUMID
35.3,45.7,0.05160767566423818,0.012204983173925703,3,HOT
19.3,46.8,0.032730798679827484,0.04530141233284099,0,COLD
18.4,33.3,-0.3381536509656712,0.08197808469690038,0,COLD
16.8,43.2,-0.00458317813070912,0.2655380567579341,0,COLD
13.4,52.2,-0.04205873797940723,-0.12064995031608657,0,COLD
19.2,39.6,0.15783167339355877,-0.02303204252228438,0,COLD
28.5,51.1,-0.017190305862625828,-0.247447115558699,2,WARM_HUMID
25.6,27.0,0.21307564309065946,-0.29948171484257513,2,WARM_HUMID
28.3,42.0,-0.19389380207283938,-0.11842467213897888,2,WARM_HUMID
28.2,53.5,0.2203820159590484,0.20115732129747854,2,WARM_HUMID
33.7,62.0,-0.09372278665435183,0.2888159593428475,3,HOT
21.0,31.2,0.21139326515021875,0.18638691000472685,1,COMFORT
16.4,50.4,-0.035388727662781005,-0.11271979876583343,0,COLD
38.7,43.0,0.007324668721261456,0.9818246914693782,3,HOT
27.6,48.0,0.005156296353969013,-0.2992511413496039,1,COMFORT
22.8,48.1,0.03887190169549388,0.2096645105418068,1,COMFORT
22.7,48.3,-0.049695747234982275,-0.13101572470725115,1,COMFORT
16.2,62.7,0.030953821839707477,-0.2245320909860146,0,COLD
33.9,17.6,-0.126065214400456,0.2460135453152651,3,HOT
33.4,59.4,0.1355837100954002,-0.23134928667742627,3,HOT
12.2,72.0,-0.041308807571179995,-0.22628990423520237,0,COLD
24.2,52.2,0.13062014943822328,-0.565332046977446,1,COMFORT
22.4,25.5,0.30208950455847217,-0.22723825634130237,1,COMFORT
17.1,71.0,0.028154881806939803,-0.4573594457909054,0,COLD
19.6,36.3,0.2054671652943568,-0.7109171746879237,0,COLD
25.8,36.6,0.003914220219502959,0.0906167972900917,1,COMFORT
29.9,57.6,0.13113542060744396,0.3045677342256319,2,WARM_HUMID
22.5,64.7,0.029793563200955636,0.38811211968507897,1,COMFORT
24.1,66.3,0.5102813343314887,-0.37936357446996155,1,COMFORT
21.6,68.9,0.02911473500284579,0.45435266578338074,0,COLD
24.3,50.6,0.16584472418891386,-0.1092460010521294,1,COMFORT
19.4,30.6,-0.13532495422571406,0.07394444195186244,0,COLD
22.2,45.8,-0.16175171886540318,-0.5820471025640014,1,COMFORT
33.5,44.2,0.11738377753643384,0.11023608641682175,3,HOT
24.8,42.9,-0.10322241580594707,0.00011190788362510172,1,COMFORT
32.6,53.7,0.21519760149681855,0.883543137059815,2,WARM_HUMID
19.8,35.3,0.20402521962420192,0.012560656917505656,0,COLD
33.4,46.0,-0.045639265484404216,-0.7799630603811655,3,HOT
35.0,37.0,0.11967656698436499,0.1315604404782186,3,HOT
24.5,37.4,-0.21873196707281256,-0.8986385745202216,1,COMFORT
23.0,26.9,0.16343722591820248,0.020973242021690253,1,COMFORT
34.4,41.2,0.0835349666558212,0.7741132235520797,3,HOT
18.5,33.4,0.07299292201921667,0.33322212722389377,0,COLD
31.6,52.5,0.1381807146430198,0.5463381037780976,2,WARM_HUMID
34.5,41.2,-0.027944122939757874,-0.11735727215290602,3,HOT
33.9,62.0,-0.028760665981323517,0.05329883234005226,3,HOT
23.7,31.6,0.0694808522811543,0.4306712337445909,1,COMFORT
14.6,48.3,0.04210886795327533,-0.24418749458242447,0,COLD
32.7,34.7,0.07197532780043829,0.6799799949705797,2,WARM_HUMID
32.0,61.9,0.05565806073230447,0.01273396965982334,3,HOT
12.2,49.3,0.0902795131150372,0.0570372520608924,0,COLD
18.4,33.3,0.045141990728873885,0.3691406427207151,0,COLD
24.1,26.8,-0.20163875369277712,0.07240546525102404,1,COMFORT
19.5,57.7,0.1747291173854336,-0.23852379961626952,0,COLD
32.7,65.0,-0.12775355539757882,0.5599960921481887,2,WARM_HUMID
21.1,29.7,0.06536959145552895,0.2355704316690142,0,COLD
25.9,30.0,-0.23466990066646154,-0.27705799358569344,2,WARM_HUMID
15.0,75.0,-0.04388921248614153,0.2077084742981593,3,HOT
22.4,51.4,-0.030137800435639177,0.33187941583491054,1,COMFORT
22.5,32.9,0.2533639696616084,0.024596826002249078,1,COMFORT
26.9,40.2,0.03145594735675621,-0.3329951224974541,2,WARM_HUMID
32.4,69.9,0.08347239313888791,-0.16730357968453957,3,HOT
19.4,46.3,0.26730361690522086,0.49108698855589045,0,COLD
24.4,22.7,0.110317098709259,0.03780009093763362,2,WARM_HUMID
38.8,26.3,-0.18105198138624876,-0.34968422442017444,3,HOT
30.8,38.4,-0.08474669754359511,0.03927691823263555,2,WARM_HUMID
26.1,70.2,0.09407578762228186,0.6050414087631459,1,COMFORT
33.8,68.9,-0.022433366280842408,0.1472089696808164,3,HOT
32.5,33.0,-0.3304643199860675,0.3757185270379719,2,WARM_HUMID
28.6,74.7,-0.04176670811380531,-0.049553411428376506,1,COMFORT
30.2,72.8,0.05763478747786346,0.004562428130692408,2,WARM_HUMID
27.1,29.9,-0.02198372309518026,0.3221279524527949,2,WARM_HUMID
18.0,68.0,0.0020808108263964164,-0.3589904549203612,1,COMFORT
30.3,30.4,0.26758838928026535,0.180701381242806,2,WARM_HUMID
18.7,31.0,0.06470300054693841,-0.19883571602934516,0,COLD
23.3,47.3,0.07955143525058699,0.0699327033336513,1,COMFORT
14.8,27.4,0.20993548173154608,-0.4702092156954854,1,COMFORT
35.3,37.9,-0.09056924184934892,-0.38763748330957304,3,HOT
18.2,34.8,-0.4275045163975773,-0.236317764618682,0,COLD
32.2,32.7,0.2062144762147426,0.21729938408469018,2,WARM_HUMID
19.3,38.9,0.10036180918075065,0.2987605783339419,0,COLD
22.0,59.2,-0.012297864317962653,0.5779647410090291,1,COMFORT
25.6,27.7,0.050448271443252916,0.08935218602587372,2,WARM_HUMID
16.0,74.0,-0.038951694526129364,1.0835749487144883,0,COLD
18.1,55.8,0.004592169719752589,-0.04487666777068928,0,COLD
25.5,20.5,0.04454655043222807,0.15880423601349392,2,WARM_HUMID
17.0,35.0,0.038724085066748105,0.35300745749498663,0,COLD
33.5,53.9,-0.03537964811092768,0.06337543667264307,3,HOT
31.4,57.0,-0.08906239136147896,0.3345838959735776,2,WARM_HUMID
28.2,29.5,-0.10762479031266324,-0.34288495570969657,2,WARM_HUMID
21.7,63.2,-0.06523707425990224,-0.6943596977998023,1,COMFORT
25.7,59.5,-0.14966736981407222,0.03585915161739799,1,COMFORT
27.6,48.0,0.1342386565416662,0.14108713629340316,1,COMFORT
17.6,55.3,-0.16096300901438237,-0.05476941752887468,0,COLD
31.0,37.5,0.060694071008918486,0.19822942125782878,2,WARM_HUMID
29.4,78.8,-0.18829579641454577,0.06180332338284175,1,COMFORT
29.1,60.1,0.0865172375574098,-0.22825031332453835,2,WARM_HUMID
22.2,55.0,-0.112494034205655,0.1270277297263916,1,COMFORT
17.6,59.8,0.023029268587552644,0.267497307164499,0,COLD
19.9,30.8,-0.020661159058189056,-0.7153138306802155,0,COLD
22.3,58.4,0.03544519667668327,-0.15022164425369403,1,COMFORT
19.2,59.2,0.14047256659806767,-0.0006012954732340718,0,COLD
32.3,32.6,0.16405418253227363,-0.22896475186968615,2,WARM_HUMID
22.8,54.3,0.15173156267556945,-0.09325091891725563,1,COMFORT
26.8,22.4,-0.044956967293532456,-0.800996461018753,2,WARM_HUMID
22.8,30.9,0.015807729091274043,-0.3097676529390126,1,COMFORT
35.2,28.7,-0.02811693831678581,0.1297855537570354,3,HOT
11.6,58.3,-0.2544104624958947,0.10164106699637819,0,COLD
24.2,48.5,0.28851075220219824,-0.09052605718127954,1,COMFORT
18.6,32.1,0.0775979230741794,0.6019679903066066,0,COLD
25.4,47.0,0.06948094381486845,-0.04517754792469835,1,COMFORT
20.5,36.4,-0.07740902647955211,0.09212964325887212,0,COLD
34.8,40.0,-0.09209883177229178,-0.12791041577170573,3,HOT
19.5,32.2,-0.11804196157807628,-0.3751659500121435,0,COLD
22.0,45.6,0.17474606664855402,-0.23189733017250297,1,COMFORT
23.9,30.0,-0.16409072350514098,-0.17837722768531591,1,COMFORT
20.2,35.0,-0.04478370440914704,0.58671971722831,0,COLD
24.1,29.8,-0.09749003918967294,-0.3069151675597361,1,COMFORT
22.0,28.4,-0.16203471924383986,0.060277265652647495,1,COMFORT
31.9,40.2,0.050789164967379376,0.003480187281826914,2,WARM_HUMID
18.6,49.8,0.09702775065106671,-0.19274291321469272,0,COLD
27.8,55.0,0.18257377812382447,0.5911440795297321,1,COMFORT
25.5,65.0,0.036236093852880014,0.6224076383003407,1,COMFORT
19.6,22.8,0.18784199182738381,0.4192877990661763,0,COLD
17.9,37.3,0.131117112272679,0.30604555297665476,0,COLD
23.9,42.6,-0.43570526607548676,0.0825990269247763,1,COMFORT
17.9,63.0,0.17318853714137866,-0.19410262005795015,0,COLD
16.3,58.0,-0.04464638039947443,-0.044314121238038934,0,COLD
30.5,71.9,-0.06164732818351184,-0.9960435743432896,2,WARM_HUMID
20.2,49.5,-0.11882775379326736,-0.33779985992994144,1,COMFORT
24.9,17.3,0.03679904953445909,-0.15697004654504654,2,WARM_HUMID
28.6,42.0,-0.08653554834936046,-0.6646439289422625,2,WARM_HUMID
32.8,56.6,-0.07297389233182279,-0.12653132662574773,3,HOT
23.9,43.9,-0.06018138098170165,0.6179010047922331,1,COMFORT
24.5,26.7,0.04814326161736645,1.117855385710749,2,WARM_HUMID
26.7,27.0,-0.20591868746196135,-0.4247104920384983,2,WARM_HUMID
26.8,36.4,0.1785521569104438,0.16748517883181446,2,WARM_HUMID
33.0,79.0,0.08392948091588583,0.07395655238949297,3,HOT
32.6,45.0,0.12946664499933208,-0.04327926961745648,3,HOT
20.9,64.0,0.14141011252106428,0.30167957246001864,1,COMFORT
21.0,29.4,-0.40053406927177265,-0.09336389020353134,0,COLD
20.4,35.7,-0.16291645294884374,-0.3333769894566509,0,COLD
16.8,71.4,0.01987621452632718,-0.2183061057631619,0,COLD
28.8,65.0,0.2556158274383237,-0.12186519052084528,2,WARM_HUMID
16.8,43.2,-0.00458317813070912,0.2655380567579341,0,COLD
32.1,23.0,-0.054196584295093574,0.4395155175289707,2,WARM_HUMID
25.6,34.8,0.07714746517992402,0.4486277520922679,2,WARM_HUMID
33.6,54.3,-0.0884406903757912,-0.233800564666457,3,HOT
27.5,31.3,-0.1312985351386568,-0.29694234609141806,2,WARM_HUMID
29.8,41.0,-0.146958183707521,-0.13257771930065643,2,WARM_HUMID
34.2,53.6,-0.1844401472699967,-0.25160169411731226,3,HOT
24.0,43.2,-0.12861868645590582,-0.4686283448871087,1,COMFORT
29.1,63.8,-0.08464875894509734,-0.6107825190829747,2,WARM_HUMID
20.9,31.9,0.07871065929002367,0.41933080923239574,1,COMFORT
19.2,35.9,-0.16549391142369396,-0.893399708183086,0,COLD
18.4,41.9,-0.1601107391347432,0.722910538514892,0,COLD
31.7,58.9,-0.1570236403849625,-0.25456509720522935,2,WARM_HUMID
29.2,50.4,0.18953085161947622,0.6141995123834473,2,WARM_HUMID
25.5,20.5,0.17155835480474946,0.14958381025991602,2,WARM_HUMID
36.5,20.0,0.010931114702327308,0.004286295972126443,3,HOT
22.7,35.0,0.056344442880029606,-0.029856854760040203,1,COMFORT
15.1,59.0,-0.16023057471814753,0.5292914446490299,0,COLD
26.6,78.7,-0.17285837612011498,0.12377844548961554,2,WARM_HUMID
19.7,31.5,0.12624483836476125,0.4569901657213318,0,COLD
20.1,42.4,-0.10145095736453182,0.35984678489029703,1,COMFORT
16.5,53.7,-0.06265715531113882,-0.2085904971630669,0,COLD
19.7,35.6,-0.03241973655152094,-0.38113569841246675,0,COLD
27.9,31.0,0.18007974877108088,-0.7635668412276964,1,COMFORT
21.6,31.4,-0.2473835666709179,0.32058704957866535,1,COMFORT
27.7,31.0,0.14429807836077616,-0.10561065979264542,2,WARM_HUMID
20.1,36.8,-0.25277917962118623,0.1986132960335779,0,COLD
30.2,68.0,0.25686838174469245,0.18284148906168354,2,WARM_HUMID
31.3,65.6,0.3766698821535012,0.21758436043794793,2,WARM_HUMID
28.0,37.0,0.04936601680651943,-0.12112337059543528,2,WARM_HUMID
20.8,29.6,-0.01198666465072488,-0.7905607052818725,0,COLD
19.6,40.0,0.055897227972008266,0.05828731056245915,0,COLD
33.1,81.0,0.25252386982234604,-0.42634745811953584,3,HOT
30.0,93.0,0.041127603827958215,-0.31836609761900037,3,HOT
23.9,27.6,0.17975528540601893,-0.06591166995577051,1,COMFORT
33.3,50.3,-0.3357466573192039,-0.06702993568999893,3,HOT
23.9,47.8,-0.0899693208495612,-0.44000209146321434,1,COMFORT
27.3,66.2,-0.004994101219725498,-0.2646963030960992,1,COMFORT
17.6,59.4,0.0022501287571554214,0.006791109853602809,0,COLD
32.8,55.0,0.3339268926508367,0.7378603385462466,3,HOT
15.1,51.8,0.33392321329823466,0.06272334733289596,0,COLD
24.8,22.3,0.0008269681635769641,0.004712437650764812,2,WARM_HUMID
28.9,52.9,-0.12295725343010847,0.4975427348874586,2,WARM_HUMID
17.6,22.7,0.07432747862173435,0.24619210071761974,0,COLD
15.6,82.0,0.06844508563674365,0.6092275617124445,0,COLD
23.0,49.9,0.16932077050740793,-0.23051452381253773,1,COMFORT
24.9,65.4,-0.19516160697777332,0.28805079989346266,1,COMFORT
28.5,73.0,-0.24261073974633307,0.47489236439322646,2,WARM_HUMID
20.0,35.1,-0.17263726656172593,-0.07586977271466831,0,COLD
24.2,28.5,0.08806141017708632,0.11362368516072525,1,COMFORT
20.1,41.3,-0.14470414609355706,-0.004356494557789684,1,COMFORT
33.7,52.7,-0.0015500263316992296,-0.3533145182636058,3,HOT
32.3,74.6,0.08147365740360146,-0.4910669704403269,3,HOT
30.0,69.0,-0.007082264032961942,-0.9231683801847552,2,WARM_HUMID
24.0,36.9,0.12088201335103163,-0.06373426503763766,1,COMFORT
17.2,52.8,-0.18150107517484473,-0.20438626094818152,0,COLD
28.4,28.5,-0.05565859671976366,-0.47977145344000305,2,WARM_HUMID
24.3,31.1,-0.2178497397284849,-0.4346161778487836,2,WARM_HUMID
29.5,59.1,0.008285225459429306,-0.26225646239330125,2,WARM_HUMID
26.6,57.0,-0.16963326529888734,0.6771402828755652,1,COMFORT
19.0,37.0,-0.055982726906499636,-0.3411216281883076,0,COLD
33.3,62.0,-0.23839329160614117,0.20581343267613536,3,HOT
20.4,71.0,0.21247852296587913,-0.027942549321374157,1,COMFORT
38.2,49.0,0.0516935930324549,-0.11426692697027702,3,HOT
23.4,52.5,0.2752876728318665,0.3613960796703335,1,COMFORT
32.3,73.1,-0.18962813939875575,0.20592454652072922,3,HOT
29.5,67.0,-0.11599141276667967,-0.11951402151264841,2,WARM_HUMID
30.0,72.0,-0.03554677495293884,-0.15993131786542805,2,WARM_HUMID
22.2,39.9,0.08944441604123021,0.3367485293411361,1,COMFORT
14.0,48.3,-0.04893723593967627,-0.11212329642080576,0,COLD
27.6,39.4,0.2967102012164583,0.6767230230045893,2,WARM_HUMID
27.0,75.3,-0.0553204897783303,-0.7460721815253155,1,COMFORT
22.1,45.9,0.09182380525446554,0.5448124363912717,1,COMFORT
27.0,21.3,-0.19451229853152296,0.2946036702210335,2,WARM_HUMID
26.8,81.2,-0.41025420118571515,-0.0776388416098182,2,WARM_HUMID
20.3,20.4,-0.06026166226911495,0.7080804764799209,0,COLD
11.6,50.8,0.018896151493497756,0.21407338316101987,0,COLD
30.0,33.0,0.13428738582599126,0.2828421121023929,2,WARM_HUMID
28.8,74.9,0.39779960565307015,-0.2901431155864183,1,COMFORT
20.8,29.2,-0.2194372330467118,0.14110596725239605,0,COLD
27.0,59.0,-0.15135153466272896,0.121125171186961,2,WARM_HUMID
37.4,25.3,-0.18210243417235886,-0.14886659260870053,3,HOT
32.0,61.9,-0.3092284668168374,0.1536600912035901,3,HOT
26.6,32.9,-0.1042002281640903,-0.39622904841677753,2,WARM_HUMID
17.6,55.3,-0.16096300901438237,-0.05476941752887468,0,COLD
35.5,46.3,-0.11097766659062645,0.2541624954077909,3,HOT
31.0,67.5,0.15318145712499387,-0.04935328158017737,2,WARM_HUMID
31.5,69.4,0.1004188431536832,-0.15980329886278344,2,WARM_HUMID
35.9,45.5,-0.009198149287003713,0.9227718027252652,3,HOT
23.6,22.4,-0.10600036561097106,0.26327897775574244,1,COMFORT
33.3,56.0,-0.10737481913666487,0.21590963819682232,3,HOT
24.0,41.0,-0.18434694284781294,0.12752815120314118,1,COMFORT
20.6,32.8,0.06413587829461792,-0.0634563589847016,0,COLD
22.9,21.1,0.12679654940691767,0.990426718614835,1,COMFORT
34.0,80.0,-0.14619723310407137,-0.09037049022689815,3,HOT
20.1,30.0,0.020418695111376627,-0.16541398129156845,0,COLD
24.0,24.1,-0.1967766662126634,0.2992584457887558,1,COMFORT
34.0,62.0,-0.020253479487946254,0.014210496438709072,3,HOT
30.3,34.0,0.15577856586446792,0.28980248550299653,2,WARM_HUMID
34.0,47.6,-0.03367941691816354,-0.1017798593570964,3,HOT
27.9,63.3,0.10361131406687875,0.3787523865052341,2,WARM_HUMID
31.4,63.7,0.055252800576145684,0.04756935520924314,2,WARM_HUMID
32.4,41.0,0.06611282139336075,-0.41815108755654323,3,HOT
27.0,44.6,-0.015456087253583321,-0.0009536638276965285,1,COMFORT
18.8,45.5,0.17544376318570984,0.6554032948072663,0,COLD
30.5,65.3,-0.2241358047244889,0.074016802574234,2,WARM_HUMID
34.3,19.0,0.13191255617061046,0.008378835544650484,3,HOT
25.5,26.4,0.07567810401283974,-0.0659280157795056,2,WARM_HUMID
25.1,59.0,-0.17024892109117165,-0.07278994325864534,1,COMFORT
27.7,65.0,0.02732397859040149,0.4966958286231418,2,WARM_HUMID
25.1,37.0,0.2054551661481277,-0.38478729726081023,2,WARM_HUMID
27.2,61.0,-0.07990882473253552,0.34848109980108677,2,WARM_HUMID
16.8,66.5,0.0898200147279378,0.4211345913623068,0,COLD
28.7,52.9,-0.013089442859468114,-0.6453649460942235,2,WARM_HUMID
19.6,37.6,-0.16216640217361694,0.25958263276097765,0,COLD
32.1,15.4,0.3661832583707871,-0.3645539276050539,2,WARM_HUMID
20.2,76.2,0.2757593352828463,-0.19716275283374768,1,COMFORT
12.2,58.3,0.0735652809926889,-0.5752035283559818,0,COLD
20.1,30.5,-0.18049306945087498,-0.24958016986401677,0,COLD
20.1,52.1,0.1257582474765505,-0.1362101087038671,0,COLD
26.8,50.0,-0.1464600072995696,0.2666072930723333,1,COMFORT
26.0,50.0,-0.165729418959378,-0.45079700583255866,2,WARM_HUMID
37.8,49.0,0.3896617923153671,-0.3026427399880159,3,HOT
38.0,70.0,-0.1925915571079682,0.22972582254636287,3,HOT
20.8,37.1,-0.10083283088286074,-0.45999716216064246,1,COMFORT
31.6,49.0,0.13474175478464767,-0.5441069931078139,2,WARM_HUMID
24.6,52.1,0.3975012864114314,-0.24244870374490693,1,COMFORT
17.0,37.8,0.30036412014671954,-0.35493981877755165,0,COLD
24.8,74.0,0.016753679337073626,-0.19581755837507359,1,COMFORT
31.3,53.0,-0.1582661513220674,0.5111853876648305,2,WARM_HUMID
22.9,29.9,-0.13428348924779798,0.015968323741528827,1,COMFORT
24.8,65.6,-0.018963989851168605,0.12914783627952017,1,COMFORT
29.3,36.6,0.1634562000438577,0.11629876798095698,2,WARM_HUMID
28.6,34.7,-0.27603995771933526,0.1751858493662637,2,WARM_HUMID
16.0,59.8,-0.03066087636729708,0.24709513556997886,0,COLD
32.1,66.8,0.16548161845922002,0.14121039453324882,3,HOT
32.7,29.0,-0.17792922142001466,-0.06334580915945308,2,WARM_HUMID
28.0,28.2,0.10243569633085575,-0.6207033103340676,2,WARM_HUMID
23.2,51.9,0.13155836511693175,0.081416601433973,1,COMFORT
29.6,67.0,-0.22333833841058648,-0.39658527493272644,2,WARM_HUMID
23.9,29.9,-0.25501813032423926,-0.008369109132455895,1,COMFORT
24.1,44.8,8.399885095430995e-05,-0.037116787657182675,1,COMFORT
34.3,49.6,-0.4019035842676703,-0.13519769518606858,3,HOT
24.8,73.2,0.12644948130471922,0.21464315943631607,1,COMFORT
20.9,38.7,-0.16757964986106674,-0.11314411547061426,1,COMFORT
29.5,62.0,0.04768366436135263,0.3281023540803729,2,WARM_HUMID
27.9,27.9,-0.027347205107548997,0.09753349302505268,2,WARM_HUMID
25.2,21.5,0.14462751518567804,0.5786837855623423,2,WARM_HUMID
14.0,51.3,0.07861232084033486,-0.23580520507680103,0,COLD
37.0,58.0,0.18584730767092064,-0.4798824999751495,3,HOT
18.3,37.8,0.11089832974876199,-0.0758465851906552,0,COLD
22.0,25.4,0.06187553922962089,-0.6502430274594362,1,COMFORT
22.3,44.0,0.16498029370879994,-0.10268675585370896,1,COMFORT
30.7,73.6,-0.09169633735447251,0.44397757680581035,2,WARM_HUMID
23.2,23.1,0.06423306501242332,0.3349380084632851,1,COMFORT
21.1,41.3,0.15751767987320564,0.05601358355804961,1,COMFORT
23.2,55.6,0.008307031795973998,0.381154503948415,1,COMFORT
27.6,33.0,0.32549048821208143,0.08489756252203053,2,WARM_HUMID
16.8,38.9,0.1534611355111356,-0.10151594234251225,0,COLD
30.3,27.6,-0.08351681592650494,-0.43723241437225707,2,WARM_HUMID
19.8,38.0,-0.25188121350806764,-0.3838578187981536,0,COLD
35.4,38.0,-0.15921816093477906,-0.5962066013962807,3,HOT
20.8,43.8,0.14120951757752886,-0.10369719037871555,1,COMFORT
30.8,56.8,-0.24170744155099835,-0.08769544367134122,2,WARM_HUMID
26.6,27.2,-0.056033952119652494,-0.5068708864498184,2,WARM_HUMID
35.0,40.0,0.12452889790793917,-0.3833370598447827,3,HOT
33.8,30.0,0.2698087527526968,-0.04254372747133955,3,HOT
33.5,40.9,-0.040744112685342865,-0.2653902555365989,3,HOT
31.0,78.0,-0.1363592823041972,-0.8385805260101491,3,HOT
28.0,77.0,-0.1677992809212162,-0.32120352575890265,2,WARM_HUMID
23.5,26.8,0.3040483134300073,0.5510405753648314,1,COMFORT
21.6,55.8,0.11394326306999393,-0.26690401187432994,1,COMFORT
20.0,47.6,0.33101740869226504,0.003279522597867926,1,COMFORT
27.3,47.0,-0.16840830323434478,-0.25765684468288036,1,COMFORT
24.4,59.7,-0.06265805163271589,0.20646455453545665,1,COMFORT
28.6,60.7,-0.005864255561171242,-0.6549687976858958,2,WARM_HUMID
36.7,41.5,0.14954362222839296,-0.33742897556143686,3,HOT
27.2,32.5,-0.1480569268404473,1.0892739288567426,2,WARM_HUMID
20.3,26.5,-0.1392411735524579,0.04954352160254769,1,COMFORT
19.0,33.7,0.11120608387159996,-0.08388159520641866,0,COLD
35.1,48.0,-0.2489950585209984,0.685105971703099,3,HOT
29.4,75.4,0.2077306640691066,0.26046397743809874,2,WARM_HUMID
23.0,26.1,-0.05333218020914822,-0.4090421485896125,1,COMFORT
32.7,43.0,-0.17485261366346044,0.013950367100750925,3,HOT
16.7,22.2,0.3685909959305238,-0.7511798500758639,0,COLD
23.5,50.5,0.031110889654255038,-0.8034015316711436,1,COMFORT
15.0,59.7,0.12634230050814949,-0.21224651130934352,0,COLD
21.2,30.8,-0.24396461383748652,-0.2587922090719743,0,COLD
29.7,39.0,-0.0716027011096943,-0.3747723775013913,2,WARM_HUMID
16.6,42.4,0.2028059048961489,0.39676528290292623,0,COLD
27.6,51.6,-0.1703148463545853,0.19715092637318266,2,WARM_HUMID
23.4,74.8,-0.339179934398485,-0.4400989301705785,1,COMFORT
22.1,59.5,0.009422714909556708,-0.18041301879692495,1,COMFORT
23.4,56.9,0.09232170068339739,-0.6921278153550552,1,COMFORT
24.4,25.2,0.017838752576680758,-0.06716680982270237,2,WARM_HUMID
18.0,35.7,0.1287526849508085,0.02802076771933736,0,COLD
30.5,33.3,0.10721364242831975,0.07712138095454875,2,WARM_HUMID
28.2,51.0,-0.09383440522642941,-0.7305045411503803,2,WARM_HUMID
33.8,42.0,0.013089985904753706,0.35634094678342904,3,HOT
30.6,60.1,0.1836486996139783,0.5240317123614602,2,WARM_HUMID
31.8,53.2,-0.1334162441717737,0.42984362837858836,3,HOT
13.9,73.1,-0.04371095420233398,-0.47946662457789224,0,COLD
25.0,35.1,-0.1380550043991615,-0.06892349653108014,2,WARM_HUMID
15.9,68.0,-0.01255647857085334,0.6498334642413728,0,COLD
18.8,45.3,0.18674944070499883,-0.8932164337508234,0,COLD
24.1,43.9,0.1895721504707958,-0.01629788028258521,1,COMFORT
32.5,48.0,0.07148762204750897,0.3987610991369962,2,WARM_HUMID
21.2,58.3,-0.1451500070051003,-0.13941402883818887,1,COMFORT
28.1,79.0,-0.04926883476963115,0.47437293074090736,2,WARM_HUMID
20.1,30.0,0.0411227826540377,0.44107128937887197,0,COLD
19.7,29.6,0.03930872738361521,0.39570159896065016,0,COLD
21.2,33.5,0.06657918460956197,0.1928439204886995,1,COMFORT
26.6,37.6,0.22038659391285856,-0.12444016134427041,2,WARM_HUMID
27.5,27.6,-0.03472398384285966,-0.3372207145814065,1,COMFORT
27.7,50.0,0.3425269155980764,0.13567559258066375,2,WARM_HUMID
21.4,28.0,0.19475550066701316,-0.10461801051466416,1,COMFORT
20.2,35.4,-0.21544110093367289,0.3311472950248272,0,COLD
30.2,78.8,-0.15380390459484486,0.316003157782954,2,WARM_HUMID
35.2,46.3,-0.04388043528697624,-0.26483046366022805,3,HOT
25.3,46.7,-0.22308370613367975,0.027185501003490733,1,COMFORT
11.0,49.3,0.0020215362274439534,0.07341067829166552,0,COLD
40.0,94.0,-0.1421277227275463,0.09023168145610724,3,HOT
29.6,58.0,0.10393779345474166,0.22896378231198955,2,WARM_HUMID
12.5,53.8,0.059373903503509,-0.4844467783046371,0,COLD
18.0,42.0,0.11452840018572347,0.216041653233266,0,COLD
17.5,59.5,-0.15767454095252909,0.9835910483786319,0,COLD
22.5,60.8,0.0019711135884294,-0.2514654295253572,1,COMFORT
18.5,40.6,0.10097805249784246,0.22517690500054052,0,COLD
19.2,59.2,0.2761774736682473,-0.09381378240646232,0,COLD
18.9,38.1,0.01619396549340989,-0.32798695121819765,0,COLD
18.6,29.3,0.06636553693210721,0.687210782552134,0,COLD
30.5,31.8,-0.11108006042797111,0.06985718919900825,2,WARM_HUMID
34.0,51.0,0.03097492731501429,0.25696916217333865,3,HOT
21.7,19.0,-0.2313013884074431,0.019539648335217014,0,COLD
23.0,49.4,0.08450580122554859,0.13867796560955803,1,COMFORT
22.0,58.5,-0.016433614461603366,0.25344946701970456,1,COMFORT
17.2,73.0,-0.17073932024371483,-0.20238346877471936,0,COLD
25.8,37.5,-0.14066799995117404,-0.004059684711337662,1,COMFORT
25.1,52.8,0.017753110120379622,0.25431579575433644,1,COMFORT
31.1,59.0,-0.21110292224766955,0.44678909674940237,2,WARM_HUMID
18.9,22.7,-0.14303686425243065,0.10728953842020561,0,COLD
24.6,30.2,-0.0820257682792174,0.49859473356086736,1,COMFORT
23.9,54.3,0.05847742250822521,0.04550912387138914,1,COMFORT
20.1,52.2,-0.3885229873752776,0.8204831660615677,0,COLD
23.3,42.5,-0.05091680503722836,-0.6679637660226517,1,COMFORT
28.4,53.9,-0.18040365433423014,-0.3578959900834417,2,WARM_HUMID
21.4,34.5,0.12608515466875073,-0.6936210531178778,1,COMFORT
31.4,42.7,-0.2430282346093759,0.20646903823638652,2,WARM_HUMID
27.0,74.2,0.06189620421644485,0.3555572748893208,1,COMFORT
23.9,28.3,0.01089607539726916,-0.08662464530328765,1,COMFORT
32.2,54.0,-0.021113251029280813,-0.05352202566400718,3,HOT
32.6,52.7,-0.11531885796879209,-0.6512918337036576,2,WARM_HUMID
27.8,45.8,0.07041647934460019,0.4612898985982972,1,COMFORT
15.1,49.3,0.15430007445823882,-0.149671616884132,0,COLD
28.4,54.6,0.20860659344424234,-0.7704361028016293,2,WARM_HUMID
30.2,54.0,-0.08567684846741952,-0.5110270868022582,2,WARM_HUMID
38.6,18.1,0.07660980992038402,-0.048087409023598204,3,HOT
29.8,77.9,-0.10580015876898512,0.6542640849119787,2,WARM_HUMID
24.7,26.7,0.04118042813749225,-0.950437273744681,2,WARM_HUMID
29.7,75.7,0.15731916595068615,0.9265354398113305,2,WARM_HUMID
11.6,58.2,0.09080589704578627,0.26410718589736354,0,COLD
21.3,19.3,-0.2784859242462916,0.7506314542450457,0,COLD
29.5,17.5,-0.18061304252567947,-0.2831708078227912,1,COMFORT
23.1,24.1,-0.08596604205760656,-0.1786424476677119,1,COMFORT
27.4,21.3,-0.024971163323658948,-0.16991654914568743,2,WARM_HUMID
17.0,62.4,-0.14676404980123525,-0.5097450288863022,0,COLD
33.6,53.2,-0.08882494949750687,-0.3724485725741929,3,HOT
25.5,31.5,0.15396242639896826,-0.5191958393233959,2,WARM_HUMID
18.9,43.8,-0.5725565079265098,-0.49913658346335404,0,COLD
19.5,40.7,0.2512694909535339,-0.6888975975239361,0,COLD
27.0,63.9,0.22922991244167693,0.1963998306402991,1,COMFORT
31.7,71.7,0.03171354753380595,0.024193798973709844,2,WARM_HUMID
28.5,51.4,-0.258479284588663,0.017598516185353952,2,WARM_HUMID
18.4,33.3,0.10849763683335294,-0.23133969523469744,0,COLD
30.8,27.3,0.11505753277390647,-0.31453475847917867,2,WARM_HUMID
20.9,30.5,-0.11496996465296816,0.7097096520297129,0,COLD
25.6,70.2,-0.009618044792551619,0.04161985628177033,1,COMFORT
35.9,42.3,-0.18007118198128544,0.26012123424891526,3,HOT
23.9,28.4,0.21884697252477583,0.6126189408318893,1,COMFORT
20.5,49.1,0.027362902971342275,0.2959487693643022,1,COMFORT
26.2,50.8,0.06033045960033947,0.06685914605531278,2,WARM_HUMID
33.8,56.7,-0.14955904910448936,-0.266077869477169,3,HOT
22.6,47.1,-0.008151126155497462,-0.5277018772266293,1,COMFORT
20.5,77.2,0.15851866064718476,0.12483398801176795,0,COLD
23.1,57.9,-0.12681205913482813,0.06274644040768698,1,COMFORT
18.9,59.5,-0.25303154270595796,-0.1337605547418926,0,COLD
19.9,30.8,0.1121319188679689,-0.35222001799419633,0,COLD
26.7,35.2,0.14530302657067617,-0.16282728750910666,2,WARM_HUMID
18.9,59.2,0.047989179276716,-0.8634783205699709,0,COLD
18.7,46.0,-0.19806734844158172,-0.21581352347666471,0,COLD
18.8,38.9,-0.10038637057328016,0.32119552473796115,0,COLD
30.2,65.6,0.1384550155853594,0.7342512813043983,2,WARM_HUMID
30.1,67.9,0.024842268764508332,-0.230799810803943,2,WARM_HUMID
22.9,48.0,0.00814073505433164,-0.2782310841229837,1,COMFORT
23.0,56.8,0.036386203403549346,-0.22376700453009202,1,COMFORT
24.6,50.5,-0.04780157720298451,-0.487999823656617,1,COMFORT
27.2,83.6,0.23933029740418985,-0.01657685342433038,2,WARM_HUMID
28.8,41.0,0.10822189856360148,0.24874980941069064,2,WARM_HUMID
20.8,30.0,-0.0257715695704011,0.9532950168893358,0,COLD
28.0,64.6,-0.12770029128189694,-0.1706745038385621,2,WARM_HUMID
18.7,44.8,0.20482896937893985,-0.31446553789045023,0,COLD
31.5,67.2,-0.007737188582336706,-0.1539358555620598,2,WARM_HUMID
11.0,61.0,0.15555559008781764,0.48589662237768777,0,COLD
16.5,23.1,-0.2561312342011451,-0.0020942778775622953,0,COLD
31.5,22.6,0.03203948618464741,1.089386324347757,2,WARM_HUMID
39.4,25.0,-0.16515648632734176,-0.7899059486245037,3,HOT
19.0,43.4,0.03433911040541311,-0.5321040774864708,0,COLD
15.0,48.9,-0.03431765158790723,0.5614495394738521,0,COLD
30.8,74.5,-0.045444543607549646,-0.10098570408002375,2,WARM_HUMID
21.6,25.3,-0.21325852410846155,-1.1418191943119784,1,COMFORT
22.0,37.4,-0.06468629660240668,0.21475867983021713,1,COMFORT
27.7,40.1,0.30260557085935064,0.23106355272796897,2,WARM_HUMID
30.9,64.0,-0.10986808139569797,0.22501570539167814,2,WARM_HUMID
28.0,49.8,-0.06144397841300892,-0.2339389286965723,1,COMFORT
17.9,40.1,0.08940130094791798,-0.41562716966334695,0,COLD
35.0,48.4,-0.11826214414297624,-0.09410499589253658,3,HOT
27.0,74.2,0.04370616843578758,0.1776571803717282,1,COMFORT
32.9,61.8,-0.143882716965909,-0.18791191290420917,3,HOT
32.9,38.0,0.1545475043210507,-0.3392451971575339,2,WARM_HUMID
22.3,27.3,-0.015016063292441545,0.1007003853243334,1,COMFORT
19.4,44.8,0.015270965583938981,-0.3243842111516442,1,COMFORT
20.3,52.5,0.19205280312557035,-0.1745246838038575,1,COMFORT
19.3,22.3,0.051242998884297696,-0.3896608721418241,0,COLD
22.8,56.9,0.05595540946049164,-0.33396580510795676,1,COMFORT
31.2,57.9,-0.18891425274747645,-0.3105090247079453,2,WARM_HUMID
27.4,63.0,0.06996449736502895,0.33424468103488386,2,WARM_HUMID
30.3,79.3,0.030491433158619383,0.305063958900869,2,WARM_HUMID
27.9,37.3,-0.043174063916330246,0.8710295350414748,2,WARM_HUMID
10.0,52.0,-0.02005138719822176,-0.20369682811516074,0,COLD
29.7,85.9,0.07328171011303262,-0.32194496418883045,2,WARM_HUMID
36.5,20.0,0.17875612456605974,-0.5840880812820387,3,HOT
20.4,35.8,-0.10770496232584112,0.26501285629862414,0,COLD
20.0,37.1,-0.10903836437465199,0.023602043600937896,0,COLD
19.7,31.5,-0.0963348717665984,-0.24872342784166057,0,COLD
17.8,56.5,-0.16254867709750903,-0.0795656911078087,0,COLD
23.4,39.0,0.10323614262380097,0.04889524093703198,1,COMFORT
25.6,25.7,-0.13047063272639878,-0.753826903333442,2,WARM_HUMID
26.0,34.0,0.0555091672903433,0.2110579910137702,2,WARM_HUMID
13.0,78.0,0.07058571891004461,-0.4053759999269441,3,HOT
26.5,37.3,0.24178180112930653,-0.6748702734520972,2,WARM_HUMID
19.6,41.0,0.14031820518519314,0.39652740869302866,0,COLD
36.0,32.0,-0.11698257069580942,-0.39999807648675023,3,HOT
18.8,38.1,-0.0938874026526903,-0.03571848067438171,0,COLD
36.4,45.3,-0.17175343850390526,0.5246260652218856,3,HOT
19.9,46.6,-0.20457947245007077,-0.013207649655077064,0,COLD
19.0,50.9,-0.06095080960502037,0.5150099444783999,0,COLD
11.6,71.6,-0.05665275954502155,-0.03859839197392104,0,COLD
25.7,44.6,-0.10466272587592694,-0.5733465121602674,1,COMFORT
27.8,30.7,-0.13704865956082454,0.9986050247862075,2,WARM_HUMID
22.2,34.8,0.117186867372663,0.3164211829483407,1,COMFORT
22.7,55.6,0.12673292553597426,0.8332675802081738,1,COMFORT
25.5,53.7,-0.14653406999702362,0.318905686762688,2,WARM_HUMID
21.5,45.4,0.07537369534396553,0.318293986827694,1,COMFORT
15.7,60.5,0.17529774999500028,-0.834625064290238,0,COLD
27.3,63.7,-0.08032702115906054,-0.40639068984422827,2,WARM_HUMID
22.4,35.0,0.22094753664447442,0.4447078012490727,1,COMFORT
20.0,52.9,0.15416847272485998,-0.3044757223132842,0,COLD
18.3,35.2,-0.15263771658200634,-0.22791101804873876,0,COLD
25.3,56.1,-0.00956248825187668,0.8990761713185513,1,COMFORT
29.6,32.5,0.27083616490302226,0.5035408556743558,1,COMFORT
22.9,83.0,-0.056748463383476326,0.7233975936600885,0,COLD
29.9,31.0,-0.267956319803203,0.7818972344550738,2,WARM_HUMID
25.9,57.0,0.14318199164454357,0.56706234541818,1,COMFORT
38.4,22.9,0.002431699777992294,0.32300695432242227,2,WARM_HUMID
19.2,32.7,-0.12826432116138073,-0.20611339072421392,1,COMFORT
24.5,27.6,-0.3236703139050521,0.3908234768741785,1,COMFORT
18.6,29.3,-0.1197921015215409,0.03218915563849686,0,COLD
29.1,30.0,-0.1358777865789247,0.03214865915926917,2,WARM_HUMID
32.1,65.8,-0.01833032265611151,0.27189990171855577,3,HOT
30.7,72.0,-0.01771027904866181,-0.6858977203487662,2,WARM_HUMID
18.8,34.0,0.031012538347975904,-0.014596787707835438,0,COLD
21.3,19.7,0.15917643265229064,0.1707067390220391,0,COLD
30.4,68.2,0.08881629497847945,-0.1926161745126516,2,WARM_HUMID
22.2,34.9,-0.1102752848622306,-0.38031142547445884,1,COMFORT
17.3,46.8,0.08181822515862941,0.060223496296774495,0,COLD
26.8,41.6,-0.009715838969681477,0.08558471629218636,2,WARM_HUMID
23.6,19.0,0.05346402829570561,-0.43967004239372454,1,COMFORT
24.9,25.7,0.19731298521135468,0.12895744227860725,2,WARM_HUMID
12.2,63.1,0.10539184127001053,0.3959266741015026,0,COLD
26.8,31.8,0.1872513241224558,0.40428521453579275,2,WARM_HUMID
32.1,15.4,0.022711108593716636,-0.3992414854828549,2,WARM_HUMID
12.2,73.4,0.004884147467339126,-0.1793191652722234,0,COLD
32.7,15.3,-0.258865668721886,0.6646656085863456,2,WARM_HUMID
24.3,25.0,0.08280223047430887,0.19667002653390617,2,WARM_HUMID
17.6,59.8,-0.12725667058232074,0.01806911348993564,0,COLD
29.2,54.0,-0.03466869985378687,0.635737058589628,2,WARM_HUMID
15.7,61.4,0.04637962052906533,0.33586849409207675,0,COLD
33.9,51.1,-0.08865945706022635,-0.48803198062508657,3,HOT
31.2,69.0,-0.0778217182087388,-0.3344739786233523,2,WARM_HUMID
33.6,51.5,0.052455102389363885,0.3169151273498232,3,HOT
30.3,28.9,-0.10737388708121252,0.29767407618124,2,WARM_HUMID
16.8,52.7,-0.13167699315182785,-0.09885323705130233,0,COLD
19.7,29.1,0.06149830468170829,0.20322121720359132,0,COLD
10.9,81.7,-0.05508871362545962,-0.48367924847271815,0,COLD
23.0,33.8,-0.11748404048431317,0.11706939843363942,1,COMFORT
16.8,52.7,-0.13167699315182785,-0.09885323705130233,0,COLD
27.2,79.5,-0.017575090366944233,0.14275971884375696,2,WARM_HUMID
28.5,51.4,0.10892528708314403,0.3379591524603281,2,WARM_HUMID
22.1,67.6,0.1244005409228861,-0.24817385953505294,1,COMFORT
28.8,65.0,0.1870337573302079,0.32062584348067863,2,WARM_HUMID
23.8,27.0,-0.05372924994645211,-0.729092716174356,1,COMFORT
20.5,73.4,0.0812413100272007,-0.06604256385943795,1,COMFORT
22.7,27.1,0.06339932152185841,-0.6622168403376049,1,COMFORT
32.4,46.0,-0.40632467462286526,0.3624049212623314,3,HOT
27.7,72.0,0.21392539595499444,0.5104524366127497,2,WARM_HUMID
22.7,63.8,-0.19982690899033528,0.05395888184352615,1,COMFORT
34.0,80.0,0.06981921392933121,-0.41141073931914696,3,HOT
27.7,86.0,-0.07014285206353205,-0.5076826660891175,2,WARM_HUMID
28.8,65.0,-0.21077847702053626,-0.1340271303175306,2,WARM_HUMID
11.0,50.3,0.032885120018843514,0.12928051800625062,0,COLD
25.7,54.0,-0.08383827709073825,0.7827331912635264,2,WARM_HUMID
21.8,51.1,0.13672093776482003,-0.009058700939002948,1,COMFORT
12.8,56.5,-0.08859148607606157,0.07246734933457746,0,COLD
28.8,79.8,-0.19976212265972643,0.6004352287094444,2,WARM_HUMID
22.1,60.3,0.03897482340623586,0.38499814079269196,1,COMFORT
29.6,43.1,0.19393169012983297,0.05291447686974862,2,WARM_HUMID
31.9,38.9,-0.015761232421796743,-0.9657724904953686,3,HOT
29.4,61.0,0.12127940599932846,-0.14022688163581007,2,WARM_HUMID
26.8,30.2,0.06600898935347174,-0.23525412751021824,2,WARM_HUMID
30.1,71.8,0.08640391599302512,0.03703898801553869,2,WARM_HUMID
23.6,64.4,0.07959106879164217,-0.23767634058354334,1,COMFORT
18.3,44.8,0.13933585540928795,-0.1766523004960352,0,COLD
21.9,50.0,-0.32285500494337815,0.06414951866775333,1,COMFORT
19.2,31.8,-0.13217295935193896,0.627330106228154,1,COMFORT
33.0,73.0,0.02191848028468423,-0.5797011349794102,3,HOT
23.0,41.0,0.06701672756717894,-0.9089854953821374,1,COMFORT
23.8,61.3,0.024384346492021088,0.5691182280236285,1,COMFORT
21.9,36.5,0.07158582927770521,-0.13740037845170877,1,COMFORT
32.0,66.7,-0.13981296203360355,-0.21865358882891975,3,HOT
36.4,38.0,0.0718678691674158,-0.08899729883509239,3,HOT
29.5,78.0,-0.05697149788940044,0.28264095497445946,1,COMFORT
29.9,60.2,0.0049607316351962544,0.23203758007334183,2,WARM_HUMID
11.0,52.7,-0.016028188680115123,0.19998594322924979,0,COLD
16.2,74.9,0.03916136738587008,0.07990424771881904,0,COLD
27.3,66.2,0.3383275474404782,0.1569927571914116,1,COMFORT
23.9,48.6,-0.12807524952933808,0.10161187233033207,1,COMFORT
23.6,38.2,-0.24293168908135507,-0.47624621738218154,1,COMFORT
31.5,52.0,-0.03428022904508755,-0.1516118698282412,2,WARM_HUMID
27.5,57.1,-0.040623991709266775,0.2217860686481227,2,WARM_HUMID
32.2,65.5,-0.051695225551223425,0.5676539671953432,3,HOT
23.7,25.3,-0.01655600047176494,-0.258289683165988,1,COMFORT
21.5,35.8,-0.028435160497725032,0.27278965422193946,1,COMFORT
18.8,38.4,-0.14043386297103916,0.029003884230486884,0,COLD
18.1,39.4,0.11799127833770223,0.08072836002434046,0,COLD
10.0,54.0,0.016140515433442613,-0.22316648976669362,0,COLD
18.4,33.3,0.045141990728873885,0.3691406427207151,0,COLD
20.2,38.6,0.0440028054484475,-0.2893987991168709,0,COLD
19.0,40.0,0.2073650011358149,-0.2238506765030448,0,COLD
21.8,29.8,0.10333072014209853,-0.1848409445198137,1,COMFORT
24.5,40.6,-0.02092710424996062,-0.3376263865130136,1,COMFORT
24.0,34.7,-0.16464650453679164,0.37019170427902515,1,COMFORT
22.9,46.3,0.10841936113774707,-0.32044794805342075,1,COMFORT
33.5,52.3,-0.057398461817768344,0.4158086610451701,3,HOT
20.5,40.7,-0.08179105883718284,-0.5457498621120277,1,COMFORT
16.8,27.0,-0.170242672551929,0.21555672147932212,0,COLD
18.7,66.5,-0.017050003362215307,-0.09611593107322286,0,COLD
19.3,32.5,0.12484648293811719,-0.3762205826871685,0,COLD
14.0,32.8,-0.07856200748895782,0.20391018188363816,0,COLD
31.0,23.0,-0.01751461819594577,-0.32019033174932354,2,WARM_HUMID
29.9,72.4,0.1598945579597739,-0.043078002336233545,2,WARM_HUMID
13.4,59.2,-0.06648070253932295,-0.6196913900059916,0,COLD
21.4,37.6,-0.2919787929538296,-0.09324228004955011,1,COMFORT
19.0,38.5,0.12700549821544777,-0.8112080169860367,0,COLD
23.5,28.3,0.19673570802419146,0.36681243726070406,1,COMFORT
33.6,56.5,-0.15346906691958975,0.10055221566174502,3,HOT
23.1,63.8,0.01341721795257428,0.3463118506701669,1,COMFORT
26.0,55.1,-0.06825050014073154,0.3089135230724505,1,COMFORT
28.3,87.5,0.27044184942580735,0.5383248273787028,2,WARM_HUMID
22.8,51.2,-0.10104594044671224,0.30878424729558107,1,COMFORT
30.7,75.2,0.0778804890047309,-0.45550245446977283,2,WARM_HUMID
22.3,23.3,0.16420843263595264,-0.22313590937704153,1,COMFORT
27.7,59.1,-0.21501352287877076,0.572194685150017,2,WARM_HUMID
15.9,61.9,-0.014766797126512268,0.020881160416109282,0,COLD
24.1,21.9,0.24519082676418022,-0.04315811153478949,2,WARM_HUMID
19.4,46.6,-0.13386926464017873,0.5953496142316477,0,COLD
22.0,46.1,-0.053847029069477935,-0.772835034418464,1,COMFORT
27.9,44.0,-0.026420025532646742,-0.535308846591166,2,WARM_HUMID
35.8,50.7,-0.01807996557448407,-0.3969495686728397,3,HOT
25.9,20.1,0.20394213814563797,-0.22339523175869622,2,WARM_HUMID
29.8,82.9,0.09324279688007248,-0.6962457996115772,3,HOT
30.9,67.5,0.036190106289830014,0.4384542934627804,2,WARM_HUMID
19.6,45.4,-0.27849544674801646,0.40740336740721617,0,COLD
22.5,30.4,-0.116446638984822,0.5422355917672025,1,COMFORT
20.7,17.3,0.07338596631185343,0.26073419527120417,0,COLD
26.7,50.0,-0.14888670100932344,0.061091633124064654,1,COMFORT
33.7,58.0,0.19073326424912382,-0.3265316736961923,3,HOT
23.2,57.8,-0.053759702554722955,0.6223253375905402,1,COMFORT
20.5,31.2,0.22911738383551755,-0.06802587918176449,0,COLD
16.7,37.4,0.22146283707675882,0.7644609519709551,0,COLD
23.1,22.3,0.07391324200990536,0.020486643187485557,1,COMFORT
36.4,43.6,-0.20113571541386022,-0.7400695866575778,3,HOT
18.7,60.0,-0.11637964583403881,0.058940377181167826,0,COLD
18.9,40.0,0.024973969067268675,0.19959541397689634,0,COLD
21.6,20.3,0.1441110017736053,0.5623682820721115,0,COLD
25.2,74.6,-0.0986119879299473,0.0636734271545053,1,COMFORT
14.6,70.1,0.19396362929614203,0.5663297182225788,0,COLD
21.2,30.5,0.021638028342306003,-0.23771921552530154,0,COLD
35.0,36.3,-0.21425850596835042,-0.3395748774948725,3,HOT
32.5,44.0,-0.06456558273151296,0.5970648898188782,3,HOT
23.4,37.9,0.006252181082536317,0.0012344038541159397,1,COMFORT
26.4,89.3,-0.40122722189093285,0.10553030042224065,0,COLD
23.0,30.2,-0.09517812896141939,0.34197074234593017,1,COMFORT
21.5,66.9,-0.19568841657007088,0.11005193087060486,1,COMFORT
15.7,62.7,-0.3266427735588846,-0.04884802914697295,0,COLD
20.0,38.5,-0.14276783423274117,0.007298125429301249,0,COLD
29.7,58.0,-0.09162864597075987,0.22890750707260799,2,WARM_HUMID
22.5,21.0,0.3709526394928055,0.11226769727994322,1,COMFORT
28.7,46.0,0.07734421326659346,0.10681051966168707,2,WARM_HUMID
27.3,47.0,0.05736146192760759,0.0946283989350925,1,COMFORT
19.7,58.0,-0.060335480487828816,0.5049518410757831,0,COLD
35.9,45.5,-0.009198149287003713,0.9227718027252652,3,HOT
26.2,39.2,0.15555079865537377,0.3157829822286853,2,WARM_HUMID
15.6,65.9,0.055496882082112044,0.3216346647437589,0,COLD
20.0,38.7,0.1542242608899287,0.6031966676682288,0,COLD
33.3,62.0,0.05222741657150682,0.5299332995393032,3,HOT
20.3,35.6,0.2658954597145155,0.33462417012714674,0,COLD
27.6,81.2,-0.20398520371941112,-0.2808372795944334,2,WARM_HUMID
33.3,54.3,-0.05567424094204029,0.5687692012765403,3,HOT
23.9,58.8,-0.10078229761680081,0.11752686922256939,1,COMFORT
22.9,53.2,0.09760726536623816,0.0040149462453939804,1,COMFORT
22.9,60.3,-0.07911571475496897,0.42016361534750407,1,COMFORT
13.0,66.0,0.06555264331101283,-0.22852059478755937,0,COLD
13.4,28.8,-0.06126297751969755,-0.429325800218476,0,COLD
17.2,73.9,-0.2126459635841109,-0.007505150670990859,0,COLD
27.3,42.6,0.21875058639509393,0.24030642794040502,2,WARM_HUMID
22.7,43.5,0.010429999484433882,-0.23878512294070675,1,COMFORT
20.7,35.6,0.0788870701931702,0.16869688227738305,0,COLD
19.9,43.9,0.08118313293382033,-0.0028045304515695677,1,COMFORT
20.0,37.4,-0.06355360753660139,0.5778574511331304,0,COLD
29.9,28.2,0.06107053128138552,0.231221098856919,2,WARM_HUMID
21.1,29.7,-0.2136110464000628,-0.27249846942026834,0,COLD
15.7,71.6,0.17676697597466182,-0.3123551546188037,0,COLD
26.3,35.4,0.06789864582048634,0.3958486418823189,2,WARM_HUMID
24.7,73.6,0.14574995467567672,-0.45720374324891977,1,COMFORT
26.7,27.2,0.07647576550701776,0.8398747730200307,2,WARM_HUMID
16.6,52.0,0.20485498496200585,-0.42076247772262115,0,COLD
13.4,60.1,0.04834068352326889,-0.2711391738407345,0,COLD
20.6,36.1,-0.10972461254197909,-0.07317299597265862,0,COLD
32.2,31.7,0.20170450967135875,-0.05776248183878663,2,WARM_HUMID
18.5,27.8,-0.2098442151475222,-0.18396475689142772,0,COLD
23.2,26.0,-0.09592662225757996,-0.3526367649938278,1,COMFORT
25.2,49.3,0.009755177312098887,0.07133020645420111,1,COMFORT
31.0,50.2,-0.31954423752066086,-0.07884512122274141,2,WARM_HUMID
26.8,32.3,0.1092984525136181,-0.49241509339538664,2,WARM_HUMID
19.4,30.0,0.0027864054939720213,-0.04551146116117971,0,COLD
28.8,35.7,-0.27599883741204484,-0.031650493972892595,2,WARM_HUMID
18.1,51.3,0.2515289313291037,0.37476159558416033,0,COLD
17.2,62.8,0.01600044830505673,0.0629167694389211,0,COLD
18.3,33.0,-0.11130927219576733,0.06112353032804502,0,COLD
19.5,37.8,0.0681497149728343,0.17392009453969082,0,COLD
30.8,58.0,0.3112891308937898,0.690658796135736,2,WARM_HUMID
26.0,56.0,-0.3155583255144565,0.8685815305390027,1,COMFORT
32.3,67.5,-0.26944843462760415,0.08636463893036933,2,WARM_HUMID
21.9,43.9,0.07612693081234921,0.6259429274592855,1,COMFORT
20.6,20.7,0.07305388447020407,0.44128271901205524,0,COLD
19.2,54.0,-0.14721348021177377,-0.7973549605996452,1,COMFORT
33.1,55.0,-0.24242457425711567,0.320378542023696,3,HOT
36.4,39.7,-0.002313395805396854,0.3983646486247921,3,HOT
22.3,50.1,-0.02288350588030602,-0.6588109470314054,1,COMFORT
31.4,67.0,0.00669582149052051,-0.19906618874544035,2,WARM_HUMID
28.2,85.7,-0.2129786301877459,0.29085677548746325,0,COLD
31.0,74.4,0.04235666267992727,-0.2715376652345169,2,WARM_HUMID
30.1,27.6,0.12132943777191799,-0.12071802883442179,2,WARM_HUMID
27.2,54.0,-0.03446994458627907,0.03180107278399305,1,COMFORT
30.9,65.9,0.08385387948281578,0.19228832214195823,2,WARM_HUMID
24.8,28.8,-0.3218024308731264,0.1651377477090524,2,WARM_HUMID
30.3,70.5,0.01567710541137317,0.08775173178227319,2,WARM_HUMID
29.1,17.9,-0.1320715438495305,-0.13059119449095732,1,COMFORT
19.3,45.3,0.15625289892621627,-0.09719617836505522,0,COLD
32.6,56.4,0.21283128997263628,0.28411840520729575,2,WARM_HUMID
25.7,46.2,0.11199783802822046,0.1438603052029833,1,COMFORT
34.5,40.0,0.05781790487359286,-0.3789261368240878,3,HOT
26.3,37.5,0.17026995076599508,-0.5125179938134513,2,WARM_HUMID
34.0,74.0,-0.0005956879730101256,-0.5852403199007961,3,HOT
18.5,21.3,-0.13233399820225455,-0.2968675829846071,0,COLD
18.2,42.6,-0.06753800816674072,-0.4646418435003339,0,COLD
33.2,69.0,0.36686279694252394,-0.286462052027789,3,HOT
33.6,59.0,-0.08812090275718902,0.15334630811318747,3,HOT
26.2,63.2,-0.06367529155265199,-0.029841349374843163,1,COMFORT
24.4,24.1,-0.05446076030821917,-0.6308738010303784,2,WARM_HUMID
31.4,30.3,0.08141992477657325,-0.3268617543737674,2,WARM_HUMID
22.0,49.9,-0.02002184358538561,0.15449090902620577,1,COMFORT
16.8,54.8,0.025491706657722425,0.3910336034602951,0,COLD
35.4,48.4,-0.030173662523796115,-0.041299752904012166,3,HOT
23.6,64.8,0.01603978543323728,0.1323340603429258,1,COMFORT
24.2,54.0,0.22761199391892803,0.32994897462958905,1,COMFORT
25.6,32.8,0.07345046381922557,0.4076054276801583,2,WARM_HUMID
20.4,32.5,0.31558664376333423,-0.018361595266599844,0,COLD
32.4,38.0,0.11786493734290363,0.22106444274966602,3,HOT
12.2,60.1,-0.13362976318856357,-0.7262170851290277,0,COLD
22.6,30.4,0.004745711636875902,0.12273213808993098,1,COMFORT
24.4,71.8,-0.052642911320713213,-0.4090138650754403,1,COMFORT
18.3,30.2,-0.05678821702786452,-0.1207708767770662,0,COLD
32.0,63.7,0.2032289390666933,0.33423716190414804,2,WARM_HUMID
23.3,32.9,0.06537158352697847,0.0660535598675618,1,COMFORT
14.0,46.3,-0.00023853047289340557,0.24716860776488586,0,COLD
25.7,60.0,-0.1961054673346446,0.24248143076272966,1,COMFORT
13.0,40.7,0.1876842964794387,-0.032226896010711485,0,COLD
25.9,32.1,0.090810675714412,0.40271276460987804,2,WARM_HUMID
34.5,49.8,-0.22161204900394935,0.8594535607809404,3,HOT
27.1,35.2,0.0960105972217036,-0.28965399257580554,2,WARM_HUMID
14.6,34.7,0.031577007326089736,0.10108403995711415,0,COLD
30.3,65.4,0.2149482415064367,-0.36085518145690165,2,WARM_HUMID
35.6,35.1,0.21134724495411597,-0.14066304980022884,3,HOT
20.2,32.2,-0.23042339766027606,-0.2594001188017074,0,COLD
24.8,24.3,-0.2406081107510622,0.48249495968841716,2,WARM_HUMID
22.4,25.5,0.009739946785903971,0.09278609981082268,1,COMFORT
33.0,59.0,0.1267730475607822,0.5751933726698548,3,HOT
23.3,27.7,0.03307567699151134,0.6846691034330914,1,COMFORT
20.6,85.7,-0.05438460661399779,0.2492382567489132,1,COMFORT
29.7,80.0,0.10911765020946641,-0.46589894426965595,1,COMFORT
24.3,56.0,-0.17150084866257911,1.0224267984659308,1,COMFORT
29.4,76.1,-0.09594023812297121,-0.46816673576879214,2,WARM_HUMID
19.5,36.1,0.05848362866409404,-0.47570712444266355,0,COLD
23.0,21.8,-0.09230440781491497,0.05920255229553936,1,COMFORT
25.9,34.8,0.13888203665407228,-0.11018715345360082,2,WARM_HUMID
32.1,53.0,-0.18431445469861657,-0.4260501809727516,3,HOT
33.0,46.8,-0.03828325324432658,-0.8620625198225723,3,HOT
30.9,42.7,0.15277612440314892,-0.007071789273113399,2,WARM_HUMID
22.9,50.6,0.14164959994496396,-0.01839900009842813,1,COMFORT
20.1,31.0,0.09015202897419407,-0.36932936187906534,0,COLD
34.2,54.0,-0.027974579429034422,0.19466721782901,3,HOT
22.0,26.7,-0.15374731335255018,-0.6763474565841918,1,COMFORT
22.1,21.4,-0.03349355415193723,-0.4327300272132975,1,COMFORT
21.4,63.1,0.0514528138071406,0.21459611522138908,1,COMFORT
36.0,42.3,0.15969185617311993,-0.20840156532176315,3,HOT
24.0,22.7,-0.3185067807597342,-0.3501271266291841,2,WARM_HUMID
32.0,61.9,0.16388067504124545,0.3094401027077271,3,HOT
29.2,80.1,-0.24175476629057924,-0.3425846530229062,2,WARM_HUMID
13.8,54.7,0.2422174881370991,-0.725447783762339,0,COLD
22.8,54.8,0.11842481394750637,-0.6232255712967872,1,COMFORT
20.3,49.8,0.12111287735736422,-0.5029133513481782,1,COMFORT
17.7,43.5,0.3051534680109304,-0.7973379239732075,0,COLD
30.2,54.0,0.26965297902742835,0.6192681588576769,2,WARM_HUMID
31.1,25.1,0.0734943464179074,0.3774771641558653,2,WARM_HUMID
32.7,43.0,-0.12796867305205117,0.5842492562782459,3,HOT
17.0,50.0,-0.02483684588513917,0.6040855295030382,0,COLD
14.6,67.7,0.04554959823254578,0.007745596909415019,0,COLD
24.7,22.9,0.1899481610939428,-0.5558642355058743,2,WARM_HUMID
26.7,34.1,0.16351579818852743,-0.05190695743935219,2,WARM_HUMID
27.2,84.7,-0.12386806878817602,-0.31796913609711475,2,WARM_HUMID
25.8,34.9,0.055866106921624144,-0.3662012744010767,2,WARM_HUMID
31.4,34.8,-0.17354120958442068,-0.8389208111217704,2,WARM_HUMID
16.5,65.0,0.0729953934217217,0.10053806175072096,0,COLD
17.4,77.0,0.23122025936673077,-0.5502083228514433,1,COMFORT
27.1,32.9,-0.11862031833857693,0.0210564116401918,2,WARM_HUMID
33.1,43.0,0.2329532875988002,-0.42719244359751535,3,HOT
30.0,75.3,0.22403704286327542,0.08716804909776982,2,WARM_HUMID
32.7,19.0,0.0028228574610897634,-0.8530970925432989,2,WARM_HUMID
22.6,34.5,0.20925497101810334,0.495830025966185,1,COMFORT
24.1,41.4,0.2845453100831119,-0.08138638169644162,1,COMFORT
19.6,36.3,-0.12921651441964296,0.12242924910748654,0,COLD
31.9,66.5,-0.03538071968005158,-0.3697799968596198,3,HOT
16.7,35.1,0.03942621494939608,0.5412968873264611,0,COLD
20.9,58.0,0.058121717688815265,-0.7572376056991013,1,COMFORT
23.5,53.0,-0.01817889079628552,-0.23672669600943813,1,COMFORT
31.8,67.0,-0.14098196794910328,0.2031969596404486,2,WARM_HUMID
31.0,85.0,-0.18310525739214334,0.5145504481409051,3,HOT
22.8,52.2,0.10410489164519092,0.25639163694724687,1,COMFORT
25.3,49.3,-0.0657796077004001,-0.7294859821017542,1,COMFORT
24.0,58.7,0.05630395442167099,0.37110450716404125,1,COMFORT
34.1,46.0,-0.1081014450420648,0.39973739295506494,3,HOT
27.7,86.0,0.14206095671918645,0.5996539968539668,2,WARM_HUMID
33.8,56.5,0.00936475549911644,-0.1644313198479822,3,HOT
15.7,59.2,0.15524643283473022,-0.3603902684280445,0,COLD
26.2,25.0,-0.04568403898534065,-0.7825560589112098,2,WARM_HUMID
27.6,42.0,0.023298749879910218,0.3251746010410594,2,WARM_HUMID
29.6,76.6,-0.1677347909034047,-0.007251636933002108,2,WARM_HUMID
21.6,71.8,0.10318766159837899,0.15766968062556092,1,COMFORT
29.8,31.9,-0.21965171978461315,0.1648705148441923,2,WARM_HUMID
33.2,69.0,0.04199529394797304,-0.393748785300341,3,HOT
20.8,16.0,-0.1690569027875028,-0.276465758555146,1,COMFORT
29.0,62.3,-0.09048425421200391,-0.0509355907222486,2,WARM_HUMID
25.8,33.8,-0.005653068111335685,-0.519204773389114,2,WARM_HUMID
31.1,75.2,-0.03184354314554659,-0.19827865652183965,2,WARM_HUMID
31.6,67.0,-0.15121294663761062,-0.24043243920889062,2,WARM_HUMID
26.0,54.0,0.1648165277980785,0.342736498073426,1,COMFORT
30.9,18.4,-0.06964236840306606,-0.01400190595974063,2,WARM_HUMID
35.2,51.4,-0.17591921871973135,0.1540394513674545,3,HOT
32.1,52.6,-0.1756751501701855,-0.05569613271495604,3,HOT
20.3,41.9,-0.007444258406619742,0.3467417195107225,1,COMFORT
21.2,76.8,-0.29189827601930074,0.3331062546500758,0,COLD
29.9,74.2,0.13668934245567352,-0.831797606901449,2,WARM_HUMID
23.1,25.7,-0.14123350217695063,-0.09717653285335337,1,COMFORT
20.0,51.9,-0.1044808525743177,-0.06951933820272241,0,COLD
20.0,32.5,-0.1928180268821078,0.37611856933185017,0,COLD
13.0,66.0,0.0626388191007003,0.3942493228108313,0,COLD
25.0,28.1,0.04487934332701344,-0.4444329351018652,2,WARM_HUMID
17.0,57.7,0.16915294417746435,0.2975746832828527,0,COLD
27.6,51.0,-0.042181869343243264,-0.21163502808091514,2,WARM_HUMID
21.6,35.7,-0.03991433145491386,-0.07638070679699793,1,COMFORT
23.0,52.2,0.06842424936982822,-0.04721794621814283,1,COMFORT
25.7,57.2,-0.1705426408942709,0.3830850224938986,1,COMFORT
15.4,57.0,-0.03172530102753104,-1.142625315309776,0,COLD
18.9,59.0,0.060596860876630715,-0.3174950538012609,0,COLD
25.6,33.2,-0.08556387189590414,-0.3632853586861314,2,WARM_HUMID
33.0,46.8,-0.03828325324432658,-0.8620625198225723,3,HOT
19.5,58.8,0.04289736941703806,0.4898836402042018,0,COLD
24.9,77.1,0.023027597267537753,0.03175509568092021,1,COMFORT
27.6,71.6,-0.021180858151413583,0.30851247587946196,2,WARM_HUMID
17.4,50.0,0.12228246011949545,0.7366102834382391,0,COLD
20.0,32.5,-0.1928180268821078,0.37611856933185017,0,COLD
27.3,42.6,-0.11813271609430598,-0.29258011094631037,2,WARM_HUMID
12.2,66.1,0.16408387712608186,0.08874473955504991,0,COLD
33.7,57.4,0.2122058760772742,-0.3026244823325332,3,HOT
24.4,25.6,-0.23016031014145663,-0.9021342796668135,2,WARM_HUMID
37.1,41.4,-0.14651108147657052,0.04240310758981615,3,HOT
18.6,44.3,0.0764288267223203,-0.20694467299513708,0,COLD
15.4,57.0,0.13594331230279874,-0.43210884938015426,0,COLD
28.8,28.0,-0.10641467359927137,0.05718822371034524,1,COMFORT
21.9,22.0,0.14693973623652132,0.08880858611603398,1,COMFORT
12.2,66.1,0.19415279379967768,-0.0389107840316444,0,COLD
28.1,28.0,0.07294113898006038,0.4891548545779452,2,WARM_HUMID
31.0,29.3,-0.11738350769756685,0.5072281003280268,2,WARM_HUMID
22.1,33.9,0.20404424894248652,0.4594468346047877,1,COMFORT
18.9,39.8,0.1690921685148104,0.06679355117566164,0,COLD
18.3,44.5,-0.0267328518851784,-0.6498140919093837,0,COLD
12.2,63.1,0.10539184127001053,0.3959266741015026,0,COLD
19.2,33.8,-0.00010326501680586507,-0.31690385503461377,0,COLD
22.7,25.5,-0.07399655744338626,0.1322195460048196,1,COMFORT
22.4,39.0,0.18806021793296018,0.5263459341652122,1,COMFORT
35.6,38.0,-0.14001320958008873,0.20398351058916886,3,HOT
36.2,31.4,-0.21942338335142347,-0.09279340442754484,3,HOT
32.5,35.5,0.25430112101813546,0.043913753479491606,2,WARM_HUMID
21.2,60.7,-0.14801456322500692,-0.648575213699004,1,COMFORT
27.6,76.2,-0.25661761493949664,-0.9539806615789073,2,WARM_HUMID
29.7,61.7,0.04069095451639397,-0.42662400751561497,2,WARM_HUMID
28.2,26.2,-0.1484527282840654,-0.2623555760991236,2,WARM_HUMID
19.8,32.8,0.11838337485907091,-0.19865796341228695,0,COLD
23.1,43.2,-0.23037397260292852,0.5882951061293512,1,COMFORT
21.1,30.9,-0.24158298018690602,0.8483651860229448,0,COLD
23.7,29.6,0.0030286857348496184,-0.32946935279221806,1,COMFORT
27.7,81.3,0.11081193320654416,0.08176904224508985,2,WARM_HUMID
20.3,37.0,0.10695387756494233,0.08207791197125587,0,COLD
30.1,78.1,-0.37851860437687046,0.7495769023889963,2,WARM_HUMID
17.7,52.1,-0.09002347425132412,0.5978137846703516,0,COLD
31.9,51.3,-0.24840707202725246,-0.234739127165054,3,HOT
35.1,36.1,-0.31922012051003523,0.5171634658238787,3,HOT
19.2,38.6,0.17673792713220035,0.3640327261132612,0,COLD
23.2,68.0,-0.0108961733962647,0.2022803389510749,1,COMFORT
20.0,51.2,0.030947800458003282,-0.44559101990639205,0,COLD
35.0,74.0,-0.02017892705622039,0.30711229279562646,3,HOT
25.5,52.4,-0.04246186103973753,0.10387902105570952,1,COMFORT
32.1,26.0,0.005760447101879121,0.03858127935014983,2,WARM_HUMID
25.5,37.0,-0.016270282219479293,0.6946818498015367,1,COMFORT
26.8,58.4,-0.16917660961782371,-0.2939112336792577,2,WARM_HUMID
20.0,38.1,0.192825074472662,-0.3757488259613242,0,COLD
22.8,35.0,0.11911394733360628,-0.17758589436295788,1,COMFORT
27.1,45.0,0.03506788676861215,-0.07363954723768214,1,COMFORT
23.1,37.6,0.09416560135907802,-0.16406683962978072,1,COMFORT
31.4,75.6,-0.11291362452856592,1.0034756010040946,2,WARM_HUMID
20.6,32.3,-0.020896288656722075,-0.4069954008659769,0,COLD
30.9,18.4,-0.008764517849623236,-0.310616009417652,2,WARM_HUMID
25.3,60.6,-0.13322674819205896,0.42460264371376255,1,COMFORT
37.0,50.0,0.0343577684862829,-0.6269810120086643,0,COLD
12.0,67.3,-0.08695402759867106,0.45937838809595677,0,COLD
32.7,44.4,0.1691976643321063,0.06473305471727553,3,HOT
24.5,49.9,-0.05782925620572972,0.30251313938155505,1,COMFORT
29.7,27.3,0.0751798058533834,0.38519267442371286,2,WARM_HUMID
22.2,25.2,-0.2089547514002517,-0.02045288476802679,1,COMFORT
18.1,40.2,0.00810774942690014,-0.16502282172624483,0,COLD
39.4,32.0,-0.02516620982616823,-0.43408082384597757,3,HOT
35.4,55.4,0.011061117930981737,-0.3518894695763215,3,HOT
28.9,38.2,-0.14939956604420854,-0.7048159885231546,2,WARM_HUMID
20.1,52.2,-0.3885229873752776,0.8204831660615677,0,COLD
31.6,63.5,-0.054798313075382805,-0.3963993002414538,2,WARM_HUMID
35.1,39.0,0.09637528996003564,-6.968997919551213e-05,3,HOT
33.5,41.0,0.004392231157603755,0.6195598835532946,3,HOT
32.6,61.4,-0.06068466579440025,-0.48422424296996464,2,WARM_HUMID
28.1,28.5,-0.09919250078460135,0.6151676688879789,2,WARM_HUMID
38.0,34.5,0.1966471046214738,0.39692455544037764,3,HOT
23.0,27.1,-0.14320097868569745,0.042253262498448435,1,COMFORT
32.2,65.2,0.08509957154799443,-0.2096282864127113,3,HOT
34.0,39.0,-0.08480997012420717,0.3667927618944051,3,HOT
28.8,65.8,-0.03997461467386867,-0.18085472727950272,1,COMFORT
33.4,48.0,-0.15355652970144598,0.03787740734081768,3,HOT
22.8,43.7,-0.11168855774003615,0.4389830783693456,1,COMFORT
23.2,53.7,0.2575678730991836,-0.04245228544139379,1,COMFORT
24.5,32.3,0.04810317355121245,-0.7053570637572948,2,WARM_HUMID
21.8,31.0,0.0762222138923795,-0.17856687261772008,1,COMFORT
10.9,26.6,0.02716684333341448,0.012935989026535422,0,COLD
29.9,44.8,-0.08036956193215056,0.2773191585830822,2,WARM_HUMID
29.9,75.2,0.08832702403855218,1.1093766982981226,2,WARM_HUMID
29.2,45.0,0.23691568375422892,-0.3917022373179006,2,WARM_HUMID
30.8,64.4,0.15988366247157224,-0.38624855027740834,2,WARM_HUMID
22.8,29.8,0.14609823042914322,-0.15429330372984826,1,COMFORT
32.0,63.0,-0.099393563841877,0.14022169156717249,2,WARM_HUMID
27.6,63.3,-0.10071162054010509,-0.10531810712094809,2,WARM_HUMID
22.3,53.7,0.056827684385246165,-0.9434094771482053,1,COMFORT
27.0,52.0,0.1751673092489711,0.19380583371981477,1,COMFORT
31.2,54.0,-0.10387598636453313,-0.12566018382878175,2,WARM_HUMID
27.5,67.6,0.13945607750393704,-0.3935049149724418,1,COMFORT
25.8,21.3,-0.05304366987044803,0.08623078095975048,2,WARM_HUMID
18.6,45.6,0.07787699573216626,-0.015453507708014964,0,COLD
30.2,54.0,0.2099033154879003,0.515700794011935,2,WARM_HUMID
30.1,75.9,-0.1084609657368217,0.3147265520973528,2,WARM_HUMID
13.8,37.7,0.08815423528017181,-0.05401161520418335,0,COLD
23.7,63.1,0.418112432053601,0.5197418897331163,1,COMFORT
33.2,54.0,-0.018350504333743876,0.34475990244579713,3,HOT
18.5,59.0,-0.06850013848570895,0.31385183973591013,0,COLD
32.9,15.6,0.1328205874410143,-0.6318854542330299,3,HOT
28.0,62.8,0.22768169374239836,-0.2185520054373464,2,WARM_HUMID
34.6,58.3,0.19803427457823972,0.43636457958427477,3,HOT
32.0,61.9,0.001150978998225946,0.07027385307328284,3,HOT
24.5,47.2,0.13151712956755954,-0.03159577762051809,1,COMFORT
36.0,63.0,-0.1098904759972953,0.16651379078181539,3,HOT
35.7,39.5,-0.21428944728957444,-0.27788673715778023,3,HOT
23.2,28.0,0.06145776661021976,-0.2539383918434008,1,COMFORT
26.5,40.6,-0.3446352155526679,0.44830524312805936,2,WARM_HUMID
33.3,55.6,0.08976992713556291,-0.4457363621639099,3,HOT
23.2,37.5,0.06518121753332162,0.44548728343054633,1,COMFORT
35.3,50.0,0.0027459214220907744,0.032868728947016444,3,HOT
19.4,32.8,-0.059768485548457546,0.12052384132703947,0,COLD
27.0,24.9,-0.1082717180004722,0.4334191058432002,2,WARM_HUMID
27.1,31.3,0.27962992888310245,0.3036544172167206,2,WARM_HUMID
28.0,60.7,-0.020901273916818022,-0.1778888678822091,2,WARM_HUMID
14.6,48.3,-0.038900415680702786,0.03881700407442558,0,COLD
28.3,67.9,0.19652922840814505,-0.468944860698782,1,COMFORT
10.4,52.7,0.04170785267588866,-0.160328830446405,0,COLD
24.1,28.1,0.19574440331856283,-0.3590617988826195,1,COMFORT
24.3,37.4,0.000500954488847685,-0.24368557679844685,1,COMFORT
27.8,44.0,0.19958623560585603,0.23188098665465043,2,WARM_HUMID
26.9,34.0,0.10913210606859303,-0.1364045126435011,2,WARM_HUMID
27.6,38.0,-0.22181656857694285,0.4253920826523455,2,WARM_HUMID
16.5,33.0,0.20501201050415954,0.6880927162578985,0,COLD
23.9,30.9,0.12533651498274986,0.20364626041300632,1,COMFORT
27.5,29.0,0.03378961758713243,-0.11138032109945956,1,COMFORT
36.2,31.4,-0.21942338335142347,-0.09279340442754484,3,HOT
30.2,73.6,-0.019022162502530252,-0.12405638415916741,2,WARM_HUMID
28.0,76.0,0.0964936849894926,0.01647381757206726,2,WARM_HUMID
24.7,53.4,0.0331697802960472,-0.0294229922549972,1,COMFORT
19.6,40.2,-0.14340878275250918,0.14323174505635736,0,COLD
28.6,50.7,0.16278333954924473,-0.32151363306172676,2,WARM_HUMID
25.2,46.6,-0.054051557537110516,-0.07196428205755065,1,COMFORT
31.4,37.7,-0.30329902841220946,0.004988686503639848,2,WARM_HUMID
22.7,53.5,0.10302704162019248,0.07029947968457534,1,COMFORT
35.1,16.0,-0.2505719347541096,-0.08155253807014855,3,HOT
19.9,32.3,0.08780889974902258,-0.9019240130815045,0,COLD
25.0,20.8,-0.015553859050301091,0.11336149461409409,1,COMFORT
24.5,51.0,-0.0019956953067952962,-0.4462776856839886,1,COMFORT
32.0,21.2,0.2941072036587405,0.2248619641263749,2,WARM_HUMID
24.8,71.1,0.19078774551335492,0.5758621455967055,1,COMFORT
13.8,37.7,-0.10250715547801943,-0.2614140348274429,0,COLD
27.7,81.3,0.02293413671027641,0.09405576285409677,2,WARM_HUMID
26.9,69.3,0.03623733143738582,0.46126154235229944,1,COMFORT
25.6,34.5,0.10479072730369553,-0.5326164592683865,2,WARM_HUMID
17.1,31.0,-0.22944385477614088,-0.22565712891729237,0,COLD
38.0,35.4,0.0161969719327564,0.2874975551089739,3,HOT
32.1,69.8,0.0030959855482499557,0.12590098859260046,2,WARM_HUMID
28.0,53.0,-0.23189321668845617,-0.20727523729658076,2,WARM_HUMID
23.0,60.2,-0.01709640981385943,-0.005006602734014758,1,COMFORT
32.6,37.5,0.1946660720686753,0.40153700287882127,3,HOT
28.9,62.0,-0.3380634623041076,0.09315378680177097,2,WARM_HUMID
30.0,84.0,-0.12233052788265573,0.5939126882170872,3,HOT
32.0,66.3,0.017627642873714492,0.012541840760392067,3,HOT
22.6,39.8,0.2133913637904458,0.5484213580544176,1,COMFORT
24.4,24.5,-0.15452630244438156,-0.013161817997383774,2,WARM_HUMID
23.1,61.5,0.06135166854786189,0.742867181104746,1,COMFORT
34.3,29.4,-0.28292955986278573,0.02764413190058594,2,WARM_HUMID
33.0,37.3,0.07876024772354483,0.12328459769825764,2,WARM_HUMID
28.0,51.0,-0.033848457106837745,0.27637250907963845,2,WARM_HUMID
24.9,25.7,-0.12247219604460584,0.2838816437726575,2,WARM_HUMID
28.3,44.0,0.17691601810819305,-0.2846402572388729,1,COMFORT
31.0,34.9,0.25443809478406393,-0.7557092402547604,2,WARM_HUMID
32.7,37.6,-0.06558539132375615,0.3974059975153023,3,HOT
27.3,52.0,0.027682695479555545,-0.3297763615075499,2,WARM_HUMID
33.6,59.5,-0.14275831909737274,0.15972608949666034,3,HOT
27.5,51.0,-0.08202558686406972,-0.06521530849451618,2,WARM_HUMID
15.1,51.8,-0.22443946491011968,-0.33393182663232585,0,COLD
13.0,66.0,0.0626388191007003,0.3942493228108313,0,COLD
23.8,48.2,0.10545645205170386,0.37792022096284666,1,COMFORT
30.3,58.0,0.20887481196027277,0.465957479888946,2,WARM_HUMID
38.0,18.4,-0.17717864108935755,0.006868539335009531,3,HOT
33.0,73.0,0.02191848028468423,-0.5797011349794102,3,HOT
21.0,50.1,0.22236727601910514,0.38971386460255364,1,COMFORT
26.9,25.1,-0.023817141973198393,-0.04961881459773195,1,COMFORT
26.9,40.0,0.14323111334470856,-0.23152382035228314,2,WARM_HUMID
28.5,45.9,0.008191767436510566,-0.007521700107284811,2,WARM_HUMID
30.3,68.7,-0.09543852524790547,-0.16727702512278175,2,WARM_HUMID
25.0,35.4,-0.014512410799553236,-0.270251750392183,2,WARM_HUMID
24.3,16.2,-0.1850925285290583,0.014279170173423485,2,WARM_HUMID
39.4,62.3,-0.07998135622588132,-0.134691280177031,3,HOT
18.9,46.7,0.06231403328242535,-0.6349966209413378,0,COLD
24.3,30.7,-0.1872251415241371,-0.6308459811574644,1,COMFORT
22.5,80.8,-0.06410844374358488,0.49574958583316653,1,COMFORT
21.0,43.0,-0.024994066208159225,-0.2660574611567602,1,COMFORT
18.5,36.3,-0.01132235297416549,-0.3488340244643222,0,COLD
18.2,29.8,-0.016448385636145472,0.20172339116830634,0,COLD
20.5,47.1,-0.24501561170979128,-0.19735244977301453,1,COMFORT
25.1,47.0,-0.06649233767872655,-0.23479049631943663,1,COMFORT
19.9,46.6,-0.20457947245007077,-0.013207649655077064,0,COLD
22.9,25.7,0.17950807736552704,0.39640408879433364,1,COMFORT
38.5,40.0,-0.0044217172532905885,0.2315351934564916,3,HOT
20.1,52.0,0.05230330098029575,0.16226862413179075,0,COLD
19.7,31.5,-0.1251507279873994,-0.1154668608468489,0,COLD
20.4,35.8,0.08949084203880821,0.3394774313405528,0,COLD
23.1,43.2,0.1699724305153354,-0.16274347584466717,1,COMFORT
23.1,55.6,-0.0011221195111119921,0.4715149829400767,1,COMFORT
36.4,15.4,0.1299764607800664,-0.011382067315600689,3,HOT
18.1,42.1,0.1359514853095728,0.4281928522421658,0,COLD
27.4,32.0,0.07568727217160853,0.4659930650479691,2,WARM_HUMID
25.7,32.8,0.21311495722588367,0.5942600230317733,2,WARM_HUMID
17.9,37.2,0.14076171358099376,0.3271858903322455,0,COLD
19.9,32.1,-0.10860025845050594,0.08962928181382174,0,COLD
22.2,44.5,-0.36446329465238175,0.3839905873360454,1,COMFORT
27.6,29.1,-0.029566198190609294,0.33049021348253227,2,WARM_HUMID
15.4,57.0,0.09036802060834384,0.18284349076769807,0,COLD
30.3,38.6,-0.11250572664646814,-0.24046854468237028,2,WARM_HUMID
34.0,56.0,0.1738994705046372,-0.2028628094530457,3,HOT
31.9,38.9,-0.015761232421796743,-0.9657724904953686,3,HOT
33.5,51.9,-0.0021970146195677952,-0.361596543039162,3,HOT
29.5,34.0,-0.04207910981178207,0.037882287305285804,2,WARM_HUMID
26.4,37.8,-0.20435011109616666,-0.014692988896144852,2,WARM_HUMID
30.1,71.5,-0.06885066903343642,0.22908546179920508,2,WARM_HUMID
18.1,35.7,-0.12778521682354213,-0.138802025072979,0,COLD
18.6,72.6,0.09420460909987276,0.06258279206146024,0,COLD
11.6,57.9,0.06696361603118617,0.10267359703567269,0,COLD
28.9,54.8,-0.2159020837858578,-0.36699570565714584,2,WARM_HUMID
25.5,34.1,-0.24449890299593416,-0.30714959644343964,2,WARM_HUMID
12.1,55.3,-0.11338299079390766,0.11414492161171136,0,COLD
26.6,53.2,-0.16078356743562058,-0.0924615442803884,1,COMFORT
24.6,55.0,0.05820090732654053,0.06676203904577226,1,COMFORT
22.5,44.7,-0.1621149258277748,0.416046006164169,1,COMFORT
16.3,36.9,-0.023584007533668,0.13822157865197968,0,COLD
34.2,50.4,0.15240383278155556,0.5978309219147743,3,HOT
10.4,74.9,0.17074583059302234,0.22717042841545465,0,COLD
11.6,51.3,-0.011147973290194325,0.13843086299495277,0,COLD
23.8,44.7,0.21134387683697642,-0.3133352870136066,1,COMFORT
24.5,37.5,0.2878303881400764,0.16941540538290645,1,COMFORT
17.5,86.0,-0.04894381375858964,-0.17208969125160353,0,COLD
36.0,26.4,-0.12911069827096547,0.11648947273192328,2,WARM_HUMID
22.8,66.0,0.10316500950168403,-0.2851162001997035,1,COMFORT
31.5,34.0,-0.16353126101991447,0.3115791474877549,2,WARM_HUMID
31.0,35.8,0.018862928419204856,-0.5971478752036282,2,WARM_HUMID
19.8,37.4,0.06578197482407025,0.35464174629909645,0,COLD
15.6,52.8,-0.02525064513557863,-0.010175135188284772,0,COLD
27.0,58.8,0.1535879532058063,-0.6206952586477333,2,WARM_HUMID
35.6,36.0,0.2622923441214416,0.42564211593943846,3,HOT
26.9,59.0,0.17602107862279873,-0.7882089200224511,2,WARM_HUMID
29.7,75.7,0.03345304544432447,0.4310128509377016,2,WARM_HUMID
18.6,37.0,0.18484257442662466,0.3510232165550548,0,COLD
33.8,30.0,-0.11028015521448699,-0.22467868372383137,3,HOT
25.9,56.7,0.14868028284832865,-0.15744331221249006,1,COMFORT
17.4,22.6,-0.12495123837591599,0.23347030636342592,0,COLD
25.2,26.4,0.042168526575645536,0.2775355896294679,2,WARM_HUMID
15.6,65.4,-0.06957783230080092,-0.6291957056494314,0,COLD
35.6,48.0,-0.007928448311173104,-0.41164438802202485,3,HOT
34.4,57.9,-0.013282560435955054,0.12957220242473627,3,HOT
19.0,37.0,0.08978926371665882,-0.55292309055348,0,COLD
35.0,51.5,0.15318668063204774,0.09055217925626609,3,HOT
28.8,40.0,0.14243312031619856,-0.8044492614268727,2,WARM_HUMID
26.6,32.0,-0.023723076655848045,-0.4268237555889094,2,WARM_HUMID
25.3,61.2,-0.12479775023785195,0.4474037833175384,1,COMFORT
24.7,49.0,0.04856801863235629,-0.35773212816644734,1,COMFORT
18.5,36.3,-0.01132235297416549,-0.3488340244643222,0,COLD
33.3,50.3,-0.3357466573192039,-0.06702993568999893,3,HOT
15.6,82.0,0.06844508563674365,0.6092275617124445,0,COLD
27.5,41.7,0.3321494913834895,-0.2786219020386146,2,WARM_HUMID
31.0,78.0,0.16597228585585103,0.19328355366436878,3,HOT
25.9,45.6,-0.012341785070801792,-0.2259588995201801,1,COMFORT
25.2,62.8,-0.05769320096471352,-0.1673800259340319,1,COMFORT
30.0,85.0,0.21803959826797079,-0.32745671334081794,3,HOT
18.7,65.3,0.06493905980567362,0.17132338375429934,0,COLD
16.2,49.3,-0.017240375470622633,0.3263291484495099,0,COLD
21.7,25.9,0.08811246456950104,-0.3394493456278977,1,COMFORT
12.2,73.4,0.15732902336462237,0.18996731664914854,0,COLD
26.8,33.5,0.22046763881812434,0.3872944394519749,2,WARM_HUMID
32.2,70.5,0.20821323549604528,-0.011546348354837156,2,WARM_HUMID
30.2,74.7,-0.1362100456139948,1.0214135473483632,2,WARM_HUMID
33.0,79.0,0.029434003145188452,0.14731365736339097,3,HOT
20.1,30.0,0.3727970886800529,0.05065800360939158,0,COLD
19.6,45.4,0.07471679934668123,-0.20737883022635298,0,COLD
19.7,36.7,-0.03462961667969029,-0.13617498427853464,0,COLD
19.7,29.1,0.06149830468170829,0.20322121720359132,0,COLD
21.7,61.9,-0.0481153022789505,-0.5932797532971531,1,COMFORT
29.6,36.0,0.05747522846383504,0.5802402994485043,2,WARM_HUMID
23.0,29.9,0.04695711592755344,0.4070124436949596,1,COMFORT
27.5,60.8,0.040084289581792366,0.22931477981355564,2,WARM_HUMID
18.7,40.4,-0.11977805882760421,-0.1564760917814041,0,COLD
17.0,56.5,-0.17169402868991107,0.06834952123352693,0,COLD
22.8,63.0,0.057509911548380116,0.1789933167387434,1,COMFORT
23.9,29.8,-0.20945415023638517,-0.5814934010915881,1,COMFORT
33.0,79.0,0.1337868298409799,0.4180036542515495,3,HOT
16.4,68.0,-0.1580283930474047,0.0470840152824744,1,COMFORT
22.4,64.1,0.03688180138360962,0.10459530397441033,1,COMFORT
22.3,25.0,-0.3716855263650918,-0.2602978607738858,1,COMFORT
23.8,52.5,-0.09799613776749626,-0.14229761123789453,1,COMFORT
31.5,30.5,-0.011564839092020657,0.20293230198773307,2,WARM_HUMID
15.0,68.0,0.041039185989251645,0.40131951343981864,0,COLD
29.5,60.2,-0.11018704490052701,-0.19395493519754606,2,WARM_HUMID
16.6,52.6,-0.19714276467121802,-0.23264602982187368,0,COLD
23.2,59.7,-0.0729993088865844,0.2823812374631248,1,COMFORT
23.9,39.2,-0.10374426381349693,0.40389805798923756,1,COMFORT
19.7,37.2,-0.0037245471189970647,-0.4993811188063375,0,COLD
37.0,88.0,-0.038688332247577256,0.04616863228043627,3,HOT
26.5,69.7,-0.06614881035485869,-0.11459974407816878,1,COMFORT
32.5,69.8,0.15422789101231324,0.10795937466640251,3,HOT
32.7,15.3,-0.08475907103267886,0.3090185302699076,2,WARM_HUMID
29.4,38.5,0.5087615165829762,-0.23231005617505662,2,WARM_HUMID
22.8,36.5,-0.029514659314155468,0.7974200193644316,1,COMFORT
23.0,36.0,0.006802794124477142,-0.596544187249884,1,COMFORT
23.4,25.1,0.23008199418389563,0.8174040866198148,1,COMFORT
26.8,22.4,0.2950306180537918,-0.12243097244755347,2,WARM_HUMID
24.8,66.7,0.05244229965425779,-0.3688659103049319,1,COMFORT
30.2,66.9,0.2220447665858574,-0.7282916810126403,2,WARM_HUMID
23.8,40.0,0.08962321308994507,0.30164809155686123,1,COMFORT
19.8,45.3,0.2275358030003822,0.8546539539706921,0,COLD
23.9,30.0,0.03368992150623892,0.2633057405277421,1,COMFORT
16.4,44.2,-0.07849751457576976,-0.1546503735289329,0,COLD
24.5,44.9,0.27889537032056805,0.006574479529842613,1,COMFORT
20.2,31.4,-0.2620048451189679,0.9617392509858935,0,COLD
18.3,31.8,-0.13907144783033148,0.016043076898103106,0,COLD
17.3,68.5,0.24510114891457774,0.53507092864995,1,COMFORT
16.8,69.0,0.2107186262939638,0.7998069078968194,1,COMFORT
32.7,15.3,-0.2655721706664117,-0.5453522167929409,2,WARM_HUMID
27.6,38.5,-0.07211335275355242,0.2497809448720806,2,WARM_HUMID
35.1,23.0,0.3318796559095863,-0.2138814471773546,3,HOT
14.6,55.6,-0.14218543451372664,0.15637483049514767,0,COLD
23.3,59.8,0.021281706394274298,0.04962535498912385,1,COMFORT
33.7,22.6,-0.05305575633833733,-0.09372130659862703,3,HOT
24.5,31.0,0.1888135352468564,0.37968133014503125,2,WARM_HUMID
31.9,25.0,0.06282851336538596,0.15085033177290944,2,WARM_HUMID
23.4,27.1,-0.18127594326033186,-0.19531183117375772,1,COMFORT
30.3,29.0,-0.17856116035117353,-0.10946037663775342,2,WARM_HUMID
33.5,33.5,0.1564238098401594,0.2689771697219016,3,HOT
15.4,37.0,0.2508062659563481,-0.30499283197005644,0,COLD
26.6,37.0,0.12627634650064878,-0.388261805226771,2,WARM_HUMID
36.8,40.5,0.07978648105811752,0.37750220820512204,3,HOT
21.4,46.5,-0.20592259077463723,0.509712334785467,1,COMFORT
21.0,32.3,-0.14273873934798256,-0.09074863371693412,1,COMFORT
19.4,49.8,-0.313444034040463,0.1707636999701495,1,COMFORT
24.5,48.8,0.23461359715102242,0.6887519435788065,1,COMFORT
37.2,42.0,0.2329870780033131,0.47102485146379935,3,HOT
23.3,51.0,-0.28385352367594097,-0.3701507499886165,1,COMFORT
11.5,82.0,-0.0010756816471990218,-0.4844117623906315,0,COLD
19.3,28.0,0.20819483759600513,0.5634197918163939,1,COMFORT
17.7,70.0,-0.04502334003341481,-0.6110997056189671,1,COMFORT
25.7,46.0,-0.013564681918387047,-0.495779650990712,1,COMFORT
33.0,24.0,0.09055104747971299,0.8012473710260184,3,HOT
32.1,49.0,-0.1232540174546251,-0.1884918498542054,3,HOT
22.1,30.3,0.09396722566538242,0.3319811877884907,1,COMFORT
24.8,25.3,-0.23700083159072066,0.17955708233031545,2,WARM_HUMID
27.4,92.4,-0.008309028822350356,-0.8387471896155566,0,COLD
25.3,61.2,0.02377241311728018,0.14531670763097826,1,COMFORT
23.9,25.1,0.009743428651542617,0.5017777652519095,1,COMFORT
29.2,61.0,-0.22825040594556928,-0.20702473492243315,2,WARM_HUMID
22.2,52.5,-0.09733759091995134,0.7364158244609056,1,COMFORT
24.5,23.9,0.04400163674493956,0.11943370535665028,2,WARM_HUMID
33.2,37.3,0.015695553396942424,-0.8860450655759542,2,WARM_HUMID
15.4,57.0,0.08330474013532425,-0.29798788454789676,0,COLD
19.5,58.3,0.06906200753738133,-0.42844236793951435,0,COLD
28.6,65.0,-0.008608160469258745,0.6817174216959828,2,WARM_HUMID
22.4,31.3,-0.11720232023561458,-0.37675340405416846,1,COMFORT
29.5,52.7,0.15369715828294941,-0.12992139627351143,2,WARM_HUMID
21.4,32.0,0.12494549551619233,-0.43688199989645615,1,COMFORT
28.9,62.0,-0.11197811090287517,-0.14344821549030826,2,WARM_HUMID
20.8,61.4,-0.0464901791027883,-0.0822250108506816,1,COMFORT
31.1,38.7,0.021495945750000557,0.07232703612873176,2,WARM_HUMID
21.9,40.3,0.14292281658351821,0.7126671769016588,1,COMFORT
21.6,45.3,-0.1449384899865017,1.0288161170404615,1,COMFORT
26.8,32.7,-0.1396736775234902,-0.4785231847347213,2,WARM_HUMID
33.6,59.1,0.229939420999062,0.5244442291193262,3,HOT
34.0,46.0,-0.06734257452348,-0.3555719084951904,3,HOT
21.7,44.2,0.05085974721282435,0.8692363826581971,1,COMFORT
24.1,69.7,0.2280934122809483,-0.8595551117995959,1,COMFORT
21.1,37.2,0.1213558834955936,0.3354399235193494,1,COMFORT
16.7,50.3,0.19859044742741483,-0.03266426754790318,0,COLD
29.9,34.0,0.05726012534437639,0.38267745564861555,2,WARM_HUMID
25.4,72.1,0.02319949127675462,0.14108338596663536,1,COMFORT
22.7,20.9,0.033727608320046495,0.302723935212435,1,COMFORT
27.6,81.2,0.0910773991363701,-0.5922905668599866,2,WARM_HUMID
22.9,63.6,0.008876129189134392,0.44375881505598935,1,COMFORT
38.5,16.1,0.02282005782961738,0.38190868972267533,3,HOT
18.3,50.8,0.11294088114737832,-0.41906310005794156,0,COLD
21.0,43.0,-0.15729692191410868,-0.19746600575658554,1,COMFORT
32.7,51.0,0.1350630677374923,-0.4288388472857363,2,WARM_HUMID
17.2,70.0,-0.010791642706589189,0.4130676599657931,0,COLD
22.2,62.0,0.2188594156209364,-0.8522303038293917,1,COMFORT
36.0,58.0,0.1677073737977787,-0.22381809389526752,3,HOT
34.5,40.0,-0.05360814969948483,-0.2650902527376539,3,HOT
33.3,42.0,0.06917371137535211,0.11224125690793232,3,HOT
22.4,39.8,-0.13649994039204286,0.010902534032493338,1,COMFORT
33.5,33.1,0.2004121073694543,0.6299029451228749,3,HOT
29.2,59.1,0.041311492440856884,-0.48329577440841653,2,WARM_HUMID
24.3,23.5,-0.14374035933053306,-0.07305430102715976,2,WARM_HUMID
26.9,35.9,-0.08404438350727857,0.07760869357819739,2,WARM_HUMID
26.6,61.0,0.1290710232539618,-0.4244106598839042,1,COMFORT
27.7,40.1,-0.04869068236115636,0.415913477745248,2,WARM_HUMID
35.2,48.3,-0.2825452367498798,-0.029470723063742068,3,HOT
15.1,47.3,0.1007598223260641,0.3942386476414402,0,COLD
20.0,52.4,0.09335098595016737,-0.11372093539763024,0,COLD
19.7,36.7,-0.03462961667969029,-0.13617498427853464,0,COLD
20.5,51.8,0.06886865590122233,0.4446098491515673,1,COMFORT
24.4,26.6,0.057875357158187944,0.3086134812997361,2,WARM_HUMID
30.3,33.0,0.011354241000764017,0.6993468311423288,2,WARM_HUMID
12.2,69.7,0.07088073304818006,-0.49874347759033033,0,COLD
22.1,53.0,-0.14342520903760042,-0.6985844670416268,1,COMFORT
21.3,68.1,-0.2033050554485892,-0.10858982187851002,0,COLD
34.9,45.6,-0.00823137277130722,-0.3724011509605951,3,HOT
24.2,39.1,-0.20019373338353538,-0.03571148213657694,1,COMFORT
21.0,46.4,0.03421738285493093,0.36358530141341117,1,COMFORT
18.7,34.9,0.16849537966707848,-0.07646900199132241,0,COLD
23.4,62.2,0.035024656522853734,-0.4456153371482227,1,COMFORT
20.3,69.0,0.008579135909918953,0.023339068380784974,1,COMFORT
20.0,51.8,0.3212973960221904,0.8954446179279967,0,COLD
15.7,71.6,0.17676697597466182,-0.3123551546188037,0,COLD
30.1,36.0,-0.34704255452258087,-0.14689702567901583,2,WARM_HUMID
28.2,37.1,-0.1278948207487309,0.2575582208437268,2,WARM_HUMID
34.4,39.0,-0.06823765300036382,-0.6463480902740877,3,HOT
35.0,49.8,0.09213670473414776,-0.09852804281751149,3,HOT
12.8,65.2,0.0928814085415218,0.9300245019674462,0,COLD
23.8,52.0,-0.40817273481369704,0.3418973633761899,1,COMFORT
21.1,66.0,-0.13695057786644504,-0.04416228181065318,1,COMFORT
18.1,53.3,0.2892950701340946,-0.17588849992852454,1,COMFORT
27.2,43.1,0.20009034598319222,-0.04750894247929071,1,COMFORT
21.4,58.9,-0.05380321047600646,-0.07649015395966784,1,COMFORT
30.1,39.9,0.031144109702386243,0.16642386345917648,2,WARM_HUMID
32.5,69.8,0.15422789101231324,0.10795937466640251,3,HOT
21.7,32.4,0.16154041070396966,-0.027648897497657168,1,COMFORT
28.8,27.4,0.0662493846279091,0.8522936663781673,1,COMFORT
38.0,70.0,0.10379414899885323,-0.7991808603896438,3,HOT
24.2,24.2,0.1475256925737032,-0.23803632998004592,1,COMFORT
11.0,49.3,0.0020215362274439534,0.07341067829166552,0,COLD
25.9,32.2,0.029077402372395623,-0.7103016147542124,2,WARM_HUMID
19.6,22.8,0.18784199182738381,0.4192877990661763,0,COLD
21.8,28.8,-0.17156296713629404,-0.31517734848448753,1,COMFORT
26.4,23.2,0.05378367725522861,-0.00955326127531775,2,WARM_HUMID
31.3,28.5,-0.04063851281444652,-0.4227929870513516,2,WARM_HUMID
20.7,35.8,-0.13858457298949034,0.14521868329234996,0,COLD
27.9,36.0,0.015806325921893984,-0.06409419287575335,2,WARM_HUMID
22.3,53.3,-0.2154932735739805,0.7311836516168642,1,COMFORT
18.4,42.3,0.027911990942807482,-0.9612073244793973,0,COLD
20.5,31.2,0.22911738383551755,-0.06802587918176449,0,COLD
30.0,26.0,0.0075243874866639604,0.5083906857901648,2,WARM_HUMID
17.0,27.3,0.030328620277922033,-0.2612622484683238,0,COLD
32.0,37.0,0.046275109780419744,0.46797106422569307,2,WARM_HUMID
22.7,55.6,-0.004402755317354182,-0.3334382563873419,1,COMFORT
23.1,38.5,0.3162462115764384,0.06677450247028703,1,COMFORT
24.8,47.4,-0.19048846309913206,-0.33199658781833197,1,COMFORT
25.0,43.0,-0.04100950530862277,0.8167608657771073,1,COMFORT
25.9,21.8,0.022534811257242788,-0.6497624404039013,2,WARM_HUMID
24.4,19.5,0.08407782974251081,0.12401271710787956,2,WARM_HUMID
17.2,52.8,0.048201578059663436,-0.4469356834939445,0,COLD
25.8,50.1,0.2289190794310935,0.18550178665503647,2,WARM_HUMID
31.9,55.0,0.3479621012485813,0.45448380777390496,2,WARM_HUMID
22.4,31.6,-0.033772077614396656,-0.521008034664311,1,COMFORT
28.8,39.9,0.009662078930666795,-0.03563673384332935,2,WARM_HUMID
37.6,28.3,0.16956882472817214,-0.30915709740371716,3,HOT
27.8,29.3,0.039766064176836466,0.12086909069617031,2,WARM_HUMID
11.6,62.7,0.29039415722228035,0.11881937911762296,0,COLD
22.3,28.7,-0.13852058611114784,-0.022884506986808224,1,COMFORT
25.8,50.7,0.1149686887117333,0.051229257754845686,2,WARM_HUMID
17.3,79.9,-0.026623782566142475,0.017021077896422952,0,COLD
26.5,32.5,-0.30669435057019023,0.059963078598806445,2,WARM_HUMID
34.8,57.7,0.027975932532510014,0.040473683810195664,3,HOT
31.4,49.0,0.26345787311512225,0.058850392969543155,2,WARM_HUMID
29.1,54.0,0.10522421728870716,0.3814288711358466,2,WARM_HUMID
19.6,26.2,-0.06328812307982641,0.8582676916444906,0,COLD
16.8,52.7,-0.1210228435968023,0.6630517909272271,0,COLD
16.9,53.0,-0.08732502048342052,0.2958181061738116,0,COLD
29.9,20.0,-0.009150595778307532,0.19904063269083064,2,WARM_HUMID
23.4,30.5,0.008701151786743484,-0.27093725000486185,1,COMFORT
24.3,25.5,-0.11122068048638421,0.6669830441665011,2,WARM_HUMID
31.0,73.0,-0.047506189848887166,-0.16284655546463092,2,WARM_HUMID
33.4,61.0,0.13782069700535354,-0.47299209174616613,3,HOT
17.6,46.0,-0.01415732744170263,-0.16596654113913709,0,COLD
28.8,61.0,-0.1384739522557575,-0.06484519847701793,2,WARM_HUMID
20.6,45.8,-0.05879218607914006,0.13188173073276135,1,COMFORT
34.6,41.0,0.19201127304663224,-0.3550787930767625,3,HOT
20.2,76.2,-0.05823256302617034,-0.29220133631276274,1,COMFORT
35.8,43.8,0.0038501295039830097,-0.029726043015008446,3,HOT
17.9,40.1,0.08940130094791798,-0.41562716966334695,0,COLD
30.0,72.0,-0.05737807396566707,-0.816110388419474,2,WARM_HUMID
17.7,43.5,0.3051534680109304,-0.7973379239732075,0,COLD
34.6,50.0,0.10860033825000237,-0.4226133877884253,3,HOT
29.0,59.0,0.1899277403239303,-0.23388367120910375,2,WARM_HUMID
25.2,63.6,0.09219554599090886,-0.6930046752706401,1,COMFORT
17.6,56.0,0.10858179300661126,-0.5192884530461218,0,COLD
20.0,51.9,-0.1044808525743177,-0.06951933820272241,0,COLD
20.0,38.7,0.1542242608899287,0.6031966676682288,0,COLD
28.0,43.0,-0.036477142211565186,-0.251146885752072,2,WARM_HUMID
22.5,20.0,-0.048440701059101095,-0.2991486403735799,1,COMFORT
13.4,53.2,0.3233898228043455,0.4083390171955918,0,COLD
19.3,25.4,-0.16136653377742013,-0.15817701672692677,0,COLD
19.9,36.7,0.017424961656386708,0.2356624048297174,0,COLD
25.3,58.8,-0.014551314438781429,-0.5429484171077547,1,COMFORT
23.1,41.5,0.10555863121034573,-0.5473712617293484,1,COMFORT
34.0,26.0,-0.29837778984420255,-0.11614142665019461,3,HOT
17.5,42.3,-0.14514827349370713,-0.7107728387467815,0,COLD
24.5,31.3,-0.07219233335727054,0.36072202243383045,2,WARM_HUMID
10.0,81.0,-0.019103650218166766,-0.25918371115649136,0,COLD
19.7,39.2,-0.02827152283417371,0.16469831119741696,0,COLD
21.1,59.4,0.29705051623943013,-0.2741862450430371,1,COMFORT
26.9,22.2,0.13962920961733308,0.21543842138496305,2,WARM_HUMID
38.0,75.0,-0.3166330941821151,-0.5880844636710313,3,HOT
22.0,40.1,0.0777623690895425,-0.15173450414223202,1,COMFORT
25.8,60.9,-0.1294022078671587,-0.2691105367441797,1,COMFORT
31.0,41.5,-0.05333291076108513,0.19209422701492884,2,WARM_HUMID
19.7,33.0,-0.00702942177942373,-0.2557407649792535,0,COLD
35.7,39.0,0.008095063641355999,0.19436252436735005,3,HOT
23.5,39.1,-0.0778116790247277,-0.12087112625059909,1,COMFORT
18.2,55.4,-0.11303569324603213,0.219244067810385,0,COLD
19.4,37.1,-0.24139306300311508,0.04698165691937291,0,COLD
24.2,26.8,-0.11527748504696518,-0.0846364512812133,1,COMFORT
22.4,49.8,-0.2129906436070127,0.31938320820468563,1,COMFORT
20.1,31.0,0.01304299351678035,-0.0456290900707017,0,COLD
18.6,45.3,0.17362794087149366,0.5886669364663629,0,COLD
29.1,53.8,-0.07586794290281822,0.7634576988152633,2,WARM_HUMID
14.1,44.6,-0.0010883547698491748,0.2666261897440464,0,COLD
18.6,29.3,0.1341878299003013,-0.791579659232288,0,COLD
35.9,45.5,-0.009198149287003713,0.9227718027252652,3,HOT
28.6,65.0,0.07231000910030792,-0.09944738272327125,2,WARM_HUMID
10.4,59.2,-0.16517260958730126,0.12886788964864587,0,COLD
26.3,37.5,0.047574125568467046,-0.5183834554262523,2,WARM_HUMID
33.4,64.7,-0.03296156220327213,-0.486026027654677,2,WARM_HUMID
31.1,44.8,-0.04906503704935485,0.09759465097209459,2,WARM_HUMID
32.3,43.2,-0.016579605289399876,-0.4487746806366765,3,HOT
23.8,36.4,0.13789088710996386,-0.3529761773793083,1,COMFORT
19.8,35.3,0.20402521962420192,0.012560656917505656,0,COLD
25.4,50.8,0.0921540782543444,-0.2844941225727238,1,COMFORT
18.2,51.3,0.003411892075150844,-0.0870668993036158,0,COLD
17.2,40.8,0.09907458624564874,0.5922755243389163,0,COLD
24.1,34.0,0.0826764252123653,-0.2881224245472211,1,COMFORT
35.0,68.0,-0.012332893391519327,0.5206788248301799,3,HOT
18.6,37.0,0.18484257442662466,0.3510232165550548,0,COLD
33.0,44.2,-0.15077042447448372,0.2202386535672114,3,HOT
26.9,59.0,-0.01156525641211563,-0.11973513802030161,2,WARM_HUMID
35.0,74.0,-0.1818573325794956,-0.10550423587531682,3,HOT
27.7,38.0,-0.13773182497646871,-0.01866353331890413,2,WARM_HUMID
27.4,42.0,0.1333730737181709,-0.30690415199305776,2,WARM_HUMID
23.6,40.4,-0.06443573162432129,-0.5152046365292717,1,COMFORT
29.6,55.1,-0.024573253758714563,0.0875128945361886,2,WARM_HUMID
21.2,51.9,0.020917869904379573,-0.3015256572173246,1,COMFORT
22.3,49.6,0.009573183755045834,-0.03737077726240861,1,COMFORT
19.1,41.4,-0.21955308152512745,-0.2311373888242251,1,COMFORT
22.5,38.5,0.05882367083738189,0.01640339312142549,1,COMFORT
26.9,24.6,-0.040006265849532166,-0.05041427691546836,2,WARM_HUMID
26.0,57.3,-0.050834596277473026,0.6061108656204682,1,COMFORT
26.0,49.5,-0.0409887146851431,0.21067047376328552,2,WARM_HUMID
20.2,37.5,-0.021513964517232986,-0.009923744696793083,0,COLD
19.9,38.6,0.011857170322541882,0.40996233771493773,0,COLD
30.2,72.0,0.127640539166367,0.560381575668584,2,WARM_HUMID
21.6,20.3,0.1441110017736053,0.5623682820721115,0,COLD
31.5,50.0,0.13864453984621683,0.29808157997030466,2,WARM_HUMID
18.6,69.0,0.1609553400675867,-0.3927450888716778,1,COMFORT
27.7,59.0,-0.1610856246375365,-0.3460870258528539,2,WARM_HUMID
29.7,61.3,0.08304411140373479,-0.8288291286515929,2,WARM_HUMID
22.8,57.2,0.08696389624051516,0.6524602319168746,1,COMFORT
31.6,69.9,-0.13254778056076916,0.7022806619067855,2,WARM_HUMID
30.1,42.0,-0.18139551417230323,0.2394711305781495,2,WARM_HUMID
30.2,40.2,0.16990922836799704,0.0583435356147268,2,WARM_HUMID
19.0,41.0,0.12153900665630007,-0.08443666830795976,0,COLD
15.4,56.5,-0.04893505566620394,0.3363655192165749,0,COLD
20.2,36.4,-0.20987004684946628,-0.13776797658774878,0,COLD
30.6,43.0,-0.3572865898456585,0.4548479186832169,2,WARM_HUMID
27.7,44.0,-0.028034423724297725,0.2617173817437468,1,COMFORT
11.6,59.7,-0.1079414639679066,-0.7049571947483991,0,COLD
15.7,74.2,-0.04165648804806889,-0.1348374437131272,0,COLD
24.0,30.8,0.0029580182386865646,-0.09923696328276244,1,COMFORT
26.9,61.0,0.14204057729328107,0.12544727432673636,2,WARM_HUMID
13.8,37.7,-0.2407206466347094,-0.1611868412370744,0,COLD
27.0,39.3,-0.06484517787143115,0.12863145785296884,2,WARM_HUMID
30.5,67.8,0.14259418096897686,0.09682539695882242,2,WARM_HUMID
15.1,67.3,-0.07711692378564021,0.33232146256085965,0,COLD
24.8,55.5,0.04135588359706033,0.22711921976629978,1,COMFORT
16.0,36.9,0.15580905891632743,-0.21907839552403596,0,COLD
19.0,43.4,0.2907285706165558,-0.3074661922283572,0,COLD
25.9,27.5,-0.2115918009177916,0.16315274544624006,1,COMFORT
16.8,45.8,0.029325870021658797,-0.7104963910050447,0,COLD
34.9,36.3,-0.07870485230671184,-0.30050316216982603,3,HOT
27.5,51.4,-0.10982083529561074,-0.14553794393224115,2,WARM_HUMID
30.3,44.2,-0.18131022889628304,0.39884744050999715,2,WARM_HUMID
18.9,59.5,-0.07795117173054529,-1.1008114648937057,0,COLD
28.2,35.8,0.060754440666628946,0.7974910988099171,2,WARM_HUMID
15.0,74.0,0.09891026847727424,0.47150452891568195,0,COLD
33.0,45.0,0.09561909322712404,-0.4753375997940288,3,HOT
26.0,25.6,-0.22739354305353965,-0.13462085906414964,2,WARM_HUMID
28.3,87.5,-0.3109366947424656,0.12127132826279541,2,WARM_HUMID
30.5,71.5,0.01977265988950782,0.3105153598418242,2,WARM_HUMID
30.9,72.3,0.03628724764822479,-0.06423226325573773,2,WARM_HUMID
19.7,50.1,-0.001267933908103191,-0.1859386811181336,1,COMFORT
21.2,24.3,0.028659272592195542,-0.3397088895139048,1,COMFORT
28.7,53.4,-0.1429452388998607,0.8172020019891685,2,WARM_HUMID
18.1,65.0,0.0797548100984791,-0.4413405572285445,0,COLD
27.1,36.5,0.03935137187347799,0.10884851775944004,2,WARM_HUMID
30.0,55.0,-0.08264727053073744,-0.036400109386670536,2,WARM_HUMID
33.8,39.1,-0.13710843635094214,0.15607048699706771,3,HOT
11.5,60.0,-0.4284413120011736,-0.6936417393254992,0,COLD
20.8,29.6,-0.1767321953119372,0.13950234671828135,0,COLD
23.4,22.8,-0.025799247814783936,0.043649139449519175,1,COMFORT
30.0,78.0,0.07896833683120384,-0.35025563536711224,2,WARM_HUMID
19.6,22.8,0.18784199182738381,0.4192877990661763,0,COLD
25.0,25.7,-0.029678464323893827,-0.6135737508246395,2,WARM_HUMID
28.3,87.5,0.2111729264234276,-0.0008430949361495374,2,WARM_HUMID
18.9,56.0,0.01766773583554649,-0.42461922818619613,1,COMFORT
33.8,50.7,0.25082926641652253,0.36034193592814134,3,HOT
35.2,35.6,0.19650532493953402,0.45204253639419667,3,HOT
18.0,48.6,0.1906015710919337,0.9352898687319264,0,COLD
27.5,63.0,-0.003836146828799165,-0.19329846372666337,2,WARM_HUMID
16.1,64.3,0.0684071031113401,-0.28240692904598264,0,COLD
32.2,60.3,0.26840616736427364,0.6297250707014359,2,WARM_HUMID
22.2,22.3,0.2271146788531334,-0.34043733678977095,1,COMFORT
16.0,41.7,0.024277724483651786,-0.5905311676509798,1,COMFORT
25.0,55.0,-0.15935902922203196,0.3184263630194887,1,COMFORT
24.4,24.9,-0.07423906808495827,0.17113397245052078,2,WARM_HUMID
18.0,53.0,0.3522027762980814,0.12397832046032523,0,COLD
12.8,56.9,-0.4079556541088403,-0.011317581830641115,0,COLD
18.0,38.4,-0.06431880628271067,-0.1095974175175974,0,COLD
34.1,46.0,-0.1081014450420648,0.39973739295506494,3,HOT
28.5,59.7,0.1159365828592445,-0.0824698178646123,2,WARM_HUMID
27.0,58.0,0.06564167910663916,0.339729996161387,2,WARM_HUMID
27.9,53.6,-0.32054425253677665,-0.19026203571627415,2,WARM_HUMID
19.4,46.3,0.26730361690522086,0.49108698855589045,0,COLD
33.8,68.9,-0.022433366280842408,0.1472089696808164,3,HOT
26.4,84.7,0.1134095817739443,-0.11505867811805522,0,COLD
34.3,58.0,0.2447820617414308,0.27315687631254404,3,HOT
19.6,73.0,-0.18800670032169398,-0.48749380859093416,0,COLD
26.3,33.4,-0.1384978580435496,0.6959546056839803,2,WARM_HUMID
24.2,83.1,-0.01589718808447258,-0.5479245859467925,1,COMFORT
12.2,49.3,0.0902795131150372,0.0570372520608924,0,COLD
31.4,63.7,0.22408922154632963,0.2750698747741152,2,WARM_HUMID
26.2,42.4,-0.21079844321692123,0.40780237257297486,1,COMFORT
18.6,49.8,0.015184725806350888,-0.42533277300646993,0,COLD
20.3,62.0,0.06512777585605463,-0.038627054231414264,1,COMFORT
30.8,65.8,-0.16887409348673796,-0.8871678928130008,2,WARM_HUMID
24.8,73.2,-0.34422192994803796,-0.5093921601220783,1,COMFORT
23.6,41.8,0.18867773207201755,-0.40345652409917376,1,COMFORT
33.6,41.2,-0.0660535836363014,0.4015910335493915,3,HOT
23.6,54.6,0.1253841226710525,-0.15674872345593396,1,COMFORT
20.5,33.0,-0.04322203344572843,0.6333825160892493,0,COLD
18.0,55.0,-0.051957394712961104,0.2489514607666594,0,COLD
23.6,25.1,-0.05643812586430347,-0.11948356820809708,1,COMFORT
13.8,36.7,-0.03634321472675824,0.7545469645729659,0,COLD
24.8,72.3,-0.20871068663250833,0.1854055073623414,1,COMFORT
17.6,46.0,-0.01415732744170263,-0.16596654113913709,0,COLD
24.1,36.0,-0.04873847822378748,0.07316155885195647,1,COMFORT
19.9,36.4,-0.1307385706602642,0.0669838351466186,0,COLD
27.7,32.8,0.1630373426683501,0.5859751054864674,2,WARM_HUMID
27.7,54.5,0.32860215063169085,0.35583718405005027,2,WARM_HUMID
32.7,69.0,-0.020782469304572008,0.5366270283209656,2,WARM_HUMID
24.9,46.0,0.00928250293307028,-0.7056238368095373,1,COMFORT
20.7,66.0,-0.06448292148857022,-0.6414537225456469,1,COMFORT
23.1,45.6,0.12858213046634334,0.10583231353689702,1,COMFORT
29.8,78.2,-0.18488835962533728,0.3083860902434967,2,WARM_HUMID
27.0,32.0,-0.30111852911175147,-0.015098273799403658,2,WARM_HUMID
34.4,45.8,0.017541762098909053,-0.14610645620055526,3,HOT
25.1,63.9,-0.1365100564943948,0.32213904749298883,1,COMFORT
22.7,56.8,0.06846055317587436,0.32393535816317515,1,COMFORT
28.2,52.2,-0.13132508803045093,-0.5367107397497674,2,WARM_HUMID
19.3,38.1,0.2080170985927817,-0.3776761977371051,0,COLD
19.8,46.3,0.01865539491555236,-0.1757988560169387,0,COLD
33.0,32.0,0.09406806904145275,-0.3994136513629497,2,WARM_HUMID
33.4,58.0,0.1069497645258582,0.043220821106364334,3,HOT
27.4,59.2,0.144951970157157,0.43228565934585,2,WARM_HUMID
27.9,45.0,-0.08718839249633033,0.14726077784304023,2,WARM_HUMID
29.7,47.7,0.25334560337353473,-0.4926554406430375,2,WARM_HUMID
21.1,40.0,-0.07104681864767866,0.48042158568323007,1,COMFORT
15.6,52.8,0.047604394988304204,-0.16186708952980988,0,COLD
28.3,36.2,-0.0695695904474819,0.695495210052872,2,WARM_HUMID
32.9,56.5,-0.19921750136305286,-0.3363876562435257,3,HOT
15.5,52.3,-0.08342468541329995,1.0732446150591328,0,COLD
27.1,34.2,0.011881221763042614,0.204620065053686,2,WARM_HUMID
20.6,35.4,-0.28650368426907064,0.23871250991351067,0,COLD
22.5,27.5,0.13793408202942378,0.15427689508637776,1,COMFORT
24.6,40.0,0.08557309962953602,-0.531190939237349,1,COMFORT
21.0,29.5,-0.4161715863958861,0.7073138474216042,0,COLD
33.0,79.0,-0.13360710315590835,0.960953918638322,3,HOT
26.8,81.2,0.08764564859078974,-0.03605468924660014,2,WARM_HUMID
33.5,40.0,-0.20348755341056934,0.07118858456258996,3,HOT
38.0,81.0,0.05818388431266456,0.0092191372319898,3,HOT
29.2,30.2,-0.3477990894655471,0.3981014220548501,2,WARM_HUMID
32.1,19.2,0.3089767502606103,-0.24711654303977398,2,WARM_HUMID
16.5,24.1,0.01586746356698987,0.6362351060046914,0,COLD
19.6,73.0,0.03978436278070649,-0.17177017711678122,0,COLD
20.5,49.1,-0.17266885005623564,0.04489756834247275,1,COMFORT
25.6,33.3,-0.019079907597366438,-0.4932968248149945,2,WARM_HUMID
30.6,63.9,-0.208337736635387,0.1290980079102457,2,WARM_HUMID
32.1,37.8,0.06338919227479474,-0.13304960857603762,3,HOT
20.5,36.6,0.19031708826207627,0.4949308714717556,0,COLD
26.3,41.0,-0.22891593327056237,0.05228749295143579,2,WARM_HUMID
21.8,30.0,0.015727903566165925,-0.29788949429869843,1,COMFORT
31.7,50.2,0.0029405703550504083,0.041997583681237884,2,WARM_HUMID
22.9,31.0,0.023115720974445697,0.17793054416682982,1,COMFORT
31.5,58.2,0.09353992905780201,0.6772849215217581,2,WARM_HUMID
18.6,50.8,0.009009813046806984,-0.11107664725502316,0,COLD
26.4,40.7,-0.1712123688340829,0.3532808950343663,2,WARM_HUMID
21.7,56.5,-0.34522075765049803,-0.1382655297904782,1,COMFORT
18.4,24.2,-0.1334943834835712,-0.007136602129654697,1,COMFORT
20.8,30.5,0.0916606357665856,0.41437227750483036,0,COLD
28.0,42.0,-0.03565249754414764,0.29321625750476044,2,WARM_HUMID
25.1,25.2,-0.03166719010701173,-0.3855239497702565,2,WARM_HUMID
19.8,37.4,0.0958386700122841,-0.7301752194288761,0,COLD
20.6,35.3,-0.007349395296081661,-0.086069570491503,0,COLD
43.3,68.1,0.0583972084633973,0.6329762098661729,3,HOT
17.2,48.5,0.22960988483355008,0.06886669413546519,0,COLD
21.0,29.1,0.0462648571394402,-0.504204120347605,0,COLD
19.3,31.6,-0.169932422003141,-0.0441048124477467,0,COLD
21.3,45.3,0.12207608559760333,0.30982607152447245,1,COMFORT
22.9,55.0,0.4654801914171145,0.14168514974544127,1,COMFORT
14.0,33.8,0.2459935022742991,-0.551472092015688,0,COLD
19.3,39.5,-0.022741270396452868,-0.14717597363627677,0,COLD
20.4,31.3,-0.053513472865018195,0.711981420870076,0,COLD
34.0,41.2,-0.21870429245936843,-0.32485353773882003,3,HOT
31.7,45.0,-0.19809070645614948,0.36085084667482104,2,WARM_HUMID
27.3,53.0,0.01883646802073134,-0.1226590795946637,2,WARM_HUMID
21.2,30.7,-0.40841790682511564,-0.09596002415976407,0,COLD
31.0,61.0,-0.1100354587832328,-1.0855310211903446,2,WARM_HUMID
26.4,41.0,0.0749796185610557,-0.5175572213944676,2,WARM_HUMID
20.1,52.4,-0.22253426325539424,0.5168449672473897,0,COLD
32.9,61.0,-0.08830572503351547,-0.025945632064495697,3,HOT
22.9,52.3,0.0009401715356836202,-0.5768827646202509,1,COMFORT
17.0,50.5,0.0507861285122473,0.3811203548362165,0,COLD
19.2,59.4,0.32547105417842315,-0.20009688877079143,0,COLD
24.0,22.4,0.09760014431881292,-0.23945364556096954,2,WARM_HUMID
20.2,46.2,-0.24191105535767682,-0.3059754072658961,0,COLD
34.8,35.7,-0.08790178607238422,-0.2829794633584093,3,HOT
15.7,66.0,-0.07268648152575935,0.15010888210386183,0,COLD
23.4,22.7,-0.13476873221238347,0.677988789786864,1,COMFORT
32.0,46.4,-0.1193983365013131,0.5025647725756776,3,HOT
31.6,66.0,-0.18691193141776877,-0.4860775097253185,2,WARM_HUMID
27.5,33.1,0.020229032726687916,-0.19425625348341483,2,WARM_HUMID
24.5,72.5,0.03493422509141055,-0.0031634579592759674,1,COMFORT
23.2,26.2,0.024733494086097967,-0.3606949320111902,1,COMFORT
27.9,53.6,0.10596661469154141,-0.0007732457239803397,2,WARM_HUMID
27.9,28.3,0.07893288959894164,0.45298766282213976,2,WARM_HUMID
21.0,24.2,0.14836952352001373,-0.035526627714124424,1,COMFORT
30.5,71.1,-0.03374307374285272,0.4057060293976731,2,WARM_HUMID
25.5,49.8,-0.02005783852823988,-0.45527910961665796,1,COMFORT
37.4,40.2,-0.1104207115309039,0.20455660300175738,3,HOT
36.0,32.5,0.13117913019403887,0.23686134434887585,3,HOT
14.0,48.8,-0.087210938715775,0.25262345901999245,0,COLD
21.3,67.3,0.04944312834175294,-0.3049822419099711,0,COLD
35.0,48.4,-0.11826214414297624,-0.09410499589253658,3,HOT
28.3,57.6,0.08166302416499158,0.2421365620835938,2,WARM_HUMID
18.8,46.3,0.09782191019592683,0.3006960749651934,0,COLD
26.1,48.1,-0.03610494718157787,0.053183905018776435,1,COMFORT
25.1,60.5,-0.19384550623926766,-0.4739750157650763,1,COMFORT
33.0,45.0,0.09561909322712404,-0.4753375997940288,3,HOT
34.1,48.5,0.14437578096889153,-0.3337735358459662,3,HOT
21.2,29.4,-0.12788588831197492,-0.32418283580728013,0,COLD
20.2,35.1,-0.12490988366376678,0.32240124979544404,0,COLD
26.2,34.8,-0.20338222455594304,-0.17283019237710812,2,WARM_HUMID
29.3,53.0,0.002710357871925524,-0.4518559096832262,2,WARM_HUMID
31.9,64.0,0.1270364436245551,-0.92473752324247,2,WARM_HUMID
30.3,27.6,0.14435177538998542,0.7035878072938487,2,WARM_HUMID
34.2,30.0,0.16055477403448945,-0.07914986339593816,3,HOT
22.4,31.9,0.24058045881653153,-0.17223969924369742,1,COMFORT
27.8,51.0,0.014050654851030015,0.1614611060053028,2,WARM_HUMID
29.2,49.8,0.0654979471948446,-0.1483967609505804,2,WARM_HUMID
28.1,66.4,0.04308305177629192,-0.7467828363859043,1,COMFORT
26.5,30.4,0.027964860698549854,0.07336246317867018,2,WARM_HUMID
24.3,51.8,-0.30671224657892077,-0.41157339580303054,1,COMFORT
33.5,53.9,-0.03537964811092768,0.06337543667264307,3,HOT
27.7,41.3,-0.1126434659277688,-0.04606540309937896,2,WARM_HUMID
17.9,51.0,0.21787059694099312,-0.050112698840225116,0,COLD
19.5,35.2,0.15187809522154647,-0.17950469379524753,0,COLD
20.6,31.7,0.09263565754772562,0.032054318358704384,0,COLD
30.4,56.8,-0.15866630180361715,-0.004493920397661451,2,WARM_HUMID
19.1,60.0,-0.04046255242994639,-0.2266816202343377,0,COLD
24.8,57.3,0.05824113823896504,-0.6564995388140056,1,COMFORT
24.5,59.1,-0.18530009689552193,0.9052724408064292,1,COMFORT
25.4,23.3,-0.23688451310750522,0.15837114458664192,2,WARM_HUMID
18.8,34.3,0.25452811105684225,0.014828859970388866,0,COLD
21.6,31.6,-0.0972669203124373,0.06926124654835385,1,COMFORT
33.0,44.2,-0.15077042447448372,0.2202386535672114,3,HOT
17.3,55.0,-0.2508359734271607,-0.5343321742251745,0,COLD
13.5,37.8,0.07807687449424193,0.4541733302918261,0,COLD
15.2,60.0,0.03357700346694851,0.2881308104780285,0,COLD
27.2,83.6,0.24097790976728528,-0.23840961381021422,2,WARM_HUMID
26.4,89.3,-0.40122722189093285,0.10553030042224065,0,COLD
28.0,64.0,0.010427231771203837,-0.6570085356372496,2,WARM_HUMID
23.4,39.2,0.14778297428349535,-0.3066418781623791,1,COMFORT
24.3,34.7,0.027684255159200144,-0.022309643264700613,2,WARM_HUMID
33.0,45.6,-0.3639798020730744,0.3665692681067197,3,HOT
20.3,36.0,0.11908749164451482,0.5912465649304038,0,COLD
24.6,54.0,0.15899045760699326,-0.5256889194621935,1,COMFORT
24.5,34.2,-0.03698747725540894,-0.42949717182889746,2,WARM_HUMID
21.7,39.2,0.10120424667129298,-0.18231209293330417,1,COMFORT
34.6,44.5,-0.05042250040766277,0.7646889500885076,3,HOT
23.1,45.0,-0.08202600640982081,0.23966224117548945,1,COMFORT
33.6,55.2,-0.11542671737517045,0.09407415731614835,3,HOT
33.0,79.0,0.09500871651684688,0.4278267913846976,3,HOT
22.1,40.9,0.08014065284143702,-0.23473231514245263,1,COMFORT
17.8,51.3,0.04474538644076617,0.24182061275447528,0,COLD
36.0,47.0,0.08375046348175583,0.38730030163513307,3,HOT
21.7,41.5,0.09933944732394294,0.16093998079109184,1,COMFORT
22.5,21.3,-0.17459841961912173,-0.342221414091875,1,COMFORT
19.2,37.5,-0.022942609404931327,-0.1442134508118306,0,COLD
27.2,40.2,0.07983537826109213,0.01088670033877531,2,WARM_HUMID
22.5,31.3,-0.2762639557774835,-0.1391094067938091,1,COMFORT
31.6,61.1,-0.0574869206231748,-0.41691581757250984,2,WARM_HUMID
29.0,22.9,-0.09933571179984352,-0.054531652973725975,1,COMFORT
15.0,35.8,0.0010477374383908035,0.371623319303687,0,COLD
32.0,61.9,0.21987539679044446,0.04546399426086443,3,HOT
30.7,31.6,-0.02692718623087202,-0.22719222345423146,2,WARM_HUMID
31.2,54.7,0.08052370259335138,0.5267117778386737,2,WARM_HUMID
34.4,68.9,0.09395186143912769,0.5327174081660464,3,HOT
27.0,29.3,-0.34486430238232346,0.6571431590270927,2,WARM_HUMID
25.6,28.7,-0.012388269466218354,-0.46074477460494656,2,WARM_HUMID
23.0,27.7,0.1608411643874972,-0.02601817591781232,1,COMFORT
24.4,22.3,0.12187777026840192,0.1302836119602428,2,WARM_HUMID
24.6,32.9,-0.09158021513592372,-0.8811889961138356,2,WARM_HUMID
28.2,42.0,0.3515481079218937,0.1506193063357421,2,WARM_HUMID
18.5,38.6,-0.16717984725120924,-0.5315384740768091,0,COLD
35.9,48.8,0.17379184602589756,-0.5120887313111205,3,HOT
29.3,49.5,-0.0646157413020576,0.058267805734080726,2,WARM_HUMID
19.5,57.7,0.10317737042238104,-0.114480218683918,0,COLD
25.2,43.9,-0.16492466663365843,0.20179154790393322,1,COMFORT
29.8,60.2,-0.45688059027101635,0.12137013611665044,2,WARM_HUMID
22.6,34.8,0.09440503539017268,0.4326166359808742,1,COMFORT
34.0,74.0,0.1693626365596475,0.17429387364597423,3,HOT
25.5,42.6,-0.0046329583215058215,-0.146011325790448,1,COMFORT
21.3,76.5,0.04206696348042351,-0.2145452407331654,0,COLD
16.2,67.7,0.13202870519522142,0.03893954158842167,0,COLD
35.4,46.4,0.11750531097266274,0.07451743558503438,3,HOT
34.2,37.0,-0.13645405967193847,0.3903645929836341,3,HOT
25.1,27.3,0.05205994083004156,0.0005124631610002094,2,WARM_HUMID
13.8,36.7,-0.30273511671467945,-0.18471668632493096,0,COLD
27.6,25.1,0.22432439289187936,0.5979063342815435,2,WARM_HUMID
23.6,41.1,-0.2137148480582234,-0.03486705931325392,1,COMFORT
32.4,46.0,0.2905212224519501,-0.3374195726002547,3,HOT
20.2,35.1,-0.2151068790979653,-0.3395693645008251,0,COLD
34.4,58.0,-0.19193654501035523,0.24357269727927375,3,HOT
24.5,16.8,0.09975826117028772,-0.4147586116115555,2,WARM_HUMID
25.1,57.7,-0.16667479483499784,0.11047838190881938,1,COMFORT
31.9,80.0,0.10459853382704147,0.237901137220366,3,HOT
29.6,30.6,-0.09819045313934818,0.1913136454879346,2,WARM_HUMID
15.7,49.3,0.2868429888923063,-0.12193620553745153,0,COLD
30.7,43.0,0.19321135872785664,-0.48331496469671625,2,WARM_HUMID
24.3,19.7,0.05791394354302057,-0.07658604555565647,2,WARM_HUMID
23.3,28.1,0.04206109763588344,0.03531774115696592,1,COMFORT
23.9,43.3,0.3223746860657441,-0.03475794001525724,1,COMFORT
24.3,52.6,0.011888617941255914,-0.16890509213405283,1,COMFORT
18.1,33.0,-0.06707732805532028,-0.08047828733003515,0,COLD
30.0,67.9,-0.11125112104067435,0.4130717720482613,2,WARM_HUMID
29.7,76.4,-0.20765672163205354,0.19674971734426197,2,WARM_HUMID
21.4,20.2,-0.1323160939714078,-0.23654973086633518,0,COLD
29.1,42.7,0.06830682950946948,-0.06001730090467497,2,WARM_HUMID
28.8,49.0,-0.03351989735577782,0.07761511105028525,2,WARM_HUMID
23.9,49.7,-0.05903242736210706,0.6299468426173598,1,COMFORT
24.6,58.2,0.18016507371945084,0.24057553401018095,1,COMFORT
23.7,41.6,-0.0869931261317645,0.3397219071133131,1,COMFORT
26.8,61.3,-0.0073513324108655,-0.3615716143743542,1,COMFORT
21.3,19.7,0.15917643265229064,0.1707067390220391,0,COLD
24.5,49.5,-0.20417846180376767,0.24816369933224003,1,COMFORT
23.2,56.2,0.10595555878409964,-0.6545521499666455,1,COMFORT
19.0,44.3,-0.06904601438615446,-0.33020064498049284,0,COLD
28.1,75.9,0.1222183840436897,0.31927761699775065,2,WARM_HUMID
31.0,73.4,-0.2029921409308684,-0.25206298315940956,2,WARM_HUMID
21.6,57.2,0.13343548842116243,0.09328699540102015,1,COMFORT
34.0,25.1,0.39969217380021516,0.4416951551607503,3,HOT
24.1,48.6,-0.07615751537245707,0.15716967298933016,1,COMFORT
25.8,38.0,0.06645031956710627,0.27154581637386827,1,COMFORT
22.3,36.5,-0.08028940567655099,0.395984765957613,1,COMFORT
34.6,55.3,0.17509360760756698,0.7648736655119385,2,WARM_HUMID
26.7,28.5,0.09578835035507112,-0.014226051415873736,2,WARM_HUMID
26.7,44.2,0.06846021739752543,0.11135540114521408,1,COMFORT
23.9,21.1,0.12735841518636104,-0.021845154079308524,2,WARM_HUMID
27.1,33.0,-0.06165374047547595,-0.5362351580746227,2,WARM_HUMID
12.8,57.4,-0.028446809308461118,0.07896733326778962,0,COLD
18.7,60.4,0.02123461987524775,0.07312443454695829,0,COLD
29.4,77.3,0.05141293581042906,-0.052898181359435664,1,COMFORT
19.4,26.6,0.035810688793703485,-0.517195816902363,0,COLD
29.3,41.6,-0.24420993406895192,0.19385556704731377,2,WARM_HUMID
33.4,49.6,-0.14154025738789963,0.16388625943823987,3,HOT
29.7,57.5,0.18065723732508215,-0.3422648232664505,2,WARM_HUMID
17.1,58.0,0.06751833956330228,0.2926479787989315,0,COLD
20.5,36.8,-0.05424274555617254,0.5742478037358735,0,COLD
17.2,52.8,-0.01196970700218011,-0.16771866071121708,0,COLD
18.9,33.9,0.049921068787611954,-0.29203569764135934,0,COLD
35.2,51.4,-0.17591921871973135,0.1540394513674545,3,HOT
22.7,46.1,-0.10571182514125331,0.5024461459549836,1,COMFORT
22.7,49.2,-0.29710204880939384,-0.43489880702756434,1,COMFORT
12.8,67.7,0.04184750316123764,-0.5168937420872772,0,COLD
29.2,64.8,-0.011837417427231258,0.32468435779237426,2,WARM_HUMID
20.0,53.0,0.07581975410528045,-0.4186179346799015,0,COLD
15.5,52.3,-0.08342468541329995,1.0732446150591328,0,COLD
27.5,34.0,0.2567569547850725,0.19046095622943804,2,WARM_HUMID
28.5,51.4,-0.18950813080124332,0.2984443707297092,2,WARM_HUMID
19.9,46.0,-0.20804482133577717,-0.30491529326226685,0,COLD
33.7,62.0,0.003913657531625068,-0.4743806683666284,3,HOT
21.4,41.3,-0.2059450563109144,-0.186770436871872,1,COMFORT
20.9,29.6,-0.16272368564482523,-0.5097872698294296,0,COLD
35.1,55.8,0.1747988398834922,-0.44804691453449763,3,HOT
28.6,62.6,-0.09506829686667005,-0.454535676194912,2,WARM_HUMID
26.1,34.6,-0.18935486590486497,0.5675164819241735,2,WARM_HUMID
33.2,70.9,-0.08170444306795686,-0.22523982796043038,3,HOT
23.5,25.4,-0.004675065594954525,-0.3552775686158479,1,COMFORT
30.6,31.0,-0.17251817127280947,-0.41937480348524225,2,WARM_HUMID
26.9,69.3,0.02142008090835022,-0.21946448218259965,1,COMFORT
30.8,68.6,0.3819081803914188,0.25060574232002353,2,WARM_HUMID
17.7,24.0,0.06065754935369502,-0.5768534650731948,0,COLD
19.0,59.7,0.23291874749976355,-0.25557178555255594,0,COLD
26.1,69.8,-0.11532316371961158,-0.43726581504203915,1,COMFORT
34.0,74.0,0.10590185183183273,0.004421028315733019,3,HOT
24.3,33.6,-0.11933950999707002,-0.6158762483332265,2,WARM_HUMID
19.4,38.4,-0.3054616427546683,-0.10945798466655632,0,COLD
18.5,63.0,0.02181408261086391,0.17738440501472139,1,COMFORT
21.7,27.6,0.35857223236584396,0.04803624799980705,1,COMFORT
25.5,45.0,-0.09713127084527387,0.1139992546947841,1,COMFORT
14.0,47.3,-0.14608227098104246,0.16069848960790478,0,COLD
33.7,62.0,0.02801501467156175,0.15902366607601998,3,HOT
29.6,67.7,-0.03135959725087627,-0.0026261978029939654,2,WARM_HUMID
22.0,35.0,-0.15600502899992172,-0.17762713355839052,1,COMFORT
22.4,39.9,0.2546435669564011,0.5364919324293875,1,COMFORT
26.3,35.0,-0.14707719417903545,0.06435438797130281,2,WARM_HUMID
28.9,61.0,-0.20378610228862115,-0.2505654104325105,2,WARM_HUMID
29.3,33.6,0.3840754439033526,0.1551045981482698,2,WARM_HUMID
19.2,39.3,0.04667797450565314,-0.05979338993549323,0,COLD
14.0,56.0,-0.10598624687554861,0.14682687234381955,0,COLD
18.5,27.8,-0.2098442151475222,-0.18396475689142772,0,COLD
29.2,52.0,-0.08330409988770208,0.11529502839650535,2,WARM_HUMID
39.4,48.3,0.14107559231060912,0.023903272089961625,3,HOT
26.5,46.6,0.259029791150059,0.5054975946761352,1,COMFORT
30.6,34.0,-0.15769648674590167,-0.07197087004057129,2,WARM_HUMID
24.6,34.0,-0.20338395386418132,0.1467693036458025,2,WARM_HUMID
35.1,38.6,0.07456876929833292,0.38348588037404346,3,HOT
26.3,39.1,-0.12113826523767596,0.5083841118192607,2,WARM_HUMID
16.8,43.7,0.18958589449929886,0.2784227549193251,0,COLD
29.8,28.5,-0.07873529443034977,0.6827346698925217,2,WARM_HUMID
30.5,68.1,0.2721379241550412,-0.03539540807776722,2,WARM_HUMID
25.1,65.6,-0.4609765946949285,0.3045741877685204,1,COMFORT
16.8,32.8,-0.11952892002037727,-0.8962127024167001,0,COLD
29.0,79.0,0.10806853426141046,-0.710424541073919,2,WARM_HUMID
19.7,61.1,-0.1965968676456559,0.019214513216497447,1,COMFORT
27.2,31.4,-0.05924163460636267,-0.8733346558885864,2,WARM_HUMID
37.3,32.6,-0.11626299451050585,0.1956510142170304,3,HOT
26.8,41.3,-0.13000990059904696,-0.36385818162056927,2,WARM_HUMID
25.5,41.4,0.17221811632283046,0.41545339235289414,1,COMFORT
29.4,44.9,0.05347156570042381,0.8844467717538436,2,WARM_HUMID
14.5,68.8,-0.08717690723158796,0.40112581820484733,0,COLD
29.5,76.6,-0.12354646947834658,-0.3356932644281379,2,WARM_HUMID
27.7,32.0,-0.0340659011671389,0.4871634210868854,2,WARM_HUMID
31.2,69.0,-0.057104517660591554,-0.0637881446357588,2,WARM_HUMID
30.8,79.3,0.1275770078778461,-0.7698285712673679,3,HOT
31.1,56.3,-0.023429085014579357,0.12909881270904683,2,WARM_HUMID
23.6,40.3,0.10753900199467832,-0.15802492656069733,1,COMFORT
27.1,31.0,0.18033735050417565,0.22163020590183977,2,WARM_HUMID
33.5,46.8,0.07991363246060205,0.3850153418608153,3,HOT
24.7,32.9,0.1447896576570672,-0.5659968348206028,2,WARM_HUMID
31.6,58.0,0.059601651387385275,-1.317034846767383,2,WARM_HUMID
19.1,45.7,0.14769836972064154,0.21679442630046758,0,COLD
34.0,51.9,-0.3037554471764616,-0.14358658099533003,3,HOT
33.8,60.0,0.023714318636212,0.44218836400708456,3,HOT
27.9,28.8,-0.016287624267058497,-0.3583074181547884,2,WARM_HUMID
32.0,61.9,-0.08080894205196618,0.3315955843351604,3,HOT
27.7,48.0,-0.08869170140545585,0.023184280584297057,1,COMFORT
27.5,52.8,0.17021529223001475,-0.5241454691897623,2,WARM_HUMID
33.2,61.0,-0.07652040921422829,0.5303956737348458,3,HOT
30.9,70.7,0.2525958045104007,-0.14096460207239778,2,WARM_HUMID
24.1,18.3,-0.010446114264846991,-0.7937535725504986,1,COMFORT
29.8,61.8,-0.15310179850870276,-0.3495494227191836,2,WARM_HUMID
29.7,40.0,0.029759027576623,0.07205221909362697,2,WARM_HUMID
23.6,44.8,0.09355380777067109,-0.21967118012187875,1,COMFORT
25.2,27.5,0.11765507036558194,0.5255848990227437,2,WARM_HUMID
19.5,56.0,0.07558318070691007,0.07922335357393315,1,COMFORT
17.3,58.3,0.10344667605052318,-0.30202086420355995,1,COMFORT
26.8,35.4,0.07308278104276492,-0.4437685139800846,2,WARM_HUMID
34.3,49.3,-0.20303719131426248,0.2924312542366407,3,HOT
24.1,50.0,0.24639136288120161,-0.43426860820386937,1,COMFORT
32.8,69.0,-0.08829464579292123,-0.3566097637291279,3,HOT
12.2,66.5,0.21915145586709164,0.17744073505120242,0,COLD
16.4,30.1,-0.004375904883984094,-0.29900458640182154,0,COLD
34.9,53.6,0.057766204818956925,-0.08966893385468312,3,HOT
35.0,46.8,-0.03725471178082432,-0.10518436269011569,3,HOT
34.8,57.7,0.027975932532510014,0.040473683810195664,3,HOT
31.5,39.0,-0.013014790364371339,0.08425077871517984,2,WARM_HUMID
29.6,73.6,-0.16556378439034747,-0.3227700854972119,1,COMFORT
11.0,58.3,0.15445108840535898,-0.21652723173173022,0,COLD
35.8,46.1,-0.09791951727738754,0.33904595063921317,3,HOT
26.3,38.0,-0.40565874474041624,-0.15776968484831488,2,WARM_HUMID
32.2,62.0,-0.07056378775208706,0.46828122528287075,3,HOT
34.2,49.7,0.20350681344341293,-0.1055234476481505,3,HOT
31.9,20.1,0.08991615229593884,-0.010164784622226399,2,WARM_HUMID
23.7,36.4,0.17276405546323473,-0.9717506036824203,1,COMFORT
22.8,37.0,0.11246528709012674,0.20566899654469603,1,COMFORT
30.2,74.7,0.10571841636584803,-0.4482578363314317,2,WARM_HUMID
21.9,69.3,-0.21187044756106066,0.02920169456854605,1,COMFORT
24.1,69.7,-0.02777001798163264,0.49711195748885423,1,COMFORT
21.1,30.3,-0.000633978957386354,-0.4931729222551548,0,COLD
26.8,85.1,0.1661440688256556,-0.23245499962524382,0,COLD
19.7,29.6,-0.027751631624783103,0.27120053896973273,0,COLD
20.5,67.5,-0.1367390064879219,0.1041734094411331,1,COMFORT
20.6,31.9,-0.2323246920589173,0.21035862013397222,0,COLD
19.3,45.3,0.15625289892621627,-0.09719617836505522,0,COLD
27.1,31.4,-0.14460879607058977,-1.263552613567616,2,WARM_HUMID
32.1,61.4,0.21355471879551655,-0.10536531502120812,3,HOT
26.4,59.2,-0.12586404692492917,-0.31109182079668385,1,COMFORT
34.1,32.3,-0.03235787070058482,-0.5414314897350944,3,HOT
23.7,30.3,0.05266049708884156,-0.28016073283845966,1,COMFORT
30.4,34.0,-0.23563221856888683,-0.1634974839951422,2,WARM_HUMID
17.1,58.0,0.06751833956330228,0.2926479787989315,0,COLD
24.5,26.7,-0.10406922315528423,-0.4366338700107679,2,WARM_HUMID
21.8,42.3,-0.1270590456078082,-0.07369613333918384,1,COMFORT
19.7,35.6,-0.03241973655152094,-0.38113569841246675,0,COLD
42.0,88.0,-0.043002292095112284,0.1869271610903629,2,WARM_HUMID
31.9,68.4,-0.1194918854441968,-0.013365009661061645,2,WARM_HUMID
19.9,33.9,0.01243677797580599,0.043454051142455874,1,COMFORT
23.0,32.9,-0.2140192549236265,-0.42936735785873337,1,COMFORT
19.0,43.8,-0.18923873380955394,0.17538300114566685,0,COLD
26.8,45.7,-0.15028223388932624,-0.09206672562401265,1,COMFORT
24.6,72.6,0.011251587644836067,0.030420504595151006,1,COMFORT
34.5,34.0,0.029875097874418496,-0.3667339358911554,2,WARM_HUMID
15.4,57.0,0.09036802060834384,0.18284349076769807,0,COLD
30.8,62.1,0.2869879401226038,-0.18254114185138834,2,WARM_HUMID
27.1,40.8,0.18333505612091075,-0.698551580366392,2,WARM_HUMID
23.0,57.1,-0.11634178227767673,-0.16924449207063919,1,COMFORT
27.2,67.3,0.21761208894829917,-0.08398679906210924,1,COMFORT
27.3,61.1,0.0831498224681581,-0.4884273955233613,1,COMFORT
20.6,43.2,-0.055070549493921574,0.48611143468933965,1,COMFORT
25.4,42.0,-0.32277231019939573,0.48535305925847827,1,COMFORT
18.1,47.7,-0.16203788423671184,-0.362996533369758,0,COLD
21.1,59.4,-0.23893926555115894,0.4436565600285781,1,COMFORT
30.5,41.0,-0.02788867214231561,-0.4226505398090723,2,WARM_HUMID
30.6,38.1,0.056658515250703825,0.5073395816417905,2,WARM_HUMID
29.6,73.7,0.23161389952860675,0.5826598003552185,1,COMFORT
23.3,59.4,-0.1489254625756697,0.37543755693248115,1,COMFORT
15.4,57.0,-0.17309826572929174,0.44910463252999205,0,COLD
35.0,49.8,-0.2875723131216271,0.43743427780237065,3,HOT
23.6,52.6,-0.03628586871017105,0.0565423037257372,1,COMFORT
27.2,31.7,0.051122459149976686,-0.26675108489405425,2,WARM_HUMID
32.1,54.0,-0.311954555271901,0.2797409411534141,3,HOT
23.3,55.7,0.004396205406196771,0.21971808161203046,1,COMFORT
29.6,57.0,0.3272751172881464,-0.32999264274671086,2,WARM_HUMID
18.0,31.5,-0.022233433326468117,-0.5221886901509402,0,COLD
24.5,42.7,-0.027685331194181668,0.5207412653903103,1,COMFORT
16.5,65.0,-0.0907158232674998,-0.021790092530916867,0,COLD
31.5,71.2,-0.10695310650458573,0.19298827956182418,2,WARM_HUMID
26.8,81.2,-0.12538669743451175,-0.06401562860726924,2,WARM_HUMID
21.0,37.4,-0.09221490926557704,0.0026045902638256752,1,COMFORT
19.4,26.6,0.035810688793703485,-0.517195816902363,0,COLD
23.6,54.8,0.009105598519598478,-0.07728627515555035,1,COMFORT
24.6,21.0,0.206410954483235,-0.26148642881804085,2,WARM_HUMID
32.7,38.1,0.0007342596844777186,0.29119150127517535,3,HOT
28.7,51.2,-0.08554632828666946,-0.027005288898354837,2,WARM_HUMID
23.9,30.9,0.40960633085261927,0.5871978991026747,1,COMFORT
24.2,51.1,0.02208448145720408,-0.6530723947003025,1,COMFORT
25.8,40.7,0.13872393185651058,0.815798184647907,2,WARM_HUMID
17.5,57.0,0.11703337119021534,-0.0754104557747018,0,COLD
26.8,65.8,-0.10923027783337055,0.17275304528473634,1,COMFORT
33.4,22.2,0.08755940422827288,-0.203175041383953,3,HOT
22.3,37.7,-0.20006261359859787,0.20280904498403649,1,COMFORT
34.5,50.1,0.18172132844281366,-0.2185812574539154,3,HOT
28.3,64.7,-0.05398583057748724,0.41969182672859723,2,WARM_HUMID
16.7,43.2,0.018491860162833565,0.31312747723921797,0,COLD
25.8,63.7,0.20153649644388807,0.20705296007593268,1,COMFORT
33.4,47.0,0.11723717036806879,0.65474059290908,3,HOT
26.9,28.7,-0.046483609014050825,0.3203260910534864,2,WARM_HUMID
35.8,15.4,0.09594620205003389,-0.3850896124206195,3,HOT
20.3,22.3,0.2634356533691562,0.1981950817396574,1,COMFORT
35.8,44.8,0.03317232452414822,-0.31632457802732183,3,HOT
32.0,86.0,-0.19494245639993374,0.7265206712488448,3,HOT
12.2,63.1,0.06307000614333805,0.9137494438277547,0,COLD
30.8,38.9,0.1851666955523654,0.4969174822547644,2,WARM_HUMID
28.9,22.3,-0.08021262068863724,-0.07923227336996226,1,COMFORT
23.6,28.2,0.04273715952229249,-0.017624930560517716,1,COMFORT
26.6,40.9,0.06621296398394258,0.07293407877507747,2,WARM_HUMID
18.0,50.1,0.2751201846543586,-0.17018340708968838,0,COLD
23.0,49.4,0.04473421883057911,-1.052184404834226,1,COMFORT
19.4,37.5,-0.4431585898621079,0.1960460863078317,0,COLD
34.0,47.0,-0.15443341425445842,-0.2708032047214691,3,HOT
22.0,22.8,-0.0368500362485558,-0.3891933761454851,1,COMFORT
30.4,42.3,-0.004671015315254081,-0.4275204301734764,2,WARM_HUMID
33.7,52.7,-0.10377012693610384,-0.5593197015463769,3,HOT
19.2,60.9,-0.3586311496115074,0.17125490216195516,0,COLD
30.7,27.9,0.21698449368770512,0.9339669284952392,2,WARM_HUMID
28.1,30.3,0.09148753361751319,0.11848326104119361,2,WARM_HUMID
32.8,55.0,-0.02174383213559193,-0.5043685492360409,3,HOT
30.8,26.1,0.15266939535539406,-0.091020749800162,2,WARM_HUMID
15.0,35.8,0.08832479273129215,0.6138891743243303,0,COLD
33.1,55.0,-0.24242457425711567,0.320378542023696,3,HOT
32.6,33.0,-0.09358713027673694,0.4353472705040619,2,WARM_HUMID
34.7,50.0,-0.03558849393354087,0.1218575093896005,3,HOT
29.5,43.0,0.07024637634318177,-0.2670634451394611,2,WARM_HUMID
24.3,25.5,0.05271120988736694,0.24969373061003655,2,WARM_HUMID
12.8,67.7,-0.07039748946320876,0.39978185450834935,0,COLD
24.7,32.8,-0.10160433430826539,0.10386804165133996,2,WARM_HUMID
31.4,68.5,-0.012349492986834172,-0.1696297115944695,2,WARM_HUMID
21.5,54.5,0.00753923497738331,0.3563614552434507,1,COMFORT
35.3,53.6,0.07561066999245762,-0.024926366301958006,3,HOT
38.5,42.0,0.043401810543217186,0.15329216894998174,3,HOT
27.0,81.3,0.3265940171323598,0.07043498261310077,2,WARM_HUMID
18.9,50.2,-0.061018384631964205,0.8412236022968108,0,COLD
24.4,21.6,-0.09293946851073617,-0.5679916794370422,2,WARM_HUMID
29.5,68.2,0.09436281135210005,-0.5626300204968413,2,WARM_HUMID
20.9,41.3,0.30299874860314957,0.13811573634088656,1,COMFORT
32.8,53.0,-0.1690377546206501,-0.14310799130127946,3,HOT
33.4,49.8,0.3432621930877324,-0.050384489013304584,3,HOT
19.6,21.7,0.011058504836631308,-0.07903539865399081,0,COLD
20.1,42.4,0.17422993518174557,0.5630442142527502,1,COMFORT
26.6,38.8,0.06387920238126486,0.04427456520398096,2,WARM_HUMID
16.4,50.4,-0.035388727662781005,-0.11271979876583343,0,COLD
30.9,72.8,0.16063234382572034,0.049423858556547025,2,WARM_HUMID
22.0,76.9,0.0898206716523433,0.032193615608683904,0,COLD
26.5,31.7,0.07554329482515533,-0.672101283831528,2,WARM_HUMID
21.8,37.7,-0.1510471792654453,0.962344162350529,1,COMFORT
22.6,63.4,-0.13481323177319804,-0.7524856931069543,1,COMFORT
11.0,53.7,0.01728468866206243,-0.5065797370140704,0,COLD
17.3,56.0,-0.03644469592316116,-0.3163807281256306,0,COLD
20.4,44.1,-0.030328550308142934,0.3096782908190807,1,COMFORT
27.7,38.5,-0.09193227934795212,-0.310838632977214,2,WARM_HUMID
33.7,60.3,-0.1724059979308658,0.5972585574633721,3,HOT
23.3,47.1,-0.19176581714133123,1.0620996720866402,1,COMFORT
20.9,59.0,0.09929093761061993,-0.5031923733746665,1,COMFORT
32.2,37.0,0.22161788840097946,0.2884997074761153,2,WARM_HUMID
30.6,61.6,-0.20118147178005708,-0.03407595118976827,2,WARM_HUMID
11.0,50.3,-0.018609593107628386,0.7892841919880393,0,COLD
22.2,36.9,-0.12304357457362382,-0.6390384178529036,1,COMFORT
32.1,43.6,0.028300567126499778,-0.1845572446317737,2,WARM_HUMID
23.2,62.2,0.13326427950465883,-0.1863905448264854,1,COMFORT
32.0,42.0,-0.3188180396916214,-0.1970739446223154,2,WARM_HUMID
26.0,69.0,0.027393747317705514,-0.14489598492250208,1,COMFORT
19.2,38.1,0.01920663645187801,-0.3700998135369069,0,COLD
20.6,42.2,0.2870344426173212,-0.14420863448504267,1,COMFORT
19.1,40.3,-0.1018056198167417,-0.12543553658690829,0,COLD
19.5,35.1,0.014467090810580494,0.34175455934047316,0,COLD
11.6,61.8,-0.03354752409816735,0.3367160829903563,0,COLD
26.5,70.6,-0.3426977207731414,0.5858330399525208,1,COMFORT
30.1,65.6,-0.030668031258613337,-0.39470713272347546,2,WARM_HUMID
17.3,52.0,0.18866077012554897,-0.06046040377398594,0,COLD
31.9,55.6,0.06555767592907334,0.6922265195693632,2,WARM_HUMID
30.3,27.6,-0.07978166254339929,-0.07815233201552804,2,WARM_HUMID
23.9,34.4,-0.03034500151306723,-0.2465794383929205,1,COMFORT
17.1,33.0,0.05591508364146032,-0.025901562357459714,0,COLD
19.3,72.5,0.02319728148549376,-0.12444398271395107,0,COLD
13.4,48.4,-0.07769579573166564,-0.2894410478067493,0,COLD
20.0,30.0,-0.19710802570465238,-0.21027201494428077,0,COLD
30.8,29.0,-0.15277197407536353,0.1302941369739515,2,WARM_HUMID
36.7,43.7,0.008959575477415653,0.20610048416267035,3,HOT
23.1,17.0,-0.04526083585244198,0.3514534306523033,1,COMFORT
19.6,35.7,0.031707098196894705,0.39278164302101437,0,COLD
26.0,39.4,0.04427114690061249,0.14083551175903686,2,WARM_HUMID
17.1,71.0,0.028154881806939803,-0.4573594457909054,0,COLD
25.4,33.1,0.01200466332568456,-0.549466492372153,2,WARM_HUMID
34.7,39.5,0.17105026161829667,0.313301188579355,3,HOT
29.0,58.0,0.2870859327696264,-0.45776316638809295,1,COMFORT
17.8,52.0,0.19160610577698337,-0.028778588361192143,0,COLD
24.2,42.5,-0.16524779884555907,0.22147320386116454,1,COMFORT
21.6,71.6,0.051456732361480975,0.6711460603577206,1,COMFORT
22.8,34.6,0.08629319744315213,0.10595768865850297,1,COMFORT
20.1,49.8,-0.15080946957065616,-0.18771348162839435,1,COMFORT
24.4,70.2,-0.06655788043950672,0.003246030722420116,1,COMFORT
37.7,41.1,-0.081791859478562,-0.3365285170728322,3,HOT
21.3,45.1,-0.21077970542496924,0.2629073396583228,1,COMFORT
31.6,62.8,0.012494195632021162,-0.1807971286718535,2,WARM_HUMID
23.1,29.1,0.06169815246203747,0.02966078226302217,1,COMFORT
16.1,65.0,0.148663931489706,0.012504006175658715,0,COLD
18.0,58.7,-0.06928275726513121,-0.1171693011004666,0,COLD
21.7,45.6,0.0891953879579342,-0.3348696080443263,1,COMFORT
19.4,38.5,-0.01647961846529035,0.053431735495641175,0,COLD
29.9,39.0,0.024835212385087936,-0.814241991186865,2,WARM_HUMID
27.8,68.8,-0.31894916119908295,-0.565439656369737,1,COMFORT
38.0,74.0,0.11811099671735564,-0.5865286591245674,3,HOT
38.0,19.1,-0.08535920862698605,-0.25989506864299694,2,WARM_HUMID
32.9,20.0,-0.007213276099615888,-0.08334298552139986,3,HOT
23.3,26.0,-0.1650568925142443,0.12490488375484957,1,COMFORT
15.1,68.9,0.05323810164727821,0.869663618739823,0,COLD
23.4,26.9,-0.03180193385018126,-0.2329968088950735,1,COMFORT
29.3,28.0,-0.06628871998296683,0.1698537334337666,2,WARM_HUMID
34.0,26.0,-0.29837778984420255,-0.11614142665019461,3,HOT
18.7,42.5,0.0032833231747252164,-0.12491470163789341,0,COLD
25.6,44.4,0.051333235152319,0.4390070851279719,1,COMFORT
20.5,20.3,0.21503661764574075,-0.2940215776426111,0,COLD
23.9,41.0,0.14404571944222055,-0.46657226769933313,1,COMFORT
24.8,48.7,-0.07395707787726709,-0.7936493392557558,1,COMFORT
26.8,42.5,-0.025662893590694454,0.21780701410738887,2,WARM_HUMID
19.9,38.4,0.12721307382013866,-0.2568379336856856,0,COLD
22.1,41.4,0.1086627795997432,0.3840040494201022,1,COMFORT
35.8,28.1,0.08084446089835833,0.5731666167027754,2,WARM_HUMID
32.6,69.3,-0.1644658115170182,-0.13130980356192018,3,HOT
30.1,83.9,-0.007168066656611187,0.32074806914548315,3,HOT
23.0,52.0,-0.20806099595548597,-0.03513554604209572,1,COMFORT
15.1,63.1,0.05063720044994584,0.18748997373013424,0,COLD
37.0,63.0,-0.19619257613211208,-0.5579853705361788,3,HOT
26.3,47.0,0.12921547884492074,-0.6877037267409225,1,COMFORT
30.2,80.0,0.02707440841171218,-0.23558233455455657,2,WARM_HUMID
23.8,36.6,-0.027042321282664806,-0.3337904265630519,1,COMFORT
17.2,73.9,-0.046681243376052214,0.5017633718523528,0,COLD
24.9,25.5,0.09504572475113164,0.36366913085949126,2,WARM_HUMID
15.3,34.0,-0.2530409575055357,-0.01692242914801322,0,COLD
29.5,75.2,-0.13619876132671813,0.5660428004890424,2,WARM_HUMID
23.5,37.3,-0.05042630328004195,0.1353781280251885,1,COMFORT
23.2,15.6,0.17043724745438038,-0.31088756418792296,1,COMFORT
29.8,62.0,-0.03402519584552728,0.22137135764404292,2,WARM_HUMID
29.8,61.9,0.04669201089796465,-0.6238636568395214,2,WARM_HUMID
34.7,41.0,0.24223698233147728,0.13443799535585976,3,HOT
10.0,54.0,0.32140665516962796,-0.5583866144828972,0,COLD
27.5,50.9,0.06384686573987221,0.015605061871138413,2,WARM_HUMID
23.3,70.2,0.010946676995216452,-0.1546088869303938,1,COMFORT
26.6,39.3,-0.1474004841035956,0.17390831236299015,2,WARM_HUMID
35.0,47.0,-0.017319457805842986,0.24215466225283144,3,HOT
26.9,22.1,-0.19434413233442033,0.16733099168394291,2,WARM_HUMID
17.2,52.8,-0.01196970700218011,-0.16771866071121708,0,COLD
17.4,39.9,0.013647043581254008,0.8614307477291352,0,COLD
27.2,48.5,0.10994082266978901,0.08332901748580576,1,COMFORT
27.2,68.3,0.014134732107048157,-0.2949538195833363,1,COMFORT
23.7,59.7,-0.013409300761935848,-0.08937799034396088,1,COMFORT
24.8,46.0,-0.1413391790840941,0.2682776240955495,1,COMFORT
22.4,54.0,1.664001374296069e-05,0.5569104478982903,1,COMFORT
31.5,22.6,0.03845414756076982,-1.1617768966169755,2,WARM_HUMID
24.7,25.0,0.037416229508978126,0.006409251362219481,2,WARM_HUMID
18.0,56.0,-0.0073315850279391205,-0.7245561383868409,0,COLD
24.8,26.2,0.07540875906081303,0.22748991252048803,2,WARM_HUMID
31.7,68.9,0.05600135996670028,0.5907636859736423,2,WARM_HUMID
30.3,59.2,-0.022409254339896458,-0.03873408080949992,2,WARM_HUMID
15.0,62.0,0.06416534165259166,-0.45625143256030454,0,COLD
21.7,62.9,0.12241215661709082,-0.4310512054543521,1,COMFORT
19.5,40.3,-0.02535550750888351,0.15433187485976813,0,COLD
19.8,29.1,0.07578920147613025,-0.13440419593994354,0,COLD
26.9,32.7,-0.039324588018771006,0.5480563242295902,2,WARM_HUMID
19.2,34.8,0.12323082259623155,0.15503448571592754,0,COLD
25.2,83.0,0.15406054509662084,-0.2520744274204371,3,HOT
29.7,65.5,-0.07191891164256876,0.4403070679149621,2,WARM_HUMID
20.7,35.8,-0.20798400881714973,0.8603979101843291,0,COLD
35.8,42.9,-0.0021797581040917183,0.47868361257610587,3,HOT
25.3,61.9,-0.024955576182522372,-0.601032831430366,1,COMFORT
28.0,61.7,0.12383224547020233,0.2497094290271134,2,WARM_HUMID
27.5,59.6,0.05299709167086116,0.17024795419208977,2,WARM_HUMID
23.7,35.9,-0.07551729264846764,-0.32989167227808264,1,COMFORT
19.0,37.0,0.08978926371665882,-0.55292309055348,0,COLD
25.0,66.2,-0.06465102596416691,-0.06705107117292823,1,COMFORT
22.3,41.6,-0.28304188059381075,-0.07121755254706252,1,COMFORT
23.6,40.8,0.0671331262278518,-0.05063963497697014,1,COMFORT
11.6,53.7,-0.03859134536906439,0.26028523645875995,0,COLD
33.6,54.9,-0.05689341915321345,0.2125506658258979,3,HOT
35.4,27.5,0.007302582735231546,0.04059886974878687,3,HOT
38.3,24.1,0.05907928747586976,0.18301163323774003,3,HOT
19.5,31.9,-0.15607276473687487,0.13541367478519492,0,COLD
17.0,22.5,0.028400105427024876,-0.1832356158347319,0,COLD
22.7,21.0,0.04988202149352179,0.38166647106887674,1,COMFORT
33.4,53.6,0.2547271903711596,0.3003738233475793,3,HOT
18.9,65.0,0.2340550226257322,0.5019946278191697,1,COMFORT
25.9,50.0,-0.04290063328201662,-0.4524882332896146,2,WARM_HUMID
25.7,57.2,-0.1633855006527912,0.9456882956080218,1,COMFORT
23.5,30.6,-0.09311505097318985,0.35020230297993943,1,COMFORT
33.9,53.0,0.24982116666938647,-0.14269002833866318,3,HOT
36.1,22.7,0.24005959483339412,-0.33751177978551866,3,HOT
28.9,38.3,0.2525122267114003,0.5689468076837656,2,WARM_HUMID
32.8,66.0,-0.21047076121334996,0.36830249482879024,2,WARM_HUMID
23.0,34.1,0.24255673867825236,0.0743015553708741,1,COMFORT
20.7,43.6,-0.013792343650954848,0.20866874568599647,1,COMFORT
21.5,76.8,0.03625372008930843,0.10798728070690294,0,COLD
29.5,36.5,0.07332406276333914,-0.15563737672522163,2,WARM_HUMID
21.6,35.7,0.04171580167365175,0.05537536906018312,1,COMFORT
19.4,36.8,0.07137605652659501,-0.07332613006400467,0,COLD
18.9,40.3,0.07128879070759672,0.24362024939332927,0,COLD
28.3,72.3,0.14176352247709023,-0.021610117178416467,2,WARM_HUMID
26.8,81.2,0.029916532466279566,-0.732196607243373,2,WARM_HUMID
16.8,21.1,-0.19630261964837084,-0.07368675352527543,0,COLD
19.0,37.0,0.18428274057460634,-0.03353759343487422,0,COLD
24.7,58.0,-0.036224616880616824,-0.34427792644222294,1,COMFORT
23.6,25.2,0.011995157860625268,0.0956897244630281,1,COMFORT
24.3,68.4,0.29552588975271576,-0.5473014317479853,2,WARM_HUMID
35.9,44.9,-0.07135091445841898,-0.09899131302989277,3,HOT
24.7,25.0,0.12839590451916458,0.6116835729998017,2,WARM_HUMID
27.4,33.1,0.17024725016669104,0.16763105112599433,2,WARM_HUMID
35.1,23.0,-0.3129716487556627,-0.37904652097117986,3,HOT
31.4,32.7,0.08381233697489306,-0.4108812731914646,2,WARM_HUMID
35.4,49.9,0.030552229340816264,-0.11727484697920494,3,HOT
22.7,42.9,0.04846041850552826,-0.39375629633765574,1,COMFORT
18.5,36.7,0.06607196960808255,-0.27059376481331093,0,COLD
22.6,41.9,0.1211660963822675,0.543415222416162,1,COMFORT
25.4,23.8,-0.027936959926532078,-0.2590848890094065,2,WARM_HUMID
31.4,48.0,0.04120771173945704,-0.2849453154888809,2,WARM_HUMID
30.4,59.0,-0.2587982114355214,-0.2027520440888213,2,WARM_HUMID
34.6,44.5,-0.05042250040766277,0.7646889500885076,3,HOT
30.0,29.6,0.22776378714823542,0.6075556860388681,2,WARM_HUMID
32.0,61.9,0.05565806073230447,0.01273396965982334,3,HOT
14.6,70.1,0.19396362929614203,0.5663297182225788,0,COLD
19.4,58.0,-0.21359705007314506,0.0036047479085006893,0,COLD
31.9,62.8,0.14410444698026528,0.6052686959356384,3,HOT
11.6,50.8,-0.182115933687704,0.4413193733812654,0,COLD
33.4,22.2,0.08755940422827288,-0.203175041383953,3,HOT
25.1,50.0,-0.1509026072249553,0.7005086506198563,1,COMFORT
23.0,67.7,0.07714750210253814,0.01569883913146357,1,COMFORT
32.5,45.0,-0.022991460934635957,0.2543951796007203,3,HOT
18.2,55.0,-0.0465217492516019,0.08407714547255288,0,COLD
20.6,35.7,0.08805433664688797,-0.4347833065637945,0,COLD
23.0,31.0,0.24994611195705063,-0.07067646471176911,1,COMFORT
30.3,40.8,-0.0782588174854935,-0.05489212396865775,2,WARM_HUMID
13.4,66.5,-0.03396997089573081,0.1941227628616774,0,COLD
31.7,28.4,0.0547740948712754,0.01977729337396003,2,WARM_HUMID
25.8,23.8,0.02494696178903833,-0.0797060194934694,2,WARM_HUMID
19.4,40.7,0.27157891313507654,-0.8973932445012842,0,COLD
19.6,72.5,0.22126685464647833,0.2506121754874208,0,COLD
23.7,53.6,0.1648240282307217,0.06370974943971003,1,COMFORT
35.5,51.7,-0.14511509058071745,-0.009100939833854451,3,HOT
11.6,48.8,-0.1815023087058443,-0.5686285129005881,0,COLD
19.8,46.0,0.002222401489575807,-0.06094455130278177,0,COLD
23.1,59.9,0.09255223190100575,0.02198888333810306,1,COMFORT
27.9,38.7,0.05822786934821001,0.0985152567717173,2,WARM_HUMID
27.9,75.4,-0.00893501084459012,0.1076192393685568,2,WARM_HUMID
34.0,86.0,-0.041478385974118744,0.19608171457016188,3,HOT
24.1,71.0,0.09927712052588904,0.08703280372964972,1,COMFORT
21.8,52.5,0.36616551338152453,0.4967767273761081,1,COMFORT
19.9,30.7,0.07156720917262975,0.23634126880156214,0,COLD
27.8,81.2,-0.04630213531417463,-0.9625359304352559,1,COMFORT
29.6,34.0,0.03588965940871867,-0.23345357923364315,2,WARM_HUMID
35.1,63.0,-0.10904894889276255,-0.05638342174993948,3,HOT
22.4,44.5,-0.07959798258794593,0.07207128098472189,1,COMFORT
21.3,30.4,0.20561360900782372,0.822629145875462,1,COMFORT
22.1,22.2,-0.016016963798094783,0.10007888310449989,1,COMFORT
19.4,44.8,-0.08987428763188983,0.21075678118966512,1,COMFORT
28.3,51.0,-0.08559606453001692,0.3293524802539773,2,WARM_HUMID
26.7,34.3,-0.16531379333888385,-0.556709870189063,2,WARM_HUMID
26.3,58.0,-0.010780617871616096,-0.15085171112631246,2,WARM_HUMID
28.5,51.3,-0.26346273456929586,-0.29645856578363206,2,WARM_HUMID
18.2,50.7,-0.05915398923295155,0.06229441724429378,0,COLD
37.7,25.0,-0.0950335983053429,0.5705113784260724,3,HOT
25.7,27.8,-0.10877169739057264,-0.3911756092220232,2,WARM_HUMID
28.5,51.1,-0.03018563650615339,-0.17769186337205548,2,WARM_HUMID
26.6,28.7,-0.02294032499068078,0.21735282736947809,2,WARM_HUMID
26.0,57.3,0.10145623174133346,0.20246742593479486,1,COMFORT
30.8,75.0,-0.048172828069523464,0.16352240639167429,2,WARM_HUMID
15.4,58.4,0.18957605502590708,-0.23653411926353876,0,COLD
35.9,61.4,0.0002791838248753942,-0.9429552548806499,3,HOT
25.1,24.7,0.3035819426228266,-0.07851329652039063,2,WARM_HUMID
22.1,33.4,0.058660948580315675,-0.29987446481657026,1,COMFORT
25.3,49.5,-0.19299740907329063,0.6497442458292433,1,COMFORT
15.1,68.5,-0.02709737448415409,0.0514359492231162,0,COLD
27.7,41.3,-0.043653220962794094,0.2214842208135291,2,WARM_HUMID
27.6,82.5,0.01183982117150995,-0.00010610923971256167,2,WARM_HUMID
22.8,66.0,-0.17949983884265938,-0.3395651544718315,1,COMFORT
27.2,61.0,0.12298878789528514,-0.6671876453206034,2,WARM_HUMID
22.9,46.6,0.06227228484915467,0.2034994669842991,1,COMFORT
23.0,38.9,-0.1096175751067243,0.16471818833286167,1,COMFORT
19.5,57.7,-0.0348655129481237,-0.7903329264092984,0,COLD
29.3,57.0,0.07646933138075959,-0.10754832621042726,2,WARM_HUMID
22.3,23.7,0.012834168613632074,-0.23760351257489098,1,COMFORT
21.7,20.1,-0.16100007549090292,-0.37003233215711573,0,COLD
18.6,49.7,0.03107228845300518,0.5167452644256162,0,COLD
23.0,36.0,0.09262657391480912,-0.05145825895540679,1,COMFORT
19.5,40.3,0.05440325764342343,0.5056714657253543,0,COLD
18.3,43.2,-0.016235315961045407,-0.016634773706909297,0,COLD
21.5,29.6,-0.1680668788611648,0.47113693556288294,1,COMFORT
26.8,81.2,0.023810449940975555,0.3854348122899691,2,WARM_HUMID
30.9,58.8,0.22493847141001858,-0.22416197082210051,2,WARM_HUMID
35.8,48.8,-0.18238824302671447,-0.6085279416032571,3,HOT
20.1,37.6,-0.10513999993382253,-0.21725319352507144,0,COLD
26.4,65.0,0.18304243446265756,-0.16235837265228395,1,COMFORT
33.7,52.7,0.17228142311222577,0.6599764379979206,3,HOT
23.7,29.6,0.33662564268002504,0.14034405597149577,1,COMFORT
23.4,60.9,0.08956584680710869,-0.16358580789761495,1,COMFORT
11.0,59.7,0.027412114186200178,-0.27600893362008894,0,COLD
27.9,44.0,0.25070213631562144,0.5613782949864233,2,WARM_HUMID
27.6,68.0,-0.1133617739239267,0.4262974407410018,1,COMFORT
19.2,33.1,0.06360055043584517,-0.14925031584119472,0,COLD
32.2,53.0,0.2092379115516024,-0.3397718918242272,3,HOT
39.0,81.0,0.2505187512978113,-0.29496332528258085,3,HOT
20.4,40.2,0.016197588108784324,0.05023737536700576,1,COMFORT
14.0,47.3,-0.044295900510714185,0.5065568299770508,0,COLD
33.5,52.3,-0.057398461817768344,0.4158086610451701,3,HOT
12.8,67.3,0.01773036541866173,-0.14979526944200725,0,COLD
30.5,65.7,-0.023047735174816772,0.42036283219123166,2,WARM_HUMID
33.1,62.0,-0.116473574985465,0.13255375368618266,3,HOT
29.6,81.8,-0.26130809126577453,-0.11160626533602265,2,WARM_HUMID
29.1,50.4,-0.027682716327891772,-0.21763275290584858,2,WARM_HUMID
33.3,59.7,-0.07294843144637034,-0.33314279836517513,3,HOT
18.6,35.6,0.09754667962445142,-0.5528756719096969,0,COLD
30.8,72.8,0.26142997050776406,0.2006634358598116,2,WARM_HUMID
30.7,65.8,-0.3507013075187327,0.6222533452416869,2,WARM_HUMID
26.9,65.4,0.284499894622166,0.3202345501355389,1,COMFORT
20.0,35.1,-0.17263726656172593,-0.07586977271466831,0,COLD
33.0,79.0,0.09500871651684688,0.4278267913846976,3,HOT
21.1,30.0,-0.2838612121775859,0.3820247388981455,0,COLD
34.8,58.6,0.15040821227659704,0.055927216909827826,3,HOT
20.0,35.1,-0.0786988538487157,0.4555576122030576,0,COLD
31.2,54.6,-0.07846259950419891,-0.8692901668087913,2,WARM_HUMID
28.9,38.0,-0.1814215403128208,0.10607986146766973,2,WARM_HUMID
23.4,38.2,-0.10288492661758071,-0.030205904111000416,1,COMFORT
25.3,54.0,0.10551601997083412,0.08018607900362308,2,WARM_HUMID
23.5,47.1,0.23143793489763018,-0.2350219336731034,1,COMFORT
25.0,22.4,-0.009916859092801055,-0.4528181857178349,2,WARM_HUMID
34.1,50.0,-0.1070465511580641,0.37294694455779404,3,HOT
27.6,39.6,0.17144555323831645,0.3343776494985349,2,WARM_HUMID
20.5,20.7,0.07010666652690722,0.08779933363276715,0,COLD
29.8,35.0,-0.1882038620267036,-0.049333146776503405,2,WARM_HUMID
22.9,28.5,0.1037273783797996,-0.6365896320661909,1,COMFORT
23.2,68.1,-0.27163642925652104,-0.044964300488917114,1,COMFORT
19.7,31.5,0.005159069296137461,-0.34010895413483566,0,COLD
26.9,39.0,-0.023990779494514065,0.3089004467251988,2,WARM_HUMID
33.5,48.5,0.007491887507191286,-0.8153916988634505,3,HOT
36.4,46.3,0.13973736198423678,0.11854693078041074,3,HOT
24.6,44.6,-0.16570775597454165,0.08421997908584121,1,COMFORT
34.0,74.0,-0.05714144249642249,-0.25443421030070534,3,HOT
18.0,42.1,0.019668922685070894,0.30052466414921236,0,COLD
25.9,32.5,-0.04490907649983646,0.08256639677278466,2,WARM_HUMID
28.1,80.0,-0.2265080379045294,-0.31811416544741045,2,WARM_HUMID
28.4,60.0,-0.035481986946140215,-0.026682520144306276,2,WARM_HUMID
31.5,71.8,0.0053764942287073845,-0.4876141707699221,2,WARM_HUMID
29.9,31.0,-0.02721736038712751,-0.23478572940011877,2,WARM_HUMID
36.1,22.7,0.24005959483339412,-0.33751177978551866,3,HOT
24.3,21.6,0.01089449987144695,0.23447804404098466,2,WARM_HUMID
29.2,64.4,0.12768819657457367,-0.5261563239658164,2,WARM_HUMID
19.7,36.0,0.006546019869860691,0.3182492764810181,0,COLD
32.9,62.9,0.03261309636544437,0.13510199136490195,3,HOT
25.4,66.0,0.10295303325217996,-0.5358224450784165,1,COMFORT
27.9,69.0,0.18988259524968515,-0.5263988466915117,1,COMFORT
24.7,26.0,0.06819668678211435,-0.2820452112963538,2,WARM_HUMID
19.2,35.6,-0.182409977838961,-0.6361613894069761,0,COLD
27.6,29.8,-0.10742917704199897,-0.5662229418305542,2,WARM_HUMID
35.0,49.8,-0.2875723131216271,0.43743427780237065,3,HOT
20.2,36.4,0.18732155975318973,-0.04465847631974129,0,COLD
30.7,27.9,-0.2691287799824154,-0.08834144734205476,2,WARM_HUMID
34.0,48.8,0.09760589778839378,0.14157320490297085,3,HOT
30.8,68.6,-0.19940385884010955,0.08649464380369029,2,WARM_HUMID
21.6,27.6,-0.19396178917397358,-0.03681886759810463,1,COMFORT
17.3,79.9,0.10438981514112745,-0.21081048675391822,0,COLD
26.1,29.3,0.14141455877284653,-0.1063433650101306,2,WARM_HUMID
20.4,30.2,0.1227102289438104,-0.17246505949205018,1,COMFORT
33.0,34.0,-0.04460641188646596,-0.049310652040582215,2,WARM_HUMID
38.4,31.0,-0.26905954132443477,0.7980354910115683,2,WARM_HUMID
22.1,49.9,0.12303011126635423,0.36564742624572383,1,COMFORT
19.1,34.2,-0.1350796279940146,1.0648347483375207,0,COLD
30.0,29.3,-0.1752011527503569,-0.3976767260289896,2,WARM_HUMID
33.9,62.0,-0.028760665981323517,0.05329883234005226,3,HOT
24.6,42.7,0.18160118288132956,0.9157269070587319,1,COMFORT
36.2,45.1,-0.2869617010408343,0.4213087523775121,3,HOT
18.9,69.0,-0.017073048927537485,0.008008076050379133,1,COMFORT
15.7,64.4,0.13031106487442068,-0.28369103879858526,0,COLD
12.2,72.7,-0.3739115469469182,0.6708393438292317,0,COLD
17.7,38.6,-0.09084834502659485,0.4081715751392106,0,COLD
29.3,30.7,0.1953269603428815,-0.5146821757034805,2,WARM_HUMID
24.6,56.4,-0.20350922829064508,-0.16502369884277399,1,COMFORT
29.9,53.4,0.19893104473201823,0.19443681491362774,2,WARM_HUMID
17.8,40.3,0.1804819173438428,0.17891567323601218,0,COLD
13.0,64.0,0.0330484937536377,0.18330999374662255,0,COLD
11.6,62.3,0.03989328094520923,0.4404265577585035,0,COLD
25.4,35.9,0.17570594136393028,-0.20138918258857974,1,COMFORT
26.9,42.7,-0.023998571514665504,0.7497977661486609,2,WARM_HUMID
29.0,42.0,0.013856518745988644,-0.7026706440473065,2,WARM_HUMID
24.0,64.0,0.18263220329260732,0.17523720690270136,1,COMFORT
22.3,26.8,-0.24552616390901363,-0.01142763439455609,1,COMFORT
19.1,50.0,-0.11735224536517315,-0.6656824457888647,0,COLD
32.0,41.2,-0.14652830485307017,0.1679499168129105,2,WARM_HUMID
10.0,82.0,-0.0006722694565186995,0.29915125810630355,0,COLD
30.2,64.7,-0.15513222205407154,0.35872090249918553,1,COMFORT
25.0,37.3,-0.0038264429032123203,-0.08534796762734093,1,COMFORT
15.4,57.0,0.1055618763396475,0.40615013150267737,0,COLD
17.6,52.0,-0.08843684939041915,0.039254289490550244,0,COLD
24.3,25.6,0.19683119904022978,-0.28230751651553976,2,WARM_HUMID
29.7,61.0,-0.0883300240108044,-0.2005168988279709,2,WARM_HUMID
37.0,81.0,-0.2367438999581275,0.24584884552457834,3,HOT
25.9,58.9,-0.0677383850291737,0.4083488811866137,1,COMFORT
19.4,38.9,0.07762273543206621,0.24377867824784274,0,COLD
25.0,36.2,0.08385741695127902,-0.0767050919157488,2,WARM_HUMID
18.4,60.0,-0.3453018270202798,-0.19389999368098593,0,COLD
18.1,47.8,0.0916080918848234,0.01933800055829416,0,COLD
28.4,78.8,0.07631449965739567,0.3450719483824682,1,COMFORT
20.3,31.7,-0.07378890418753974,-0.49451115923519445,0,COLD
32.3,61.8,-0.11198450284048667,-0.24736071163822604,2,WARM_HUMID
24.4,59.6,-0.022928248772133824,-0.5820780795984006,1,COMFORT
23.1,48.0,-0.02183828440349674,-0.31896778122616737,1,COMFORT
18.7,44.8,0.20482896937893985,-0.31446553789045023,0,COLD
15.4,21.0,-0.1972484093207362,-0.8651050615097834,0,COLD
28.5,51.4,0.07746342063249427,0.09518039326193821,2,WARM_HUMID
12.0,68.0,0.06066122311071258,-0.06643986475468937,0,COLD
32.8,54.0,0.159649132747386,-0.6689836496276959,3,HOT
25.3,61.0,0.05751525471054662,0.1371068038741291,1,COMFORT
28.0,54.4,0.10127055846103812,0.4827877891168193,2,WARM_HUMID
36.4,40.6,0.18501006124605657,-0.7110794179880364,3,HOT
32.2,38.2,0.08954202867321635,0.530067922863855,3,HOT
21.3,54.8,0.09393912070095554,0.5985165082607774,1,COMFORT
18.2,51.0,0.07835892441494144,0.3904503603962248,0,COLD
26.1,34.4,0.014003212252685724,-0.33200345113105667,2,WARM_HUMID
30.5,65.3,0.14540088101837234,-0.3395862962496024,2,WARM_HUMID
24.6,44.0,-0.05440386895060341,0.6935038745949385,1,COMFORT
30.2,47.0,0.12735531481791196,-0.3848237141316626,2,WARM_HUMID
15.0,35.8,-0.09003063368784422,-0.12225901141971218,0,COLD
27.5,67.6,-0.08471616053971427,0.14689608653686384,1,COMFORT
21.7,50.3,-0.10273819117439441,0.3878769564064918,1,COMFORT
24.8,65.8,-0.06168086784120749,0.08732745280490731,1,COMFORT
33.0,68.0,0.223674960642027,0.0863995881765276,3,HOT
29.3,63.4,0.07846471331350158,0.15653285883916654,1,COMFORT
24.5,26.1,0.22811231648629196,0.21499593484170748,2,WARM_HUMID
23.2,33.0,-0.2758149048619163,-0.595565002178075,1,COMFORT
26.7,50.0,0.05501196118383855,0.25619973638364596,1,COMFORT
21.3,19.7,0.15917643265229064,0.1707067390220391,0,COLD
19.0,37.0,-0.20962340105411906,0.46397483813334084,0,COLD
17.0,49.5,0.09313131238601208,0.1109920280571371,0,COLD
17.8,46.8,0.23696836864525417,0.5278748775769605,0,COLD
23.6,29.0,0.19138477411435675,0.3620344271871287,1,COMFORT
24.6,72.6,-0.06483523508237243,-0.0076989771535109774,1,COMFORT
31.0,68.6,0.031190382851167778,0.2847572730116527,2,WARM_HUMID
14.1,75.0,0.060877133925522575,0.9038021571150792,0,COLD
19.5,75.9,0.021298417586338908,-0.633409255032044,0,COLD
31.0,74.9,-0.009018730712316465,0.09279716844692414,2,WARM_HUMID
19.7,57.2,0.11910411618098887,-0.16947143168054954,0,COLD
24.3,34.7,-0.014546671090076742,-0.4737847045361844,2,WARM_HUMID
22.4,57.7,0.23155541554254672,0.5660895335622717,1,COMFORT
20.1,31.0,-0.16917843692186338,-0.40764507158929075,0,COLD
16.5,48.0,-0.045254859319994144,0.5555532284404145,0,COLD
27.4,71.2,0.13642681658833045,-0.021138552908387894,2,WARM_HUMID
31.1,68.9,-0.14874670256274822,-0.30244047529839824,2,WARM_HUMID
26.5,44.2,-0.008121325069066885,0.5573806322820362,1,COMFORT
23.1,59.3,-0.1789246109671215,0.4819850477041081,1,COMFORT
27.7,36.0,-0.01855934194122542,0.1458715135028639,1,COMFORT
27.8,44.8,0.1414789955216691,0.5007530267376289,2,WARM_HUMID
25.2,35.6,0.06264732213497716,0.09545718604061776,2,WARM_HUMID
20.3,32.9,-0.21346546663236984,0.3292820142938862,0,COLD
30.5,30.3,-0.13095788395158411,-0.26412755808263483,2,WARM_HUMID
22.7,57.0,0.11825456660876861,0.48184871880416474,1,COMFORT
28.3,36.0,-0.13827897196879696,0.10688750466947078,2,WARM_HUMID
27.0,29.6,0.021145392299919796,-0.08448359589176213,2,WARM_HUMID
37.0,39.6,-0.02056618845677622,-0.11427486727266455,3,HOT
30.4,28.8,-0.008692581264407636,0.42380885151335507,2,WARM_HUMID
23.0,65.0,0.20853829912679842,0.06464432903383438,1,COMFORT
32.2,64.9,-0.18018192283398943,0.5695288889246727,2,WARM_HUMID
42.7,28.6,-0.08122065088005291,0.553078161079348,2,WARM_HUMID
28.1,39.1,-0.18009655984816428,0.11657308216841754,2,WARM_HUMID
16.4,65.4,0.04294173346228264,0.047272451300661676,0,COLD
24.1,43.6,0.21041914664041486,-0.24211424101016632,1,COMFORT
22.5,22.1,-0.19896522409619946,-0.10887634834158724,1,COMFORT
32.0,86.0,-0.042676324586817124,0.34871854851396855,3,HOT
27.5,33.1,-0.0794468873102726,-0.03862498075085896,2,WARM_HUMID
25.8,59.1,-0.11576500718147072,-0.3678272097458004,1,COMFORT
30.3,71.0,-0.3118440701061244,0.3292387626300459,2,WARM_HUMID
31.7,67.1,-0.009730716158004167,0.29578561404587733,2,WARM_HUMID
24.2,29.4,-0.11208259627301154,-0.3303803457108156,1,COMFORT
24.4,32.0,-0.03508194049700526,-0.2027656826741946,2,WARM_HUMID
33.4,52.9,-0.14841715274242495,0.4472693787050559,3,HOT
22.3,46.5,-0.10485819382309962,-0.6091296166992599,1,COMFORT
30.7,63.5,0.14739802368418453,0.04661120609735653,2,WARM_HUMID
37.5,32.0,-0.19346580138663447,0.2572515917948958,3,HOT
26.6,63.6,0.002568073411422914,-0.291872421434911,1,COMFORT
39.0,33.0,-0.04864370183371472,0.1856434809966447,3,HOT
26.6,38.8,-0.033895643177606426,0.2409385653683218,2,WARM_HUMID
30.7,28.2,0.10981214271495336,0.026824026475595387,2,WARM_HUMID
22.5,28.9,0.07515150084827775,-0.2914110554891114,1,COMFORT
17.6,50.6,-0.3338066935358571,-0.12812480989100364,0,COLD
20.8,30.3,-0.034201755698927604,0.3411342616142534,0,COLD
24.3,31.0,0.02552549152568394,-0.10781925699174184,2,WARM_HUMID
30.4,56.9,0.15274616879877204,-0.035386571829660034,2,WARM_HUMID
17.5,59.2,0.026617962561794765,0.30079596623093346,0,COLD
30.1,60.9,-0.002371058269136575,0.013892243958774336,2,WARM_HUMID
30.2,36.0,-0.029690659347702278,-0.06713771524940358,2,WARM_HUMID
31.1,50.1,-0.11289420302782836,-0.07161438468545893,2,WARM_HUMID
21.1,40.1,-0.07423308236050115,0.58683234751862,1,COMFORT
22.2,59.6,0.16495726314634768,0.5167638427534337,1,COMFORT
23.7,45.7,0.03149702892509491,0.5515408545578006,1,COMFORT
23.8,37.3,-0.07550229289785677,0.2816418261918764,1,COMFORT
24.1,20.8,0.16856409454788215,0.15438769585635997,1,COMFORT
21.7,57.8,0.1127785637369408,0.3382368674453275,1,COMFORT
24.7,68.0,-0.056559122577306636,0.25358537904809697,2,WARM_HUMID
28.7,36.0,-0.07181378572825328,-0.22401448463919715,2,WARM_HUMID
24.1,43.2,0.012578117092553426,-0.14064904141864673,1,COMFORT
38.0,64.0,-0.30927085637361,-0.4819641888141236,3,HOT
28.2,30.7,-0.08452411832171085,-0.49468618775716183,2,WARM_HUMID
27.3,49.6,0.04716668863122788,-0.6690342970261736,2,WARM_HUMID
18.9,50.2,0.02118718685501728,0.27931949744776774,0,COLD
26.9,47.0,0.10884932341794316,0.3169487737763712,1,COMFORT
32.0,46.0,-0.09172638061380063,0.30851691616422733,3,HOT
32.0,61.9,-0.3092284668168374,0.1536600912035901,3,HOT
27.8,88.4,0.16297958368482326,-1.5130462040701294,0,COLD
33.7,48.2,0.2699068964187758,0.032137798117347814,3,HOT
34.6,50.0,0.10860033825000237,-0.4226133877884253,3,HOT
15.0,38.0,0.08770880205539107,-0.006079761916958532,0,COLD
29.8,74.7,0.06621617827732613,-0.2042711842274005,2,WARM_HUMID
24.4,33.6,0.0152445080300137,-0.3899783139203866,2,WARM_HUMID
28.7,47.0,-0.1857067361637558,-0.1653046467923237,1,COMFORT
24.1,26.1,0.1275905485525876,-0.3772692970771974,1,COMFORT
23.2,39.7,0.05163474071059497,0.9378337082449619,1,COMFORT
19.4,45.5,0.022502725302246604,-0.09463093583755584,0,COLD
14.1,43.0,-0.14323036223761146,-0.19019811609995935,0,COLD
21.5,41.9,0.14585938525917908,-0.013671838897737999,1,COMFORT
30.0,85.0,-0.004756872866369212,-0.40292589912861443,3,HOT
30.0,70.0,-0.31888729687472595,0.023869899784625892,1,COMFORT
25.8,39.9,0.17926551371498659,-0.13880953251628259,2,WARM_HUMID
23.1,43.7,0.23067639992375633,-0.16200033441018385,1,COMFORT
26.6,29.8,-0.124922505780241,-0.22948811094812502,2,WARM_HUMID
30.9,63.7,0.07605568344532501,-0.0789525299426227,2,WARM_HUMID
29.5,46.1,0.008606333071047191,0.04575764330686802,2,WARM_HUMID
27.9,62.2,-0.10244026594727793,-0.18717758969842607,2,WARM_HUMID
26.0,59.0,-0.15965586156512993,0.054651702684252124,1,COMFORT
18.9,45.1,-0.012092454722262313,0.340127197410332,0,COLD
31.8,70.6,0.14205446590593218,0.0309491609607933,2,WARM_HUMID
22.9,38.0,0.21086041816956863,0.3138842769068174,1,COMFORT
33.6,51.5,0.052455102389363885,0.3169151273498232,3,HOT
33.8,39.0,-0.20012648325789886,-0.009045272697458525,3,HOT
21.2,29.4,-0.21852864423720572,0.05468158646213968,0,COLD
34.1,49.1,0.05394245295518879,-0.5438998310481823,3,HOT
23.0,70.0,-0.08382688646697785,0.9741177601535219,1,COMFORT
15.1,31.1,-0.030407446803206614,-0.5260785593657208,0,COLD
34.2,50.4,0.08688342226162638,0.5256458351237003,3,HOT
18.3,33.0,0.005837374202599544,-0.017808896612800978,0,COLD
22.0,22.6,0.16214492562955413,0.7280346438922513,1,COMFORT
31.0,25.0,-0.15597097965403264,0.3619188715878457,2,WARM_HUMID
25.4,41.7,0.10145621983923839,-0.18477241223484417,1,COMFORT
30.0,30.0,-0.1518853251040537,0.5358876824597941,2,WARM_HUMID
28.8,62.2,-0.07654118609514267,0.30850857464632125,2,WARM_HUMID
35.5,28.2,0.1725193017590448,-0.5147750767010367,3,HOT
23.1,55.5,0.13269100738981243,-0.10110906826585293,1,COMFORT
31.7,61.3,0.010259079095499377,0.03422388204659251,2,WARM_HUMID
25.0,22.4,0.05875470240157091,-0.33560790135591145,2,WARM_HUMID
33.2,34.0,0.010716764788125588,0.02633425759047266,2,WARM_HUMID
29.8,81.3,0.26686820360609015,0.15363558657335177,3,HOT
27.0,52.0,-0.11953428832057152,0.11068732552457608,1,COMFORT
31.8,69.0,-0.1717362386458465,-0.2246478682321954,2,WARM_HUMID
27.6,59.7,0.07538621615571556,-0.2857316572165555,2,WARM_HUMID
33.3,61.2,-0.254487381006389,-0.07920726870264058,3,HOT
33.2,69.0,0.04199529394797304,-0.393748785300341,3,HOT
21.3,29.0,-0.0545853943529304,0.021652954554907854,1,COMFORT
24.2,45.0,-0.19662875256931564,0.06490410126914024,1,COMFORT
27.5,50.0,0.07678770217982801,-0.21157749484544555,2,WARM_HUMID
23.0,79.4,0.43636794578950927,-0.15104310148031397,1,COMFORT
29.0,42.0,0.1307286579131901,0.02292921477375491,2,WARM_HUMID
18.3,31.8,0.16189165391197888,-0.2807329071591,0,COLD
27.2,60.8,0.042717214894049366,0.05621466566294997,2,WARM_HUMID
29.5,37.0,0.0987260812817425,-0.31556228224158767,2,WARM_HUMID
24.8,36.1,-0.1841742849085488,-0.7291636741596375,2,WARM_HUMID
30.1,82.4,0.29737695955468146,0.22166175792556927,3,HOT
20.0,29.9,-0.036986086968223766,0.3175233781736285,0,COLD
15.0,35.8,-0.09003063368784422,-0.12225901141971218,0,COLD
32.6,58.0,0.03239452900715011,0.46486498445945457,2,WARM_HUMID
36.5,41.1,0.24348354820708137,0.39990454079540877,3,HOT
23.7,66.1,0.06419587000492949,0.5057485671396466,1,COMFORT
24.4,53.5,0.016708722850369218,0.23870084877711678,1,COMFORT
24.5,25.7,-0.034820219786503494,-0.09371292025694387,2,WARM_HUMID
22.2,48.8,-0.04534040881237897,0.015007963790966701,1,COMFORT
20.6,20.7,0.04438748853741951,0.353417801070059,0,COLD
31.0,70.4,-0.2013409255499796,-0.2803650432362589,2,WARM_HUMID
29.9,60.2,-0.08324836071048412,0.19487786408832505,2,WARM_HUMID
18.6,42.3,-0.13996591157806637,-0.02230480473194868,0,COLD
24.9,67.2,0.22160588409462909,-0.4484979774103936,1,COMFORT
19.3,50.0,0.07555061601932588,0.4454395101860924,1,COMFORT
30.3,74.6,-0.2990898518659226,0.08400418602364496,2,WARM_HUMID
23.0,28.5,-0.0743403273573363,0.0005677220812898326,1,COMFORT
37.0,58.0,0.18584730767092064,-0.4798824999751495,3,HOT
25.3,30.5,-0.23603967504422865,-0.12861106645812534,2,WARM_HUMID
23.4,55.8,0.25092527135189896,1.0097267499913056,1,COMFORT
16.8,55.6,-0.3361972279766022,-0.3967522409870185,0,COLD
33.8,42.0,0.0373409665404411,0.06316854799458481,3,HOT
21.8,29.0,0.20284216243835781,-0.34735129415003957,1,COMFORT
25.4,79.1,-0.17717903091442472,-0.2626296113006905,0,COLD
24.4,52.0,-0.13444614688473372,0.030457491206094707,1,COMFORT
16.6,58.0,-0.1625719495553612,-0.2240695060245126,0,COLD
28.3,35.9,-0.19043347036764552,-0.7540953731465994,2,WARM_HUMID
33.8,44.2,0.2544086630368053,-0.09858454096429564,3,HOT
16.5,23.1,0.06219964555170269,0.46458534723650396,0,COLD
35.0,54.4,0.0243923435373401,-0.3925533773652993,3,HOT
33.0,79.0,0.029434003145188452,0.14731365736339097,3,HOT
31.2,20.0,0.048446175542650224,0.20036362471943203,2,WARM_HUMID
24.7,39.0,0.09999644727194698,0.3474483299328803,1,COMFORT
22.9,46.8,0.1371157484442182,-0.32659650143096325,1,COMFORT
11.0,54.6,-0.043229766472500604,0.06922861627432798,0,COLD
23.7,33.0,-0.3452645784046765,-0.46059483014096747,1,COMFORT
31.9,67.5,-0.15910974359333005,-0.3718358613922401,2,WARM_HUMID
21.7,19.2,-0.17945385236382747,-0.10914753608369793,0,COLD
30.8,26.1,-0.02224247068911045,0.36982140963904225,2,WARM_HUMID
25.4,35.7,0.32856255017826347,0.23200690314853556,1,COMFORT
26.6,78.7,0.01742191068366181,-0.2937602888288037,2,WARM_HUMID
34.4,68.9,0.09395186143912769,0.5327174081660464,3,HOT
18.2,26.2,0.051956942969324876,0.31281813713564816,0,COLD
33.0,67.0,-0.028709015348143782,0.0320917619568967,3,HOT
27.5,78.3,-0.11177428704401525,-0.4244980265701136,1,COMFORT
21.6,50.9,-0.031267071231716015,-0.2842960495975181,1,COMFORT
17.6,59.8,0.1418245956989092,-0.4094144425282442,0,COLD
20.2,52.9,-0.17468107314626038,-0.17615047452194113,0,COLD
13.8,36.7,0.19261204148134303,0.32887508922082387,0,COLD
21.7,19.7,0.1325770731987258,-0.021834939574113577,0,COLD
18.3,35.2,-0.15263771658200634,-0.22791101804873876,0,COLD
33.2,70.6,-0.18909661739829833,0.7259970486313163,3,HOT
26.7,59.4,0.1608704427188398,-0.09608777064938305,1,COMFORT
29.6,67.8,0.1441341848246418,0.10969323802124398,2,WARM_HUMID
15.3,24.3,-0.0989617292672141,-0.2101507099127265,0,COLD
27.4,59.2,-0.08541093074487242,0.27508385412615316,2,WARM_HUMID
34.2,52.8,-0.1413356361220878,0.13257468918613532,3,HOT
19.7,56.2,0.032307601638429426,-0.38944287026245467,1,COMFORT
27.5,69.1,-0.05539972937594904,0.38516911071913573,1,COMFORT
17.8,55.6,-0.21473332760963193,0.5524896383307526,0,COLD
28.3,60.5,0.22663951777346977,0.2484501214702143,2,WARM_HUMID
35.0,50.3,0.0009429284837229491,0.7166551009439226,3,HOT
27.6,36.1,0.04729644401558867,0.07689094968114095,1,COMFORT
24.7,28.0,-0.033575030793470476,0.5295109883336959,1,COMFORT
27.9,53.6,-0.013614010928907044,0.6166982324931424,2,WARM_HUMID
27.5,67.6,0.055800619994409995,0.4255573737411966,1,COMFORT
30.5,32.7,-0.4041318577170869,0.12099470574736824,2,WARM_HUMID
31.3,69.0,-0.14593952018445847,-0.46869042417952533,2,WARM_HUMID
23.8,27.1,-0.14867979667761394,0.05544059218004721,1,COMFORT
15.1,53.2,-0.06730097703409363,-0.5858745941579414,0,COLD
22.7,40.6,0.1260150779578079,0.19809182495517877,1,COMFORT
24.0,39.0,-0.11230109437905812,0.7782657214910592,1,COMFORT
30.2,67.5,0.01616391471078735,-0.5105380503307088,2,WARM_HUMID
30.9,85.0,0.016163029705977643,0.7768215059291017,3,HOT
23.8,49.0,-0.2150654549550352,0.5648438973409634,1,COMFORT
27.6,51.0,-0.018075158733498693,-0.00811774835776939,2,WARM_HUMID
23.8,34.3,0.12102369230301967,0.07995893252106001,1,COMFORT
12.2,72.7,0.321748054966749,-0.42531655125670753,0,COLD
33.0,78.0,-0.012275329300353095,-0.06938953927591647,3,HOT
37.5,51.7,0.040457043649310846,-0.2116230030196071,3,HOT
32.0,66.7,-0.13981296203360355,-0.21865358882891975,3,HOT
23.5,67.8,0.18961253285526744,-0.14172521877076674,1,COMFORT
39.4,25.0,-0.16515648632734176,-0.7899059486245037,3,HOT
29.3,53.0,0.28230367447125504,0.23862966844648945,2,WARM_HUMID
22.5,41.5,0.12216359575312508,-0.1323156482729528,1,COMFORT
31.8,29.6,-0.17205983995786153,-0.24992517895571958,2,WARM_HUMID
23.1,41.0,-0.1914612634156852,-0.3824109709439643,1,COMFORT
23.3,25.9,-0.06472460703698041,-0.02601831453976271,1,COMFORT
26.9,54.0,0.2769955494071499,-0.004969554376383607,1,COMFORT
21.6,33.6,0.11151290920199808,-0.17872140936107808,1,COMFORT
24.4,60.1,-0.2000795132760155,-0.5128321701793465,1,COMFORT
22.1,61.9,0.16554816188923835,-0.208557514344017,1,COMFORT
28.0,43.7,0.1825694881734168,-0.1707756223972463,2,WARM_HUMID
22.4,44.4,0.11439163207481907,0.032673705612000566,1,COMFORT
23.0,51.3,-0.17561465200389065,0.5031474877049771,1,COMFORT
18.3,65.3,0.11192844359670577,0.14094624803540332,0,COLD
24.9,43.0,0.11567768351327663,0.3526407058068874,1,COMFORT
23.8,43.0,-0.10229946174448801,0.4591094523055126,1,COMFORT
26.0,80.8,0.03642434009524901,0.5586100065406466,1,COMFORT
34.5,31.0,0.24575395984064113,-0.18521826915467557,2,WARM_HUMID
26.5,35.5,0.034364224746956905,-0.0971413163757947,2,WARM_HUMID
21.3,19.7,0.15917643265229064,0.1707067390220391,0,COLD
29.9,71.2,0.20393796540475406,0.4073405089439816,2,WARM_HUMID
20.9,63.6,-0.042075308011742606,-0.8992050034041417,1,COMFORT
26.2,50.0,0.041262388093004,0.1948307727841036,2,WARM_HUMID
13.8,36.7,-0.30273511671467945,-0.18471668632493096,0,COLD
27.8,44.0,0.1495840923128642,-0.2230963496124904,2,WARM_HUMID
30.0,73.0,-0.07898608503918578,0.5175561676427683,2,WARM_HUMID
16.8,52.7,-0.1210228435968023,0.6630517909272271,0,COLD
13.4,62.3,0.07364205518492452,-0.3669890978500321,0,COLD
25.5,63.2,0.1040866109659871,-0.11076539616151758,1,COMFORT
27.3,79.2,0.1483581026303021,-0.3153246717535461,1,COMFORT
26.5,57.9,0.06765229443584582,-0.032721952839579634,2,WARM_HUMID
23.6,52.4,0.2386193613256879,0.2571386880735889,1,COMFORT
19.8,32.8,0.11838337485907091,-0.19865796341228695,0,COLD
26.2,62.3,-0.19371224746924412,-0.05707683124986254,1,COMFORT
30.5,71.5,-0.28345466798968505,-0.18043413554211882,2,WARM_HUMID
33.6,52.2,0.1410128959171116,-0.27312695513453844,3,HOT
26.5,33.7,-0.1244656455918677,-0.23413930762853036,2,WARM_HUMID
19.2,35.0,-0.1577751143280085,-0.4363511958432697,0,COLD
23.4,45.6,-0.004151339000845344,-0.4370191322234489,1,COMFORT
13.4,51.8,0.1868829237143554,-0.3054657260302353,0,COLD
15.7,68.9,0.011200316819881989,0.5739591294762486,0,COLD
29.3,62.7,0.17766986434599055,0.11858787180224302,2,WARM_HUMID
21.4,43.3,-0.11127647415127132,-0.16512042716526676,1,COMFORT
26.7,51.6,-0.09117149700444865,-0.04189547702389812,1,COMFORT
19.7,29.6,-0.027751631624783103,0.27120053896973273,0,COLD
32.9,68.5,-0.1257701460228643,0.4739755985845216,3,HOT
21.0,47.3,-0.03267387222476054,0.6632985336945496,1,COMFORT
25.0,64.0,0.14614785037121675,-0.0924901819276655,1,COMFORT
27.1,52.0,0.2590449956525372,-0.5039070680289609,1,COMFORT
21.0,37.4,0.05340487006907103,-0.058686749237662164,1,COMFORT
30.0,53.5,0.05401128988163572,0.6838299085302251,2,WARM_HUMID
36.1,23.6,-0.08590207946361371,-0.573656471196649,3,HOT
16.6,57.9,0.1230447561763447,0.07137540846381128,0,COLD
23.4,27.1,-0.061115711270424554,0.39302556101614616,1,COMFORT
28.2,26.2,0.08014598156493717,0.5598966050327208,2,WARM_HUMID
31.8,55.0,-0.14490474852475937,0.3059474496437976,2,WARM_HUMID
26.2,40.8,-0.3154950824613959,-0.013665634846231825,2,WARM_HUMID
26.1,39.4,0.27220101715691813,-0.5337410394570171,2,WARM_HUMID
23.8,57.8,0.16968575122011822,0.03749409447004061,1,COMFORT
24.3,70.1,-0.006093608618423793,-0.0025313633871405904,1,COMFORT
26.6,65.7,0.0778765860878847,0.3658798623233723,1,COMFORT
31.0,70.9,-0.013018549393699628,0.09655538796101161,2,WARM_HUMID
18.7,66.5,-0.006768433548607748,-0.4311017494042226,0,COLD
35.0,80.0,0.23374676873808345,-0.1619718278476792,3,HOT
23.3,55.9,-0.05569543629903337,-0.9942854592633692,1,COMFORT
32.8,36.0,-0.14426172260917605,0.3317675520107265,3,HOT
23.1,23.8,-0.003629655304860969,-0.2535757069061135,1,COMFORT
28.5,70.0,0.07999223785604805,0.359588825621992,2,WARM_HUMID
21.1,20.0,0.17127648610263915,0.390508768268024,1,COMFORT
39.0,65.0,-0.09412874937169276,-0.14128369639089863,3,HOT
26.8,55.0,0.05140880195665562,0.7275146984710577,1,COMFORT
29.5,62.7,-0.10020850317579436,-0.7435453862553616,2,WARM_HUMID
33.0,79.0,0.12881046861188958,0.33925424393554593,3,HOT
37.0,81.0,-0.14569166637726327,0.05556430157108949,3,HOT
24.0,37.0,0.18029774140124924,-0.19524184481240203,1,COMFORT
38.0,32.0,-0.26198993385907143,-0.07254404575788444,3,HOT
19.3,37.8,0.06002879621181184,-0.06849732772098151,0,COLD
32.9,71.9,-0.3091745766591805,0.049528861187730894,3,HOT
32.0,66.3,0.22681019237121794,0.042858920414875205,3,HOT
19.8,52.0,-0.21043325759507656,-0.3550779408862952,0,COLD
24.9,40.8,-0.10805825382007074,0.7154214963405111,1,COMFORT
18.3,50.5,0.0009153011900847874,0.5576432911429267,0,COLD
24.8,32.3,0.24454026771842763,-0.4139454084300927,1,COMFORT
26.6,39.3,-0.06744686042791234,-0.6568748402790914,2,WARM_HUMID
20.5,20.3,-0.20178375004075427,0.7479471026846668,0,COLD
24.5,72.7,-0.08781245944487183,0.4242373052346866,1,COMFORT
29.9,80.9,0.011690594483731455,0.3192938355686008,2,WARM_HUMID
23.8,21.5,-0.119805974218861,0.5031164526996562,2,WARM_HUMID
24.5,16.2,0.03224742261818219,-0.5938645439178692,2,WARM_HUMID
31.5,33.5,-0.2870557706262723,0.07878198200465839,2,WARM_HUMID
23.2,44.5,-0.08816069539798475,-0.517955291057563,1,COMFORT
28.3,87.5,0.06967982025623592,-0.3878712184142684,2,WARM_HUMID
25.1,65.6,-0.2363416202165655,0.2898939828777724,1,COMFORT
31.4,83.0,-0.1381582386601524,0.5389867818005245,3,HOT
28.7,59.7,-0.12571792400308598,0.7965727254238081,2,WARM_HUMID
27.5,29.0,0.1039084132675289,-0.5464662654017496,1,COMFORT
15.7,62.7,-0.025613790556548076,0.19136937854749037,0,COLD
14.6,69.3,-0.05536574079307843,-0.2600030948961395,0,COLD
20.3,56.9,-0.00901222192552544,-0.7234003490899146,1,COMFORT
21.0,30.4,-0.16378208576025954,0.47014747456881756,0,COLD
23.9,46.5,0.179122222201969,-0.491633706458539,1,COMFORT
20.6,32.9,0.18846644606945737,-0.08053673338873564,0,COLD
18.6,45.3,-0.19457464445485825,-0.16666882047472126,0,COLD
26.1,22.1,-0.1137722724025855,0.6201158651270208,2,WARM_HUMID
30.7,22.9,-0.12834006128811382,-0.17773464760102342,1,COMFORT
23.4,27.4,0.08313896598324172,0.5267973684761267,1,COMFORT
28.2,53.0,-0.0636964993373866,-0.05827555960115588,2,WARM_HUMID
25.1,58.8,-0.1521910669405881,0.5313842583206225,1,COMFORT
23.3,29.3,0.052399336421774294,-0.08779647032220197,1,COMFORT
19.6,45.4,0.28768294883902557,-0.3682215282852317,0,COLD
34.2,33.0,-0.23712276961517428,0.2816847923284235,3,HOT
37.0,43.0,0.10251258468583371,-0.957780379836367,3,HOT
32.2,51.8,-0.10352660112622457,0.3296323439886692,3,HOT
23.2,28.1,0.0731485098693219,-0.021461827359921838,1,COMFORT
25.8,39.0,0.24650672337068008,-0.5346027131450668,2,WARM_HUMID
23.5,35.0,0.02275097787021055,0.13318331427354163,1,COMFORT
23.4,20.3,0.0225265411738689,0.19467878636239108,1,COMFORT
20.4,68.0,-0.19012454476357632,-0.008916528294793866,1,COMFORT
17.2,58.0,-0.09067752685249465,-0.15170795826166147,0,COLD
32.6,37.5,0.1946660720686753,0.40153700287882127,3,HOT
34.4,50.2,0.11998797370479827,0.4681694902166693,3,HOT
23.8,59.6,-0.07281806626949947,-0.8312464264153473,1,COMFORT
24.7,17.5,0.0005577704922860336,0.12399225399867791,1,COMFORT
31.4,68.9,-0.03958400129832742,-0.0034403176357593076,2,WARM_HUMID
24.5,40.1,0.0852816085695522,0.37249607079615465,1,COMFORT
35.0,42.0,-0.07806305613937528,0.4222488889711642,3,HOT
24.6,21.1,-0.01923181935145003,0.5410053026105682,2,WARM_HUMID
30.0,66.8,-0.051673211540896054,-0.4760309563433704,2,WARM_HUMID
21.5,76.8,0.03625372008930843,0.10798728070690294,0,COLD
23.6,19.0,0.15336293969701373,0.1879487062876673,1,COMFORT
36.4,40.4,0.0019368837343231168,-0.10653991345772396,3,HOT
27.2,83.6,0.0682976536961418,-0.030331052584994363,2,WARM_HUMID
39.8,24.8,0.10971209978966896,-0.2630383634307081,3,HOT
30.0,52.0,0.029372014104918936,0.2877884120209131,2,WARM_HUMID
16.2,62.3,-0.03966558401938438,-0.15071189261933457,0,COLD
22.4,29.5,-0.0783973332210013,-0.4129548539475118,1,COMFORT
24.0,24.2,-0.28263820094408143,-0.4908412952058515,1,COMFORT
32.7,19.0,-0.4394173035003402,-0.2763695231768296,2,WARM_HUMID
24.7,26.2,0.11493045940852743,0.17767005726564866,2,WARM_HUMID
17.8,36.6,0.2836260630058748,0.16714562530763907,0,COLD
31.9,62.3,-0.05162345668163762,0.19370911880745745,3,HOT
28.5,51.4,0.19601851234979448,0.6059933342450793,2,WARM_HUMID
26.0,53.0,-0.0021225329661672225,-0.2782478458900578,1,COMFORT
23.7,35.1,-0.018487333884331776,0.716018181892227,1,COMFORT
23.1,31.1,-0.3154052630336937,0.6291133529552734,1,COMFORT
31.0,28.0,-0.04777040964997778,-0.37350986859157453,2,WARM_HUMID
23.3,33.5,-0.05481265816503324,-0.3377577739940685,1,COMFORT
16.2,67.7,0.13202870519522142,0.03893954158842167,0,COLD
24.8,20.4,0.16576112746153168,0.5143313563399083,1,COMFORT
21.4,55.0,-0.006075819352320928,-0.09829211443553476,1,COMFORT
32.3,45.0,-0.04994469475010398,-0.25526813045789487,3,HOT
17.1,53.5,0.22224282178394916,0.22579818778107194,0,COLD
36.0,75.0,0.20526096962517207,0.26778884970750283,3,HOT
29.0,43.0,-0.026866228661616597,0.01265679805863209,2,WARM_HUMID
34.9,42.3,-0.21227993340413853,0.3707254780830511,3,HOT
27.5,33.0,0.06259137423552845,0.04369885898498144,2,WARM_HUMID
23.2,42.0,0.0548745835598815,0.11510300883457125,1,COMFORT
21.1,29.3,-0.21374567577231182,0.18704843124978277,0,COLD
27.8,35.7,-0.05238928280219422,0.06802577506467443,2,WARM_HUMID
19.5,57.7,0.051548992852078805,-0.25635759747313885,0,COLD
20.0,38.7,-0.23725517605873483,-0.20725741852929988,0,COLD
32.1,70.3,0.2867841246746166,-0.6129692691015819,2,WARM_HUMID
28.4,52.0,0.003132973244394268,-0.42492260588730296,2,WARM_HUMID
22.8,54.3,0.1555726935456825,0.07222952039307468,1,COMFORT
20.6,33.7,0.22703121534034446,-0.01840017501100925,1,COMFORT
17.0,62.0,-0.03990250433405204,0.14444018328600722,0,COLD
28.2,26.6,-0.3129621449333373,0.14559949397912683,2,WARM_HUMID
17.0,37.7,0.02867221074818581,-0.5257404718560248,0,COLD
25.8,41.0,0.15338556480144602,0.3877399455890107,2,WARM_HUMID
32.0,79.0,-0.186390597835256,0.5867861970008444,3,HOT
34.4,54.2,0.045994614359385434,-0.4443862312126548,3,HOT
21.0,29.8,0.17867150591220535,-0.55682674995143,0,COLD
23.9,37.3,0.4293116839684221,-0.14642266246585173,1,COMFORT
23.5,29.0,-0.16684397336946163,-0.6455023943515613,1,COMFORT
24.8,18.0,-0.028947866482622483,0.5877717555763614,2,WARM_HUMID
28.3,42.0,-0.07982528446907843,0.148646702639645,2,WARM_HUMID
23.5,69.5,-0.10777259777416746,-0.3028245622859987,1,COMFORT
22.0,36.8,0.03284518285277612,0.09891659966719019,1,COMFORT
20.2,37.7,0.11731730608105276,0.060786962072623844,0,COLD
29.8,61.9,-0.0812149955282943,0.9793647477200582,2,WARM_HUMID
16.3,52.0,0.03077596841678325,0.014732620239445418,0,COLD
19.7,38.8,0.021935291853354143,-0.09961892390405219,0,COLD
33.4,59.7,0.1540033144976358,0.2810352856041863,3,HOT
24.2,58.9,0.007697460057879712,-0.3380863994664364,1,COMFORT
29.2,63.7,-0.3076242076494752,0.3331783503028698,2,WARM_HUMID
24.7,20.4,-0.04271933349711497,-0.12277470666489623,2,WARM_HUMID
28.8,59.0,0.11209404076848926,-0.3572870778841656,2,WARM_HUMID
30.3,59.2,-0.1167140965740599,-0.028329631669699373,2,WARM_HUMID
28.5,42.2,0.35895184421501797,0.26592425790176816,2,WARM_HUMID
19.7,42.4,0.1903568567030815,-0.3180705466933542,1,COMFORT
25.1,46.3,0.056236152945116365,1.3137643391885379,1,COMFORT
24.3,55.6,0.08339811505352084,0.025115796403723807,1,COMFORT
18.5,33.1,0.054908387319118686,-0.4130772730902108,0,COLD
32.9,20.0,-0.053500970126980685,-0.3666241562832748,3,HOT
26.8,40.5,0.2644948200449354,0.033146121571586355,2,WARM_HUMID
23.7,56.9,-0.17587775352891005,0.30869798660374603,1,COMFORT
32.0,66.3,0.11764271298956276,0.026233271010429045,3,HOT
34.0,68.0,-0.013871208406733003,0.18315338627073174,3,HOT
31.0,47.0,-0.2538696944572229,-0.2996323351370275,2,WARM_HUMID
11.0,54.2,0.042182899070802145,-0.046425711049074836,0,COLD
33.8,55.0,0.15215550975271955,-0.4394863445491791,3,HOT
31.4,57.0,-0.16145859685290506,-0.7064727910939737,2,WARM_HUMID
15.7,40.3,0.07403059413056502,0.4714124661193247,0,COLD
25.4,44.0,-0.02718362598271545,-0.5917600559361909,1,COMFORT
19.3,57.9,0.10325545565146817,0.08237891779078044,0,COLD
18.8,44.2,0.30928248743948145,0.10781155086994701,0,COLD
30.3,63.6,0.06948887087315163,0.1342337788556945,2,WARM_HUMID
32.2,28.9,0.43884662843417555,-0.12010699071357232,2,WARM_HUMID
30.9,85.0,0.016163029705977643,0.7768215059291017,3,HOT
30.2,36.0,-0.1760819946613459,-0.4820166012014806,2,WARM_HUMID
31.4,38.1,-0.2452001316754571,-0.062216420038947055,2,WARM_HUMID
31.6,35.2,-0.12697561249722059,0.31764414779306116,2,WARM_HUMID
27.5,31.6,0.021892914087349676,0.015247051382578229,2,WARM_HUMID
28.0,63.0,-0.0827149218594603,-0.08157973102103255,2,WARM_HUMID
27.4,54.6,-0.004434802669601085,0.6109235882041792,2,WARM_HUMID
18.9,59.2,-0.2150345884448161,0.23179343573045333,0,COLD
32.1,24.9,0.07140162000984385,-0.9340669724437376,2,WARM_HUMID
24.6,24.7,-0.09374643911113521,-0.24816727475716036,2,WARM_HUMID
18.9,59.0,0.2283139735123786,-0.023748569743195287,0,COLD
26.0,29.1,-0.027097992597686266,-0.13162154214161634,2,WARM_HUMID
30.1,20.6,-0.18893440933046118,-0.24909464420335486,2,WARM_HUMID
20.2,36.4,-0.20987004684946628,-0.13776797658774878,0,COLD
33.2,32.5,0.03786431358236702,0.2966169553634474,2,WARM_HUMID
32.3,74.9,-0.04613660843456157,0.0059407147538904255,3,HOT
22.4,54.0,0.058971805257810025,0.31653915468716187,1,COMFORT
32.5,38.6,-0.150946200838963,-0.09077620908881139,3,HOT
20.6,22.4,0.06318710680364702,0.38506115099651456,1,COMFORT
37.8,20.1,-0.09522040252010795,-0.06587954943407463,2,WARM_HUMID
32.7,69.6,0.04436446211211754,0.639837307537162,3,HOT
30.9,69.0,0.22392478370477362,-0.20028466309523663,2,WARM_HUMID
26.5,58.1,-0.1283508701269154,0.3061707798576376,2,WARM_HUMID
33.2,53.0,0.06123791335717077,0.21921128847461302,3,HOT
27.1,40.8,-0.0015697693579094006,0.13892957779220835,2,WARM_HUMID
21.1,29.3,0.5066652361934043,0.13171946464395942,0,COLD
22.3,46.8,0.14340335438466226,-0.11834336236235238,1,COMFORT
31.4,70.3,-0.010287246963310653,-0.45115537593515775,2,WARM_HUMID
18.1,49.8,0.018832258699372648,-0.41202733774710726,0,COLD
25.9,24.5,-0.06043107531035602,-0.2257866132302264,2,WARM_HUMID
17.9,57.5,-0.132389592921527,-0.21434214106609029,0,COLD
27.0,40.4,0.24223058598709846,0.31174810635057604,2,WARM_HUMID
33.3,59.7,-0.07294843144637034,-0.33314279836517513,3,HOT
18.9,81.0,0.008945892623272934,0.44621977936050794,0,COLD
33.0,67.0,-0.05478747594400789,1.1876863733549898,3,HOT
18.7,33.8,-0.010844849934433902,-0.0819100783645907,0,COLD
19.9,32.1,-0.1712323601136614,-0.3509321204097599,0,COLD
27.5,42.2,0.3161303364244404,-0.08302953775855279,2,WARM_HUMID
34.0,56.0,-0.05414492487286199,0.05762131733134943,3,HOT
22.3,50.7,0.2957581299058449,-0.40174457535671104,1,COMFORT
36.3,46.9,-0.107157983955603,-0.4841023312746944,3,HOT
21.7,45.8,0.06710794447101412,-0.1735056700817091,1,COMFORT
14.0,38.9,-0.19440549952499678,0.1984377628189229,0,COLD
22.1,27.7,-0.12442041262145918,0.35319731649973296,1,COMFORT
28.5,51.4,0.07638453488565855,-0.1717667896507118,2,WARM_HUMID
29.8,62.0,0.05001737686981381,0.12375759943679206,2,WARM_HUMID
37.0,88.0,-0.038688332247577256,0.04616863228043627,3,HOT
20.0,34.5,0.12158924597228885,-0.2582833987907867,1,COMFORT
22.0,36.2,-0.1373414630675551,0.8459143694872776,1,COMFORT
26.8,81.2,0.057075256265745104,0.4922200901018329,2,WARM_HUMID
27.8,59.5,-0.0329290636425833,0.6417420015554705,2,WARM_HUMID
11.0,69.0,0.12951211073424157,0.2901813443312095,0,COLD
10.0,54.0,-0.23062548273520875,0.6150288721880703,0,COLD
25.8,32.8,0.1477333591629753,-0.20580011087903416,2,WARM_HUMID
33.4,49.6,-0.14154025738789963,0.16388625943823987,3,HOT
17.6,59.8,-0.034222702393235147,0.2618863590169399,0,COLD
33.6,53.5,-0.2069229904491427,-0.46705894136331205,3,HOT
29.8,60.7,0.13590498661376774,-0.5836235205846373,2,WARM_HUMID
31.8,39.0,-0.1618742725356738,0.15382222278805124,2,WARM_HUMID
23.0,56.7,0.1187022921057388,0.433102366114311,1,COMFORT
31.5,28.9,0.00044890079607313505,0.1041276245729512,2,WARM_HUMID
25.6,47.4,-0.0187653497450415,-0.08753726318380146,1,COMFORT
23.9,21.3,-0.12614270034955552,0.6002354604456251,2,WARM_HUMID
28.2,60.5,-0.11910685224151485,0.08927358459957543,2,WARM_HUMID
25.5,24.8,-0.16316529334463542,-0.34053263998727057,2,WARM_HUMID
23.9,39.9,0.08829177690492684,-0.5090678634764793,1,COMFORT
18.6,41.4,-0.06030739504121849,0.1993890661743182,0,COLD
33.0,45.0,0.09561909322712404,-0.4753375997940288,3,HOT
33.8,65.2,0.10367529918315653,-0.07326337108056932,3,HOT
37.0,75.0,-0.1809605655137488,0.3609819312494245,3,HOT
22.5,42.4,0.22803177850388684,0.48452821039458754,1,COMFORT
21.1,51.2,0.01645896133493771,-0.29223028497643566,1,COMFORT
19.4,37.9,-0.16206109939177524,-0.21520486531144134,0,COLD
32.5,65.2,-0.13044165523547807,-0.3083935073108496,2,WARM_HUMID
22.2,27.0,-0.05728243002984762,-0.41395884920709325,1,COMFORT
22.8,33.6,0.16414560790590754,-0.3392069310392716,1,COMFORT
24.8,23.3,-0.1623033179784979,-0.04809453575573622,2,WARM_HUMID
25.8,57.7,0.17178801639552066,0.022063879710728103,1,COMFORT
24.9,48.2,-0.0011421029910458514,0.5429989842932612,1,COMFORT
17.1,34.6,0.01732918715034585,0.016069062523559063,0,COLD
31.4,64.0,-0.2815035497006813,0.4440129886490851,2,WARM_HUMID
12.8,48.8,0.013100089760502545,-0.658098298648621,0,COLD
28.7,27.8,0.05687402887029652,0.5609608470371238,2,WARM_HUMID
25.5,41.5,0.17363913849545312,-0.2257761713934865,1,COMFORT
19.6,36.4,0.08094821615176057,-0.27368845844501316,0,COLD
26.2,32.3,0.16771162896862998,-0.6538549666912825,2,WARM_HUMID
17.7,24.8,-0.13197589591514802,-0.31851965770958635,0,COLD
17.3,43.2,-0.10488359843443258,0.7400068911732725,0,COLD
16.2,66.9,0.1096693665213687,0.21353711025519334,0,COLD
26.2,41.0,-0.10495882619888784,-0.30331893913082864,2,WARM_HUMID
30.8,55.0,-0.11706459580619206,-0.16552687994305315,2,WARM_HUMID
31.1,55.7,0.26222033587864263,0.31094556410739743,2,WARM_HUMID
11.6,68.5,-0.03453755794780306,-0.16558013514816083,0,COLD
23.3,63.5,0.05282951050317219,0.7907316306814045,1,COMFORT
31.9,47.0,0.10269374944678368,0.29704709701155657,3,HOT
21.5,80.9,0.15231515926243452,-0.5103439402680324,1,COMFORT
17.0,62.0,0.24140150634148153,-0.1396515424224274,0,COLD
22.2,45.5,0.14839110678513243,0.241427507912894,1,COMFORT
20.4,35.3,0.13058260758007673,0.2071013459079937,0,COLD
23.0,37.1,-0.028063876939383614,0.6874436798313949,1,COMFORT
26.9,69.3,0.1681623224026926,0.49666434793631514,1,COMFORT
26.8,28.7,-0.11245004264188707,0.776974896258376,2,WARM_HUMID
36.0,58.4,0.1745242499546072,-0.36028045059191743,3,HOT
17.9,45.4,-0.19314079254795916,0.3144067383183505,0,COLD
31.4,26.8,0.20198574939154443,0.5125790622498836,2,WARM_HUMID
15.7,73.4,-0.32462544780795854,0.1580676614917621,0,COLD
19.4,58.0,-0.21359705007314506,0.0036047479085006893,0,COLD
24.0,39.3,0.04346463364795421,-0.579520939948539,1,COMFORT
25.9,40.6,-0.1009910997718565,0.23504110414101242,2,WARM_HUMID
24.3,34.5,0.16501716689484186,-1.0007455585799783,2,WARM_HUMID
27.6,33.2,-0.0029214697952018253,-0.3150455257046437,2,WARM_HUMID
27.8,72.2,-0.20780407776667414,-0.27528889794567196,1,COMFORT
26.0,30.5,0.07588464116985888,0.7601680797798571,2,WARM_HUMID
27.8,51.0,0.16835849133308903,-0.23655349326397773,2,WARM_HUMID
34.0,40.0,0.13799944316009974,-0.3934408800987289,3,HOT
22.4,44.7,-0.10720201333910777,0.6073348758091728,1,COMFORT
12.2,47.8,-0.02088353945893661,-0.3444985985310355,0,COLD
30.6,74.6,-0.017039539145212255,-0.22338581261839183,2,WARM_HUMID
37.0,43.2,0.1420980624862482,-0.5517273406774102,3,HOT
21.1,56.4,0.012658068773116813,-0.29445666325095154,1,COMFORT
15.0,35.8,0.02006408610813438,-0.1081396338945791,0,COLD
23.8,30.9,0.18512204811929428,-0.19127471073712987,1,COMFORT
22.2,49.1,-0.07394142653080528,0.1929570239477253,1,COMFORT
33.3,30.2,0.06288158027572899,0.14882546171919567,2,WARM_HUMID
28.0,39.8,-0.064484104305576,0.023633253215760756,2,WARM_HUMID
32.8,49.3,0.05531962583028963,0.22042558523150324,3,HOT
23.6,36.0,-0.022306335032795957,0.2273384906520749,1,COMFORT
27.0,55.5,-0.020169594301707477,0.15976690643759367,1,COMFORT
26.0,49.7,-0.0589086194738651,0.11929366129020058,2,WARM_HUMID
27.7,54.5,-0.08414200574751089,-0.5628112814436276,2,WARM_HUMID
18.2,55.4,-0.11303569324603213,0.219244067810385,0,COLD
34.5,62.0,-0.13911572393192784,0.19797600629501433,2,WARM_HUMID
27.0,32.0,-0.027997171552685756,-0.5315759519474209,2,WARM_HUMID
23.6,28.5,0.16948802681416417,-1.0657415821606342,1,COMFORT
24.4,39.9,-0.02904874204406855,-0.27829593013206394,1,COMFORT
23.3,44.4,0.005997290134518695,-0.1021212950205279,1,COMFORT
23.8,58.0,0.10624769669018734,-0.041262698606271145,1,COMFORT
22.4,31.9,-0.008884762731300636,-0.12608135611634538,1,COMFORT
23.5,33.6,0.08807222138046146,0.014702962298298795,1,COMFORT
17.2,58.5,-0.00966726992699742,-0.23670467010958918,0,COLD
35.0,39.0,-0.08609011728435044,-0.33569099115495,3,HOT
16.9,62.1,-0.16274519812207158,-0.11996868890832693,0,COLD
22.4,52.6,0.18071973063988506,0.27592569091115976,1,COMFORT
33.9,56.6,-0.01624293574938833,-0.1744434317753156,3,HOT
30.2,65.6,0.1197972310786715,0.3681852614451493,2,WARM_HUMID
19.3,72.3,0.02859735797706942,0.2970121757498438,0,COLD
36.4,45.0,0.12428310333675441,-0.010314335741484975,3,HOT
25.5,36.1,-0.22784927448858036,0.77372604199041,1,COMFORT
34.6,59.1,-0.07432255216489624,0.2173309369234211,2,WARM_HUMID
18.0,50.0,-0.30217364999151897,-0.16579367645433252,0,COLD
22.8,47.2,0.23623093215591648,-0.36279703529313856,1,COMFORT
27.1,41.0,0.04761798918752627,0.5224077502045454,2,WARM_HUMID
28.0,51.0,-0.12910937450930077,0.06073934304549581,2,WARM_HUMID
30.3,29.0,-0.08021350062664846,-0.020820207946313025,2,WARM_HUMID
33.1,32.7,-0.08178269376783417,-0.002497938974259405,2,WARM_HUMID
34.2,37.0,0.031563449913163025,0.6018431905995615,3,HOT
33.3,61.6,0.11147164572086513,0.6567938039545766,3,HOT
18.3,75.0,-0.07681573475228475,-0.0691523878427082,3,HOT
27.3,33.0,0.09991192207401998,0.471576399236952,2,WARM_HUMID
26.8,63.7,-0.011441722760937401,0.6563061814921799,1,COMFORT
27.1,80.7,0.11632271497780998,-0.3295860066976108,2,WARM_HUMID
35.3,23.1,0.14354343773498981,-0.055077221168818795,3,HOT
25.1,36.5,-0.125963232847562,-0.42117728561039275,2,WARM_HUMID
28.7,70.0,0.07111267123584689,0.20836731731721372,2,WARM_HUMID
22.1,57.6,-0.05846651634646591,0.2828336211525968,1,COMFORT
28.2,46.0,0.011400808711861724,-0.37779876096707776,1,COMFORT
17.5,37.5,0.03237739955557473,-0.3368778803170976,0,COLD
22.0,33.8,-0.17539947702225675,-0.5331631302965777,1,COMFORT
30.8,73.5,0.16679640156053993,-0.09197703526465884,2,WARM_HUMID
24.6,45.0,0.17127628669827907,0.5291258075080375,1,COMFORT
34.5,43.0,0.17722678313072796,-0.5781644124282164,3,HOT
15.3,37.0,-0.04048637158798269,0.14633977290167685,0,COLD
27.4,59.0,-0.02773664734617415,-0.10046569708991662,2,WARM_HUMID
26.8,42.5,0.11341318210425083,-0.568020039127516,2,WARM_HUMID
31.0,61.5,0.04711056628246076,-0.08778159103247005,2,WARM_HUMID
33.4,58.0,-0.1833191713337918,-0.3838753036170808,3,HOT
23.2,24.8,0.004738932896436757,0.7016372814057225,1,COMFORT
25.2,49.0,-0.1615108529524999,-0.43661856706621205,1,COMFORT
24.9,38.4,-0.13990707360335675,-0.14898586956842666,1,COMFORT
23.4,43.1,0.22013106681062614,-0.2993202149414217,1,COMFORT
29.6,60.0,-0.10188459797894325,0.4470140929501247,2,WARM_HUMID
33.7,32.8,-0.06934893237873908,-0.33645644470276276,2,WARM_HUMID
21.6,60.5,-0.12391156053085749,-0.5423899323008924,1,COMFORT
29.9,61.0,0.09878164090092456,0.3524397813850044,2,WARM_HUMID
18.8,36.2,0.20473274936181,0.02044914455205846,0,COLD
23.0,24.9,-0.18592719609954836,-0.001322703100659008,1,COMFORT
20.9,85.2,-0.07561364790299002,0.003192553073926665,1,COMFORT
29.0,47.1,0.02067785128575475,-0.17606412871487576,2,WARM_HUMID
29.8,61.0,0.24389383730430947,0.019893517778010135,2,WARM_HUMID
27.2,40.0,0.07583838627538118,-0.14452179926112077,2,WARM_HUMID
26.8,83.5,0.25192665703720457,-0.5438954509376773,2,WARM_HUMID
32.5,40.0,0.11008899602779817,-0.7749023136797568,3,HOT
29.9,74.5,-0.2111888906052701,-1.1754374119270237,2,WARM_HUMID
22.1,36.0,0.14468647420049804,0.1686849526293116,1,COMFORT
23.0,56.8,0.08313404765440059,-0.35103485231478615,1,COMFORT
26.6,78.7,-0.2004400683775725,-0.1298374253142905,2,WARM_HUMID
33.3,37.8,0.24493569053114336,0.12668749895231535,2,WARM_HUMID
30.8,22.8,0.3203380095116049,-0.01882359450996928,2,WARM_HUMID
31.5,67.4,-0.017222555947263896,-0.1698617344914832,2,WARM_HUMID
25.1,38.3,-0.12715079238225524,-0.35535141143816396,1,COMFORT
26.0,57.7,0.1084036698324689,0.4255686614560391,1,COMFORT
14.8,66.0,0.039306647270205615,0.3736234575157455,0,COLD
25.0,69.0,0.08215438998760305,0.3546318174283504,1,COMFORT
12.2,58.8,0.07294316933627015,0.3964953465253261,0,COLD
31.9,67.0,0.1364798808764837,-0.03455373928398014,2,WARM_HUMID
29.6,55.0,0.023785004320291472,0.062190956966516865,2,WARM_HUMID
30.3,71.0,-0.22330090256727855,-0.5477496201156044,2,WARM_HUMID
20.5,36.8,-0.12616268104010148,-0.5400163552254184,0,COLD
24.2,55.3,0.06503436902878189,-0.06967452496607868,1,COMFORT
29.6,76.5,0.14392333777932337,0.5264108217744091,2,WARM_HUMID
22.3,70.6,-0.014599305768941638,0.07798793090401708,1,COMFORT
22.8,27.6,-0.26639733704428387,0.11265681149202339,1,COMFORT
26.0,31.5,0.2432738702319381,0.24854230012241066,2,WARM_HUMID
20.0,51.6,-0.041684305735547704,0.4776482605920241,0,COLD
26.5,56.0,-0.10692686740157466,-0.4286770340567454,1,COMFORT
25.5,53.4,0.03580956437681631,0.4102026558866554,2,WARM_HUMID
23.6,21.1,0.05896857264139709,-0.5376288469517798,1,COMFORT
29.8,34.0,-0.0033052296006405675,-0.7270322703471837,2,WARM_HUMID
22.1,50.0,0.1416712680564062,-0.1021912404893026,1,COMFORT
29.1,47.0,-0.1404747470074142,1.1712658522054766,2,WARM_HUMID
34.9,40.0,0.14375991496433674,-0.12675357382129182,3,HOT
27.1,39.1,0.32785959250838614,0.15073482652482847,2,WARM_HUMID
21.3,34.1,-0.22654946541214516,-0.46439986032191777,1,COMFORT
32.0,64.5,0.12641610451485405,-0.6391458143836243,2,WARM_HUMID
17.8,45.3,0.2386577919635534,0.10243358541847081,0,COLD
33.9,37.5,-0.016243886619187423,-0.6099498428611764,3,HOT
11.6,69.7,-0.15137155347570086,0.235958085720122,0,COLD
25.5,31.5,0.034448596921169375,-0.3577285558490196,2,WARM_HUMID
21.0,73.1,-0.04414491221433648,-0.13382733739527813,1,COMFORT
35.1,41.8,0.14304731682473334,0.5599510564330065,3,HOT
33.8,60.0,0.023714318636212,0.44218836400708456,3,HOT
31.3,45.3,-0.0835101768487154,-0.02804141356061184,2,WARM_HUMID
25.8,41.0,-0.04872470752629337,-0.10050902255355593,2,WARM_HUMID
25.3,61.2,0.09113564137893655,-0.6806366239865279,1,COMFORT
16.8,36.6,-0.20887688507077176,-0.09615494989843938,0,COLD
17.8,49.0,0.10762957746010186,0.1304482030814478,0,COLD
27.2,39.0,0.3086243204567548,-0.3021972659403418,2,WARM_HUMID
20.2,29.6,0.07359895210880814,0.5774608845198614,0,COLD
27.5,67.6,-0.3114724767766586,0.2854775267763842,1,COMFORT
25.9,47.1,0.017462134183601048,-0.5497415100999098,1,COMFORT
16.8,58.0,-0.13650396698157988,-0.4253313366959468,0,COLD
17.7,24.8,-0.13197589591514802,-0.31851965770958635,0,COLD
21.5,29.6,0.10387495714568774,-0.3682222259849942,1,COMFORT
15.7,48.1,0.15974424233658135,-0.4058478757204772,0,COLD
22.3,70.6,-0.1434495537842003,-0.5585231522619031,1,COMFORT
11.0,66.9,0.18728315959479575,-0.28441671189883905,0,COLD
22.0,30.3,0.08883669061206474,-0.11211052164784106,1,COMFORT
18.1,33.9,0.2692553215211166,-0.7396225303210304,0,COLD
13.8,36.7,-0.2980965344589643,-0.1771486983874274,0,COLD
30.6,76.3,-0.17171109871323526,0.42733851276769824,2,WARM_HUMID
20.0,36.5,-0.04727374594729104,0.21635426438015704,0,COLD
28.0,43.0,-0.011260928016832249,0.2075061784928619,2,WARM_HUMID
20.2,35.1,-0.07034355199001813,-0.28895808420167074,0,COLD
33.7,47.7,0.07854979176381084,0.06285888325391992,3,HOT
28.0,28.2,-0.14607459089242517,-0.4167692872642982,2,WARM_HUMID
32.6,75.9,0.1256358940345481,-0.3390408071671715,3,HOT
19.6,45.4,0.14294178910674246,0.0002893791236986435,0,COLD
19.9,35.0,-0.11287414036369228,0.7900283201330258,0,COLD
21.2,30.5,0.2240564638508301,-0.13263668754793564,0,COLD
24.5,69.0,-0.2710848363990821,-0.05447196727876812,2,WARM_HUMID
33.6,54.2,-0.031330064231667266,-0.12505489732132305,3,HOT
29.3,40.0,-0.21600763238914414,0.3055554782589065,2,WARM_HUMID
27.6,48.5,0.49261773019318256,0.3190870128965429,1,COMFORT
23.9,50.0,0.23767415627355878,-0.23326083505103068,1,COMFORT
27.4,54.0,0.07508079255009101,0.23625085614822414,2,WARM_HUMID
22.7,69.0,-0.05267251662072838,0.1520895190889111,1,COMFORT
32.0,86.0,-0.07753429026810768,-0.40025502745577124,3,HOT
23.3,79.5,0.18910366221927538,0.19609929014462918,1,COMFORT
21.1,30.3,-0.000633978957386354,-0.4931729222551548,0,COLD
26.0,64.1,-0.01966427612587411,0.5679424378262208,1,COMFORT
35.5,21.0,0.024252382264023074,-0.01674791214863394,3,HOT
18.4,39.2,0.26632362738600723,-0.24336799779955542,0,COLD
23.8,33.9,0.010225065057987913,0.14661066534998177,1,COMFORT
26.0,34.0,-0.05086834189050581,0.07941280330956296,2,WARM_HUMID
23.8,22.4,0.004839721615687919,0.24235552314575456,2,WARM_HUMID
28.2,42.0,0.022331520587653662,-0.15541776188959222,2,WARM_HUMID
34.3,32.0,-0.03825326081718028,-0.33068321740877016,2,WARM_HUMID
34.8,51.0,-0.2003197940172178,-0.12576723585594984,3,HOT
29.4,75.4,0.05949419088321857,-0.5507149325961403,2,WARM_HUMID
32.3,58.1,0.07644731863442321,-0.03734298176085767,2,WARM_HUMID
34.8,50.7,0.31278003989458714,-0.8212963945056141,3,HOT
28.6,47.8,0.12224548497690005,0.04027110313945697,1,COMFORT
24.6,42.2,-0.3221554858900279,-0.4874619097051065,1,COMFORT
32.1,48.0,-0.18097751115475025,0.6755073400018026,3,HOT
19.7,29.6,-0.027751631624783103,0.27120053896973273,0,COLD
32.3,74.6,0.08147365740360146,-0.4910669704403269,3,HOT
33.5,57.9,0.12139457834346476,0.10992975654667887,3,HOT
36.0,69.0,0.23058925468398556,0.9023248808055127,3,HOT
34.0,39.0,0.23150461946623246,-0.4112186163896967,3,HOT
27.5,62.0,0.009251977477195748,-0.019909618249278754,1,COMFORT
27.6,86.6,-0.1274126204574458,-0.22386427464679343,2,WARM_HUMID
17.8,68.0,-0.12924955550591094,-0.28479372425613847,1,COMFORT
26.6,23.2,0.12726283139168015,0.406144135057974,2,WARM_HUMID
22.4,59.9,-0.023077885940674142,-0.04681107454364249,1,COMFORT
24.7,21.7,0.07579304695548013,-0.5906417739605441,2,WARM_HUMID
23.1,30.4,0.18436886871832062,-0.3122759760507259,1,COMFORT
31.3,69.0,0.05418784250453043,0.02978285780730973,2,WARM_HUMID
18.8,65.2,-0.08176514851378817,-0.8835981098315921,0,COLD
27.4,26.1,-0.06432129130560148,0.0925481329102682,2,WARM_HUMID
24.5,26.1,-0.05638988810152513,-0.25618572323346334,2,WARM_HUMID
32.1,53.0,0.11703336999242629,0.056457484231821675,3,HOT
29.3,61.0,0.13903680420808798,-0.3478012693351561,2,WARM_HUMID
23.1,43.1,0.046553398521577236,-0.37258283652358615,1,COMFORT
24.2,28.9,-0.18366153265651075,0.23640726157203812,1,COMFORT
27.2,80.7,-0.03039087490415492,0.1514137567857427,2,WARM_HUMID
24.3,48.1,-0.14862594174345384,0.05364605891686019,1,COMFORT
21.3,59.9,-0.10210501305516664,-0.24486589201162762,1,COMFORT
27.1,34.0,0.005517424976135217,-0.34807108630505057,2,WARM_HUMID
28.0,25.2,0.04674514482111373,0.07895254634569564,2,WARM_HUMID
23.2,50.1,0.06228002517290321,-0.4049342092984414,1,COMFORT
25.8,57.7,-0.03210314874676608,0.6358445307047115,1,COMFORT
18.5,32.0,0.04341993634505944,0.30121193532516394,0,COLD
30.7,55.0,-0.24250700624220212,1.0979382814981897,2,WARM_HUMID
19.2,58.0,-0.08905491404808857,-0.07917235284687213,0,COLD
30.5,78.0,0.1059357502409569,0.1313770753931781,2,WARM_HUMID
29.0,51.3,-0.26103398718004844,-0.6517116737769436,2,WARM_HUMID
23.8,27.0,0.2584640169694821,0.410367734562188,1,COMFORT
22.6,19.9,-0.014476282622162329,-0.6144364531139613,1,COMFORT
26.4,44.0,-0.03139855157277992,-0.28944390887461824,1,COMFORT
31.8,47.7,-0.16985093919194186,-0.3227099656737864,3,HOT
28.7,62.2,-0.008625445319237455,-0.41598081637574985,2,WARM_HUMID
24.9,66.6,-0.022989843896124133,0.506507285738905,1,COMFORT
25.7,59.5,0.1576576019924299,-0.712197338085567,1,COMFORT
17.6,55.3,-0.16096300901438237,-0.05476941752887468,0,COLD
22.0,49.6,0.005652352302434689,0.4523981532759466,1,COMFORT
21.3,31.2,0.10348706498323289,0.30346456252905546,1,COMFORT
24.3,58.0,0.09061004888874989,0.41923870401329766,1,COMFORT
41.0,71.0,0.1570334135936328,0.007113314116442159,3,HOT
24.3,33.0,-0.018811223744899946,0.37796086703792053,2,WARM_HUMID
28.2,52.7,0.24761029649997762,-0.09578749889440898,2,WARM_HUMID
25.0,51.5,0.14378897105180125,-0.2625321089390634,1,COMFORT
31.4,57.1,-0.026913153961637418,-0.31417981160098507,2,WARM_HUMID
29.1,45.0,-0.21543807973921766,-0.023315483094318343,2,WARM_HUMID
36.0,81.0,0.1627148411448177,0.14571660575496284,3,HOT
37.0,58.0,0.041091489663118756,0.304123860658617,3,HOT
17.6,34.0,-0.4515783774470275,0.2934051906392347,0,COLD
16.6,52.6,-0.04569339725321033,0.9675101528081158,0,COLD
16.4,42.0,0.01568133683238243,0.044283466896460594,0,COLD
19.0,32.8,0.10489648102745394,0.18936455210880063,1,COMFORT
24.5,54.3,0.007008018039745844,-0.5554460875592971,1,COMFORT
22.8,46.1,0.11764321885915606,0.5977337981307776,1,COMFORT
18.0,38.3,-0.008941476808280129,0.6154569602678548,0,COLD
25.8,66.7,0.08418104152802275,-0.5641264381197044,1,COMFORT
32.7,45.5,-0.09660017359010013,-0.6689212984433,3,HOT
26.6,49.5,-0.09825938387731371,0.05959121896711276,1,COMFORT
22.0,56.4,0.2694608782739469,0.040006617454002885,1,COMFORT
31.7,53.0,-0.040330828120734775,-0.19615040726715377,2,WARM_HUMID
30.1,34.0,0.022404522340678332,0.13798336628576666,2,WARM_HUMID
24.1,62.9,-0.022998505182401086,-0.48161440988617144,1,COMFORT
14.0,60.1,0.26693977239187516,0.21925189372838558,0,COLD
25.1,53.0,0.022439693627818207,0.03609331615838442,1,COMFORT
32.2,37.0,0.02420665317433369,0.6381461359338944,2,WARM_HUMID
17.0,52.7,0.20086940501195874,-0.43509535209390393,0,COLD
21.2,47.4,-0.03563152664543625,-0.11994486331662944,1,COMFORT
29.1,79.0,-0.0639761790679117,0.14564970471870664,2,WARM_HUMID
20.5,36.8,-0.12616268104010148,-0.5400163552254184,0,COLD
30.5,68.1,0.12572658293991565,-0.412572500445356,2,WARM_HUMID
18.0,55.7,0.07540806232376256,-0.044817836062390155,0,COLD
12.2,70.1,0.059723131505152835,0.44829733925276455,0,COLD
30.0,25.7,-0.0014496631970020782,0.006528646081548953,2,WARM_HUMID
12.8,59.2,-0.021863367834588223,-0.27139638588664083,0,COLD
18.3,32.0,0.25866676531577676,0.6422236691176644,0,COLD
31.1,44.8,-0.08625329365588685,-0.16760172692038688,2,WARM_HUMID
21.7,68.2,0.30641063272425956,-0.02583551486962439,0,COLD
18.9,50.2,0.02118718685501728,0.27931949744776774,0,COLD
17.7,45.5,-0.02130226809240997,-0.245410904805776,0,COLD
30.2,30.4,0.11925321889037588,0.1115682363523703,2,WARM_HUMID
26.3,32.7,-0.10515903417460448,-0.5481901557312642,2,WARM_HUMID
19.5,57.7,-0.14141283797448023,-0.27584369307711526,0,COLD
31.6,40.0,-0.0836894982798236,0.0608672987110678,2,WARM_HUMID
27.5,59.6,0.12056890773275183,0.5742512204824131,2,WARM_HUMID
20.2,49.5,-0.22294860024934757,-0.4410395291284241,1,COMFORT
18.3,46.8,-0.06751732506918477,0.7092921864665743,0,COLD
22.7,24.7,0.16833049999400532,0.3944382437835025,1,COMFORT
18.8,36.8,0.056668722894897806,0.29958147641862337,0,COLD
14.6,45.8,-0.07252172024915654,0.11785764813150085,0,COLD
26.0,34.0,0.0686708414888677,-0.05499323568006803,2,WARM_HUMID
24.1,56.7,0.001231826539261851,0.3681609705153068,1,COMFORT
25.6,48.3,0.0017794018771176306,-0.35924264661916183,1,COMFORT
15.9,51.5,-0.027991983259290695,-0.22446433660977544,0,COLD
25.5,53.4,0.15811318814896896,-0.10072110161447112,2,WARM_HUMID
27.7,47.0,0.06090841836421214,0.1950580221753091,1,COMFORT
22.5,38.2,0.02711685272017075,0.06450700911323011,1,COMFORT
31.1,27.0,0.05188931877317805,-0.12865763715168266,2,WARM_HUMID
34.2,43.4,0.15830385388202542,0.2184580977207945,3,HOT
23.3,24.3,0.29178044967926403,0.07604180115339909,1,COMFORT
28.7,51.0,-0.0017329018464835755,-0.4193384785704657,2,WARM_HUMID
33.0,62.7,-0.2200627192065325,-0.47953807278997984,3,HOT
26.8,30.1,0.2661338586771869,-0.45824404968011684,2,WARM_HUMID
26.6,32.3,0.23073984613680523,0.17696377259727802,2,WARM_HUMID
24.1,20.0,0.08587071176696037,0.09925506681837508,1,COMFORT
23.9,36.7,-0.016772169183674506,0.31974822981678186,1,COMFORT
31.0,25.0,-0.020596644868331942,-0.29660406067806616,2,WARM_HUMID
26.6,38.8,0.21129640746812045,0.22251651485706822,2,WARM_HUMID
21.8,76.6,0.010088694207450346,-0.23919358333378896,0,COLD
19.8,29.1,0.07578920147613025,-0.13440419593994354,0,COLD
29.8,59.8,-0.3628561576018035,-0.21985645289133246,2,WARM_HUMID
18.5,36.0,0.02123936801098242,-0.4675611433938882,0,COLD
17.0,34.2,-0.29429502760174736,0.032511431365092484,0,COLD
20.3,47.5,-0.15362996130176157,-0.42561264337279003,1,COMFORT
35.3,39.0,0.11684914572398669,0.08200764529742799,3,HOT
25.3,52.0,0.0023546693936637567,0.5396758370597733,1,COMFORT
32.7,64.7,-0.06046384346310145,-0.07005021107776131,2,WARM_HUMID
24.3,67.9,0.32855816441616736,0.019738081445126024,2,WARM_HUMID
33.1,53.2,0.12004557859224765,-0.4521538008520038,3,HOT
25.1,34.0,0.06678602511251257,0.38373555528666825,1,COMFORT
27.3,73.0,-0.01966826338288482,-0.18750674375062218,2,WARM_HUMID
29.2,53.6,0.14046365255189489,-0.3521308589259704,2,WARM_HUMID
19.8,48.8,-0.03144900190465935,0.5208156460822716,1,COMFORT
37.0,62.0,0.15686192649943542,-0.6538650886582021,3,HOT
16.4,44.2,-0.07849751457576976,-0.1546503735289329,0,COLD
22.3,71.2,-0.0722943136811112,-0.1295257637030288,1,COMFORT
26.2,29.5,-0.18418306313902083,0.13339932467521257,2,WARM_HUMID
26.3,39.0,-0.19251052324668333,-0.09504004297021061,2,WARM_HUMID
33.8,49.0,-0.1642414495543631,-0.5898571315134257,3,HOT
17.7,38.3,-0.04784497331525187,-0.045796482077459795,0,COLD
34.0,40.0,-0.127663374060524,0.05572298776468409,3,HOT
14.0,40.0,-0.09950510585077857,-0.09945608586269981,0,COLD
22.0,45.8,0.3257326919386463,-0.32634492876793364,1,COMFORT
35.8,50.7,-0.01807996557448407,-0.3969495686728397,3,HOT
18.3,59.1,-0.0047501496630079415,0.2966746907989142,0,COLD
27.0,69.0,0.0532002016868751,0.46790182437209343,1,COMFORT
15.7,68.9,0.011200316819881989,0.5739591294762486,0,COLD
40.0,75.0,0.1184377061008636,-0.15349062151367854,3,HOT
27.4,39.0,-0.10106851584892146,-0.5047867067052682,2,WARM_HUMID
19.0,60.0,-0.026461058044249156,0.1290764870803804,0,COLD
16.0,36.9,0.15580905891632743,-0.21907839552403596,0,COLD
20.0,50.0,0.07483716014466217,-0.020136243534950478,1,COMFORT
30.9,26.6,-0.1694228366393106,0.13575297553624044,2,WARM_HUMID
26.6,37.0,0.07313404456300779,0.7393165909357218,2,WARM_HUMID
24.9,24.6,0.021281116777097528,-0.008982794071691261,2,WARM_HUMID
12.2,57.9,0.47055375681659334,-0.28803102906261063,0,COLD
37.3,41.2,-0.07569068932274614,-0.10519911381469277,3,HOT
25.2,38.0,0.1562437871625813,-0.2726502412369545,1,COMFORT
19.4,39.0,-0.1153747495543084,0.11301360871486661,0,COLD
24.6,55.5,-0.22054804086785054,-0.12013958657263146,1,COMFORT
33.0,54.8,0.0573769311965281,0.3639018195253736,3,HOT
27.7,34.5,0.1787225036529759,-0.10133169843767009,2,WARM_HUMID
31.9,68.9,-0.13534007301887702,0.16664103574292163,2,WARM_HUMID
20.5,41.0,-0.12418275462667469,0.6742410607325079,1,COMFORT
28.8,59.0,-0.16818656101415877,-1.0335125432122847,2,WARM_HUMID
19.7,36.3,0.01679728989318866,-0.4542008122917312,0,COLD
34.0,50.0,-0.17688545906697697,0.8993216947632864,3,HOT
29.5,60.5,-0.040389647625955934,0.05484916658733888,2,WARM_HUMID
23.8,30.7,-0.16674409957217212,0.22356875346761,1,COMFORT
26.3,84.2,-0.2611345739490778,0.20510240712297959,0,COLD
24.3,22.8,-0.12361891442742887,-0.3425838706183091,2,WARM_HUMID
17.5,23.8,0.1525246333519277,-0.4377093480982566,0,COLD
21.1,30.0,-0.2838612121775859,0.3820247388981455,0,COLD
26.8,38.2,-0.12764626210223473,0.42179689134939846,2,WARM_HUMID
17.5,64.0,0.1307990198140295,0.8023408822484259,1,COMFORT
27.6,63.3,-0.00267395286387174,0.2570389042577523,2,WARM_HUMID
28.0,60.0,-0.1880817488550063,0.24924392305662854,2,WARM_HUMID
11.6,50.3,0.08469596340410741,-0.06085724116298111,0,COLD
31.5,56.7,0.27393307176917003,-0.18582104500991992,2,WARM_HUMID
24.6,31.8,-0.07460411879616276,0.04588719470579575,2,WARM_HUMID
30.9,65.3,-0.25865116132307453,-0.48961530223449046,2,WARM_HUMID
31.3,71.4,-0.3005187625466124,-0.42517760732647275,2,WARM_HUMID
33.8,58.8,-0.08543831877765701,-0.4612797579551224,2,WARM_HUMID
26.9,59.0,0.0019502837816860528,0.46400358550415544,2,WARM_HUMID
30.6,73.3,0.13121320150644092,-0.30509987597119537,2,WARM_HUMID
32.6,39.0,-0.10631789820380715,-0.181130784055235,3,HOT
31.4,50.2,0.0156802140605726,-0.23407379808580384,2,WARM_HUMID
25.8,38.9,-0.1910293603211364,-0.11035649967533315,1,COMFORT
24.3,26.0,0.32269839678837003,0.1983635778698385,2,WARM_HUMID
23.8,65.4,0.12825339263199526,0.24815820327652022,1,COMFORT
28.5,84.3,0.24114260802366694,-0.7412088286831432,1,COMFORT
20.5,36.8,-0.08088443051843502,-0.3661798141325855,0,COLD
34.0,36.4,0.25808182418604203,0.01355824082610794,3,HOT
16.8,54.2,-0.029934756835952685,-0.18429478067973137,0,COLD
22.4,31.2,0.04534841211469098,-0.36654954826790803,1,COMFORT
17.1,53.5,0.22224282178394916,0.22579818778107194,0,COLD
25.4,34.0,-0.09493204123271878,-0.3049326163718659,2,WARM_HUMID
36.8,27.4,0.0569750182555628,0.07019438235646945,3,HOT
24.5,69.0,0.029226699355406952,0.06425412501810226,2,WARM_HUMID
26.2,36.2,0.15787200657238104,-0.3794290978269375,1,COMFORT
21.2,29.9,0.006013650356452037,-0.2671148311303761,0,COLD
33.6,60.2,0.1416725303123822,-0.29249441651165065,3,HOT
28.2,25.8,-0.19255758585565924,0.2526618964338324,2,WARM_HUMID
19.0,33.1,0.10561628144496646,0.062167643053140736,0,COLD
26.5,58.1,0.0070036371325202145,-0.125543858958138,2,WARM_HUMID
23.4,31.0,0.050939791287322324,0.20337861579402328,1,COMFORT
26.3,18.0,0.11413786099780887,-0.3376060048725879,2,WARM_HUMID
29.8,40.2,-0.0516715813128679,-0.05631779456248968,2,WARM_HUMID
24.0,41.9,-0.05861749601694147,0.01794480035678063,1,COMFORT
17.1,69.3,-0.059272116760024175,-0.314648674284262,0,COLD
31.4,67.6,-0.0003422313443140043,-0.547264559189767,2,WARM_HUMID
23.6,48.2,-0.07345313362631792,0.2007151782067821,1,COMFORT
24.2,52.9,0.16866262022199957,-0.8589270559238505,1,COMFORT
30.3,79.9,0.055647523573525,-0.35310458520628685,2,WARM_HUMID
29.2,46.8,-0.051282668546673675,0.5532896039500902,2,WARM_HUMID
25.8,66.2,-0.1395257295776249,-0.12038302278910061,1,COMFORT
26.7,35.3,-0.07259638163834385,-0.15600929512547965,2,WARM_HUMID
32.2,20.4,-0.0008277866829948073,-0.5071545363940226,2,WARM_HUMID
26.3,38.0,0.01853215439333735,-0.3154244682237777,2,WARM_HUMID
17.2,73.9,0.06461099009727761,-0.29897074929417083,0,COLD
23.2,43.0,0.08065909482877744,-0.28688177131289055,1,COMFORT
27.2,70.3,-0.301695481522986,-0.21090422413227794,1,COMFORT
17.1,53.5,0.22224282178394916,0.22579818778107194,0,COLD
24.4,66.8,-0.030504005774051546,0.16271481394643275,1,COMFORT
26.9,33.0,-0.0035806603120454917,0.48140620075441815,2,WARM_HUMID
15.1,51.3,-0.14778047962098473,-0.2637612059958449,0,COLD
22.0,45.6,0.07160848959813962,-0.4421773465004317,1,COMFORT
14.1,44.6,0.15665790778148686,0.03709875947013165,0,COLD
30.6,47.7,-0.08144635601580182,0.2506369507234372,2,WARM_HUMID
22.5,44.0,-0.13305158248471477,0.5082226043402923,1,COMFORT
14.5,72.0,0.1028337544825776,-0.3511529579206299,0,COLD
29.2,38.0,0.03188610459483223,0.6996647091745716,2,WARM_HUMID
31.2,69.0,-0.17608595875249097,-0.314232985339681,2,WARM_HUMID
17.4,22.6,-0.12495123837591599,0.23347030636342592,0,COLD
38.0,44.0,-0.11593554956133019,0.031476451940669524,3,HOT
13.4,66.5,0.03981558690924487,0.0339605206260162,0,COLD
22.6,60.6,0.14752136289843157,-0.4523139032676884,1,COMFORT
17.8,55.6,0.1592062126044923,-0.16289009263379994,0,COLD
28.0,59.9,-0.10059472976469791,-0.6788976562251416,2,WARM_HUMID
18.6,72.6,0.2163520574702453,-0.641766258796921,0,COLD
28.4,52.7,-0.13745128689924552,0.8351715143502008,2,WARM_HUMID
19.4,36.1,-0.1994698502525776,-0.2993669572718518,0,COLD
35.6,49.0,-0.15792680468220066,-0.3988679377569391,3,HOT
29.2,52.0,0.06586333405933412,-0.8165685642716778,2,WARM_HUMID
25.2,25.7,-0.24113713854253313,0.3193047691868106,2,WARM_HUMID
22.7,26.8,-0.2301187040173277,-0.3313402225425579,1,COMFORT
29.2,53.0,0.06164251441889371,-0.19232346816310442,2,WARM_HUMID
18.6,72.6,-0.10603419622730305,0.12034129802182354,0,COLD
25.0,24.0,0.01411751575211013,0.1739202719698334,2,WARM_HUMID
30.7,35.8,0.0357048023221396,-0.06440256899954432,1,COMFORT
27.4,55.0,-0.033808957058576845,0.32704457662375475,1,COMFORT
22.2,41.0,-0.27260258264643084,0.6114245478012139,1,COMFORT
13.8,36.7,-0.08801171410950175,-0.12106991992193848,0,COLD
19.9,30.3,-0.000335717471127164,0.6156207751107088,0,COLD
27.2,43.0,0.143890623912781,0.25708627069595175,1,COMFORT
19.1,40.3,-0.1018056198167417,-0.12543553658690829,0,COLD
31.3,39.4,-0.10799842998329087,0.5072998978400849,2,WARM_HUMID
35.3,47.0,-0.03901746333708521,0.5870782357829778,3,HOT
16.4,45.7,-0.1578040903840184,0.595662424098292,0,COLD
20.5,35.2,0.08866177147595115,0.45389049155324196,0,COLD
37.0,41.1,0.10077873786610193,0.10372378082608678,3,HOT
19.3,37.2,-0.15027221933435828,0.9967991527427144,0,COLD
26.8,39.0,0.08865564818265194,0.25981013334422576,2,WARM_HUMID
18.4,39.9,0.15600868361900838,-1.114144703568483,0,COLD
24.1,20.5,-0.0408698362822374,-0.04396897972809983,1,COMFORT
29.6,81.8,-0.18191109223122073,0.2844479088236842,2,WARM_HUMID
31.3,54.0,0.024428861676201293,0.3885450422717262,2,WARM_HUMID
24.5,24.5,0.10488186580079799,-0.4386114910626563,2,WARM_HUMID
15.7,58.3,0.03515121139150406,-0.10390732237879757,0,COLD
30.3,56.8,0.1298884319948876,0.13729872489643538,2,WARM_HUMID
25.2,22.8,0.002047936811258509,0.306211672954062,2,WARM_HUMID
15.0,50.0,-0.2832785119073109,-0.17176822580106854,0,COLD
25.1,46.7,-0.19665572258140393,0.47643020677334036,1,COMFORT
25.1,52.0,0.06990724087592938,0.05779030612818639,1,COMFORT
19.5,40.7,0.11350905042801422,-0.36824505203864466,0,COLD
27.1,42.3,-0.0023531950135406926,-0.1553704377621428,2,WARM_HUMID
31.4,56.2,0.11906791868378956,-0.6681601604075753,2,WARM_HUMID
19.5,36.3,-0.046247155381477084,0.467854583453577,0,COLD
22.4,43.3,-0.019427604263772717,-0.5605766797706274,1,COMFORT
20.7,31.2,-0.09977828111000182,0.41804522593465565,0,COLD
11.6,57.9,0.06696361603118617,0.10267359703567269,0,COLD
21.2,29.9,0.006013650356452037,-0.2671148311303761,0,COLD
23.2,49.0,0.007342548719191499,-0.0386457074017985,1,COMFORT
24.1,49.8,0.03436409040931179,-0.8142300773372813,1,COMFORT
32.8,67.9,-0.22726724043742208,0.5922158033516186,3,HOT
32.0,86.0,-0.04658173104163665,0.1698997476292231,3,HOT
26.9,36.8,0.000917799621270446,-0.00045852457115259747,2,WARM_HUMID
23.5,63.0,0.07214825810490214,0.005304047640220656,1,COMFORT
36.0,81.0,0.04841746736583308,-0.1081114165327628,3,HOT
18.8,34.8,-0.10500304394033648,-0.7253745126624576,0,COLD
16.5,54.7,0.08193258698412474,0.3180175061374435,0,COLD
28.9,36.0,-0.04162704282903502,0.36561858112365303,2,WARM_HUMID
25.8,22.4,0.24154394707243063,-0.41686841788538403,2,WARM_HUMID
16.8,45.4,0.01245572997199552,-0.06877898839533682,0,COLD
18.5,33.8,-0.12793320658301263,-0.13017608548968837,0,COLD
22.4,31.0,-0.178132975016256,0.6250768203100691,1,COMFORT
26.9,33.4,-0.012364711917142725,-0.7699275639371448,2,WARM_HUMID
17.6,50.6,-0.3338066935358571,-0.12812480989100364,0,COLD
16.2,68.1,-0.00046632492323677176,-0.5683010548992682,0,COLD
20.3,42.4,-0.17765284756856162,-0.5472869880692968,1,COMFORT
23.8,51.5,0.09356890500878173,-0.1630225362733273,1,COMFORT
11.6,68.5,-0.03453755794780306,-0.16558013514816083,0,COLD
29.6,65.9,0.014997092780197173,-0.4688070098626216,2,WARM_HUMID
32.7,69.3,-0.09668403874382143,0.2324005494738891,3,HOT
30.2,18.0,0.3082356155323137,0.371614757773017,2,WARM_HUMID
25.4,37.0,-0.10859854976139136,-0.3701043027705291,1,COMFORT
10.4,68.1,-0.20465817927340518,0.03848293797888897,0,COLD
28.0,67.0,0.12021842130300858,0.6323881713939309,1,COMFORT
26.3,57.5,0.12498286895966694,-0.2305319115525388,2,WARM_HUMID
23.7,62.9,0.19539811306813892,0.6635027174324377,1,COMFORT
23.2,49.1,0.01296117782093147,0.38154169540473026,1,COMFORT
35.3,46.7,-0.18518693243211082,0.2562749801021367,3,HOT
19.5,37.8,0.0681497149728343,0.17392009453969082,0,COLD
27.2,22.4,-0.04016069149872319,-0.054374638691199254,2,WARM_HUMID
27.5,65.0,-0.07112672626559473,0.18343239492023264,2,WARM_HUMID
17.5,48.0,0.11923890265109174,-0.15698173193221332,1,COMFORT
31.8,79.5,0.008309536767500122,0.4014785531455675,3,HOT
18.6,49.8,-0.020072403862116804,0.67878668644429,0,COLD
30.7,55.0,-0.005182593593094527,0.5867589973748457,2,WARM_HUMID
36.5,40.6,-0.13528135901839433,0.020974803386089244,3,HOT
27.9,62.3,-0.1380537924460388,-0.03741400521538608,2,WARM_HUMID
25.2,27.6,0.11893472213803612,-0.27742524712287947,2,WARM_HUMID
27.5,63.1,0.11383258427134994,0.31001204410999084,2,WARM_HUMID
18.8,66.0,-0.044835429465966616,-0.45236297520052643,0,COLD
20.1,32.0,-0.13626965062841653,0.10290362910416506,0,COLD
18.9,59.5,-0.0319079875396379,0.6629158656742671,0,COLD
35.0,74.0,-0.25139039116227185,0.02826877177004343,3,HOT
18.5,43.3,-0.08621268617865019,0.6121155473996749,0,COLD
36.4,44.0,-0.1441859062514862,-0.23032029606867876,3,HOT
12.2,59.7,0.06451052896156638,-0.44995913044675384,0,COLD
26.0,61.5,0.2367503294424807,0.12496373273430848,1,COMFORT
24.3,59.6,0.18101361369065783,0.12110917353683864,1,COMFORT
23.7,29.6,0.029506508349553928,0.04257383289253619,1,COMFORT
29.5,36.0,0.0908400554503201,-0.28462758967260215,2,WARM_HUMID
22.0,37.5,-0.20795686083236756,0.14085992338342243,1,COMFORT
29.1,59.0,-0.3254516126588553,-0.08825436450573249,2,WARM_HUMID
29.3,33.6,-0.1289420270817681,-0.25014548449250834,2,WARM_HUMID
34.7,46.2,-0.24539983362444423,0.06149922232949694,3,HOT
28.0,36.0,0.04002275944431028,0.29294500790041206,2,WARM_HUMID
27.8,59.3,-0.27217478047777527,-0.28465641217279203,2,WARM_HUMID
29.3,50.9,-0.20092340497929884,0.26325509077116804,2,WARM_HUMID
23.3,39.8,0.21669447521051555,0.6372300914029103,1,COMFORT
30.2,65.3,0.027855993733080894,0.8362759736402211,2,WARM_HUMID
19.4,37.5,-0.08734531971449393,0.6330628728430187,0,COLD
30.4,69.9,0.028546518809558503,0.2705010390629174,2,WARM_HUMID
17.7,45.5,-0.02130226809240997,-0.245410904805776,0,COLD
31.4,17.0,-0.05765810648893817,-0.6154691093567495,2,WARM_HUMID
25.7,59.5,-0.06769945589847914,-0.16346839406211877,1,COMFORT
15.3,59.6,-0.27152077048337825,-0.011778018545351652,0,COLD
19.4,44.8,-0.1829722018754014,-0.029723337758163083,1,COMFORT
32.7,44.4,0.014597642239875155,0.058886296895722515,3,HOT
20.8,29.6,0.15939412460819832,0.31322772546959415,0,COLD
23.2,58.3,-0.13721557519535013,0.2653785269438633,1,COMFORT
32.0,66.7,-0.02147613540900659,0.08272387687502551,3,HOT
25.3,38.0,0.07368114981179943,0.3790817636823316,1,COMFORT
39.0,70.0,-0.09539179113279761,0.7596387408785655,3,HOT
32.6,37.2,-0.29472762705642,0.5638428932870077,3,HOT
24.2,40.2,-0.11747806458951647,-0.22278686889096116,1,COMFORT
17.4,52.2,-0.07578831044047436,-0.06084375557433176,0,COLD
17.9,37.2,0.14076171358099376,0.3271858903322455,0,COLD
26.8,81.2,0.0407875360979294,0.5820669460809236,2,WARM_HUMID
27.6,34.3,-0.02709685735699581,-0.002825565283732346,2,WARM_HUMID
29.6,39.4,-0.3073883656246723,0.12406023508220754,2,WARM_HUMID
32.0,64.8,0.14916216301353574,0.41620257377805703,2,WARM_HUMID
19.8,38.8,0.1094729043401446,-1.2999057600455595,0,COLD
19.2,39.3,0.024738215688760685,0.34372711973450604,0,COLD
27.2,43.0,0.04472376989857885,0.5343041833109975,1,COMFORT
18.9,59.2,-0.2150345884448161,0.23179343573045333,0,COLD
24.2,39.3,0.04734979771176838,0.21900353549289386,1,COMFORT
32.0,58.7,-0.03917969052387508,0.04983223660854935,2,WARM_HUMID
23.1,15.3,-0.09051037593939594,0.43132281684123575,1,COMFORT
28.1,68.0,0.09368487597644301,-0.05927511398228258,1,COMFORT
24.1,62.6,-0.06735074002316756,0.6145113921892372,1,COMFORT
19.2,43.0,0.033094620646074484,-0.599467897526854,0,COLD
30.8,37.6,-0.13670871942942717,0.3572011612312783,2,WARM_HUMID
22.8,68.2,0.13109359189001107,0.15688764988595572,1,COMFORT
39.0,81.0,0.2505187512978113,-0.29496332528258085,3,HOT
18.9,59.5,-0.07795117173054529,-1.1008114648937057,0,COLD
28.3,34.6,-0.11297390573315425,0.010413417680819173,2,WARM_HUMID
18.1,42.1,0.1359514853095728,0.4281928522421658,0,COLD
25.9,48.2,0.17346266572461574,0.10595410257115845,1,COMFORT
26.3,44.6,-0.1271336818074915,0.20998754229416428,1,COMFORT
20.2,35.4,0.02101624413088393,-0.074391765711501,0,COLD
19.2,43.9,-0.1641703007268923,-0.26930829315634325,0,COLD
22.5,51.7,0.02436658578061128,0.1724156082766702,1,COMFORT
34.1,54.5,-0.03137070211332906,0.6581531900388594,3,HOT
22.0,35.5,-0.0652336941256555,0.036021110726891285,1,COMFORT
21.3,24.7,-0.036632256026350375,0.35658477280696677,1,COMFORT
19.4,39.0,-0.1153747495543084,0.11301360871486661,0,COLD
16.0,60.7,-0.006844864429914394,-0.3421286716084663,0,COLD
32.8,44.0,0.08099369768441367,-0.11890277366093337,3,HOT
22.7,27.3,0.04998629550066245,-0.2649204701711078,1,COMFORT
31.8,51.0,0.09513793147071391,0.20766385201065335,3,HOT
28.3,53.1,-0.08233554417936707,0.6577266592827965,2,WARM_HUMID
19.9,46.0,-0.04179820955873901,-0.5281490028653345,0,COLD
23.1,25.3,0.004598832587760374,0.03453343618475454,1,COMFORT
19.9,30.8,-0.020661159058189056,-0.7153138306802155,0,COLD
27.4,57.1,-0.14893030580680472,0.32275457521883744,2,WARM_HUMID
19.2,41.0,0.05014131991147816,-0.45633345726803143,0,COLD
29.9,73.0,0.10725862526341433,0.47624505686184526,2,WARM_HUMID
18.3,25.9,0.06844542006743971,0.3368032482466483,0,COLD
16.4,35.6,-0.14613164558337574,0.29599825198291624,0,COLD
28.7,59.0,0.04363455863850088,-0.8053275661712238,2,WARM_HUMID
35.0,48.4,-0.11826214414297624,-0.09410499589253658,3,HOT
22.2,41.9,0.269866730923802,0.08146119496689888,1,COMFORT
23.0,32.5,0.07863048918256,0.2471951983100044,1,COMFORT
30.8,23.5,-0.028176423009568644,-0.4521726225541815,2,WARM_HUMID
28.9,61.0,-0.16196044819137725,-0.059269981167262356,2,WARM_HUMID
16.8,48.5,0.12876882639585457,-0.054476769074304446,0,COLD
18.8,45.4,-0.12332484100341103,0.2368407346413334,0,COLD
25.6,34.9,-0.30312779862679784,-0.12444104117390103,2,WARM_HUMID
28.5,60.9,0.05186341166134346,0.15418083947229927,2,WARM_HUMID
22.3,27.0,0.06095146787688283,0.6610416864506055,1,COMFORT
19.1,37.2,-0.0033896888195417544,-0.04260536804678715,0,COLD
18.2,50.7,-0.00043193430369597465,-0.29982745565238006,0,COLD
30.6,79.5,-0.08541377009478934,-0.11957236414600073,2,WARM_HUMID
24.4,32.8,-0.06541947585341935,-0.5362834479840001,2,WARM_HUMID
15.1,68.5,-0.0021007512143113127,0.1841566943713483,0,COLD
20.7,32.2,0.19574103060120496,-0.5810476495912219,0,COLD
22.5,26.1,0.11147960173873997,-0.5696017064803849,1,COMFORT
28.6,34.0,0.15027372805229058,0.2635550897940912,2,WARM_HUMID
20.1,38.5,0.28800925193498356,0.03409586490427867,0,COLD
16.2,75.2,0.366235576061954,0.41745931448900714,0,COLD
32.8,37.4,-0.1856892309457545,-0.8055986534617336,2,WARM_HUMID
24.3,25.6,0.10760859099565762,-0.64158616331365,2,WARM_HUMID
32.1,42.2,-0.44313734118630466,0.5406772911469286,2,WARM_HUMID
10.2,25.8,0.15028056203116325,0.7006162557101798,0,COLD
33.4,58.0,0.1069497645258582,0.043220821106364334,3,HOT
18.9,38.4,0.01731900068773665,-0.7516283076379597,0,COLD
29.2,44.8,0.12846897197231796,-0.04753114302549057,2,WARM_HUMID
16.6,57.9,0.06900634857906993,0.15176891750046184,0,COLD
22.9,37.1,-0.26359848963764787,0.2926292908836409,1,COMFORT
18.6,49.8,0.0170161265115344,0.7224097966580026,0,COLD
20.4,36.6,-0.21628655341677136,-0.3079712793341931,0,COLD
21.6,71.8,-0.11162159086814782,0.16659604391218902,1,COMFORT
36.5,21.9,0.3884084576083573,0.33779991374174956,3,HOT
36.3,41.9,0.20867787392739823,0.5265537825099993,3,HOT
23.9,57.0,0.0051992148085777965,-0.05268027216733169,1,COMFORT
21.1,18.0,0.0880195615544181,-0.28126413239302034,0,COLD
28.7,54.1,-0.31070657690072356,-0.2831025889949656,2,WARM_HUMID
27.7,26.0,0.014989356060325835,0.2340994873135153,2,WARM_HUMID
26.3,58.8,0.16904066125284395,0.08645773315088648,2,WARM_HUMID
28.6,46.1,-0.06002686946637889,0.2647941965480406,2,WARM_HUMID
38.0,59.0,-0.2377173711514949,0.20116069435326547,3,HOT
24.7,25.9,0.02384992147376373,0.17905533446218103,2,WARM_HUMID
29.3,46.6,-0.30109558495129546,0.7223195671242294,2,WARM_HUMID
32.0,22.8,0.029346079246847363,0.5491411979659981,2,WARM_HUMID
30.4,74.0,-0.06204010714879011,0.21241387412491802,2,WARM_HUMID
33.5,39.0,0.051338925005090685,0.05158424579313408,3,HOT
21.1,28.4,0.1114592615278902,0.36312519263253007,1,COMFORT
34.4,41.2,0.0835349666558212,0.7741132235520797,3,HOT
24.3,37.7,0.356461378913879,-0.19723599575069103,1,COMFORT
22.2,41.5,0.05087609951995504,0.4358909468005008,1,COMFORT
33.4,58.0,-0.1833191713337918,-0.3838753036170808,3,HOT
26.8,32.1,0.01756115625920098,-0.3985629284891963,2,WARM_HUMID
27.8,89.3,-0.0001606700306121278,-0.03163734807063156,0,COLD
27.0,48.8,0.03805253314471454,0.061591639232755215,1,COMFORT
15.6,76.0,0.01259723662421319,0.5346056946628299,1,COMFORT
22.1,42.0,-0.16198371546444465,-0.21002702864228953,1,COMFORT
30.9,74.8,-0.05299688827544329,0.3528232035796971,2,WARM_HUMID
29.2,19.8,0.10508628888357714,0.30593278676128205,1,COMFORT
23.6,19.8,0.2547116497018612,-0.5741225899990493,1,COMFORT
17.3,61.7,0.27066734579806867,-0.17697477002967,0,COLD
21.6,41.9,-0.20376170120216167,0.03745318855583251,1,COMFORT
24.3,18.3,0.039831251183650045,-0.23848587372391533,1,COMFORT
20.8,29.5,-0.09174861127114925,0.8819643753026292,0,COLD
21.4,50.1,0.05712370437568646,0.21389210648486434,1,COMFORT
31.9,46.8,-0.10112142090039718,0.16589827380588396,3,HOT
23.6,19.0,0.0691991860458546,0.5821601284817214,1,COMFORT
27.1,46.0,0.07077176092592175,-0.19013754445594913,1,COMFORT
19.0,34.9,0.027093865410761978,0.47376021762568493,0,COLD
25.2,54.4,0.06710461784601514,0.3706136649400231,1,COMFORT
21.7,63.6,0.05746897289973823,0.7238698400726781,1,COMFORT
22.7,30.0,-0.19856024559734586,0.1449197786500225,1,COMFORT
18.6,43.2,-0.17133033802429753,-0.35532377305364177,0,COLD
32.3,69.2,-0.05253717741877486,0.536295782570408,3,HOT
23.5,52.8,-0.1211287740556656,-0.6399326655577866,1,COMFORT
15.5,63.0,-0.11432376945393298,-0.09879346166669592,0,COLD
27.1,22.7,0.19376217760989467,0.0032152907845369103,2,WARM_HUMID
37.0,81.0,0.00263761150097225,0.339219905971076,3,HOT
22.4,30.7,0.15558965839135294,0.19128737338212987,1,COMFORT
31.4,63.7,-0.16562181849958785,-0.1316713082594585,2,WARM_HUMID
16.9,54.8,-0.04573877808057654,0.02316457066546706,0,COLD
23.8,43.5,-0.06351548747689163,0.6143370377419934,1,COMFORT
27.7,81.3,0.1870275101946325,-0.02714244768949478,2,WARM_HUMID
31.3,23.5,-0.2103553925135737,0.564395501040085,2,WARM_HUMID
15.3,37.0,-0.3380319705491196,0.21367424154675763,0,COLD
14.9,33.8,0.25140321881398947,0.3559195866475026,0,COLD
11.6,49.8,0.053021268330998426,0.2336394864948538,0,COLD
29.0,79.0,-0.1256252677517086,0.2832566636569629,2,WARM_HUMID
27.3,86.2,-0.017513047832605856,0.6157641425627977,2,WARM_HUMID
30.8,65.7,-0.10961279657263404,-0.256139897523635,2,WARM_HUMID
24.6,66.4,0.022301231146001736,0.8335294573181948,1,COMFORT
26.3,28.6,-0.22634394639490862,0.08195189616511724,2,WARM_HUMID
31.3,47.0,-0.0741334973778231,-0.5197307526602509,2,WARM_HUMID
26.9,40.0,0.41394900583666167,0.10351535604532797,2,WARM_HUMID
25.5,57.4,0.014217670569992964,-0.3597457702506712,1,COMFORT
19.6,35.9,0.053650078563831166,0.2186610763226293,0,COLD
27.2,40.4,-0.03245804269344184,-0.09040767288760912,2,WARM_HUMID
21.5,51.3,0.20141654466345052,-0.16344562529730652,1,COMFORT
28.1,39.8,-0.048818149335750946,-0.3711761605626452,2,WARM_HUMID
34.9,45.1,0.039041557132005016,-0.30117166962355374,3,HOT
37.0,69.0,0.059029073194881515,-0.179286113998533,3,HOT
17.6,55.9,-0.19414810171055905,0.1699599825379029,0,COLD
32.0,30.8,0.06731111096447602,-0.841528744063745,2,WARM_HUMID
19.0,59.7,0.23291874749976355,-0.25557178555255594,0,COLD
30.2,54.0,-0.2081802825683703,-0.27204499322797493,2,WARM_HUMID
33.6,54.2,-0.031330064231667266,-0.12505489732132305,3,HOT
27.7,50.0,0.2454271951585648,-0.3182011983990663,2,WARM_HUMID
20.9,56.7,-0.3242750542510366,0.30388757417659273,1,COMFORT
27.0,79.9,-0.1606792286803479,0.15298243533032807,2,WARM_HUMID
18.8,49.8,-0.01196076724138423,0.071810637828162,0,COLD
30.0,72.0,0.09968092111628514,0.3599436953184895,2,WARM_HUMID
32.1,35.7,0.11885925591236017,0.280268723636874,2,WARM_HUMID
26.6,59.0,0.03197949423565337,0.0007076569780680676,1,COMFORT
31.1,22.0,0.20481382633997786,0.24740023599980754,2,WARM_HUMID
20.8,29.4,-0.1521916240205049,-0.30901792708878373,0,COLD
26.4,40.6,0.037395567626139534,-0.27473823189016855,2,WARM_HUMID
12.8,47.3,-0.2274753230978779,-0.14102411145566007,0,COLD
36.2,43.8,0.3217089764644238,-0.8253975163188785,3,HOT
12.8,66.1,-0.05497093106033794,0.8364832263115782,0,COLD
30.5,56.7,-0.1951401551002662,0.33287436627977085,2,WARM_HUMID
37.2,41.2,0.07908330713633771,0.11763010305530763,3,HOT
21.2,30.8,-0.08513825324771235,-0.7491063729407993,0,COLD
33.7,54.3,-0.12060636456461017,-0.15190949785572028,3,HOT
26.5,30.2,0.20688280868049408,0.2394620609994781,2,WARM_HUMID
21.6,36.2,-0.010726754973080104,-0.7265127689178984,1,COMFORT
21.6,68.9,0.02911473500284579,0.45435266578338074,0,COLD
26.9,69.3,-0.06254809436502841,0.15048771311808554,1,COMFORT
18.3,31.8,-0.13907144783033148,0.016043076898103106,0,COLD
34.0,80.0,0.021363591886553016,-0.08092619390826233,3,HOT
37.0,75.0,0.12164388895756556,-0.1519348299895307,3,HOT
23.0,65.0,0.012949952818074388,-0.07883704939790545,1,COMFORT
17.0,56.5,-0.17169402868991107,0.06834952123352693,0,COLD
19.6,45.1,-0.12396440862580817,0.43343558683513683,0,COLD
27.1,44.2,-0.1011144100806687,0.28048587560871713,1,COMFORT
27.0,61.0,-0.10541657489880053,0.16712542932182767,2,WARM_HUMID
29.4,49.0,0.2836290597159942,-0.0062045514311844146,2,WARM_HUMID
26.9,31.5,0.1787580453602544,0.22095882493564525,2,WARM_HUMID
14.1,43.0,-0.14323036223761146,-0.19019811609995935,0,COLD
18.6,27.0,0.09812075639269621,0.0647354188158941,0,COLD
22.1,48.3,0.009471734255395969,0.014819058656296905,1,COMFORT
18.1,47.8,0.12683315750689167,0.190409820288764,0,COLD
15.7,58.3,0.03515121139150406,-0.10390732237879757,0,COLD
16.1,37.3,0.12272632882072115,0.03792690326434142,0,COLD
21.1,29.9,-0.24871698818674454,0.11659119871612456,0,COLD
24.2,59.5,0.07398812642895478,-0.26024911237002046,1,COMFORT
21.2,37.5,0.26592175861816353,0.06281135722101093,1,COMFORT
30.7,31.6,0.0497877671561831,-0.12077424876210051,2,WARM_HUMID
20.2,46.2,0.1164353982724253,0.008919022113583776,0,COLD
33.6,40.8,-0.19157172108172232,-0.4834942062160765,3,HOT
33.0,67.0,-0.2060671307595081,0.6884614385796216,3,HOT
17.2,48.3,0.11397847575891895,-0.10668466370241927,0,COLD
23.2,46.8,-0.1497475698747366,-0.49863191631557174,1,COMFORT
29.0,49.0,-0.1052987531710133,-0.6357131973289447,2,WARM_HUMID
36.0,81.0,0.04841746736583308,-0.1081114165327628,3,HOT
18.4,33.3,0.028007634115235495,-0.4746978691323525,0,COLD
29.3,65.6,0.01869950901113353,-0.7390219491929844,2,WARM_HUMID
34.1,24.0,-0.13290590825788612,-0.6023117927037851,3,HOT
18.9,38.2,-0.06284451682818519,0.055618251265639664,0,COLD
18.5,66.0,0.04428446116581491,0.3382519561649419,0,COLD
18.6,27.0,0.09812075639269621,0.0647354188158941,0,COLD
32.0,20.3,-0.05768736655803194,0.1932776178867095,2,WARM_HUMID
27.6,81.2,-0.04056798046139656,0.31565091075294394,2,WARM_HUMID
20.2,60.3,0.17855421296280993,0.15275688205242868,1,COMFORT
39.0,88.0,0.36503539319770956,-0.1173470927373719,3,HOT
23.0,32.5,-0.10167961821514047,-0.1049925700193054,1,COMFORT
19.2,35.0,0.07814653102376573,-0.8998279743446599,0,COLD
22.9,34.9,0.004817318314848091,-0.1522383710886278,1,COMFORT
28.0,86.8,-0.040342826566986206,0.557094909062117,0,COLD
27.6,51.0,0.06327409292413157,-0.028486121391495114,2,WARM_HUMID
28.1,30.0,-0.01335413951143192,0.5950108423175847,2,WARM_HUMID
23.6,48.0,0.13864052093067447,-0.19846883204670906,1,COMFORT
25.6,28.0,-0.004811896838956162,1.0786170922965146,2,WARM_HUMID
22.2,38.5,-0.04367838018807785,-0.7784781563693078,1,COMFORT
28.6,61.9,-0.2968994542494603,0.18289252750914492,2,WARM_HUMID
23.0,68.8,0.058626391712299046,0.15416539298053183,1,COMFORT
16.0,66.6,0.15209754672041217,-0.10257015430685407,0,COLD
25.8,60.9,-0.22096281541586354,0.35570348135856655,1,COMFORT
19.9,38.6,0.29969223067693496,0.3479714794412354,0,COLD
20.5,36.3,-0.046298048508467374,0.0019706873925867956,0,COLD
20.9,48.1,-0.021338567066091323,0.16623435618336474,1,COMFORT
22.4,43.4,-0.03953310061430059,-0.16833958358996243,1,COMFORT
20.2,38.6,0.028298228188942516,-0.06455679768630747,0,COLD
31.5,56.7,-0.00838225508070903,0.20800436466335137,2,WARM_HUMID
30.9,29.0,-0.13935067154992736,0.7173244837038547,2,WARM_HUMID
30.2,54.0,0.17701922606122913,0.1618859190704071,2,WARM_HUMID
26.2,39.3,0.03178187682433261,0.6962875927947553,2,WARM_HUMID
34.0,59.1,0.019737205671549043,0.2311031475744193,3,HOT
24.8,26.6,-0.14333476519708022,0.27462466970394,2,WARM_HUMID
31.6,29.6,0.11322102365398395,-0.04211472446831419,2,WARM_HUMID
35.0,39.0,-0.08609011728435044,-0.33569099115495,3,HOT
23.9,59.1,-0.010782619394861822,0.4866318666122119,1,COMFORT
36.2,31.4,-0.21942338335142347,-0.09279340442754484,3,HOT
24.4,36.5,0.13143188689824947,-0.3127351590187771,1,COMFORT
26.5,58.1,-0.05204283904410342,-0.6561951043993622,2,WARM_HUMID
22.3,53.2,-0.08799305292508804,0.4930088781460832,1,COMFORT
29.6,81.8,0.19183106470505623,0.045467703161426815,2,WARM_HUMID
16.4,56.0,-0.1636805367622837,-0.10998156378906859,0,COLD
18.3,38.1,0.05517293526657978,0.03248484676323036,0,COLD
27.2,83.6,-0.12157323978526342,0.2951679516458795,2,WARM_HUMID
11.5,82.0,-0.022704435536361353,0.572199338633154,0,COLD
16.8,55.6,-0.3361972279766022,-0.3967522409870185,0,COLD
22.7,20.9,0.07959305595087003,-0.36108956470524967,1,COMFORT
33.4,61.7,0.15371607009975163,-0.7746596665354195,3,HOT
30.5,74.8,0.26793218191452783,0.26994902034296414,2,WARM_HUMID
31.0,21.5,0.10269293783311415,-0.19134487418518495,2,WARM_HUMID
15.7,71.6,0.11977610330325653,-0.6556782679413732,0,COLD
24.4,54.2,0.0023953506254094457,-0.08083852438166465,1,COMFORT
22.0,28.2,0.1244750537465119,-0.12917468700322132,1,COMFORT
28.1,43.6,0.0642911902814734,0.1777106509626651,2,WARM_HUMID
21.6,18.8,0.21380210352738419,0.28454976610353716,1,COMFORT
31.0,69.0,-0.055620994345919536,0.49517371178831215,2,WARM_HUMID
23.4,20.1,-0.021442757240636084,0.27166228634948053,1,COMFORT
33.6,52.2,0.1410128959171116,-0.27312695513453844,3,HOT
26.9,91.6,0.2733298606932744,-0.03581090289128767,3,HOT
29.9,59.8,0.04065324621168361,-0.1722034570043782,2,WARM_HUMID
24.4,75.7,0.00833953367641511,-0.7090763381517018,1,COMFORT
30.3,28.9,0.11299967576673176,-0.5020544633823326,2,WARM_HUMID
15.1,71.2,-0.031947551997962856,-0.5170625633356154,0,COLD
29.7,70.9,0.23112797890923584,0.16234497784971758,1,COMFORT
38.1,25.0,-0.19989456295253427,-0.07445750225640756,2,WARM_HUMID
27.9,29.9,0.06152273515703909,0.28270772987110776,2,WARM_HUMID
27.2,60.8,-0.276272337069586,-0.35790147308936365,2,WARM_HUMID
18.6,46.0,0.47507649280893594,0.10251116682332594,0,COLD
27.6,49.4,0.07091724425383028,-0.11890911291612374,2,WARM_HUMID
30.3,46.0,-0.021229445600677115,-0.05035023528766419,2,WARM_HUMID
28.9,41.1,-0.16306012694023772,-0.05401137126956745,2,WARM_HUMID
14.6,67.7,0.04554959823254578,0.007745596909415019,0,COLD
19.2,59.2,0.2761774736682473,-0.09381378240646232,0,COLD
22.5,36.2,-0.08240750759249253,0.03387814356770762,1,COMFORT
21.3,55.6,-0.20115429144031324,-0.23170011296383014,1,COMFORT
18.8,34.5,-0.14599306428931785,0.27307356723330967,0,COLD
15.6,17.6,0.2702791640804599,-0.17971305533487217,0,COLD
29.6,57.3,-0.10158688422467707,0.1700834655883833,2,WARM_HUMID
22.5,44.6,0.01910531081599123,-0.06473646716935877,1,COMFORT
24.7,68.8,-0.09536493198099935,0.2417842930545655,2,WARM_HUMID
31.5,65.5,0.07224207685321417,-0.3845221259811653,2,WARM_HUMID
18.6,45.5,-0.11216260815827081,-0.7523856718893335,0,COLD
11.5,60.0,-0.4284413120011736,-0.6936417393254992,0,COLD
18.2,26.2,0.051956942969324876,0.31281813713564816,0,COLD
31.7,54.6,-0.34612998508794607,0.5204595954990245,2,WARM_HUMID
20.9,50.5,0.11663246482861923,0.11885761797687365,1,COMFORT
29.2,44.8,-0.09067707908396926,-0.18193735548886691,2,WARM_HUMID
14.0,36.7,-0.3240899127545755,-0.19917655287411568,0,COLD
14.6,55.6,-0.14218543451372664,0.15637483049514767,0,COLD
23.0,39.0,-0.19202241149114624,-0.487979919880124,1,COMFORT
24.2,49.5,-0.04241011836378617,0.8310888747756886,1,COMFORT
27.0,62.9,-0.06786216566729976,-0.10053469602005777,1,COMFORT
27.5,85.6,-0.16867825194208427,0.8540047191192047,2,WARM_HUMID
23.2,55.6,0.044349832722299934,-0.4540018876003867,1,COMFORT
26.6,41.0,0.01563016559278141,-0.24117679298592895,2,WARM_HUMID
23.2,17.2,-0.11650410794582158,-0.20907295757193958,1,COMFORT
34.7,41.0,-0.03288597830626818,0.020124449270128585,3,HOT
20.4,36.6,-0.21628655341677136,-0.3079712793341931,0,COLD
28.5,51.8,0.14001344317137962,0.15206249832155738,2,WARM_HUMID
23.9,38.1,-0.137745334645373,-0.18697702447384934,1,COMFORT
26.6,78.7,0.14769579885704923,-0.5410753622868123,2,WARM_HUMID
27.1,82.0,-0.1381617814641486,0.023374134266798668,2,WARM_HUMID
21.3,79.7,-0.11286975650881782,-0.3727609622580681,1,COMFORT
27.5,52.0,-0.00498449859666912,-0.17925934432208648,2,WARM_HUMID
19.2,35.1,0.07568210107398532,0.0651154415091328,0,COLD
19.4,27.8,-0.05245481180381257,-0.4929300489114848,1,COMFORT
35.2,58.9,-0.15784964249369568,-0.35340890405907976,3,HOT
30.0,65.7,-0.014235049988189996,-0.3142496667253073,2,WARM_HUMID
27.9,38.0,0.19178627519090616,-0.48443957366912127,2,WARM_HUMID
32.9,20.0,0.12232515336663938,-0.14152523301558181,3,HOT
35.5,45.3,-0.09681359691940272,0.1783474488844362,3,HOT
30.3,39.4,-0.1681919387222677,0.38423704965498123,2,WARM_HUMID
23.6,25.1,-0.25950312427092664,0.08809236760307891,1,COMFORT
21.8,49.1,-0.08484394494701689,-0.2807537157535191,1,COMFORT
26.9,47.0,-0.3312421164342378,-0.19880116760632616,1,COMFORT
24.5,30.5,0.2672527179700277,-0.1865208305955544,1,COMFORT
13.4,67.7,-0.03580845665341263,-0.0009623251445326749,0,COLD
34.6,41.0,0.19201127304663224,-0.3550787930767625,3,HOT
39.4,25.0,-0.16515648632734176,-0.7899059486245037,3,HOT
22.2,41.0,-0.12939995368327978,0.2738722488798735,1,COMFORT
22.2,54.7,0.011637808422958643,-0.42049203781235234,1,COMFORT
21.5,36.7,-0.05516600375485227,0.4829214527535928,1,COMFORT
21.9,40.0,-0.1501850618877416,0.1945302127407186,1,COMFORT
25.4,54.2,-0.06640383099181245,-0.29158366296262267,2,WARM_HUMID
18.0,52.0,-0.10733166296377912,0.26806961510804744,0,COLD
24.1,69.7,0.021833907695854346,-0.014373588066866713,1,COMFORT
17.3,55.1,0.0012627831539816386,-0.4192460835129997,0,COLD
34.1,37.2,-0.08624837798442635,-0.047512972708886284,3,HOT
19.3,39.4,0.1318848519421223,-0.32468872620313566,0,COLD
24.3,68.1,-0.009348746256783993,0.2714652345883907,2,WARM_HUMID
20.0,30.0,0.1910067734850958,-0.24427824517386082,0,COLD
18.7,38.0,-0.20846702147890037,-0.2302400787191814,0,COLD
29.0,40.1,-0.11468968058331212,-0.7025519488932088,2,WARM_HUMID
25.0,35.5,-0.043070173858467675,-0.012371505803896532,2,WARM_HUMID
25.6,37.0,0.042296796491675906,-0.09548154623308874,1,COMFORT
19.5,31.3,-0.07637591377678016,-0.014073083447320826,0,COLD
25.6,36.4,-0.028466744935197155,-0.858343363353861,1,COMFORT
34.0,74.0,0.045191668012614254,-0.16150032995410288,3,HOT
22.0,58.3,-0.1566598272686719,0.07220776342234819,1,COMFORT
24.1,47.3,-0.08010075597723915,0.004166541995004605,1,COMFORT
31.1,53.2,0.09769086742825717,-0.8761413204446058,2,WARM_HUMID
28.5,33.3,0.12600001579646508,0.09336082421330216,2,WARM_HUMID
19.8,51.4,0.1473074744960349,-0.37489318988491016,0,COLD
15.7,68.9,0.011200316819881989,0.5739591294762486,0,COLD
12.8,69.7,-0.1142724092361858,-0.15690096027488543,0,COLD
26.9,42.2,-0.12785005176796646,0.3423334611288646,2,WARM_HUMID
30.7,63.7,0.03945527727268558,0.1993591197043399,2,WARM_HUMID
23.1,28.1,-0.10498040948256164,0.3450648978451858,1,COMFORT
28.5,50.2,0.15194143270046717,-0.13150160256483842,2,WARM_HUMID
32.1,23.0,-0.3904705631740948,0.07482196271266164,2,WARM_HUMID
17.8,57.4,-0.06079547476788407,-0.28370460517442536,0,COLD
32.6,73.4,-0.250017318901176,-0.13465124336959114,3,HOT
30.4,71.9,0.02483570456414785,-0.06272442707876602,2,WARM_HUMID
23.6,36.9,-0.060504277404684614,0.6725840151977467,1,COMFORT
36.0,81.0,-0.1193559616585426,0.7061236800327428,3,HOT
25.5,53.7,-0.21477113328498978,-0.38474087053612044,2,WARM_HUMID
18.8,40.6,-0.001806532943989725,0.1959980636198037,0,COLD
33.2,33.1,-0.02105814484001462,0.6283955605012798,2,WARM_HUMID
30.4,71.4,0.0028185766961911145,0.1810921334894673,2,WARM_HUMID
37.3,46.8,-0.15206670611363257,-0.05385429672266955,3,HOT
25.4,33.6,-0.07371804413260051,-0.15012995168272,2,WARM_HUMID
33.2,44.0,-0.12337527011755928,0.2710328497079507,3,HOT
25.0,61.0,0.20010221410582862,0.10035508262424045,1,COMFORT
25.3,20.3,0.2893811826388361,0.012477433730851036,2,WARM_HUMID
20.7,31.2,-0.023931791982690572,0.4350781972078962,0,COLD
18.7,34.9,0.1829299403922388,0.2263257288443279,0,COLD
23.9,60.0,-0.02561580558919734,0.4819960453337836,1,COMFORT
24.2,71.6,0.0037721754864989995,-0.036920749627660475,1,COMFORT
25.9,21.0,-0.09933781590583687,0.20408804216416174,2,WARM_HUMID
33.7,35.0,0.07692433935205227,-0.7527037832426564,2,WARM_HUMID
30.1,66.0,-0.4248233397165853,0.2353917223711144,2,WARM_HUMID
23.3,58.5,0.21542377595613585,0.2549800769560048,1,COMFORT
31.9,71.8,-0.04874678912530017,-0.33702500107604183,2,WARM_HUMID
25.8,40.5,-0.1527652790045041,-0.14902114588206397,2,WARM_HUMID
22.1,54.3,0.11945675175451137,-0.30758983717180766,1,COMFORT
19.4,45.5,0.022502725302246604,-0.09463093583755584,0,COLD
36.0,48.0,0.23239258736374477,-0.008772900906593972,3,HOT
27.5,29.8,0.1639106440114615,-0.7615004044874292,2,WARM_HUMID
23.3,25.7,-0.014774160919430849,-0.09255652461384682,1,COMFORT
29.3,75.5,0.033665917980892766,0.7451048419936386,2,WARM_HUMID
23.9,49.0,0.08596917198618001,-0.5037133974961003,1,COMFORT
28.3,67.0,0.12507819608596255,-0.16696766900231932,1,COMFORT
26.3,38.8,-0.07784961708792242,0.13577578966749787,2,WARM_HUMID
23.0,41.7,-0.026400655951984434,-0.19309238654729108,1,COMFORT
26.6,64.9,-0.04298053391936847,-0.4025315482961205,1,COMFORT
11.0,53.2,0.22135478769813707,0.2738925288965596,0,COLD
33.0,57.4,-0.17710008948269865,-0.2503937487126395,2,WARM_HUMID
11.0,53.2,0.22135478769813707,0.2738925288965596,0,COLD
24.4,33.6,0.14505384561810497,-0.45818961522731166,2,WARM_HUMID
28.3,23.8,0.4236250514104094,-0.5688024343395343,1,COMFORT
35.1,16.0,-0.2505719347541096,-0.08155253807014855,3,HOT
19.4,36.6,-0.042065742174921227,-0.17731060064764695,0,COLD
27.1,64.8,-0.08454576967004387,1.1547015288327576,1,COMFORT
19.6,46.8,-0.09643874622624739,0.4426731463528665,0,COLD
28.4,30.9,0.23893967291960344,0.6246990973242962,2,WARM_HUMID
22.5,50.9,-0.23925483254343227,-0.508386984033264,1,COMFORT
20.1,34.3,-0.2000069394053074,-0.3469045264408384,1,COMFORT
17.4,46.0,0.01289586254162355,0.1287930950015885,0,COLD
32.7,45.5,-0.09660017359010013,-0.6689212984433,3,HOT
11.6,68.9,-0.13199629620870382,-0.07516101785700419,0,COLD
24.2,71.6,-0.10756715163697042,-0.15416405129389008,1,COMFORT
17.8,65.0,-0.14519442591926943,0.8999352050690889,0,COLD
23.8,62.0,0.012567750399952088,-0.2794808317418221,1,COMFORT
18.8,65.2,-0.08176514851378817,-0.8835981098315921,0,COLD
25.1,49.2,0.009889666286835073,0.32313369511662016,1,COMFORT
16.4,54.0,-0.286469650448839,-0.6516090485177201,0,COLD
26.0,59.2,0.00577589729737706,-0.24187594545970323,1,COMFORT
15.4,57.0,-0.03172530102753104,-1.142625315309776,0,COLD
24.9,26.7,-0.10739201090765658,0.2865262851867311,2,WARM_HUMID
23.5,55.6,-0.1632952264588558,0.5536582243856273,1,COMFORT
20.1,31.0,0.0030514067715865915,-0.09480202432212313,0,COLD
35.2,48.5,-0.2548967474786377,0.7526137364518128,3,HOT
27.4,37.4,-0.17227859329824455,0.27069894795706057,2,WARM_HUMID
19.3,35.2,0.1380520441807825,-0.5091525365710458,0,COLD
19.5,56.0,0.04096332877948334,-0.9628240898047986,1,COMFORT
23.8,67.1,0.10429348814080457,-0.38691377935073423,1,COMFORT
22.6,52.3,0.0131430203518562,0.7375782882941773,1,COMFORT
31.1,69.2,0.29682872897219464,0.5899057688026478,2,WARM_HUMID
18.7,42.4,-0.17919414047942836,0.25739595507386015,0,COLD
31.8,60.7,0.02944085076612949,0.2938905466814372,2,WARM_HUMID
12.2,72.3,-0.05340740069970799,0.4943693323348753,0,COLD
28.5,76.5,-0.11791217982120117,-0.06853627255582494,1,COMFORT
23.2,80.7,-0.1368568988010968,-0.46766134299934814,1,COMFORT
31.1,68.0,0.11988040788632132,0.10344076435514467,2,WARM_HUMID
25.8,46.5,0.07492455471457378,0.6661678779908464,1,COMFORT
22.6,39.5,0.06378714147368567,-0.1511075304187199,1,COMFORT
27.7,52.0,-0.266435284934748,-0.6429696599276284,2,WARM_HUMID
32.9,68.5,-0.016197520011790555,0.5990665543465444,3,HOT
31.3,56.8,0.05999112979888627,0.2533700095049431,2,WARM_HUMID
21.9,36.8,-0.24665725995304605,-0.5308613079348342,1,COMFORT
29.9,66.0,0.025586337221553335,-0.5159989755666234,2,WARM_HUMID
24.9,39.0,-0.08114272701105207,-0.26562811477921827,1,COMFORT
37.1,42.4,0.04771428601070617,-0.4870595884533711,3,HOT
12.8,69.7,-0.14130828177991867,0.24575222197966556,0,COLD
26.5,29.2,0.012276650179430823,0.5034299783028754,2,WARM_HUMID
26.5,38.6,0.11597327435364407,0.11853436837775855,2,WARM_HUMID
34.0,53.0,-0.0700766598725052,-0.3845246924019519,3,HOT
29.9,59.0,-0.05441414881253275,0.767005629074914,2,WARM_HUMID
22.1,29.6,0.0018512925957385473,0.586448297904614,1,COMFORT
25.3,40.2,0.20512886308731476,-0.41058207302481975,1,COMFORT
22.9,40.4,-0.03886260886209463,-0.1724006705132104,1,COMFORT
23.5,44.9,0.13698045632591913,0.06635756820109272,1,COMFORT
15.4,56.5,-0.04893505566620394,0.3363655192165749,0,COLD
25.5,66.3,0.04538933081010177,0.19873965953290051,1,COMFORT
21.1,29.3,-0.16945011889658054,0.04735353810435364,0,COLD
33.6,38.0,-0.23933646488756585,0.12388414718330598,2,WARM_HUMID
36.4,43.7,-0.11937682912950878,-0.02966842875643698,3,HOT
24.9,35.1,0.05428714060957898,-0.20342918342816924,2,WARM_HUMID
35.0,20.9,0.1983606487217595,0.14322902035515336,3,HOT
21.2,30.7,0.0860044829242366,0.1347903489170636,0,COLD
26.9,49.0,-0.20092768853475557,0.3085177187729342,1,COMFORT
25.4,33.2,-0.02617905497693219,0.2822885145726692,2,WARM_HUMID
15.0,35.8,0.15926771504374818,0.16304166552430993,0,COLD
32.5,38.2,0.3746779389610345,-0.6061645316501767,3,HOT
29.5,64.0,-0.197937723031542,0.07044927995907234,1,COMFORT
34.3,53.2,0.1373931734343073,-0.09233836412875826,3,HOT
28.4,61.5,0.02986235157556811,0.174173737159444,2,WARM_HUMID
11.0,51.3,-0.04418506890119932,-0.1558084953221136,0,COLD
16.6,52.0,0.20485498496200585,-0.42076247772262115,0,COLD
34.5,49.1,-0.07318726946582979,0.09210521992362271,3,HOT
19.8,38.8,0.1094729043401446,-1.2999057600455595,0,COLD
23.0,38.3,0.017234582022323773,0.17191118232995503,1,COMFORT
16.9,33.7,-0.04899713447829172,0.3712674166755347,0,COLD
31.5,29.0,0.30592368831523464,-0.16376451335444375,2,WARM_HUMID
31.7,38.9,-0.01051712161170466,-0.5191808066734025,2,WARM_HUMID
20.3,20.4,-0.08108466309033997,0.12623130943302602,0,COLD
19.8,33.5,0.09870560867886437,-0.03686798405206565,1,COMFORT
23.4,37.7,-0.12990240832531053,0.611360795449508,1,COMFORT
18.1,46.3,0.136088334266893,-0.383419591418425,0,COLD
13.3,32.0,-0.03466534214028228,-0.11828660749214204,0,COLD
31.6,59.0,-0.04625677038504703,0.05495812351775686,2,WARM_HUMID
22.5,40.7,-0.09162359334064334,0.07550302180467298,1,COMFORT
20.6,32.1,-0.1438646311719752,0.5048673814099136,0,COLD
32.8,17.0,0.038377543577250026,-0.20728163934142044,3,HOT
26.6,39.9,-0.27633050117846575,-0.41702933620397664,2,WARM_HUMID
18.5,70.0,-0.037062974505493146,-0.6691571370817075,2,WARM_HUMID
35.3,22.9,-0.16447434870304814,0.6137918393135927,3,HOT
27.7,51.9,0.2163887432168059,0.15544349852299566,2,WARM_HUMID
31.9,54.6,-0.035746497549746736,-0.5465782629266307,3,HOT
24.2,16.1,-0.29460575391914967,0.5560086546623638,1,COMFORT
19.3,35.2,0.22065432302023533,0.28546247744233416,0,COLD
24.3,54.3,-0.04539787060110734,-0.21841409448143453,1,COMFORT
27.5,92.6,0.055337269324379164,-0.6732950163672244,0,COLD
15.0,50.0,-0.006993714782200372,1.068816886421438,0,COLD
28.0,34.8,-0.2611019154731075,-0.6073586094678811,1,COMFORT
23.0,48.0,-0.1805703953052484,-0.8743055168577816,1,COMFORT
18.4,50.9,-0.20324557693274597,-0.25656960624926023,0,COLD
19.6,32.0,0.1520761741602212,-0.41071070545665833,0,COLD
19.7,25.6,0.27303581255246573,-0.04052079556692111,0,COLD
29.1,32.0,-0.05478614662347698,-0.7738143037047278,1,COMFORT
19.7,46.2,-0.12168404395088303,0.15924669944659864,0,COLD
33.3,51.3,0.1855793316671867,-0.039215570341520636,3,HOT
17.8,49.0,-0.02258825091129518,-0.07465532804186856,0,COLD
19.4,47.6,-0.015126202131686263,0.2905520503937153,1,COMFORT
30.3,56.7,0.18458345473017668,-0.10826497691398461,2,WARM_HUMID
23.3,62.7,0.003721239465794901,-0.049082522167409076,1,COMFORT
22.3,33.6,-0.3440329434928137,-1.2982319795907864,1,COMFORT
28.9,44.0,0.09795748179542926,0.2330611712989327,2,WARM_HUMID
14.9,38.4,-0.07550351070742096,-0.49474535881759957,0,COLD
25.9,62.5,0.10502310901994617,0.019576484266398086,1,COMFORT
23.5,47.6,0.08873360213553065,0.32278473342134384,1,COMFORT
29.0,63.0,0.14329038558108081,0.14191565526217087,2,WARM_HUMID
35.0,48.4,-0.11826214414297624,-0.09410499589253658,3,HOT
22.0,24.8,0.2944678517472677,0.02102783235326461,1,COMFORT
24.1,71.0,0.0036632987521670437,0.11694385005583469,1,COMFORT
32.0,35.3,0.10297542609966133,-0.4583581076788623,2,WARM_HUMID
22.0,42.0,0.17005026574877882,0.8348046739300442,1,COMFORT
13.8,54.7,-0.06500258326267892,0.5329571141865336,0,COLD
23.2,62.2,-0.330972961437492,-0.36998307902976024,1,COMFORT
21.0,30.2,-0.011838796583899372,0.09226523250288128,0,COLD
28.3,30.0,-0.16482506711430994,-0.26782279186054253,2,WARM_HUMID
12.2,52.7,0.151638656689223,0.06167240222182146,0,COLD
38.0,75.0,0.02534157639962287,-0.34379678211364917,3,HOT
30.8,63.8,0.03922231903082859,-0.19777224966253304,2,WARM_HUMID
22.9,44.9,-0.032068797648939495,-0.01845098585248178,1,COMFORT
30.0,28.4,0.10625318451154604,0.5962129136215267,2,WARM_HUMID
33.0,23.5,0.13537374833367705,-0.1291672404135247,3,HOT
35.9,58.3,0.0052379209791902056,1.271017307243472,3,HOT
29.3,19.1,0.19674030445858828,-0.42346319210334854,2,WARM_HUMID
32.0,61.9,0.002505130090132563,0.20703215502908337,3,HOT
15.5,63.0,-0.11432376945393298,-0.09879346166669592,0,COLD
25.6,66.0,-0.08411413604697904,0.7937541954466736,1,COMFORT
19.5,57.3,-0.10336586579871393,-0.3525679834640702,0,COLD
24.6,26.6,-0.09332476900247644,-0.0901292994970071,2,WARM_HUMID
33.0,79.0,0.12881046861188958,0.33925424393554593,3,HOT
24.5,25.0,0.29091738258308053,-0.10054625080108646,2,WARM_HUMID
25.4,60.3,-0.030790488574245715,-0.09004588949558068,1,COMFORT
16.8,48.5,0.12876882639585457,-0.054476769074304446,0,COLD
27.9,63.9,0.2972079306561796,-0.385927714671747,2,WARM_HUMID
15.6,52.8,0.05477715604539691,0.38586933300451215,0,COLD
25.1,46.0,0.05855492915930635,-0.2627227956723353,1,COMFORT
21.1,29.3,-0.07362096997446302,0.1441146896798669,0,COLD
33.0,61.0,-0.027735320466448353,-0.34582110169446634,3,HOT
26.7,40.6,-0.018861944624365894,0.4620918287675004,2,WARM_HUMID
19.7,38.4,-0.20389335771302466,-0.8264377220946608,0,COLD
33.6,55.2,-0.11542671737517045,0.09407415731614835,3,HOT
29.0,45.9,-0.26218268919927834,-0.2423577600417998,2,WARM_HUMID
35.6,35.1,0.21134724495411597,-0.14066304980022884,3,HOT
17.7,60.0,-0.233753466708078,0.20131524713038607,0,COLD
19.8,52.8,0.04431589163427279,-0.2780761355401144,0,COLD
30.9,64.8,0.13498106664176918,0.3751809830463966,2,WARM_HUMID
25.8,49.6,0.14517344489118242,-0.27417590637156847,2,WARM_HUMID
32.9,39.4,-0.32658541033451033,0.13175099599543658,2,WARM_HUMID
22.3,56.5,0.1660942927497895,-0.07418141103119862,1,COMFORT
28.1,34.0,-0.025413496929481316,1.1717690174729423,1,COMFORT
36.2,43.3,-0.14715014449624497,-0.6553383651096857,3,HOT
32.0,86.0,0.28005173554444507,-0.12248828103636507,3,HOT
21.4,34.7,0.26671168151274616,-0.3928850262084663,1,COMFORT
20.7,31.2,-0.2865381271921576,-0.4377850993529506,0,COLD
27.1,39.3,0.2749671222597674,-0.037331532169158625,2,WARM_HUMID
18.6,41.4,-0.06030739504121849,0.1993890661743182,0,COLD
34.3,58.5,0.11944651242803038,-0.046885067288589904,3,HOT
16.4,44.2,-0.07849751457576976,-0.1546503735289329,0,COLD
30.6,75.5,0.06787446841540236,-0.16289657425561388,2,WARM_HUMID
19.2,59.2,0.14047256659806767,-0.0006012954732340718,0,COLD
22.7,53.1,-0.07944170853787023,0.17974715668588753,1,COMFORT
13.4,66.5,0.037270325694156,0.11091870403358423,0,COLD
31.3,59.6,-0.16599874000921416,0.37376897567989675,2,WARM_HUMID
27.3,49.3,0.316665437160971,0.34802008680188995,2,WARM_HUMID
23.3,56.0,-0.006609995111583688,-0.15929891791122322,1,COMFORT
24.0,39.6,-0.0586685583193564,-0.2525570672315757,1,COMFORT
24.9,38.0,0.24804259027384273,-0.1740929781063123,1,COMFORT
33.7,43.0,-0.07459971468352246,0.26856568459597674,3,HOT
23.9,37.2,0.10554199261152677,0.5884333993408942,1,COMFORT
20.8,48.3,0.15217689985798252,-0.15903590281318414,1,COMFORT
30.1,65.9,-0.029218443192485337,0.10410782923151768,2,WARM_HUMID
30.7,65.7,0.06566689584012707,0.47325413424394835,2,WARM_HUMID
37.2,60.5,0.1914472542264111,0.21566765405637428,2,WARM_HUMID
34.1,47.5,-0.14649511009400876,0.922695183388774,3,HOT
18.7,37.5,0.3176662908401549,0.5899811623202901,0,COLD
20.8,74.2,-0.03067699676566656,0.30689260671900165,1,COMFORT
25.7,33.1,0.12328537565628357,0.16657634116386744,2,WARM_HUMID
26.6,37.1,-0.06891905855628153,-0.08264427483896723,2,WARM_HUMID
26.2,30.7,0.09885389280316442,0.7609856943765686,2,WARM_HUMID
27.8,29.0,0.2727092883836737,-0.1782714636234597,2,WARM_HUMID
23.5,62.4,0.07665775458121725,-0.01783792568318025,1,COMFORT
30.0,85.0,0.09863943701639052,-0.39731607571041855,3,HOT
13.8,37.7,0.08815423528017181,-0.05401161520418335,0,COLD
18.4,46.0,0.29585167186232997,-0.19069402574578231,0,COLD
18.1,58.5,0.0752841584790933,-0.2764364551937181,0,COLD
24.9,53.1,0.2114560484901145,0.5704646317332213,1,COMFORT
24.0,62.0,-0.15864928854346658,0.42910846439405237,1,COMFORT
28.0,16.3,0.07403639638274864,0.09922510652895355,2,WARM_HUMID
16.5,33.0,-0.1336044127893416,-0.2947239189428772,0,COLD
22.8,27.7,-0.14836967204033738,0.37404149418328203,1,COMFORT
37.0,42.1,-0.12512461461744914,0.15690607568082282,3,HOT
20.2,37.0,-0.2557443041544,-0.11810930436028116,0,COLD
25.8,39.9,-0.1501437658363187,-0.6212870500377352,2,WARM_HUMID
19.6,22.8,0.049808868142363294,0.4008286540321585,0,COLD
29.9,52.5,-0.10140815498232074,0.18183928590175805,2,WARM_HUMID
18.6,17.0,-0.13600262723705084,-0.4311127076280012,0,COLD
32.1,23.0,-0.04532708804739321,-0.1225339306139275,2,WARM_HUMID
19.3,25.4,-0.16136653377742013,-0.15817701672692677,0,COLD
23.2,27.0,-0.11593267036993797,-0.07429683984329141,1,COMFORT
16.2,53.7,-0.019854976805992252,-0.16336688565051166,0,COLD
33.4,53.2,-0.15511263840634962,-0.3918913705713407,3,HOT
18.5,33.1,0.054908387319118686,-0.4130772730902108,0,COLD
15.7,61.0,0.2109187325987644,0.017432263056910768,0,COLD
27.5,51.1,0.25870500812497654,0.26591108043023887,2,WARM_HUMID
27.8,52.0,-0.069796568517008,-0.06634631095566125,2,WARM_HUMID
25.5,26.3,0.11801590670233303,0.5315617619996766,2,WARM_HUMID
18.9,43.2,0.04912019025349447,0.1922129284275889,0,COLD
35.0,74.0,-0.02017892705622039,0.30711229279562646,3,HOT
30.0,84.0,-0.12233052788265573,0.5939126882170872,3,HOT
33.3,55.6,0.08976992713556291,-0.4457363621639099,3,HOT
39.8,21.4,0.03374589408906714,-0.41644843560997247,3,HOT
20.6,45.8,-0.12319301935802564,-0.7668668157068687,1,COMFORT
27.3,54.0,-0.06969259459475896,-0.3611708970918528,2,WARM_HUMID
24.2,22.8,-0.2805284343217449,0.17983546648076568,2,WARM_HUMID
28.5,51.1,0.17944725229565034,-0.8345161655491572,2,WARM_HUMID
19.9,46.3,-0.1057141648210633,0.7337077231244208,0,COLD
27.2,32.0,0.0011820277042092228,0.6085222731493696,2,WARM_HUMID
18.2,39.4,0.05392289096607868,0.2404993092325147,0,COLD
36.0,32.0,-0.11698257069580942,-0.39999807648675023,3,HOT
19.7,58.0,-0.11744146189085765,-0.3614124472582384,0,COLD
31.9,38.9,-0.015761232421796743,-0.9657724904953686,3,HOT
28.3,65.0,0.07190414301441335,0.6642594902791461,2,WARM_HUMID
23.2,41.9,0.019122238169052785,-0.8378675433725262,1,COMFORT
25.5,26.2,0.13076036120839352,0.250764865466178,2,WARM_HUMID
41.0,71.0,0.1570334135936328,0.007113314116442159,3,HOT
22.9,39.0,-0.2726387758424362,0.40895917787363856,1,COMFORT
21.4,67.8,-0.16836245156896734,0.2736991903915815,0,COLD
22.6,27.6,0.006556559548797577,0.43134284435764175,1,COMFORT
21.6,72.0,-0.17470422425787172,-0.015596019922128189,1,COMFORT
30.8,74.0,-0.045914908999662704,-0.048530119644422304,2,WARM_HUMID
24.0,68.3,-0.1827542633811212,0.076772337963607,1,COMFORT
20.2,51.0,-0.07175500748819069,-0.12138134344452133,0,COLD
20.6,19.9,-0.14619893343969084,-0.15301794187019863,0,COLD
25.2,35.3,0.011140833754606408,-0.19048925384730836,2,WARM_HUMID
23.8,39.9,0.05321999216210833,-0.13095894793383403,1,COMFORT
19.4,25.1,0.1773714849674528,-0.3579443252532063,0,COLD
15.7,62.3,0.09940636315600247,-0.022969447193596972,0,COLD
19.8,31.6,-0.028595883991401352,-0.21408135044092602,0,COLD
27.1,27.1,-0.15022057678955286,0.04165888225839389,2,WARM_HUMID
18.9,59.2,-0.0794989397555213,0.19872453739037357,0,COLD
23.3,46.6,-0.09026812632909222,0.4874883612674257,1,COMFORT
24.1,51.0,0.30937873788647174,-0.6256834403587432,1,COMFORT
23.1,59.5,-0.003399762300623985,0.020186375133314314,1,COMFORT
33.6,55.4,-0.06501312666241789,0.14000899176082413,3,HOT
18.0,35.7,0.1287526849508085,0.02802076771933736,0,COLD
20.8,29.6,-0.0849998408113444,-0.5544818262764902,0,COLD
26.5,48.0,0.28064477630576734,-0.36057550355349743,1,COMFORT
22.9,36.3,0.1640543842370699,0.08902373624722988,1,COMFORT
27.2,40.0,0.020859059798012648,-0.6673828104141631,2,WARM_HUMID
27.9,69.0,0.09555533073159637,-0.1978555615492048,1,COMFORT
25.8,80.2,0.0541311796876764,0.3411514851812237,1,COMFORT
23.5,48.7,0.10441918297073058,0.5979873657959223,1,COMFORT
30.5,71.8,-0.2573585102936518,0.5271878680985873,2,WARM_HUMID
14.0,60.5,-0.07233168345878575,-0.8162958261360382,0,COLD
34.5,43.0,-0.1941803927643477,0.43796904243252793,3,HOT
30.4,69.0,0.08197866240802698,0.07717169296656712,2,WARM_HUMID
29.0,83.4,-0.02563650802121149,-0.3450603785071418,1,COMFORT
34.5,45.1,-0.15322496557241605,0.3676418259034835,3,HOT
33.5,62.2,0.0602144489051193,-0.4095855506652103,3,HOT
25.2,15.8,0.10659337398447659,-0.23167841994704075,2,WARM_HUMID
17.7,45.5,-0.02130226809240997,-0.245410904805776,0,COLD
19.7,38.1,-0.158205668244888,-0.6260763298281007,0,COLD
20.2,42.0,0.2455563321480411,-0.07483971029628272,1,COMFORT
28.2,68.5,0.09868233807901312,-0.09713312520251084,1,COMFORT
29.1,26.0,0.17190452162130976,-0.4200275849621178,1,COMFORT
19.5,31.9,-0.15607276473687487,0.13541367478519492,0,COLD
19.2,38.1,0.04499347031337878,-0.7844267725469294,0,COLD
21.6,55.0,0.13474453068090717,0.09824454461517093,1,COMFORT
23.8,29.1,-0.17058404672997374,-0.029277087329473962,1,COMFORT
28.9,62.0,0.2579066859310945,-0.1831393827404562,2,WARM_HUMID
26.6,35.7,-0.03814651729169612,0.529504689260221,2,WARM_HUMID
32.0,62.5,-0.09408861942923544,0.4368542496891434,3,HOT
33.3,41.3,-0.1030639109721317,0.5683853907067332,3,HOT
25.1,51.1,0.16447851240338823,-0.39586970972007784,1,COMFORT
29.5,57.5,-0.03517169593663459,-0.34089986460963995,2,WARM_HUMID
26.9,38.5,-0.15124515807240752,0.2232874192099904,2,WARM_HUMID
16.8,58.3,-0.07339384697644993,-0.5736650131957944,0,COLD
24.2,22.4,-0.25638395988038937,-0.5544909307525856,2,WARM_HUMID
20.7,31.2,0.011649537798918188,0.1706715858345803,0,COLD
29.8,62.8,-0.018294301723454726,0.5467306106654845,2,WARM_HUMID
23.0,81.7,-0.07402145230736801,0.0022071882980745213,3,HOT
18.0,54.4,0.34764090449840385,0.2717931054936095,1,COMFORT
17.0,27.3,0.030328620277922033,-0.2612622484683238,0,COLD
31.8,51.7,0.03838642058319613,0.5189578033440011,3,HOT
26.8,37.5,0.25114113406636673,-0.6088155569858837,2,WARM_HUMID
13.8,37.7,-0.16682794519178376,-0.26603426055228874,0,COLD
24.0,45.5,0.34981765524152786,-0.3077926124000366,1,COMFORT
31.0,62.0,-0.17653798381973762,-0.38334138831329667,2,WARM_HUMID
20.6,35.4,0.32935488973631083,0.339834271462677,0,COLD
22.0,28.9,-0.017513843300207377,0.4074570188158818,1,COMFORT
30.4,75.7,-0.027245688261420046,-0.19912768072034992,2,WARM_HUMID
28.4,43.0,-0.12391679875718131,0.3395361620145318,1,COMFORT
29.6,61.3,-0.12197991007983448,-0.9073946290581412,2,WARM_HUMID
16.8,41.6,0.09562244214074747,0.37450261248185546,0,COLD
22.7,33.8,-0.04684859608523471,0.4237951006808136,1,COMFORT
27.8,47.0,-0.0752103220328455,0.6072924637175747,1,COMFORT
21.5,42.0,0.1219931184025351,0.5730300439355658,1,COMFORT
17.7,63.0,-0.04150157616264122,0.717629925448689,1,COMFORT
30.2,57.0,0.14141827712101132,-0.2170585813966806,2,WARM_HUMID
27.0,40.4,-0.022264410159627848,-0.17961111844642386,2,WARM_HUMID
22.0,42.0,-0.012976336153495445,-0.16964920215026855,1,COMFORT
21.8,31.6,-0.17977412216140526,0.9664036362779481,1,COMFORT
21.8,38.2,0.019672905806620736,0.22073463285623873,1,COMFORT
29.9,31.0,-0.015950550379697243,0.03505205208929764,2,WARM_HUMID
25.6,23.8,0.20477144499018915,0.1231626260656184,2,WARM_HUMID
25.4,40.4,-0.025731753382210367,-0.531289808042083,1,COMFORT
38.4,30.0,0.17203664304950136,-0.3087333313168046,3,HOT
20.1,29.8,-0.05807264454085262,-0.19481963134499747,0,COLD
17.1,71.0,0.028154881806939803,-0.4573594457909054,0,COLD
32.5,40.0,-0.045806060414047244,-0.5587251925219402,3,HOT
24.4,26.8,-0.07050207991014751,-0.24373178873669887,2,WARM_HUMID
22.7,55.6,-0.0018036043369782221,-0.25741886764482574,1,COMFORT
22.9,41.5,0.27003512060025947,0.10887310404852713,1,COMFORT
34.0,68.0,0.21806533134647038,-0.5990226669051738,3,HOT
24.8,65.3,-0.05430721823626389,0.25694162256600744,1,COMFORT
30.7,57.1,-0.2323826050840357,0.28199447772499175,2,WARM_HUMID
25.8,32.2,0.11259578761454828,0.04177263768046862,2,WARM_HUMID
20.7,31.5,0.08984945125263961,-0.25185015375617464,0,COLD
14.0,32.8,-0.07856200748895782,0.20391018188363816,0,COLD
29.2,45.0,-0.22987774152444954,-0.04269910870586814,2,WARM_HUMID
21.8,59.1,0.2986007640165781,-0.02071027960339747,1,COMFORT
27.2,85.2,-0.030616242093432514,0.17170359420232367,0,COLD
23.3,44.4,0.1526689480806134,-0.3664068521931313,1,COMFORT
19.6,36.3,-0.12921651441964296,0.12242924910748654,0,COLD
26.5,40.4,-0.09709291401058757,-0.41547434671198813,2,WARM_HUMID
20.8,22.4,0.12452420585194565,0.23082497171725103,1,COMFORT
27.1,37.1,-0.039942608731905166,-0.08852247461136754,2,WARM_HUMID
18.2,45.1,0.2948789839168108,0.11275331724114375,0,COLD
26.6,32.3,0.1702555285652609,-0.3296040210437344,2,WARM_HUMID
25.6,44.4,-0.13371129459672793,0.051444101468759086,1,COMFORT
21.9,61.1,0.15300524388219794,-0.6034511934707427,1,COMFORT
24.5,25.2,-0.009715999809160875,0.6532847353852839,2,WARM_HUMID
25.1,22.5,0.0009804125353528408,0.9301290167031324,2,WARM_HUMID
24.1,38.7,-0.1728953621132916,0.019154840962934447,1,COMFORT
33.7,62.0,0.07764885307036845,0.1787977820832366,3,HOT
22.0,38.4,-0.2785584285914419,-0.18618916106403446,1,COMFORT
19.5,39.3,-0.07173489117876426,0.3684586278735229,0,COLD
16.5,33.0,0.046971453470029824,0.7006426333751581,0,COLD
15.0,68.0,0.016582367932819617,0.2609040033731375,0,COLD
19.5,36.1,0.05848362866409404,-0.47570712444266355,0,COLD
28.5,61.7,-0.05515927909987219,-0.3480322889262944,2,WARM_HUMID
20.7,54.3,0.1791094511849916,0.4661683184551973,1,COMFORT
21.5,20.9,-0.20138448855664257,-0.42184593550307303,0,COLD
36.9,28.1,-0.1282341372529861,0.7808401526373999,3,HOT
34.2,30.0,-0.016621884041863124,-0.5328990759546313,3,HOT
27.4,71.2,0.1827851550794712,0.4031351887160683,2,WARM_HUMID
19.0,43.4,0.2907285706165558,-0.3074661922283572,0,COLD
26.4,51.5,-0.1065037630222652,-0.20107733287492424,1,COMFORT
30.2,55.0,-0.05697355418375495,0.6523201944180645,2,WARM_HUMID
28.4,52.0,-0.015488214022357108,-0.10210309015428568,2,WARM_HUMID
38.3,24.1,0.05907928747586976,0.18301163323774003,3,HOT
21.7,57.0,-0.040813655343264026,-0.31510212326108394,1,COMFORT
27.3,73.0,0.15018628079944524,-0.4876601612958898,2,WARM_HUMID
26.1,52.5,0.07063032890630712,0.048008889008966445,1,COMFORT
20.7,35.6,0.0788870701931702,0.16869688227738305,0,COLD
29.3,76.9,0.2543273728874785,-0.3484796053408543,2,WARM_HUMID
23.7,43.7,-0.2195272422198178,-0.24925308191599363,1,COMFORT
15.6,52.8,0.05477715604539691,0.38586933300451215,0,COLD
29.7,29.4,0.03271603020513919,0.5891169755382235,2,WARM_HUMID
31.2,20.0,0.07503607041548548,0.06257443497916146,2,WARM_HUMID
16.6,54.4,0.13501550008874005,0.550795412887483,0,COLD
24.7,33.0,-0.1199962602420217,-0.0709856961653168,2,WARM_HUMID
26.8,29.7,-0.35941234324956245,-0.20963713253444857,2,WARM_HUMID
24.5,78.7,0.0014380327164848627,-0.0861208291585826,1,COMFORT
35.8,42.9,-0.0021797581040917183,0.47868361257610587,3,HOT
29.6,42.2,0.05702660814081694,-0.38682410253352517,2,WARM_HUMID
20.4,40.8,0.06718113414579982,-0.03712296324099347,1,COMFORT
20.2,31.2,0.020526901198178283,-0.712235873502178,0,COLD
22.9,50.2,0.2572738499236046,0.35705611802448917,1,COMFORT
22.8,49.8,-0.26114673869648236,0.10704773074004106,1,COMFORT
33.6,60.9,0.08974186815583786,0.08086601910276402,3,HOT
36.0,63.0,-0.1098904759972953,0.16651379078181539,3,HOT
23.5,41.3,0.11337875003660697,0.09461479921938393,1,COMFORT
22.4,30.4,-0.10323921712849445,0.5862058997329482,1,COMFORT
22.7,51.3,-0.06454523358047282,-0.40980271713929445,1,COMFORT
34.7,45.9,0.14242242626137513,0.3818597441139051,3,HOT
14.6,69.7,-0.003301171563477349,-0.27923064351637694,0,COLD
11.6,70.1,-0.021995127094499217,-0.4031564058691747,0,COLD
35.6,47.9,0.06694292831272611,-0.4624760544245705,3,HOT
23.8,44.2,-0.08616786025271801,-0.24762419467526853,1,COMFORT
28.8,65.8,-0.27545933313926657,-0.7584210658821222,1,COMFORT
30.3,53.0,-0.0716486170147675,0.4737720283800794,2,WARM_HUMID
19.7,38.1,-0.158205668244888,-0.6260763298281007,0,COLD
23.2,50.9,-0.027250435442533655,-0.581308804472805,1,COMFORT
16.8,66.1,-0.08159902167009278,0.08535399237173208,0,COLD
21.8,22.5,0.0006734446850140403,-0.2800094657545211,1,COMFORT
30.1,74.2,0.05400455495825645,-0.5544684600580299,2,WARM_HUMID
23.7,25.1,-0.23329251083381616,0.004332283182561533,1,COMFORT
24.7,23.1,0.09608727839029782,0.2706162423514867,2,WARM_HUMID
21.2,30.8,0.01814931515452506,0.10909566906608562,0,COLD
31.5,37.6,-0.05413734084974228,-0.35428590470934984,2,WARM_HUMID
17.5,57.2,-0.0007860200281869041,-0.9546450419812234,1,COMFORT
21.8,41.3,0.05847977370985759,-0.038861156151622,1,COMFORT
22.4,20.2,-0.16094095846174822,0.23811324010116675,1,COMFORT
13.5,51.5,0.4019443040850004,-0.4063665072107123,0,COLD
11.6,57.9,-0.14515760808622014,-0.5703609605648441,0,COLD
31.8,53.0,0.09410590052811334,-0.36456796822350096,3,HOT
20.3,36.9,0.22308430039178942,0.660056595305452,0,COLD
20.2,36.4,0.18732155975318973,-0.04465847631974129,0,COLD
30.4,77.1,0.10593104975224443,-0.35769728241390264,2,WARM_HUMID
34.0,31.0,-0.11203849276052513,1.0211150613675768,3,HOT
11.7,70.0,-0.016051593222730347,0.006384426690926157,0,COLD
16.2,49.3,-0.017240375470622633,0.3263291484495099,0,COLD
17.0,58.0,-0.14255587054441757,-0.39886796397304225,0,COLD
37.0,69.0,-0.006605042250326709,0.26678744568244944,3,HOT
30.0,25.3,0.2333155855474102,0.4222124299237786,2,WARM_HUMID
20.2,35.8,-0.28288387933804876,0.32104435679876625,0,COLD
28.7,54.1,0.09906899285273255,0.0052617331158062155,2,WARM_HUMID
35.7,49.6,-0.3201423510071985,0.4348627021197353,3,HOT
18.2,51.3,-0.2484645853638286,0.28311487873590174,0,COLD
13.4,67.7,-0.03580845665341263,-0.0009623251445326749,0,COLD
25.9,40.9,-0.12596961110230512,0.5002493321417777,2,WARM_HUMID
26.7,37.9,-0.4798346519825016,0.2566280586313014,2,WARM_HUMID
23.1,46.7,0.024300640546963476,-0.4122226727717885,1,COMFORT
35.0,65.0,-0.05158418934935873,-0.7837424046659195,3,HOT
24.7,46.0,0.19933999793031143,-0.7552338364800195,1,COMFORT
22.5,32.3,-0.23179553114521623,-0.44563709854412803,1,COMFORT
24.7,67.4,-0.19453866819926854,0.23174174044941787,2,WARM_HUMID
22.5,18.9,-0.126324564592723,0.5429499186463856,1,COMFORT
27.5,60.0,0.04950834420511425,-0.37221630472500045,2,WARM_HUMID
33.2,17.0,0.11502751872231566,0.19934759308371178,3,HOT
11.6,58.8,0.02435550841995916,-0.49272829161152104,0,COLD
28.9,27.3,-0.0018447673962086416,-0.10360533175378257,1,COMFORT
16.9,50.0,-0.00037017739682630556,0.18254634197224107,0,COLD
27.6,50.0,0.18405518955733083,0.6982223325591561,2,WARM_HUMID
27.8,30.7,0.04758837085148395,0.37254225400197716,2,WARM_HUMID
24.6,72.6,0.045483383555636456,0.2381267593785119,1,COMFORT
20.9,49.3,0.01936554069877094,0.1690739629218064,1,COMFORT
17.8,33.1,-0.06017597576210836,0.25568430473155174,0,COLD
31.5,53.0,-0.05498391894968517,-0.21920171796318844,2,WARM_HUMID
12.8,63.6,0.17584051726013997,-0.043006623911391,0,COLD
29.1,45.2,-0.00744155733567328,-0.4325312281146625,2,WARM_HUMID
26.1,38.0,0.0569651454061344,0.6100795337976367,1,COMFORT
13.8,54.7,0.15625992789818954,0.32534283880413184,0,COLD
24.0,21.6,0.0002615794616204294,0.39819288868638725,2,WARM_HUMID
30.8,82.3,-0.03363881871592283,0.21538435404695272,2,WARM_HUMID
24.3,61.4,-0.08235816467382988,1.247917697535601,1,COMFORT
29.2,61.0,-0.1699467142036901,0.32525975624807896,2,WARM_HUMID
33.4,52.2,-0.3700162141254059,0.11876208843806098,3,HOT
17.8,52.8,0.4167168351113727,-0.1411391215961445,0,COLD
22.7,60.6,-0.07550653626178103,-0.41461673483317407,1,COMFORT
36.1,20.0,0.06616239927906056,-0.4402945702271544,2,WARM_HUMID
20.6,32.6,0.11100363791701466,-0.43805586664392104,0,COLD
14.0,45.7,-0.022161227723079286,-0.6296933441585812,0,COLD
19.4,49.8,-0.028536243458996635,-0.0754177064121299,1,COMFORT
27.6,41.7,-0.0329849938958207,0.007926552868700918,2,WARM_HUMID
29.9,59.1,-0.19555624310683128,0.0038427172179194475,2,WARM_HUMID
39.0,81.0,0.2505187512978113,-0.29496332528258085,3,HOT
39.0,43.0,0.1825750702344966,0.3836647020543721,3,HOT
26.3,38.0,-0.0758620056392905,0.039193086603613286,2,WARM_HUMID
26.8,81.2,-0.12404770441603354,-0.022920494518324813,2,WARM_HUMID
30.4,69.7,0.15851961927618177,0.22143181234213613,2,WARM_HUMID
21.1,65.2,0.02854691166808232,0.0037216346702138555,1,COMFORT
21.0,29.6,-0.04675563213116197,0.46389342697333646,0,COLD
34.6,59.4,-0.09749164429615355,-0.33894621806438097,2,WARM_HUMID
15.6,66.7,0.10039232765901115,-0.24766524987380623,0,COLD
30.2,30.4,-0.23228745504320886,-0.8648920910738854,2,WARM_HUMID
22.2,25.8,-0.09315135800833148,0.5566251332933997,1,COMFORT
21.0,18.0,0.13073339494322128,0.22430041204909093,0,COLD
15.0,50.0,-0.2832785119073109,-0.17176822580106854,0,COLD
12.8,62.3,0.008942400251013404,0.20367419588888944,0,COLD
14.6,63.1,0.13261382414721973,0.06196225702432334,0,COLD
17.5,38.8,0.08471836588614721,-0.47198855063072637,0,COLD
26.4,89.3,-0.07641340051568364,0.5242527043125099,0,COLD
33.3,73.4,-0.35989691651910166,0.028669243635743736,3,HOT
30.0,30.6,-0.018040790898864893,0.5170256705752675,2,WARM_HUMID
36.0,45.0,-0.38818536208649684,0.31513816415257906,3,HOT
21.4,19.0,0.033754581104253695,0.20527159176072973,0,COLD
36.0,53.0,-0.04523495304674571,0.695983116064604,3,HOT
24.2,63.1,-0.051343899414578266,0.5070796289796314,1,COMFORT
26.3,47.0,0.12341741712510036,-0.6904666826025365,1,COMFORT
28.3,27.0,-0.17361236853231504,0.46012190175623263,2,WARM_HUMID
23.0,81.7,0.1254147298800427,0.005100375280306931,3,HOT
25.2,27.6,0.3127544514391037,0.523265585469572,2,WARM_HUMID
20.4,33.8,-0.06850487170402694,-0.3843561584466101,1,COMFORT
27.7,43.7,0.17942253322891896,0.18634211267907758,1,COMFORT
29.7,59.2,0.10289863481537989,-0.24253847842125978,2,WARM_HUMID
27.3,49.3,0.06023781772375755,-0.7162312877540425,2,WARM_HUMID
30.8,67.5,0.22037171195665362,0.3460164241491258,2,WARM_HUMID
17.6,59.8,-0.17033958982882863,-0.4001528709367437,0,COLD
28.4,53.0,-0.16374377582386537,0.21024530267998665,2,WARM_HUMID
25.2,58.0,-0.19401757840948053,0.391785695142217,1,COMFORT
26.7,38.0,0.204848844635385,0.005961064643470057,2,WARM_HUMID
12.5,53.8,0.059373903503509,-0.4844467783046371,0,COLD
19.5,74.5,-0.2454452677649189,0.46054215377650326,0,COLD
21.9,31.5,0.016663252695724974,0.21069423563373593,1,COMFORT
17.3,79.9,-0.15348798350633766,-0.41401725057632943,0,COLD
19.2,49.4,-0.006312049702681691,0.6331912386420666,0,COLD
28.4,70.0,-0.05846608916611806,-0.10034519716516069,2,WARM_HUMID
21.7,68.9,-0.2231032476697154,-0.4384972682723109,0,COLD
33.4,20.0,0.18438221764455756,0.5118964637709361,2,WARM_HUMID
21.3,20.2,0.030260798219406585,-0.053025783007687156,0,COLD
18.9,59.1,-0.18086323524643627,0.5294832885968126,0,COLD
19.9,37.2,-0.02587243041728521,-0.46253260735142665,0,COLD
25.8,34.2,-0.20382710273824856,-0.2810600916577824,2,WARM_HUMID
23.1,49.8,-0.04222812872063417,0.46513477487794064,1,COMFORT
32.4,27.0,-0.22758968981848893,-0.22803249506900458,2,WARM_HUMID
24.7,70.8,-0.3190250231698898,-0.3013804506850051,1,COMFORT
23.5,48.7,-0.15542321592840688,0.2325730980905789,1,COMFORT
24.7,47.8,0.02434398219368481,-0.15617814160329324,1,COMFORT
23.6,70.9,-0.07699863706185928,-0.3547344431295932,1,COMFORT
23.0,22.4,-0.14198467777917223,0.09635921116761911,1,COMFORT
38.1,39.1,-0.047599467323258926,0.25380302301389585,3,HOT
23.9,53.9,-0.018611583915455938,0.23581741061286401,1,COMFORT
19.9,32.3,0.08780889974902258,-0.9019240130815045,0,COLD
36.4,41.3,-0.26322632930583584,-0.06996254729147426,3,HOT
24.7,26.0,0.33224788508998027,-0.2716032253455331,2,WARM_HUMID
22.0,36.1,0.20354094439537213,0.27117679136049205,1,COMFORT
23.1,70.6,0.012254543503962425,-1.180646182200386,1,COMFORT
18.9,44.0,0.14329665772276634,0.53982606667865,0,COLD
31.3,69.0,0.05916730914530732,0.7302588412628835,2,WARM_HUMID
18.8,36.0,0.13493981069691097,0.30595239340231606,0,COLD
29.7,29.0,-0.04726300967911629,0.1214543689685351,2,WARM_HUMID
17.1,46.0,0.10811054119030221,0.12878919789368712,0,COLD
31.0,73.0,-0.08825510831155281,0.26816215870737886,2,WARM_HUMID
11.6,60.1,-0.3976331495249399,-0.03155144620268401,0,COLD
16.8,58.0,-0.04439513595723902,0.09648355558270477,0,COLD
28.2,45.0,0.2508398856146291,-0.1400949070360345,2,WARM_HUMID
31.1,28.9,0.1165397538532243,-0.2160500690934642,2,WARM_HUMID
11.6,57.9,0.06696361603118617,0.10267359703567269,0,COLD
19.0,34.9,-0.12859967747703321,-0.6891341207953823,0,COLD
17.2,62.3,-0.23957503916041267,0.023844918869924923,0,COLD
23.8,55.6,-0.18189856989349706,0.5619236423083303,1,COMFORT
20.7,35.6,0.0788870701931702,0.16869688227738305,0,COLD
23.4,60.9,-0.00947644744120276,0.25362015715446623,1,COMFORT
23.0,37.7,-0.1582790464067206,0.1683100116845053,1,COMFORT
26.7,65.9,-0.014140907584644898,-0.3483370331936393,1,COMFORT
25.6,35.2,-0.19298446164155053,0.3476634198259932,1,COMFORT
22.0,29.6,0.10336892974060828,0.09990047959267358,1,COMFORT
30.3,74.0,0.012719645086964262,0.4994671995680855,2,WARM_HUMID
17.5,54.0,0.1230865217503421,-0.6681166315427203,1,COMFORT
29.0,80.2,0.0817437210863809,0.06653874403482875,2,WARM_HUMID
28.0,62.5,-0.3214859191168494,0.529216700246517,2,WARM_HUMID
24.4,24.0,0.05357438785519059,0.1103751566376947,2,WARM_HUMID
24.3,34.5,-0.08091592334167357,-0.1833681379158557,2,WARM_HUMID
26.7,35.3,-0.019326673412676517,0.9338127708879045,2,WARM_HUMID
29.3,62.0,0.1064933161620767,-0.6714151157721904,2,WARM_HUMID
18.1,52.6,-0.09720655018267126,-0.04796029061091198,0,COLD
15.6,48.0,0.004863917673364465,0.023370781302587816,0,COLD
31.6,46.8,0.1228015329897945,0.2362679146004969,2,WARM_HUMID
21.2,30.8,-0.14878072150302912,-0.6399727492612247,0,COLD
17.2,55.0,0.06536841076856834,0.05240938853543042,0,COLD
34.6,28.4,0.09777623579705334,0.7732804814409112,2,WARM_HUMID
22.4,27.3,0.046868228422758645,0.1121641885576604,1,COMFORT
19.3,39.5,0.0759417707231381,-0.4335842282481346,0,COLD
24.0,43.1,0.16878213272261258,-0.5428660546572274,1,COMFORT
20.8,29.6,-0.01198666465072488,-0.7905607052818725,0,COLD
31.9,66.9,0.33876911942319665,0.25552104552485283,3,HOT
22.1,40.4,0.20598808039255914,-0.03280080123170041,1,COMFORT
32.0,50.0,-0.05757214047291531,0.5161911528867827,2,WARM_HUMID
32.3,73.1,-0.18962813939875575,0.20592454652072922,3,HOT
28.7,51.2,0.002774613050873154,0.07801349249847304,2,WARM_HUMID
22.0,36.4,0.08001629036886862,0.7965700608672692,1,COMFORT
28.9,50.0,-0.18669820549671254,0.6577741924086643,2,WARM_HUMID
25.1,60.7,-0.0746590197096551,-0.4789260672818868,1,COMFORT
27.2,36.6,0.07119502283501881,-0.22703061990203885,2,WARM_HUMID
23.1,49.7,0.358138754745424,-0.4015633705939783,1,COMFORT
22.4,35.2,0.09275106988709354,0.14217623953348676,1,COMFORT
23.2,65.1,-0.032831866959849645,0.3672980687303677,1,COMFORT
32.8,62.2,-0.1419914865317321,-0.6814394823023763,3,HOT
31.6,67.7,0.1679731903058911,-0.359734319752462,2,WARM_HUMID
12.2,49.3,0.0902795131150372,0.0570372520608924,0,COLD
24.2,31.5,-0.050831917885365265,-0.21179838548615526,1,COMFORT
12.0,70.0,0.09725591665646849,0.6001400778717241,0,COLD
33.8,48.0,-0.28884555353708324,0.2810756693165494,3,HOT
23.1,39.4,-0.09150005651030572,0.19337362878762582,1,COMFORT
19.1,36.5,-0.2551135404801878,-0.4853413321977413,0,COLD
24.0,19.8,0.027575051009737384,0.1097472096115365,1,COMFORT
20.0,38.7,-0.23725517605873483,-0.20725741852929988,0,COLD
23.7,55.6,-0.14796607486488697,0.3661248086473175,1,COMFORT
17.9,38.0,0.042203480630755526,0.27828649603951117,0,COLD
29.0,64.0,-0.05274902757513227,0.1157958192681362,2,WARM_HUMID
35.2,53.5,0.052543656755477904,0.5294664644541861,3,HOT
15.4,56.5,-0.20092046624366341,-0.46395235495639375,0,COLD
24.3,22.3,-0.09523987350442074,-0.2041004958971791,2,WARM_HUMID
38.1,46.0,0.17704774754791652,-0.14831946527841067,3,HOT
15.4,56.7,-0.04217460636968359,-0.06434184795678043,0,COLD
22.8,65.8,0.01829113549328237,-0.65345588969105,1,COMFORT
31.7,67.8,0.005919329895589608,0.22740843892917592,2,WARM_HUMID
25.7,26.4,0.07906793873367815,0.49850430140846796,2,WARM_HUMID
18.9,59.1,0.007878955232297438,0.24850545408841482,0,COLD
35.0,48.4,-0.11826214414297624,-0.09410499589253658,3,HOT
30.3,73.4,-0.1785115813593768,0.40072473042725376,2,WARM_HUMID
24.9,35.1,0.1390928352920021,-0.4609615400073377,2,WARM_HUMID
17.0,58.0,0.02689889217171203,0.3812964084321856,0,COLD
18.8,40.6,-0.12269500004582891,0.923560454982471,0,COLD
35.0,31.0,0.11484532809115973,-0.43207305553960645,3,HOT
26.2,25.7,0.19757147659586893,-0.11357038504289728,2,WARM_HUMID
30.2,76.1,0.1588307769863343,0.16952023130806804,2,WARM_HUMID
16.9,44.1,0.11644662524014913,-0.13349211608617503,0,COLD
21.2,28.0,-0.10067236621134343,-0.051638347592864446,1,COMFORT
15.0,40.7,0.06843742327927992,0.15251584260320772,0,COLD
25.7,54.5,-0.09058290750795814,0.1286241951980406,2,WARM_HUMID
29.7,73.1,-0.17874728083480626,0.41276306590829165,1,COMFORT
19.6,73.0,-0.18800670032169398,-0.48749380859093416,0,COLD
26.3,57.0,0.00823227185641229,-0.6058461200525795,1,COMFORT
18.1,36.1,-0.16237779303747707,0.5479616961158251,0,COLD
32.1,28.1,-0.021702861753201873,-0.24136859126962631,2,WARM_HUMID
27.5,67.6,0.008032583877506551,0.6783344728446334,1,COMFORT
20.0,38.0,0.014612601459646888,0.2703029986389891,0,COLD
36.0,81.0,0.04841746736583308,-0.1081114165327628,3,HOT
26.6,38.0,0.06250272536221063,0.047366371164085846,2,WARM_HUMID
28.7,53.8,0.0713627987747298,-0.3409828275527059,2,WARM_HUMID
26.2,46.9,-0.1174299765446237,-0.2985043441333234,1,COMFORT
17.9,47.2,-0.20185306498174066,0.5047430876659917,0,COLD
36.5,41.9,0.17355272188135207,-0.1622428435350362,3,HOT
20.9,30.4,-0.2668214225872743,-0.23955474339937607,0,COLD
23.2,26.7,0.0760531566083286,0.4184504480981748,1,COMFORT
19.9,52.4,-0.06429033554230651,-0.3807622433204285,0,COLD
19.3,37.2,-0.15027221933435828,0.9967991527427144,0,COLD
18.4,21.7,0.06271371412599025,-0.37063978911857687,0,COLD
25.6,30.1,0.04243503535966048,0.6164903208481549,2,WARM_HUMID
28.7,46.8,0.025131561674573633,0.25291326283252324,2,WARM_HUMID
30.4,61.7,-0.08024714394105992,-0.4763785469651806,2,WARM_HUMID
20.6,46.2,0.1118192182118251,-0.9117090684502085,1,COMFORT
32.9,56.0,0.14728870838254945,-0.4849687295091917,3,HOT
25.6,31.2,-0.015519418477038516,0.20092167559194857,2,WARM_HUMID
18.8,64.8,-0.1872191836194764,-0.39385538095316186,1,COMFORT
15.5,52.3,-0.08342468541329995,1.0732446150591328,0,COLD
30.1,32.0,-0.29509875963389914,-0.5490005893431215,2,WARM_HUMID
18.2,39.7,0.0018585114291011329,0.358850276940101,0,COLD
20.4,57.6,-0.17385355803397598,-0.15480541651375498,1,COMFORT
28.5,53.0,-0.16084168570965343,0.2784999349561325,2,WARM_HUMID
32.0,61.9,0.07836678163900414,0.4297647024494813,3,HOT
27.4,71.2,0.1059242772427673,0.4046206829191948,2,WARM_HUMID
24.6,25.6,0.029414541034310356,-0.02099286141024916,2,WARM_HUMID
21.5,45.5,-0.04312262548573082,0.1771470250345637,1,COMFORT
26.5,38.7,-0.06973523226889193,0.16111821543964422,2,WARM_HUMID
34.0,42.0,-0.003292203751480183,0.1868975108402244,3,HOT
24.4,31.9,-0.13591968500345586,-0.2394199866601876,2,WARM_HUMID
32.9,62.3,0.03282365281824115,-0.450889244736172,3,HOT
31.2,17.0,0.020912273901960945,0.42843353684032953,2,WARM_HUMID
18.6,49.8,-0.020072403862116804,0.67878668644429,0,COLD
22.2,41.8,0.13615882795630485,-0.495334437780659,1,COMFORT
23.1,26.7,0.15990531810094608,0.49069289121880194,1,COMFORT
32.4,45.8,0.1370338562225537,0.003234090600879246,3,HOT
31.0,28.0,0.037885326899493525,0.24892823198538971,2,WARM_HUMID
33.3,45.6,0.1824384543056803,-0.06821171433870749,3,HOT
15.3,65.0,-0.2045303795592049,-0.39322720463261107,0,COLD
30.1,62.1,0.1097081931664627,-0.8721570428158713,2,WARM_HUMID
31.2,52.2,0.07867467603392338,0.530553925857636,2,WARM_HUMID
17.7,50.5,-0.1780830614614334,0.04473789689985127,0,COLD
25.0,43.4,-0.20229156992732428,0.2849749134819024,1,COMFORT
25.3,64.8,0.05809801990349305,-0.31700884312354943,1,COMFORT
25.9,64.0,-0.1734623725115785,-0.22346776563788692,1,COMFORT
33.9,64.0,0.028731447142018404,-0.9110629963607814,2,WARM_HUMID
27.1,32.9,-0.04739677828701943,-0.007258752136537293,2,WARM_HUMID
22.2,44.0,-0.02572637383368621,-0.4136965269997892,1,COMFORT
21.6,50.3,0.16709665569818996,0.13433771648844858,1,COMFORT
19.9,51.8,-0.14216635262261368,-0.02146649948498998,0,COLD
23.4,22.1,0.2814825234959733,-0.36967866719332837,1,COMFORT
26.5,66.4,-0.1662401279207916,-0.07658303886293978,1,COMFORT
26.6,37.1,-0.07603310248008341,-0.228692548940703,2,WARM_HUMID
23.0,53.3,-0.19440730392358924,0.8456141040012345,1,COMFORT
26.3,84.2,-0.2611345739490778,0.20510240712297959,0,COLD
19.6,29.5,0.04410616307460265,-0.004298035811526379,0,COLD
23.5,38.0,0.11407374352585403,0.2908692261402356,1,COMFORT
31.8,65.2,0.01008085010899884,0.5916481292002181,3,HOT
29.8,73.6,0.06103114160001555,0.06385753002398964,2,WARM_HUMID
31.3,69.1,-0.013250361565576062,-0.5125254769939226,2,WARM_HUMID
28.6,62.6,-0.06182417175723208,-0.10147218271704772,2,WARM_HUMID
21.7,20.9,0.007326501520711769,0.5436075584379497,0,COLD
28.0,41.2,-0.022121773373317558,-0.33105853065069646,2,WARM_HUMID
25.8,49.8,-0.04712160174272933,0.16255364520821633,2,WARM_HUMID
15.4,27.7,0.2155389978991765,0.2718265590454461,0,COLD
23.2,18.2,-0.08513943931498298,0.13874393502499413,1,COMFORT
29.4,67.1,-0.22098099448129,-0.26463766698002883,2,WARM_HUMID
27.2,57.5,0.06183100621843288,0.14463483836080618,2,WARM_HUMID
23.3,40.5,0.05894132442219754,-0.02399766804523154,1,COMFORT
26.0,62.7,-0.05679914994820389,0.3920130806836288,1,COMFORT
14.1,44.6,-0.0010883547698491748,0.2666261897440464,0,COLD
17.7,52.1,-0.09002347425132412,0.5978137846703516,0,COLD
27.6,71.6,0.04037126070661668,0.0006784207306340438,2,WARM_HUMID
27.1,33.0,0.15324344761095582,0.34277234582429317,2,WARM_HUMID
36.6,42.0,-0.03436264263378429,-0.01029153877532332,3,HOT
27.8,65.0,-0.06676249284348959,-0.43221681923885397,2,WARM_HUMID
27.3,25.9,-0.12973180212940305,-0.060153312066053746,2,WARM_HUMID
19.4,38.8,0.16793491754716386,-0.6123989517835174,0,COLD
34.0,74.0,0.048052022869567425,0.20386506000586332,3,HOT
33.7,62.0,-0.10886157197301984,-1.2160930844038838,3,HOT
30.2,27.9,0.08821150127517477,-0.26079271779895524,2,WARM_HUMID
31.5,34.3,0.05260508043021122,0.7538607160482881,2,WARM_HUMID
27.2,60.8,0.13895759838912597,-0.09727093137821823,2,WARM_HUMID
18.6,43.2,-0.17133033802429753,-0.35532377305364177,0,COLD
25.1,59.4,-0.0879280742410093,-0.24859351858063322,1,COMFORT
11.0,56.0,-0.11757626086270262,0.2616634441214535,0,COLD
30.4,61.7,0.05089773471640269,0.034301758550744466,2,WARM_HUMID
23.0,81.7,0.12003233868660952,0.1902148966839007,3,HOT
20.4,31.3,-0.09682157664729427,0.311918561153522,0,COLD
24.1,47.2,0.10625773894444157,0.056110608454900124,1,COMFORT
24.4,54.4,-0.10001904034126913,0.09692529163942526,1,COMFORT
30.4,72.0,-0.0490991160782154,-0.06581887335581885,2,WARM_HUMID
29.4,77.5,-0.08159534687286503,-0.650446167497534,1,COMFORT
30.0,71.0,-0.13282940013203773,-0.32713560394343544,2,WARM_HUMID
34.5,44.4,0.13708929319758598,0.751069498940735,3,HOT
27.9,79.9,0.04197323939164157,0.012909827773352037,2,WARM_HUMID
12.8,48.3,-0.37903260288063645,-0.4036485931613302,0,COLD
21.5,44.4,0.2417232764150288,-0.10310683812075264,1,COMFORT
31.5,38.0,-0.044006583368298886,0.0345880477816237,2,WARM_HUMID
27.2,29.2,-0.05410806478728887,-0.8350253826326011,2,WARM_HUMID
24.4,32.0,-0.007101385627191948,-0.3692580378860506,2,WARM_HUMID
19.5,57.7,0.02583246130179811,0.15206775756690982,0,COLD
22.8,20.5,0.019268867360972254,0.17217835138816084,1,COMFORT
22.6,48.7,0.016096369973587682,0.46825293125143874,1,COMFORT
29.7,62.3,-0.2571188633732092,0.25072223910984814,2,WARM_HUMID
22.7,47.1,-0.043719028203565845,0.1339004196346586,1,COMFORT
32.1,19.7,-0.11905339113061036,0.3431272192328699,2,WARM_HUMID
18.8,58.9,0.2014192973132558,0.6009012746348481,0,COLD
23.2,48.8,-0.14436455584731694,-1.0015211211379387,1,COMFORT
22.4,44.7,0.06304432411023822,0.39041271832030455,1,COMFORT
33.7,60.8,0.004803801505232603,0.4801336024905005,3,HOT
18.1,42.1,0.1359514853095728,0.4281928522421658,0,COLD
24.4,30.5,-0.1443211842285577,-0.83751855420922,1,COMFORT
24.2,71.6,0.3068124681033075,0.6251806329744736,1,COMFORT
30.6,58.0,0.2099766774999039,-0.6025223785682088,2,WARM_HUMID
28.1,87.4,0.07847400501032437,0.4993822943817664,0,COLD
19.1,36.5,-0.2551135404801878,-0.4853413321977413,0,COLD
32.0,61.9,-0.05476994066936767,0.4703796136498139,3,HOT
35.0,54.0,0.08055584233017102,0.2619301930497191,3,HOT
35.4,44.9,-0.013212463400120344,0.9928894627522556,2,WARM_HUMID
25.2,36.9,-0.15895028361867478,0.3031422777147841,2,WARM_HUMID
24.7,58.4,-0.04429944657504334,0.0737384978506625,1,COMFORT
24.3,54.7,-0.006420841956301463,0.41003227950724147,1,COMFORT
36.4,38.0,0.0718678691674158,-0.08899729883509239,3,HOT
19.0,34.9,-0.12859967747703321,-0.6891341207953823,0,COLD
33.2,59.6,-0.10072462709212292,-0.09800386259218037,3,HOT
25.4,44.8,-0.0454732438641884,0.5970357645788423,1,COMFORT
38.9,17.8,-0.3273151941301443,-0.31945177659098434,3,HOT
19.3,43.2,0.027658676262361785,0.2550895910831357,1,COMFORT
20.5,31.9,0.18525836032613754,-0.3490020343618647,0,COLD
23.2,24.0,-0.001711673549198833,-0.044110283750240974,1,COMFORT
32.1,49.0,-0.1896970908429768,-0.38293831443152043,3,HOT
22.5,39.9,0.028668635075458825,0.016308615408393564,1,COMFORT
22.6,29.2,-0.16286134814503955,0.36021209984533914,1,COMFORT
21.1,29.3,0.05240453302235696,0.8707542348368238,0,COLD
16.8,45.8,0.029325870021658797,-0.7104963910050447,0,COLD
20.8,29.6,-0.18326566327096105,-1.1192957832608663,0,COLD
25.2,55.6,0.0368248022691469,-0.3454774387707477,1,COMFORT
22.1,25.3,0.022233698704395056,-0.20321415283781485,1,COMFORT
26.0,34.4,-0.033551264156697576,0.21010988858312604,2,WARM_HUMID
26.6,31.1,0.09108825266323824,0.15846252859474788,2,WARM_HUMID
35.4,47.9,-0.049883794185147844,0.22521400032209585,3,HOT
25.1,39.0,0.02770204587973626,-0.042949386046256886,1,COMFORT
21.3,31.0,0.012199408288494133,0.16257326440351028,1,COMFORT
10.2,65.0,0.1290954954580733,0.32997995022500476,0,COLD
29.1,63.5,0.31157546468284103,-0.48451572960129075,2,WARM_HUMID
13.4,52.7,0.07373593398491564,-0.12703587057010615,0,COLD
25.3,50.8,0.01064840713531583,-0.6051221788149177,1,COMFORT
29.0,65.0,-0.2003222353649837,-0.407660505936962,2,WARM_HUMID
27.7,81.3,-0.2449558070112774,-0.19488520422864197,2,WARM_HUMID
22.2,34.8,-0.10721528363715299,-0.11989239252780355,1,COMFORT
26.9,23.6,0.04213461556129625,-0.5789466269177205,2,WARM_HUMID
18.3,30.8,-0.033257875853242726,-0.17602909683633428,0,COLD
15.0,68.0,0.041039185989251645,0.40131951343981864,0,COLD
17.0,57.7,-0.2921013711211221,-0.18361684023788571,0,COLD
29.2,29.5,0.1682951606141738,-0.5385634547849106,2,WARM_HUMID
22.8,35.5,-0.04914112891381676,-0.13142226487593758,1,COMFORT
16.7,35.1,0.03942621494939608,0.5412968873264611,0,COLD
25.3,54.0,-0.0372923780650016,0.3584988611438881,2,WARM_HUMID
25.1,25.7,-0.12283312311159895,0.2915034945883323,2,WARM_HUMID
32.1,67.5,0.02704271594853546,-0.3140738273574636,2,WARM_HUMID
30.3,27.6,0.10721184748334175,0.38934900690009555,2,WARM_HUMID
33.3,46.5,0.033398500958009426,-0.2984189393563144,3,HOT
29.4,66.8,0.10475986819941017,-0.7758126925810491,2,WARM_HUMID
22.4,27.1,-0.26633976792102126,-0.9914462923632567,1,COMFORT
15.1,37.2,-0.2949072619451877,-0.4725282520933897,0,COLD
19.9,52.8,-0.0625037980193603,0.24972677239794216,0,COLD
19.5,39.0,0.11371200154460102,0.5123480295962763,0,COLD
28.4,17.3,-0.12168502291657475,0.26257891375419284,2,WARM_HUMID
22.1,45.0,0.1765112407041892,0.5158149646360557,1,COMFORT
31.9,40.3,0.06655135903321742,-0.1659157181995314,2,WARM_HUMID
30.2,60.0,-0.1616617166893959,0.12536135561233372,2,WARM_HUMID
30.0,36.0,-0.027859886208786985,-0.14450727225650298,2,WARM_HUMID
23.4,40.1,-0.08989117173977168,-0.7090410565164832,1,COMFORT
35.4,48.4,0.15978445720574783,0.20281271725032687,3,HOT
29.7,43.0,0.025019044677831812,0.4972088077000673,2,WARM_HUMID
23.5,24.2,-0.2487598250937669,-0.7868077608321856,1,COMFORT
27.5,45.0,-0.14514629465966605,0.3621950559378236,1,COMFORT
29.6,42.2,0.2585827314634148,0.10169003641106103,2,WARM_HUMID
28.8,51.8,0.059339825214441345,0.19433929084209486,2,WARM_HUMID
30.8,56.8,0.07326133501416776,0.06347044321042233,2,WARM_HUMID
25.8,33.1,-0.04681531375812328,-0.00817587453758479,2,WARM_HUMID
21.4,20.0,0.0466636470037496,0.08936193286560615,0,COLD
27.3,25.5,-0.11319065735899092,-0.1579601594825896,2,WARM_HUMID
21.2,29.6,0.08290796169748,0.005705219706729987,0,COLD
16.2,61.8,-0.23189310533492852,0.004924185665994389,0,COLD
24.0,54.3,-0.025112334529379117,0.5499639886599058,1,COMFORT
36.4,43.7,-0.11937682912950878,-0.02966842875643698,3,HOT
24.3,41.7,-0.0664134926283503,-0.1235184482976431,1,COMFORT
27.6,63.3,-0.07527689481461318,0.12329928447513393,2,WARM_HUMID
21.1,41.5,0.1510762581709683,-0.2780643359175169,1,COMFORT
19.3,39.2,-0.18090335571121782,-0.7314183959856306,0,COLD
34.8,43.9,0.2383599431367806,0.5604919467240748,3,HOT
30.4,69.5,-0.028377050273838016,-0.05800309171104304,2,WARM_HUMID
22.9,37.9,-0.1328392182777164,-0.0912599547621916,1,COMFORT
36.8,39.0,-0.3425389594527772,0.3249186864691793,3,HOT
22.6,43.3,-0.1049078504856939,-0.34786612613545836,1,COMFORT
25.6,48.0,-0.005281455550352365,-0.5445375832354421,1,COMFORT
27.7,52.0,0.039187579685078404,-0.5807508782699989,2,WARM_HUMID
24.2,65.0,0.23322603606393855,-0.4533480124844584,1,COMFORT
29.9,62.4,0.126090484039063,0.18132283857530881,2,WARM_HUMID
29.6,59.0,-0.08700798620550644,-0.5950212701782815,2,WARM_HUMID
15.4,61.5,0.15641199492620145,0.1142487280092661,0,COLD
19.5,57.7,0.1827698083900444,0.49572872683338076,0,COLD
18.6,29.3,-0.1197921015215409,0.03218915563849686,0,COLD
21.0,29.6,0.017930269545735435,1.1269802456248363,0,COLD
14.6,34.5,0.13219710976756505,-0.0034187487049361282,0,COLD
24.8,35.6,-0.007430184552781429,0.12563869014693027,2,WARM_HUMID
20.8,23.9,-0.09922318279222796,-0.003151535233731083,1,COMFORT
27.5,42.0,0.10684832393702431,-0.07510157324356136,2,WARM_HUMID
32.7,52.7,-0.018398265046142927,-0.4119104480429938,2,WARM_HUMID
30.3,61.0,-0.04227836538175244,-0.03088887663601191,2,WARM_HUMID
23.4,58.0,0.2754427762241035,-0.5315450169136766,1,COMFORT
24.9,57.3,0.2293168253565461,0.07010676395445407,1,COMFORT
23.8,26.6,-0.06598652560135831,-0.2702762382475292,1,COMFORT
32.8,26.9,0.10556938256262277,-0.609914355713036,2,WARM_HUMID
23.8,30.8,-0.03861648791120285,-0.2940888860818115,1,COMFORT
22.1,66.3,0.034403395253822175,-0.24762332165204218,1,COMFORT
35.4,38.0,-0.22419999547974528,0.3482955728822166,3,HOT
21.9,48.8,-0.11610282791623228,0.4672623351006851,1,COMFORT
26.3,45.7,-0.01168620694969776,0.30419644190456485,1,COMFORT
12.2,57.9,0.19634566163933515,0.014879360838098977,0,COLD
22.4,26.0,0.060453732327410685,-0.11768069396148202,1,COMFORT
15.1,38.9,-0.18585352028555016,0.43406020389379524,0,COLD
29.4,76.1,-0.008062048143723273,-0.2371014748602972,2,WARM_HUMID
30.8,67.6,-0.13310785728797966,0.3479126496049768,2,WARM_HUMID
29.8,66.8,-0.056138537213554725,0.5370883557663846,2,WARM_HUMID
18.9,40.2,0.05707804579744543,0.042231103758946856,0,COLD
24.9,74.0,0.002646252377047786,-0.1942318492053033,1,COMFORT
23.2,61.7,-0.10608599309733345,-0.2209873023183219,1,COMFORT
25.0,63.3,0.10665691538179546,0.3274303482567767,1,COMFORT
37.0,63.0,-0.02464631174279185,-0.007730935459100547,3,HOT
25.0,69.4,-0.19601436882833173,-0.4405194907019183,1,COMFORT
29.0,37.1,0.00835576341125249,0.02544374751016508,2,WARM_HUMID
21.3,67.4,-0.177011220946675,-0.3725835209562878,0,COLD
32.6,65.7,-0.09088292444947002,0.20404788914811986,2,WARM_HUMID
23.4,30.8,0.19279278185675666,-0.7152485484885425,1,COMFORT
11.6,58.8,0.02435550841995916,-0.49272829161152104,0,COLD
16.3,58.6,0.21190384950113436,0.10779945349643301,0,COLD
29.1,77.8,-0.14221859196488137,-0.7034285588672744,1,COMFORT
12.8,48.8,-0.27060904484222253,0.084102193827767,0,COLD
24.2,58.1,-0.13155404307909507,-0.17601518888276743,1,COMFORT
19.6,39.5,0.16896274225306732,-0.2966325500180566,0,COLD
22.0,67.2,0.05498749428831125,-0.26653234877667703,1,COMFORT
22.5,53.5,-0.2066244217657463,0.3190009023812328,1,COMFORT
19.5,57.7,0.05026901540816149,-0.7646290179883666,0,COLD
31.3,69.9,0.0817888096282714,-0.11824897949854762,2,WARM_HUMID
22.7,63.9,0.15310634224861389,0.6080531316536821,1,COMFORT
11.6,62.3,0.03989328094520923,0.4404265577585035,0,COLD
22.1,47.3,-0.27284212262858637,0.7133256042312928,1,COMFORT
23.0,53.7,0.015371772304954814,-0.05492724371105524,1,COMFORT
23.2,36.6,-0.054026438376436135,0.14312843189105837,1,COMFORT
33.0,61.0,0.0489199533363177,-0.9902542209144878,3,HOT
37.0,69.0,-0.006605042250326709,0.26678744568244944,3,HOT
29.6,63.6,0.0438834985702712,-0.2583950393964276,1,COMFORT
16.2,74.5,-0.11231064910778381,-0.4726322201159688,0,COLD
30.0,72.8,-0.07364234245977995,0.0411230871126037,2,WARM_HUMID
19.4,38.4,0.19920959435419058,-0.026618218604715395,0,COLD
27.5,41.3,-0.10242676263700717,0.5592350697577566,2,WARM_HUMID
31.0,55.0,0.037797977250531675,-0.053687192224399875,2,WARM_HUMID
29.6,51.7,0.054653957147918854,-0.29185200264401473,2,WARM_HUMID
27.6,28.9,0.11057842880606365,-0.17096682028703017,1,COMFORT
28.0,65.0,0.0687880169922874,-0.43203720528749134,2,WARM_HUMID
23.1,42.0,0.12386209301530837,-0.008845961052614645,1,COMFORT
26.9,46.0,-0.09566099763769739,0.43612092184040246,1,COMFORT
24.0,71.0,-0.032143096104499856,0.6016227270384134,1,COMFORT
31.3,69.2,0.14165247231180447,-0.6888711513690923,2,WARM_HUMID
23.9,52.4,-0.3045062748968649,-0.3478763936011385,1,COMFORT
29.7,65.0,0.019039338647448768,-0.4057210754977824,1,COMFORT
26.1,33.5,0.021560615673128534,-0.33680882644440996,2,WARM_HUMID
30.0,72.0,-0.2894343721067576,0.00708548320695569,2,WARM_HUMID
21.8,28.8,-0.013294186529637984,-0.16256150039618614,1,COMFORT
29.9,31.0,0.14933722710030445,0.1292939657804452,2,WARM_HUMID
29.1,78.5,-0.08990335575794954,-0.39831565744223063,1,COMFORT
29.6,67.3,0.09245914357955386,0.032527741677289244,2,WARM_HUMID
25.3,42.5,0.18463383666241412,0.09878372819436428,1,COMFORT
17.1,50.1,0.04245797433879806,0.33935416926404766,0,COLD
26.2,31.2,-0.2767344657337033,-0.26845633434894295,2,WARM_HUMID
33.8,56.4,-0.009464632943151965,-0.8594611435753241,3,HOT
19.2,39.6,0.15783167339355877,-0.02303204252228438,0,COLD
17.8,40.0,-0.44525526453537784,-0.39016777162874994,0,COLD
24.0,49.2,-0.0923609043696104,-0.39648719721268255,1,COMFORT
21.7,53.4,-0.025830017822817786,-0.12508097000674398,1,COMFORT
30.2,73.6,-0.06387125868668042,-0.3745110344530199,2,WARM_HUMID
20.9,47.1,0.21192078821073684,0.452787158288775,1,COMFORT
22.6,21.5,-0.025852060379946567,-0.12607668713202091,1,COMFORT
27.4,59.2,0.07502087604786829,0.08758335355167668,2,WARM_HUMID
22.6,56.5,-0.32774692967827845,0.627238195418357,1,COMFORT
22.8,53.2,0.21933584798627373,-0.15472455616740916,1,COMFORT
19.6,40.9,0.15200173038302633,-0.04430633061657044,0,COLD
26.8,83.5,-0.14464550271961585,-0.3146267374125916,2,WARM_HUMID
22.7,25.1,-0.21839475636519326,0.03530359392091103,1,COMFORT
30.1,76.0,0.10966662595342115,-0.07326219197983318,2,WARM_HUMID
17.9,56.1,-0.26763250991746834,-0.18159706581242718,0,COLD
32.5,41.1,0.06713661318019212,-0.11914560883535315,2,WARM_HUMID
31.0,27.7,0.1964166152103972,-0.2785642678446629,2,WARM_HUMID
23.4,28.0,-0.05184171238754869,-0.21290631189342746,1,COMFORT
19.7,40.2,-0.109857411839262,0.2274672941233846,0,COLD
32.0,86.0,0.16159244235751552,0.01929389311324796,3,HOT
31.2,36.2,-0.04834491776017141,-0.45115820116316013,2,WARM_HUMID
23.3,59.9,-0.10728637316307436,-0.2901316468187947,1,COMFORT
37.0,30.3,-0.17746946300882677,0.6995476922770494,3,HOT
18.0,52.8,0.057218663976886706,0.019472195840855404,0,COLD
31.8,68.4,-0.14190967681883532,-0.2863311971027039,2,WARM_HUMID
28.8,53.2,-0.11066050570272613,-0.06303270794797482,2,WARM_HUMID
32.1,52.9,0.07720588303805179,0.0014003936208976976,3,HOT
20.9,45.8,0.0879090845746111,0.2430024420424756,1,COMFORT
23.2,49.0,-0.16335056714059834,0.1597166079434275,1,COMFORT
23.5,51.3,-0.19120932289470696,-0.7180777303634164,1,COMFORT
22.8,28.3,-0.14038008026196905,-0.749860769797231,1,COMFORT
18.9,60.4,0.019941940268327542,0.2916599595976907,0,COLD
33.9,37.9,-0.03535068028177115,-0.3065658426424404,3,HOT
31.5,24.6,0.13710731346709903,-0.5366892186767259,2,WARM_HUMID
21.2,30.8,0.11060575679188032,-0.5628380861434142,0,COLD
23.7,60.9,0.05386973971543281,0.1358905392685503,1,COMFORT
21.0,58.0,-0.15870925759357762,-0.4528186722706215,1,COMFORT
19.6,49.0,0.04064823220308,0.45339692170440493,1,COMFORT
33.4,52.7,0.11529360346085028,0.4151092341346885,3,HOT
27.8,52.0,-0.038819409400065355,-0.8275555429345577,2,WARM_HUMID
14.6,74.9,0.021396020783449505,-0.16335268415478887,0,COLD
25.6,45.6,-0.09895232939625534,0.25321385244237843,1,COMFORT
27.0,59.1,-0.11309695366247516,0.26008645723821955,2,WARM_HUMID
38.0,46.0,0.05614696343197467,0.07894853784612468,3,HOT
28.8,66.0,-0.09853414184570936,0.8758645755691783,1,COMFORT
22.5,34.5,-0.17385698137940347,0.7750817725594593,1,COMFORT
12.2,69.7,-0.06043120948376377,0.5705204594588599,0,COLD
33.2,62.0,0.018169504253493167,-0.3061795871234144,3,HOT
22.9,62.9,0.24792927499412254,0.22706893442635942,1,COMFORT
26.7,57.2,-0.09990477085582972,0.15811043396634974,2,WARM_HUMID
30.8,48.3,0.22481806220791722,-0.21913006774467456,2,WARM_HUMID
16.4,42.4,0.006257293408144703,-0.32999326708571564,0,COLD
31.3,39.4,-0.03224322571184267,-0.011618075362057775,2,WARM_HUMID
29.9,58.5,0.1251295581338081,0.8401244943246081,2,WARM_HUMID
33.7,52.7,-0.10377012693610384,-0.5593197015463769,3,HOT
21.3,79.8,0.18771598160171368,0.016006217268335985,1,COMFORT
19.4,45.5,0.022502725302246604,-0.09463093583755584,0,COLD
13.8,54.7,-0.16631473431074925,0.11125514518319335,0,COLD
36.4,39.7,-0.002313395805396854,0.3983646486247921,3,HOT
36.3,27.1,0.06951905334993258,0.19140841273232653,3,HOT
28.4,58.3,-0.09668405132505133,-0.03851302139320466,2,WARM_HUMID
19.4,58.0,-0.20001482181743527,-0.680862125426465,0,COLD
36.4,40.4,0.0019368837343231168,-0.10653991345772396,3,HOT
30.5,70.1,-0.17128185894573186,0.2427877538558969,2,WARM_HUMID
23.9,64.4,-0.19972877374106737,0.18569154189838116,1,COMFORT
38.0,36.7,-0.25595653920821887,-0.3300694754548152,3,HOT
23.0,50.6,-0.006574022511860407,-1.3538674645029636,1,COMFORT
20.9,29.4,-0.1126750829435818,-0.4762307204720747,0,COLD
26.7,32.8,0.21896158504667868,-0.25212257714800584,2,WARM_HUMID
17.7,38.5,0.14668084083167063,-0.5620938568368817,0,COLD
25.9,48.2,0.089580055594714,0.01577377954426096,1,COMFORT
31.0,28.4,0.14538098110964193,-0.4273330387506204,2,WARM_HUMID
30.1,76.8,0.08723569860633147,-0.21946918042128424,2,WARM_HUMID
34.3,49.0,0.07487133005561585,0.07580762487076836,3,HOT
32.5,22.0,-0.29644224987295514,0.680046482852855,2,WARM_HUMID
26.1,47.0,0.2217107847534666,1.2230604364799056,1,COMFORT
16.2,43.7,0.0874889790314998,-0.22011790510318516,0,COLD
28.2,61.2,0.11458543628634665,-0.31040776095893274,2,WARM_HUMID
24.4,34.1,0.14211489724836873,-0.6640308172178638,2,WARM_HUMID
29.7,58.0,0.01430162991619623,-0.2224665207649096,2,WARM_HUMID
19.8,38.8,0.1094729043401446,-1.2999057600455595,0,COLD
36.0,69.0,0.1735799565230387,-0.07938137656478274,3,HOT
24.7,47.9,-0.22892380676223142,0.27484379998174585,1,COMFORT
27.5,64.0,-0.018603208108499553,-0.6745197302647372,2,WARM_HUMID
22.3,43.0,-0.16382137176839165,-0.501054000741672,1,COMFORT
22.1,44.9,0.15320448523495073,0.4572724733089126,1,COMFORT
28.6,43.0,0.21837334832201497,0.595513609046736,1,COMFORT
19.5,36.6,-0.020783612464646974,0.3915778609003293,0,COLD
17.4,22.6,-0.12495123837591599,0.23347030636342592,0,COLD
33.7,55.4,-0.16947794095537663,-0.17348079761591556,3,HOT
28.5,64.0,0.19807951189385858,0.35984984076735327,2,WARM_HUMID
11.0,82.0,-0.43136601414424125,0.28227392210613,0,COLD
25.6,41.8,0.011058283602738575,0.05669210584190126,1,COMFORT
15.7,62.3,0.09940636315600247,-0.022969447193596972,0,COLD
23.0,53.7,0.06359160586059484,-0.3311426494575933,1,COMFORT
19.2,41.9,-0.040078734848293225,-0.8421720564112918,1,COMFORT
27.9,53.6,0.01823537418300611,0.001383171106682706,2,WARM_HUMID
17.3,45.8,-0.07318989027672805,0.6097440500577103,0,COLD
24.5,64.5,-0.008763346577979203,0.14873254311144174,1,COMFORT
18.8,58.8,0.18714294414711272,0.5390590016615786,0,COLD
29.8,62.5,-0.09489203081942242,-0.4390505577675319,2,WARM_HUMID
11.6,50.3,0.03251521888542594,0.4623343507759494,0,COLD
32.4,40.9,-0.07678026016402764,0.7115401564404215,3,HOT
20.3,32.7,0.056435089681299545,0.1293395118025318,0,COLD
24.3,25.1,-0.15084119033923155,0.35684196570906895,2,WARM_HUMID
24.1,63.1,-0.1729118442822098,0.5057276548521457,1,COMFORT
24.9,52.0,-0.2844295419077006,-0.11788022538056811,1,COMFORT
27.7,32.4,-0.11260805017392192,-0.01639912631955135,2,WARM_HUMID
23.0,44.2,-0.09987339413662454,0.20790775844021897,1,COMFORT
19.3,49.8,0.02642526989238775,-0.13587861896947503,1,COMFORT
23.9,31.9,-0.020130310134353024,-0.6338525382509989,1,COMFORT
38.8,26.3,-0.18105198138624876,-0.34968422442017444,3,HOT
30.2,64.5,0.2103360940170567,-0.1467148096129197,1,COMFORT
15.3,52.4,-0.08272735951544707,-0.08548581523865012,0,COLD
25.9,43.5,0.03055384177146892,-0.34638605494670915,1,COMFORT
28.8,36.2,-0.08753867772318832,-0.18616497275091093,2,WARM_HUMID
24.5,58.3,-0.0009905865725047087,0.3241218968394333,1,COMFORT
32.1,27.7,-0.04954704432207662,0.09210066489904192,2,WARM_HUMID
17.8,55.9,-0.2260670019263238,-0.006120060230324424,0,COLD
35.8,15.4,0.09594620205003389,-0.3850896124206195,3,HOT
22.3,35.7,-0.08504631427750368,-0.7263862310387,1,COMFORT
17.9,40.7,0.05993768298116389,-0.07261952305307177,0,COLD
19.5,74.5,0.11860293150387605,-0.03321018119817792,0,COLD
34.1,49.1,0.05394245295518879,-0.5438998310481823,3,HOT
27.1,55.0,0.08824758097268648,-0.7768362121144317,1,COMFORT
31.8,70.8,-0.021562721343797952,0.13955445301157768,2,WARM_HUMID
28.8,56.7,-0.18933350101864066,-0.26787240972174553,2,WARM_HUMID
30.6,54.1,-0.06310915624924078,0.7762278984733175,2,WARM_HUMID
28.8,26.8,0.14437543287001525,-0.0007231818492114584,1,COMFORT
17.0,42.4,-0.23763561671460817,0.027594999404272992,0,COLD
26.6,86.8,-0.02655820816408774,-0.37261499226818384,1,COMFORT
24.4,33.8,0.07139066730023691,-0.32448830937663425,2,WARM_HUMID
24.8,31.2,-0.2717615738847578,0.3961662198158513,1,COMFORT
25.9,66.7,0.07176365630957958,0.5441568604690007,1,COMFORT
28.7,62.9,-0.1653805854245269,-0.15907690066664743,2,WARM_HUMID
31.5,31.0,-0.06303960467382429,-0.47820025802765403,2,WARM_HUMID
20.1,35.9,0.07897546771621591,-0.2245901305444968,0,COLD
27.0,34.5,-0.23856453877789457,-0.33321358058441974,2,WARM_HUMID
21.2,42.5,-0.4175574335697148,0.39956818075027833,1,COMFORT
33.9,60.4,-0.14840674061095802,-0.6735323032830682,3,HOT
18.3,55.1,0.15545530525174567,-0.40753831635330723,1,COMFORT
19.7,40.4,-0.003204355866221546,-0.4244197054333201,0,COLD
17.8,26.0,0.06415151565148944,0.05556109629216075,0,COLD
21.4,51.0,-0.0840216747451333,0.5997478058064886,1,COMFORT
25.6,31.4,-0.22351240133649272,0.13049387480092123,2,WARM_HUMID
27.6,31.8,-0.33802651065644795,0.17253400213905812,2,WARM_HUMID
20.5,20.3,0.21503661764574075,-0.2940215776426111,0,COLD
33.0,73.0,-0.07877118780672164,-0.045003368726183136,3,HOT
27.9,75.4,-0.030936236035324575,0.090378330844761,2,WARM_HUMID
22.9,57.0,0.17005711676289176,-0.27319300693803594,1,COMFORT
19.5,40.3,-0.02535550750888351,0.15433187485976813,0,COLD
20.6,20.7,0.04438748853741951,0.353417801070059,0,COLD
25.5,36.1,0.003716661974514182,0.1503826560018978,1,COMFORT
27.5,26.5,0.04541156887575635,-0.5643054129589008,2,WARM_HUMID
25.9,39.6,0.13861471932611835,-0.6100685510957056,2,WARM_HUMID
27.6,34.6,0.014446802113001783,-0.003329442494111736,2,WARM_HUMID
29.2,63.7,0.11710586188566115,-0.14020081435246842,2,WARM_HUMID
31.4,63.7,-0.007419985698487727,-0.07102768644276196,2,WARM_HUMID
22.1,81.3,-0.23747658556353898,-0.038343530197793026,1,COMFORT
31.6,58.5,-0.04493108700036476,-0.3196431679794077,2,WARM_HUMID
26.0,22.3,-0.22830064470089603,0.08547532402194721,2,WARM_HUMID
29.8,32.5,-0.19986725218418488,0.21430027351051015,2,WARM_HUMID
31.1,68.0,-0.035932418532725725,-0.6348992176633632,2,WARM_HUMID
20.8,29.2,-0.2194372330467118,0.14110596725239605,0,COLD
38.0,26.3,0.048928523745503584,0.40474161901904177,2,WARM_HUMID
23.2,29.0,0.15828581004911638,0.1615115456707487,1,COMFORT
11.6,54.2,-0.07660679583080585,-0.8975951369093981,0,COLD
23.1,25.9,0.18045907641683742,0.1582339420911899,1,COMFORT
36.0,81.0,-0.2354081919147961,-0.22764899919421666,3,HOT
28.4,72.3,0.1842858123092996,0.49637100224681296,2,WARM_HUMID
33.5,51.7,-0.14371674885327212,-0.3496966150952636,3,HOT
19.0,66.0,0.053051939325855675,0.5784715117756465,0,COLD
12.2,59.2,-0.20426547750564483,0.30567376247676953,0,COLD
28.3,41.6,-0.022519190375268998,0.5833274891022266,2,WARM_HUMID
23.7,32.5,0.11067850937581132,-0.07324678139806483,1,COMFORT
17.8,36.1,0.08648416807634918,-0.5934109175290851,0,COLD
20.6,31.8,-0.051002968593518556,-0.03171324223331409,0,COLD
23.6,70.2,0.044507560563636306,0.80491981392906,1,COMFORT
30.2,36.0,0.0754117211236222,-0.04336081803165345,2,WARM_HUMID
19.1,38.2,-0.01712554016407211,0.34184370904310846,0,COLD
17.2,62.9,0.07039790950477703,0.4646257949529554,0,COLD
18.2,65.0,-0.02628374499458183,-0.29098558384854456,0,COLD
25.3,54.2,0.0782142431798995,-0.2830337972327915,2,WARM_HUMID
33.4,59.3,-0.03628816906984344,-0.18841535535554105,3,HOT
29.3,36.2,-0.08610907478103674,-0.208868973880184,2,WARM_HUMID
22.2,57.3,-0.030662642240916256,0.36411055086847477,1,COMFORT
17.0,58.0,-0.14255587054441757,-0.39886796397304225,0,COLD
30.8,63.6,0.041838464575116516,0.15628568970847861,2,WARM_HUMID
26.9,33.9,0.009320633371799347,0.11658300508541933,2,WARM_HUMID
25.7,62.5,0.3898613483369267,-0.007337807593554802,1,COMFORT
24.9,26.7,0.1745780853513936,-0.7691975582783678,2,WARM_HUMID
26.1,46.1,-0.2574746365715799,0.17387146969716322,1,COMFORT
26.5,46.1,0.0024038036962615076,0.07822125426927179,1,COMFORT
25.4,25.1,-0.08610335159244999,0.8205910878953868,2,WARM_HUMID
27.3,60.2,-0.10660209818135277,0.3748438889078562,2,WARM_HUMID
17.4,39.4,0.010903419455314976,0.15594215266271572,0,COLD
23.0,81.7,0.1254147298800427,0.005100375280306931,3,HOT
22.0,39.3,0.07682263545458626,0.3206719343649155,1,COMFORT
27.1,46.0,0.01640921919073393,-0.42863928864980755,1,COMFORT
18.7,50.1,-0.017247937222760776,0.18262678580174155,0,COLD
31.5,41.5,-0.22800272718762685,0.48117540735994563,2,WARM_HUMID
30.0,85.0,0.08989210012748654,1.0291378102022972,3,HOT
30.1,18.3,-0.09983008005130188,-0.2952393182130698,2,WARM_HUMID
24.4,33.9,0.029847814520905316,0.10213690495021033,2,WARM_HUMID
21.6,41.3,-0.00376386924207356,-0.5114887959755159,1,COMFORT
23.0,49.1,0.141003884308976,-0.14296669696048367,1,COMFORT
19.2,33.8,0.12244043889234592,0.43193789038630126,0,COLD
29.3,62.0,0.0888795460976642,0.16794763673425597,2,WARM_HUMID
25.0,45.0,0.07399768513213338,-0.3463759215148736,1,COMFORT
13.2,18.0,-0.06026141774161782,0.23221672330015602,0,COLD
22.1,63.0,0.03672108721904579,0.27134425929658523,1,COMFORT
12.2,61.4,0.22303253466778697,0.04452024309272004,0,COLD
15.3,52.4,-0.024545050628623707,0.10811749009715386,0,COLD
25.9,58.9,0.0468537738823312,-0.6419930119714041,1,COMFORT
19.4,39.3,-0.041617276402646314,0.22579748482083697,0,COLD
30.0,32.8,0.0231822146546477,0.24084512953997492,2,WARM_HUMID
31.3,64.0,0.13819038053307148,0.021674316440288527,2,WARM_HUMID
20.9,30.5,-0.03773278502762045,0.11116472263047715,0,COLD
21.3,22.8,-0.06607754165397181,-0.16309309809715028,1,COMFORT
22.9,49.9,0.019375973825865443,-0.11331027889471579,1,COMFORT
24.5,41.4,-0.06271664114139684,0.2927280969473855,1,COMFORT
28.0,41.9,-0.2556090037163613,-0.4574836040198027,2,WARM_HUMID
20.5,29.4,-0.1507972688995853,0.35377846605872415,1,COMFORT
34.0,56.0,0.09239034104163955,-0.3326235120917474,3,HOT
27.5,77.0,0.05405637353207301,0.24775472599597437,2,WARM_HUMID
32.2,64.9,0.10052508931956944,-0.6494722479371385,2,WARM_HUMID
32.3,36.5,0.11916764038851752,-0.05567548581303005,2,WARM_HUMID
29.5,39.0,0.0244597482281545,-0.45357300480198515,2,WARM_HUMID
27.2,30.0,0.07754197736225564,0.3379714494489125,2,WARM_HUMID
25.0,57.3,0.018860619156782766,0.19482137062295768,1,COMFORT
25.9,24.2,0.25727877163819757,0.3020255647790502,2,WARM_HUMID
21.2,56.0,0.09759163441592035,0.0336550825147266,1,COMFORT
18.7,44.0,-0.006438298254148252,0.13863012808515338,0,COLD
28.3,51.0,0.03289535058006541,-0.17298610932060193,2,WARM_HUMID
21.4,20.6,-0.037011881339143606,-0.06112575555032779,0,COLD
25.8,56.1,0.06147131994743921,-1.1271534015917293,1,COMFORT
29.0,65.0,0.16240365808306098,0.027902380055155013,2,WARM_HUMID
28.9,60.0,0.05988346839079189,-0.14265613067910157,2,WARM_HUMID
27.8,24.0,0.2505810520580327,-0.0929829185560334,1,COMFORT
20.1,29.8,0.08277713709637652,0.40341344940787666,0,COLD
27.9,58.9,0.12381218967346273,0.35612110638762046,2,WARM_HUMID
23.0,25.1,-0.09563518879843133,0.3418987590623458,1,COMFORT
20.3,31.3,0.059374526346870425,0.2994388610394515,0,COLD
29.2,56.0,-0.042764138556302095,-0.3408674853459599,2,WARM_HUMID
29.7,19.2,0.13082296585260825,0.6269460539375004,2,WARM_HUMID
23.4,43.8,0.357065874070524,0.8514722916314356,1,COMFORT
19.9,52.8,-0.10265976515607485,0.06923949331609912,0,COLD
12.8,65.2,0.0928814085415218,0.9300245019674462,0,COLD
24.4,50.4,-0.25480642888453714,0.027344687140783742,1,COMFORT
34.6,40.5,0.18111884395758474,0.11458884912520745,3,HOT
21.2,47.4,-0.14749675984122618,0.37540986813610516,1,COMFORT
24.0,69.7,0.11289109291671409,0.1562327093679705,1,COMFORT
22.3,31.0,0.2135313882876334,-0.3643764956325616,1,COMFORT
21.7,48.9,-0.12806795700420612,0.49195497530718185,1,COMFORT
21.0,62.7,-0.21370223641382355,-0.36387796860090865,1,COMFORT
21.0,32.8,0.10017808699317336,0.042741062631328916,1,COMFORT
22.2,43.2,-0.2115650824682511,0.2193776434985651,1,COMFORT
23.9,31.0,-0.09063496375189517,0.005519451971940807,1,COMFORT
26.0,23.9,-0.07963109941684574,0.25127185354973003,2,WARM_HUMID
19.7,62.1,-0.20178145062129038,0.018807272516401984,1,COMFORT
31.7,67.0,0.25228994121628584,-0.9974356602150541,2,WARM_HUMID
23.2,42.0,-0.10197719019801765,0.10778611695165392,1,COMFORT
31.0,72.2,-0.1260552871467173,-0.22475252492017506,2,WARM_HUMID
26.5,48.4,-0.03929175096365309,0.36979788506020334,1,COMFORT
20.1,66.2,0.3255678268416834,-0.016620567523134695,1,COMFORT
22.8,41.4,-0.0737292082692521,-0.3358516160392107,1,COMFORT
17.2,48.3,0.11397847575891895,-0.10668466370241927,0,COLD
15.0,35.8,0.08832479273129215,0.6138891743243303,0,COLD
29.0,43.4,-0.07790015073350635,-0.2783493862884705,2,WARM_HUMID
19.9,38.0,0.1689686635693737,-0.21793810570479086,0,COLD
24.4,23.4,-0.14227006030083572,-0.8505641114557545,2,WARM_HUMID
15.0,35.8,-0.11712074273684901,0.24218894630556498,0,COLD
21.6,42.3,-0.022992976956150265,-0.09555724880044747,1,COMFORT
23.0,46.1,0.27449910428622176,0.7418254038216435,1,COMFORT
26.6,32.3,-0.026286504444646724,-0.46234411684811677,2,WARM_HUMID
30.9,78.4,-0.20086336035370256,-0.20749580355148947,3,HOT
24.9,55.1,0.11390493463051321,-0.47179562640992645,1,COMFORT
23.5,63.2,-0.0730309182329614,-0.14296628347582702,1,COMFORT
25.8,48.4,-0.274079390620689,-0.4717310464906492,1,COMFORT
31.3,45.3,0.16386377621565576,-0.24310388931641486,2,WARM_HUMID
21.8,33.3,0.19724022828848478,-0.7622822737099765,1,COMFORT
22.8,58.9,0.25811511722513775,-0.9901649828388028,1,COMFORT
24.6,27.9,0.25766700992879965,-0.6223817480277541,1,COMFORT
26.3,58.5,0.12157549793626335,-0.19682501664959356,2,WARM_HUMID
25.9,58.0,-0.14001860605383187,0.08185017243809549,1,COMFORT
34.2,37.0,-0.13645405967193847,0.3903645929836341,3,HOT
20.0,31.7,0.013826125235882603,-0.13964928990100334,0,COLD
20.6,32.1,-0.29563105695153347,-0.5211985325553155,0,COLD
30.2,38.0,-0.0662253312321945,-0.047657944115518096,2,WARM_HUMID
19.8,46.8,0.06141422990445533,-0.23894641926892357,0,COLD
21.5,59.4,0.0764270345894529,0.1002230369079566,1,COMFORT
19.4,46.3,0.02160463529688393,-0.24641766820169977,0,COLD
23.2,30.1,-0.00043292702093441316,-0.5112298438481343,1,COMFORT
31.8,61.8,-0.2317364054389673,-0.3135774041880069,3,HOT
33.0,20.5,-0.25800971741489,0.7056967920768428,3,HOT
19.6,73.0,0.05196263605697192,0.40002971559281647,0,COLD
27.1,59.0,0.008696204492349535,-0.009208325897391846,2,WARM_HUMID
36.6,41.9,0.15370623763301355,0.07634337460564244,3,HOT
25.2,32.3,0.11559805748512533,0.6356982041255907,1,COMFORT
15.4,57.0,-0.280652764211967,0.03717918214996304,0,COLD
26.7,52.0,0.08334066990051726,0.6502332831335873,1,COMFORT
18.9,43.8,-0.5725565079265098,-0.49913658346335404,0,COLD
33.4,53.5,-0.018805047899626285,0.41504525984051216,3,HOT
29.5,43.0,-0.021782755420136187,0.5894018574831127,2,WARM_HUMID
25.8,48.3,0.20903335574363588,-0.2996226282140499,1,COMFORT
33.0,67.0,-0.028709015348143782,0.0320917619568967,3,HOT
27.4,37.3,0.1623282985156254,0.07105323788492889,2,WARM_HUMID
28.0,60.0,-0.11247687003716267,-0.3466434599562187,2,WARM_HUMID
26.9,64.0,-0.08769265959857993,-0.09084003103711036,1,COMFORT
21.6,32.0,-0.02174274071977882,0.2999654174056565,1,COMFORT
20.6,32.6,0.11100363791701466,-0.43805586664392104,0,COLD
23.0,81.7,-0.03597400975739868,-0.11298791398098254,3,HOT
31.4,66.4,-0.02033605696676404,-0.4437082982819961,2,WARM_HUMID
21.3,33.2,-0.1886555498788862,0.4466270449111672,1,COMFORT
18.1,55.8,0.004592169719752589,-0.04487666777068928,0,COLD
10.4,53.2,0.1373640831543151,0.7083556342477023,0,COLD
29.5,60.0,-0.07071519596875459,0.34880160478519995,2,WARM_HUMID
27.4,34.0,-0.2389490600297504,-0.5067078377697362,2,WARM_HUMID
22.6,34.5,0.05022004367091618,0.949407747970804,1,COMFORT
22.1,52.0,-0.16447080384407453,0.07397696502683052,1,COMFORT
32.6,65.0,-0.033996693534946346,-0.958429512772654,2,WARM_HUMID
19.6,36.3,0.11016387792145006,0.0928708703863144,0,COLD
22.8,58.4,0.18618115168763716,-0.17830576455127395,1,COMFORT
23.7,24.8,0.24978783509170432,0.5174151816779896,1,COMFORT
11.0,49.3,0.0020215362274439534,0.07341067829166552,0,COLD
20.2,38.0,0.04998927260753162,-0.03831091789034502,0,COLD
19.1,34.2,-0.1350796279940146,1.0648347483375207,0,COLD
18.1,49.8,0.018832258699372648,-0.41202733774710726,0,COLD
39.0,82.0,-0.03882189048186528,0.16367184478516283,3,HOT
12.0,67.3,-0.08695402759867106,0.45937838809595677,0,COLD
18.7,66.5,-0.13888348558367247,0.2957654813264589,0,COLD
22.9,38.9,0.07051780241843521,-0.0061331283213047864,1,COMFORT
26.5,25.6,0.1580735980764032,0.1794348319026059,2,WARM_HUMID
21.6,57.2,0.10384493180970607,-0.17057009018656982,1,COMFORT
29.7,65.5,-0.052413742595356104,-0.13348537729843876,2,WARM_HUMID
27.5,67.6,-0.06519334119765628,0.47715709370272236,1,COMFORT
24.3,25.2,0.2743879249526359,0.5672672981099486,2,WARM_HUMID
15.7,42.1,0.04617202302398867,0.21109321818513044,0,COLD
22.8,35.5,-0.04472784634967802,-0.23935417935005412,1,COMFORT
24.5,52.4,0.19518449726906242,0.39294698790810334,1,COMFORT
13.4,60.1,0.04834068352326889,-0.2711391738407345,0,COLD
26.6,23.0,0.012213049137797714,0.07563230900251577,2,WARM_HUMID
26.2,39.9,0.05279230896159012,-0.3783849625380603,2,WARM_HUMID
24.3,57.0,0.18668477405328834,0.3629047431891734,1,COMFORT
21.7,32.5,-0.17938445355736904,-0.39052892089191327,1,COMFORT
16.0,51.4,-0.13562942966859032,-0.026771651601787308,0,COLD
19.0,60.0,-0.026461058044249156,0.1290764870803804,0,COLD
18.3,46.8,-0.06751732506918477,0.7092921864665743,0,COLD
19.0,31.1,-0.2523100925546678,-0.22166078752842966,1,COMFORT
23.4,26.2,-0.11250340223485755,-0.05927522428888025,1,COMFORT
19.3,72.5,-0.01181293293669607,-0.2771580961282768,0,COLD
30.7,63.9,0.01062752537017561,-0.3552548168340146,2,WARM_HUMID
27.9,61.0,-0.01972088935075017,0.2765970002138103,2,WARM_HUMID
35.9,48.8,0.17379184602589756,-0.5120887313111205,3,HOT
22.0,49.6,-0.10331048429602371,0.3459954095174159,1,COMFORT
25.6,17.3,0.20342925702949008,0.21393189935698287,1,COMFORT
25.3,28.3,-0.12320840603235125,-0.1655306335885275,2,WARM_HUMID
31.3,16.8,0.032397181910015456,0.14149152724261801,2,WARM_HUMID
34.0,31.0,0.14852493584389334,-0.24099587793525543,3,HOT
12.2,72.7,-0.3739115469469182,0.6708393438292317,0,COLD
25.6,38.1,-0.17706955227518836,-0.31064036819539165,1,COMFORT
27.6,38.9,-0.03813883886763769,0.316044245867968,2,WARM_HUMID
32.9,55.6,0.008921862532495418,-0.047317281322495144,3,HOT
25.2,26.1,0.05785125252576018,-0.1843907644291249,2,WARM_HUMID
18.5,33.0,-0.04036662037954511,-0.5744953841767931,0,COLD
23.4,62.9,0.12291424216379862,-0.7708857157251052,1,COMFORT
15.1,68.5,-0.02709737448415409,0.0514359492231162,0,COLD
30.7,57.3,0.030727371676095638,0.10653144464896587,2,WARM_HUMID
22.9,58.7,0.19921924269662455,0.8273190674996922,1,COMFORT
24.0,31.0,0.014302541149916782,-0.19115036322906542,1,COMFORT
21.6,20.7,0.03636944575840662,0.171688270501951,0,COLD
20.2,30.5,0.22375107882027115,-0.660421794148712,0,COLD
29.3,46.0,-0.138361947726593,0.21963785193872187,2,WARM_HUMID
23.5,46.5,0.35236479686652106,0.3115427613989868,1,COMFORT
33.0,73.0,-0.21912001535727013,0.08964329484690348,3,HOT
23.2,25.7,-0.2245894633558208,0.025421751196937476,1,COMFORT
22.0,31.3,0.18133626890605303,-0.2708343757360198,1,COMFORT
21.4,27.3,0.028634264642434116,-1.0346122354014389,1,COMFORT
32.4,64.0,0.3106883181232293,-0.19381325314207687,2,WARM_HUMID
21.5,95.0,-0.1608692559170403,0.4748105544612128,0,COLD
24.5,50.0,-0.0028063134668846125,0.08150517278170373,1,COMFORT
20.0,36.6,-0.09499948822953545,0.2332491000224991,0,COLD
29.9,38.9,0.1389780276519667,0.06694909825065624,2,WARM_HUMID
16.2,74.5,-0.0288236633636669,0.4687849333927866,0,COLD
25.2,24.1,-0.4057056780637388,-0.06595302297688735,2,WARM_HUMID
19.8,27.0,-0.055964433135754194,0.8123243113592281,1,COMFORT
25.9,31.0,-0.0794651558884561,-0.7580456918450907,2,WARM_HUMID
18.6,42.3,-0.13996591157806637,-0.02230480473194868,0,COLD
15.6,61.0,-0.033169918742463216,-0.026084145426639366,0,COLD
27.5,51.1,-0.04730916202125806,-0.5948099529013197,2,WARM_HUMID
23.8,40.2,-0.2679365793262903,0.2586185905395752,1,COMFORT
22.8,62.8,-0.1934578958464167,0.7311923875361875,1,COMFORT
34.3,65.2,-0.009124019116975335,-0.17244247764127885,2,WARM_HUMID
35.1,38.9,-0.11224381382792471,0.35436972507121356,3,HOT
21.5,55.4,0.05579826648912608,0.4180476780735797,1,COMFORT
25.4,66.0,0.010175777087540652,0.01703939445530275,1,COMFORT
15.4,57.0,-0.03982880136760156,0.49153621414738374,0,COLD
32.5,59.2,0.04016304263410202,-0.27269673344049555,2,WARM_HUMID
23.7,21.0,0.10154911460625814,-0.5468389769422664,1,COMFORT
28.9,61.9,-0.028288396284751115,0.5273617248337222,2,WARM_HUMID
25.5,39.3,0.051263088107030896,0.016417217163266412,1,COMFORT
29.6,60.0,0.07848347786055497,0.28803863249420086,2,WARM_HUMID
24.4,26.1,0.11814851632319956,0.37262087617980055,2,WARM_HUMID
20.3,31.0,0.17934959066767991,-0.1938381815577006,0,COLD
26.8,41.2,-0.02617262540578117,0.4778654525983913,2,WARM_HUMID
22.9,41.7,0.17334676840883245,-0.37131111791310195,1,COMFORT
24.9,53.1,0.12182646887356105,-0.11566603880409632,1,COMFORT
29.9,66.7,-0.11723397888368774,0.3098642337729622,2,WARM_HUMID
10.4,48.8,-0.08106042656934447,0.04445794446142603,0,COLD
37.1,15.4,-0.08622354148450047,-0.31059417056998584,3,HOT
30.3,72.8,0.11245470321673035,0.15460453143163966,2,WARM_HUMID
28.1,77.5,-0.20824567624702406,0.17722302726404382,1,COMFORT
23.6,69.5,-0.0880542609438879,-0.11046117374582798,1,COMFORT
29.9,52.5,-0.03718740386145133,-0.9371388966555954,2,WARM_HUMID
21.6,37.0,-0.19536841259880747,-0.5083504649609981,1,COMFORT
30.7,31.6,0.26168758051128727,0.4038931406389395,2,WARM_HUMID
16.3,61.2,0.09484442080864068,0.10834438229195385,1,COMFORT
24.6,26.3,0.23985289981503127,0.09308263484097183,2,WARM_HUMID
25.0,24.4,-0.008041423660302487,-0.023268084934569454,2,WARM_HUMID
29.7,52.4,0.08658322043193441,-0.9274859180318773,2,WARM_HUMID
22.1,34.7,0.28723634232330486,0.11925893570378082,1,COMFORT
19.6,38.7,0.07143975258848335,0.10591995269510804,0,COLD
21.9,34.2,0.1747405175590185,0.2612899041433353,1,COMFORT
29.8,74.1,0.12022962042637164,0.3955164990113793,2,WARM_HUMID
26.5,39.4,-0.04750193189013742,-0.18010627747504016,2,WARM_HUMID
24.8,25.0,-0.17826566744410507,0.4737816737845041,2,WARM_HUMID
37.0,34.9,0.13838388086111547,-0.11357180851299822,3,HOT
29.6,42.2,-0.17664640048117694,0.7443908059412365,2,WARM_HUMID
25.6,25.7,-0.29925202270075485,-0.6357556651782659,2,WARM_HUMID
30.8,69.0,0.014631767668763411,1.0964686872546403,2,WARM_HUMID
18.0,58.7,-0.06928275726513121,-0.1171693011004666,0,COLD
26.0,34.4,0.09050832648972205,-0.11419358695895619,2,WARM_HUMID
30.4,28.8,0.0483756990434857,-0.5450911166209145,2,WARM_HUMID
23.1,35.2,-0.017376092539642188,0.883897729283921,1,COMFORT
33.2,59.0,0.1536519302978737,-0.28224738154124945,3,HOT
27.9,53.6,-0.21833820818436236,-0.5856539783463769,2,WARM_HUMID
24.3,22.8,-0.032007071402058995,0.21325437963418983,2,WARM_HUMID
21.5,20.2,-0.299716106208441,0.0692882863855151,0,COLD
22.6,19.6,0.07585616866454406,0.1302758425624219,1,COMFORT
26.4,38.0,-0.18364473544340484,0.33821279864157927,2,WARM_HUMID
20.3,35.5,0.14277330795774254,0.7154530364256209,0,COLD
16.8,62.7,0.09253428763299372,0.18150035570610107,0,COLD
18.0,53.0,0.3522027762980814,0.12397832046032523,0,COLD
17.3,79.9,-0.4011850692231211,0.14818818877161827,0,COLD
27.3,67.6,0.007287287975583194,-0.8736681547041449,1,COMFORT
30.1,62.1,-0.20560084468825554,0.1710727741164496,2,WARM_HUMID
22.6,35.8,-0.048707249208713124,-0.1633740003284631,1,COMFORT
38.0,46.0,0.05614696343197467,0.07894853784612468,3,HOT
19.6,45.1,-0.12396440862580817,0.43343558683513683,0,COLD
29.6,55.0,-0.09156873985916639,0.7073227896793555,2,WARM_HUMID
29.7,39.0,-0.022753003719696113,0.3117382520039455,2,WARM_HUMID
17.4,42.7,0.17477356858417825,0.2661267758845183,0,COLD
26.6,36.1,-0.06408523272242266,-0.3593185317416119,2,WARM_HUMID
18.5,44.7,0.17013869442928686,-0.8129890824682742,0,COLD
30.2,60.0,-0.1095549947575705,0.012798937694260904,2,WARM_HUMID
25.4,59.0,-0.13418092018780936,0.04767097282644261,1,COMFORT
27.2,21.0,0.2877166992439292,0.04861825250198273,2,WARM_HUMID
19.6,75.9,0.07373368791038803,-0.24703174644994874,0,COLD
20.0,46.6,-0.13871438804541825,-0.2790395003697839,0,COLD
19.8,42.3,0.38844085081400176,-0.4224924706125075,1,COMFORT
27.2,48.0,-0.11677756859086631,0.5655528327657267,1,COMFORT
28.8,45.0,0.09841743027904061,0.6889782180038355,2,WARM_HUMID
28.5,51.4,-0.0264639470321983,0.14769590773160826,2,WARM_HUMID
12.8,48.8,-0.27060904484222253,0.084102193827767,0,COLD
27.2,60.8,-0.1110597903154864,-0.19396205201675806,2,WARM_HUMID
13.4,67.3,-0.053869998968848275,-0.085107710593301,0,COLD
18.9,60.8,0.0959913887562215,0.486016028921187,0,COLD
26.1,84.6,-0.21694345207814286,-0.8023891511318937,1,COMFORT
11.6,50.3,0.03251521888542594,0.4623343507759494,0,COLD
32.8,76.0,0.1738022888221389,-0.6397819552360774,3,HOT
18.2,25.7,-0.2041528794681834,-0.031068041789179768,0,COLD
25.5,79.4,0.07775305682451462,0.5481113547391214,0,COLD
23.0,67.1,-0.10511410138249445,0.12485000852327417,1,COMFORT
23.1,51.1,0.060243706754001806,-0.07294872076326969,1,COMFORT
32.3,69.3,0.04795814819916595,0.08665454068169026,3,HOT
25.1,61.2,-0.05495125157066365,0.28922940400587477,1,COMFORT
30.1,83.9,0.24822463687499233,0.7134829074303644,3,HOT
28.4,63.9,-0.11503042876768675,-0.586853238676372,2,WARM_HUMID
20.6,43.7,0.021514340555598664,-0.07094276310508373,1,COMFORT
27.7,51.1,-0.11439343746532801,-0.0651576677864127,2,WARM_HUMID
28.1,59.0,-0.13406179231764798,-0.19103800768902557,2,WARM_HUMID
19.5,57.7,-0.09529873848659176,-0.11040615218401735,0,COLD
26.7,67.0,0.006835775985572067,0.049500498359392575,1,COMFORT
18.3,56.5,0.2964439535996138,0.35772290503238513,1,COMFORT
37.0,58.0,-0.17203128076410654,-0.1432437791238843,3,HOT
36.7,40.8,0.17138240719571457,0.17830079876916136,3,HOT
37.1,48.0,-0.17758564331894794,0.47963418467920915,3,HOT
15.7,65.7,0.012993161995015656,0.28391877519629166,0,COLD
28.3,39.9,-0.2633258383056941,-0.8934783095907353,1,COMFORT
31.5,34.7,-0.22451617888849154,-0.08342708095784593,2,WARM_HUMID
26.5,66.4,0.09036654950005152,0.04136199217772274,1,COMFORT
22.5,30.2,0.25721774004989384,-1.1829379629997863,1,COMFORT
20.6,86.5,0.12927427044709297,0.1882312296409385,1,COMFORT
21.5,30.5,0.061027145270967455,-0.5016139695958625,1,COMFORT
33.4,50.7,-0.09386057452352893,0.039831328016788986,3,HOT
17.3,37.6,-0.07352509730648404,0.08185972319955802,0,COLD
32.7,37.9,0.13529975673151395,0.12378678818342606,3,HOT
23.3,16.9,-0.29392386946134086,0.00372100350275389,1,COMFORT
24.3,49.9,0.01687703200018872,-0.30356907492520835,1,COMFORT
17.0,61.5,-0.1671173674386419,-0.012853329472679895,0,COLD
26.6,46.2,-0.02141352872306487,-0.39165574561005045,1,COMFORT
22.9,75.7,0.17996128385224158,0.8165473922745742,1,COMFORT
21.2,46.5,0.005969918117402424,0.03417767743014236,1,COMFORT
15.1,67.7,-0.28763528795061116,-0.37588021703479835,0,COLD
32.4,69.6,0.026591461383464035,-0.42144618627481983,3,HOT
18.6,49.7,0.12440769051271555,-0.17097078767073676,0,COLD
23.7,22.3,0.04686996160910027,0.08019048334101339,1,COMFORT
14.0,47.3,-0.044295900510714185,0.5065568299770508,0,COLD
36.1,21.9,-0.15017063368277242,0.072813469778627,3,HOT
33.2,53.0,0.06123791335717077,0.21921128847461302,3,HOT
31.2,20.0,-0.07526762892172979,0.41326074516699607,2,WARM_HUMID
19.4,58.0,-0.06973696133340344,0.7667736843287578,0,COLD
34.2,39.0,0.055278893808831525,-0.3579286757143208,3,HOT
35.4,44.8,0.032148467144486624,0.14644648291197218,2,WARM_HUMID
12.0,68.0,0.08606516417168769,0.3298085268881815,0,COLD
28.2,54.4,-0.3551216480059917,1.0225430972953131,2,WARM_HUMID
21.6,62.0,0.2213818725755948,0.34638391972016774,1,COMFORT
30.5,29.1,-0.07022309340120277,-0.35311852583181125,2,WARM_HUMID
35.3,56.2,-0.004197598900619238,0.8041602110988365,3,HOT
19.6,52.2,-0.08017577311850871,0.5976133289063869,1,COMFORT
36.1,22.1,0.14261583774503547,-0.5293939586283879,3,HOT
29.2,71.2,0.21181793986779146,0.2253281037492356,1,COMFORT
24.7,50.0,0.06397807043546125,-0.7361862229345576,1,COMFORT
19.6,31.3,0.17339234047929017,0.2026780774863165,0,COLD
27.2,38.5,0.12457472009789279,-0.08395414462608193,2,WARM_HUMID
17.9,55.3,0.26506961708703053,-0.8356708560354879,0,COLD
18.2,36.8,-0.13997617605788773,0.12928681157262414,0,COLD
26.5,31.0,-0.13502403418104944,0.02747818942622295,2,WARM_HUMID
17.5,59.2,0.026617962561794765,0.30079596623093346,0,COLD
18.3,41.1,0.17321940634481983,0.3387176566698924,0,COLD
32.3,65.9,-0.046477833703574715,-0.5314115067615485,2,WARM_HUMID
30.0,62.0,0.16344008591967943,0.7122082307171411,2,WARM_HUMID
22.1,34.3,-0.1583191478776739,-0.6367160578938004,1,COMFORT
29.9,67.0,-0.3732491030119484,0.16874406914765502,2,WARM_HUMID
33.2,45.4,-0.033740708017241834,-0.6028635090049153,3,HOT
29.8,48.0,-0.05898546137442681,0.13094303395422743,2,WARM_HUMID
28.6,65.0,-0.03366222695983785,-0.24072326857902074,2,WARM_HUMID
20.7,41.2,0.06456051340975323,0.1900727597030224,1,COMFORT
21.8,35.0,-0.05861096615376604,-0.13018459174430247,1,COMFORT
22.0,59.2,0.1866863035617429,0.304532504506488,1,COMFORT
30.7,63.8,0.0036753755543498527,-0.686653648755207,2,WARM_HUMID
22.5,29.8,0.011942320162106529,-0.399732465276158,1,COMFORT
21.8,51.2,-0.030660331745391647,-0.4288785668611379,1,COMFORT
22.9,55.2,0.2028406707344644,-0.08363831943141851,1,COMFORT
27.2,41.2,0.010019245248316629,-0.8074321763483875,2,WARM_HUMID
13.5,37.8,0.07807687449424193,0.4541733302918261,0,COLD
33.7,18.6,-0.15479968370478583,0.08126766452676304,2,WARM_HUMID
24.4,37.0,0.0031093407510715374,-0.04609098040947229,1,COMFORT
25.4,54.0,-0.1667186935405548,0.6689256778028223,2,WARM_HUMID
22.8,32.9,-0.09544205245878058,-0.8324089877274448,1,COMFORT
16.9,54.0,0.32913923180289956,0.11908810416159105,0,COLD
28.3,55.8,0.2515673805280306,0.2380824130926815,1,COMFORT
26.5,41.4,0.0049834857775439174,-0.6219487154414551,1,COMFORT
24.5,53.0,0.06033143284980422,0.23730893770954872,1,COMFORT
34.0,27.6,-0.22542025669576046,0.17169565336666237,2,WARM_HUMID
29.6,53.7,-0.20384271226950068,-0.4857106775988621,2,WARM_HUMID
20.4,36.6,-0.21628655341677136,-0.3079712793341931,0,COLD
21.5,43.1,-0.05551572537934032,0.7704928530618674,1,COMFORT
13.4,52.7,0.07373593398491564,-0.12703587057010615,0,COLD
20.0,52.4,0.15234180888911186,-0.3818526696599446,0,COLD
25.5,42.0,0.33049647228866363,0.7443300832259108,1,COMFORT
22.4,39.1,-0.11036183304420145,0.2819805277863891,1,COMFORT
23.8,26.5,-0.029444042661864983,0.13280699263183818,1,COMFORT
22.6,42.7,-0.11938668162282791,0.6044739942072876,1,COMFORT
30.5,62.3,-0.2731113672217646,-0.5488806438848588,2,WARM_HUMID
31.9,53.0,-0.13297701211317303,0.4919674639026589,3,HOT
20.9,63.1,0.19250318659323082,0.6405832827099922,1,COMFORT
23.1,62.0,-0.249482660956599,0.0739004467447678,1,COMFORT
30.4,69.7,-0.04543005326803494,-0.6784684511946012,2,WARM_HUMID
20.6,35.4,0.09819629892367554,0.4390478404191372,0,COLD
29.5,33.6,-0.2489519835637067,-0.5454712510406694,2,WARM_HUMID
18.3,50.5,0.0009153011900847874,0.5576432911429267,0,COLD
30.7,49.4,0.09330000739819876,-0.24308773639280745,2,WARM_HUMID
17.4,24.8,-0.13497869574529023,-0.3104385657212973,0,COLD
22.0,52.3,0.09337067174689166,-0.36519494527937946,1,COMFORT
18.8,37.5,-0.199024070830053,0.33410020019153697,0,COLD
18.3,66.9,-0.0011728764437935564,0.33866132261532256,0,COLD
28.6,42.8,0.13150602521418692,-0.31831478006962804,2,WARM_HUMID
13.4,54.2,-0.19245100326088202,-0.6086050043032359,0,COLD
20.5,30.6,0.21009848618522997,0.1534827581633658,1,COMFORT
28.4,50.8,-0.13965025674486622,0.43404507623981464,2,WARM_HUMID
20.7,31.2,0.1977091934756087,0.15214259848085399,0,COLD
19.3,58.6,-0.12698409425291513,0.18086116609257832,0,COLD
19.7,36.3,0.01679728989318866,-0.4542008122917312,0,COLD
18.8,51.8,0.15631246568051416,-0.7014193109565773,1,COMFORT
15.7,68.9,0.15670490064846695,0.45133672102059696,0,COLD
29.5,24.0,-0.14793081196366287,-0.06782678829018023,1,COMFORT
26.7,48.0,0.031950228314226725,0.4444193956717757,1,COMFORT
17.6,59.8,0.023029268587552644,0.267497307164499,0,COLD
36.0,36.8,-0.23514967755450852,0.23343578608479412,2,WARM_HUMID
22.0,61.0,-0.07314095159009754,-0.5442314631162372,1,COMFORT
18.3,36.7,-0.03856446383554914,0.17158251837769822,0,COLD
11.6,51.3,-0.02191557491380847,-0.3123891654006799,0,COLD
12.8,66.9,0.15901250566134342,0.0051822019039341645,0,COLD
26.0,38.0,-0.23033581848106585,-0.47693975502175595,1,COMFORT
19.7,29.6,0.007032878852758634,-0.22217531281144406,0,COLD
21.4,21.0,0.2340056486836238,0.3003938690963374,0,COLD
27.1,37.4,-0.17706527694829158,-0.2130330647648534,2,WARM_HUMID
20.6,36.2,-0.14013919358284974,-0.0963099658236832,0,COLD
29.5,67.0,0.09760866776440799,-0.05978421495593366,2,WARM_HUMID
26.7,60.9,0.35118727916204623,0.5357451766375448,1,COMFORT
19.6,75.9,0.07373368791038803,-0.24703174644994874,0,COLD
32.3,74.3,-0.1622476644396091,-0.3918548174318594,3,HOT
15.3,37.0,-0.16317563215704295,0.054956527284112815,0,COLD
29.3,53.0,-0.14844072303878714,-0.13556214501758754,2,WARM_HUMID
19.5,57.7,0.17959392460310214,-0.16179722468095264,0,COLD
34.2,31.6,0.22096541856378854,-0.44136880346244456,3,HOT
16.8,54.8,0.025491706657722425,0.3910336034602951,0,COLD
36.0,69.0,-0.014362672532337986,0.3439061316216832,3,HOT
19.5,31.5,0.02763258442951402,0.06829329102190171,0,COLD
24.4,31.9,-0.0194414917925528,-0.3501638193867671,2,WARM_HUMID
33.5,40.9,-0.040744112685342865,-0.2653902555365989,3,HOT
30.8,65.7,-0.07258344747152605,0.10181735385363344,2,WARM_HUMID
17.3,55.4,-0.19590188390251162,0.34660786646745356,0,COLD
21.5,77.0,0.09084208570578671,0.06410117853754893,0,COLD
30.6,73.2,-0.07083998437061378,0.040291583862422396,2,WARM_HUMID
16.4,30.1,-0.004375904883984094,-0.29900458640182154,0,COLD
28.5,63.7,-0.036159483369867136,-0.08631433979620161,2,WARM_HUMID
25.5,64.4,-0.12506810792158204,-0.2158806566183766,1,COMFORT
22.8,42.9,0.26651922487677965,-0.4364866172207147,1,COMFORT
25.4,48.3,0.14225279584414016,0.18743494840382208,1,COMFORT
30.4,56.8,0.22605629624897763,0.24500204299236242,2,WARM_HUMID
25.2,27.0,0.23581221989015783,-0.1293020429782917,2,WARM_HUMID
22.4,33.0,-0.36067775769094707,0.831279248087713,1,COMFORT
24.3,55.5,-0.0843717879741454,0.46920339966951313,1,COMFORT
33.2,17.3,-0.06798808831288734,0.2539926323202552,2,WARM_HUMID
22.2,43.2,-0.2384945162871027,-0.5470698723902335,1,COMFORT
22.3,26.2,0.047616653856983,0.019674033443164974,1,COMFORT
26.2,40.8,0.09567523241424947,-0.6306070902902512,2,WARM_HUMID
27.9,58.3,-0.30338780670589927,-0.2718694402121816,2,WARM_HUMID
24.4,49.0,-0.15633910844538723,0.8355695019344982,1,COMFORT
23.2,23.8,-0.07077863224521018,-0.348961332559941,1,COMFORT
23.5,48.0,-0.17633919084372773,-0.23410302083318146,1,COMFORT
33.5,40.6,-0.14606773008001936,0.11803900547494231,3,HOT
35.5,25.4,-0.254212015966634,0.3607602795320488,3,HOT
24.5,57.0,-0.02060859192803488,0.2578205215951627,1,COMFORT
34.4,40.7,-0.1912919307869036,-0.05922606761358992,3,HOT
19.6,29.9,0.20090941836587356,0.41627313854961207,0,COLD
38.0,40.0,0.1568118660684595,0.09979123090273004,3,HOT
21.0,30.0,-0.003691874131933289,0.33539161695220443,0,COLD
21.8,43.7,0.09310195610617235,-0.22705823109410883,1,COMFORT
24.6,23.5,0.046450973711044924,-0.2272555327344787,2,WARM_HUMID
24.1,30.6,0.07219770900828083,-0.4528940449772756,1,COMFORT
19.6,25.3,-0.2275880790858158,0.08440919825782411,0,COLD
41.8,66.3,0.2491921934147257,0.034939850167880836,3,HOT
34.1,61.4,-0.09695363057240451,0.5613507991688301,3,HOT
11.0,50.3,-0.20746463135092813,-0.3521262837537132,0,COLD
26.8,63.6,0.24958088306859177,-0.24441960589782716,1,COMFORT
12.8,68.9,0.17002598134520602,0.06035571147814189,0,COLD
14.6,58.3,-0.11013404569266921,0.46461795230489705,0,COLD
28.6,58.1,-0.0710285072331296,0.4296311924005755,2,WARM_HUMID
22.1,32.9,-0.12258377459582255,0.360422513432182,1,COMFORT
23.5,23.6,0.04241698151207809,-0.08317354013909563,1,COMFORT
23.5,29.8,0.15353633933523803,-0.32793244550346645,1,COMFORT
29.1,45.8,0.01391056856451719,0.7195026053519671,2,WARM_HUMID
27.6,76.2,0.16844615900420404,0.6529255482344866,2,WARM_HUMID
22.2,27.9,0.14096032226206562,0.518748776004423,1,COMFORT
27.7,36.0,-0.17760458373338392,0.05922247110372734,1,COMFORT
21.3,19.8,-0.059874730652219876,0.15307862343481937,0,COLD
29.8,32.1,0.05000547768913171,-0.584478685652175,2,WARM_HUMID
27.2,83.6,0.05739861473929776,-0.43687878940640323,2,WARM_HUMID
22.9,30.5,-0.20826010826071542,0.22806714573175216,1,COMFORT
32.6,66.9,0.11978521901226491,0.34779901007982367,2,WARM_HUMID
17.0,45.3,-0.09540033347821948,0.4170544826274755,0,COLD
22.7,30.2,-0.07989101350102447,-0.4222386559750395,1,COMFORT
31.7,40.0,-0.18542036940456935,0.3902639004567943,2,WARM_HUMID
23.6,31.7,0.12891213821391795,0.14021515532801213,1,COMFORT
25.2,48.8,0.17041119458932782,-0.6562931739345421,1,COMFORT
22.8,21.8,-0.20955805994889978,-0.23648472880149934,1,COMFORT
22.8,23.5,-0.266537823724054,-1.168883193270403,1,COMFORT
30.8,29.7,-0.1088699971062125,0.3411191539218445,2,WARM_HUMID
25.9,32.2,0.0411872773968829,0.15116323713386837,2,WARM_HUMID
18.2,34.7,0.17711392389087813,-0.4522535386459737,0,COLD
30.6,60.0,-0.07987928116719704,-0.1939409828330148,2,WARM_HUMID
30.4,71.7,-0.07433375017204694,0.11419685790666045,2,WARM_HUMID
17.2,62.8,0.01600044830505673,0.0629167694389211,0,COLD
29.1,59.0,0.35825579893056575,0.15553623114356438,2,WARM_HUMID
22.0,49.6,0.27345819861194376,0.372195102809616,1,COMFORT
22.5,38.5,-0.1689891259440819,-0.28198184652989444,1,COMFORT
24.6,25.7,0.30687462090222317,0.38352071947556854,2,WARM_HUMID
20.8,29.6,-0.1767321953119372,0.13950234671828135,0,COLD
30.7,70.4,-0.14095957777998794,0.2548577327294647,2,WARM_HUMID
15.8,50.5,0.24816195235132593,-0.1423249150018777,0,COLD
15.4,57.0,0.03890980258230292,0.7751203091387397,0,COLD
22.8,41.7,-0.1623077318688596,-0.31995579835537324,1,COMFORT
16.9,45.4,0.13212000230062051,0.6780591982301689,0,COLD
33.2,27.0,-0.19588639418128176,0.5546565847131705,2,WARM_HUMID
34.6,40.5,0.18111884395758474,0.11458884912520745,3,HOT
24.1,73.7,0.025434308276714952,-0.10447543022680349,1,COMFORT
29.6,44.0,-0.37355730887574307,-0.4909456255536478,2,WARM_HUMID
16.2,70.0,-0.02607202693375806,-0.577723786406989,0,COLD
29.3,75.1,-0.1464448554315675,0.01957632937641259,2,WARM_HUMID
22.8,49.8,-0.09901135996509652,1.3327955829051241,1,COMFORT
17.6,40.6,-0.0008380700952274671,0.5306011317904397,0,COLD
29.9,67.7,0.0564582842833799,0.14952772170978415,2,WARM_HUMID
28.9,60.0,-0.07247796934490609,0.08915660806634984,2,WARM_HUMID
29.4,59.2,0.19304209291746288,0.4461180973106177,2,WARM_HUMID
25.6,25.1,-0.12381143620744164,0.20384644600835938,2,WARM_HUMID
30.8,26.1,0.002888845102668832,-0.18857448045534733,2,WARM_HUMID
26.9,49.0,-0.0020756619141355875,-0.0025275690877301004,1,COMFORT
23.6,43.3,-0.06602186235943393,-0.2017761590451937,1,COMFORT
21.2,36.4,-9.186844133057733e-06,-0.22314658418408412,1,COMFORT
17.4,56.8,0.20829469787902583,0.12217003381611467,0,COLD
16.8,48.5,0.12876882639585457,-0.054476769074304446,0,COLD
35.6,46.2,0.1693765754809774,0.2772128975097085,3,HOT
30.1,52.0,0.16823603742657367,-0.058804457680412016,2,WARM_HUMID
11.0,50.8,0.051073236217152485,-0.2913424249240605,0,COLD
23.9,51.3,-0.03212138833745859,0.8530786416094185,1,COMFORT
28.0,54.0,0.046670922663818025,0.07702438908333009,2,WARM_HUMID
26.9,72.8,0.05420934082626209,-0.15627687491704995,1,COMFORT
28.4,46.0,0.4775150877412745,0.03929337961763105,2,WARM_HUMID
30.7,69.8,-0.08540417881363023,0.2481100648547246,2,WARM_HUMID
21.0,29.8,-0.045673718111298896,0.45424673824938744,0,COLD
22.4,32.3,-0.01617002228856178,-0.1448019435090478,1,COMFORT
29.9,66.1,0.0676505423896367,-0.0289547794045695,2,WARM_HUMID
35.7,46.7,-0.14760748259272422,0.09337851807281763,3,HOT
21.3,50.2,0.15506998410626244,0.18929864434648982,1,COMFORT
33.2,44.0,-0.12337527011755928,0.2710328497079507,3,HOT
15.0,68.0,-0.16468895446005696,-0.81990471850973,0,COLD
28.8,59.0,0.13941149771862232,-0.20013730148318498,2,WARM_HUMID
30.0,71.0,-0.07686596934912669,0.10816473761436768,2,WARM_HUMID
24.9,52.0,0.04086320949804148,0.5832859019351118,1,COMFORT
23.9,39.9,-0.3038308996696769,0.15777765080645753,1,COMFORT
30.0,85.0,0.01928167743458011,0.10082782964507622,3,HOT
33.7,52.7,-0.10377012693610384,-0.5593197015463769,3,HOT
28.7,62.4,0.16473537052851397,-0.036409939082529666,2,WARM_HUMID
18.5,25.6,-0.09719419615462589,-0.2619098130157057,0,COLD
28.7,62.4,-0.07965887555680135,0.6034144991002585,2,WARM_HUMID
26.0,31.5,-0.04913908222498883,0.2632042468327086,2,WARM_HUMID
28.0,87.6,-0.15391021241117364,-0.22282521943400435,0,COLD
25.5,75.1,-0.23081910847740306,-0.029732888781583883,1,COMFORT
34.0,80.0,0.15142315612274101,-0.46740110820492026,3,HOT
31.9,43.3,-0.14731386102003233,0.3544081120380822,2,WARM_HUMID
23.0,44.6,-0.056433748732636936,0.16253141682848632,1,COMFORT
26.6,51.6,0.03392488572950633,-0.3406799322371426,1,COMFORT
24.5,39.3,0.05049021413432503,0.942806734810691,1,COMFORT
20.2,37.2,-0.15495289917430988,0.10091778198352191,0,COLD
23.7,32.4,-0.27988496998762274,0.0183997289282061,1,COMFORT
26.9,57.5,-0.20318994916089633,-0.20667266360315414,2,WARM_HUMID
13.4,52.2,-0.04205873797940723,-0.12064995031608657,0,COLD
21.1,43.0,-0.02056507835853333,0.18034339833521063,1,COMFORT
22.7,80.3,0.13991694185931092,-0.16519004681104943,1,COMFORT
13.8,37.8,-0.1284752935679134,0.25899810521950173,0,COLD
18.9,39.8,0.1690921685148104,0.06679355117566164,0,COLD
24.6,72.6,0.0014528929131666982,-0.21203704913066734,1,COMFORT
19.4,38.4,0.04581924594284817,0.0294977307824366,0,COLD
12.8,59.7,0.013761828398755303,-0.1558506666743291,0,COLD
14.0,45.7,-0.022161227723079286,-0.6296933441585812,0,COLD
26.5,57.5,0.16059634677080403,-0.15860560309504373,2,WARM_HUMID
24.4,37.8,-0.023747941889306783,0.6019048294736669,1,COMFORT
32.6,21.2,0.1842491565816692,0.2525687534529874,2,WARM_HUMID
16.2,68.1,-0.00046632492323677176,-0.5683010548992682,0,COLD
27.1,31.4,-0.14168147210009366,-0.2851551784356821,2,WARM_HUMID
23.3,66.0,-0.1814748014906909,0.19545136528141582,1,COMFORT
25.1,35.7,0.031176690164771183,-0.3949826642912833,2,WARM_HUMID
25.8,66.2,-0.19627438305544645,-0.30413081937044373,1,COMFORT
20.3,36.4,0.11510582418397135,-0.07229311828491729,0,COLD
18.9,66.0,-0.031846717197062425,-0.18023394918892607,0,COLD
26.7,38.4,-0.04340106429246108,-0.043493109504458116,2,WARM_HUMID
33.1,54.6,0.16378105709113114,0.3905973042711564,3,HOT
11.0,68.0,0.011711657084398416,0.585578259649988,0,COLD
26.8,40.7,-0.03405977484655685,-0.14666521344245065,2,WARM_HUMID
28.4,39.0,-0.09071169968073191,-0.9767660343696006,1,COMFORT
30.0,69.0,-0.21357843344239105,-1.0752829048452797,2,WARM_HUMID
34.3,66.5,0.019488973254665,-0.4806752815429409,2,WARM_HUMID
29.2,70.3,-0.06559452557154735,-0.30498626082531227,1,COMFORT
23.6,76.1,0.05058645206212913,-0.1541447461825184,1,COMFORT
33.4,61.7,0.26161547766989673,0.140695172991288,3,HOT
31.1,28.9,0.06072351132124021,-0.7715986304979539,2,WARM_HUMID
19.2,37.0,-0.21804508480774426,0.7322450802673265,0,COLD
23.6,21.7,0.21711114496945086,-0.024881614205964627,1,COMFORT
20.3,32.9,0.1225809776246322,-0.2922601027773076,0,COLD
22.3,51.1,-0.02985174941168733,-0.5074255709013809,1,COMFORT
19.0,49.4,-0.31805468032421813,0.02273848455693844,0,COLD
24.2,55.6,-0.028962311100991896,0.5489531218509254,1,COMFORT
16.3,58.6,0.21190384950113436,0.10779945349643301,0,COLD
24.6,46.8,0.03480113033335845,0.5408734329289147,1,COMFORT
22.6,25.5,-0.35137175064980203,0.6908536062310698,1,COMFORT
29.5,75.2,-0.16236497891455534,0.07056639083303999,2,WARM_HUMID
26.6,34.0,-0.1384279453451433,-0.8946780240726897,2,WARM_HUMID
12.2,72.0,-0.041308807571179995,-0.22628990423520237,0,COLD
23.8,55.6,0.12357009048966763,-0.5825967127170824,1,COMFORT
21.0,28.6,-0.11118685274710066,-0.23455195992172417,1,COMFORT
32.0,59.1,-0.049598799356449765,0.7339241341557765,2,WARM_HUMID
20.8,74.2,0.06414152267989479,-0.9371982380329196,1,COMFORT
23.4,60.9,0.17483867027550656,0.5489587571666208,1,COMFORT
20.1,51.8,0.09071537354451302,0.2185703084579223,0,COLD
32.0,70.1,-0.14837131201209317,0.4836081628206924,2,WARM_HUMID
35.2,53.5,0.052543656755477904,0.5294664644541861,3,HOT
21.5,30.3,-0.221494618617081,-0.57040454974275,1,COMFORT
21.1,29.9,-0.03145487313198244,-0.09416574636188374,0,COLD
30.1,67.9,0.2061203736225164,0.34391132465430085,2,WARM_HUMID
23.7,31.1,0.07806310424316298,-0.08594588337879354,1,COMFORT
30.1,39.0,0.039236622609811055,0.14512928156443836,2,WARM_HUMID
16.9,50.4,-0.15268556211822457,0.21207055616493686,0,COLD
22.0,49.4,-0.009334658545874916,0.06419417368540681,1,COMFORT
15.0,38.0,0.08770880205539107,-0.006079761916958532,0,COLD
16.3,24.8,-0.35282773538202283,-0.11867369718097001,0,COLD
28.1,60.0,0.1569735499663114,0.8004342521846284,2,WARM_HUMID
18.1,56.9,-0.20477390470336884,0.3167512928436228,0,COLD
24.2,37.9,-0.25284261559769533,0.44546886578791034,1,COMFORT
26.0,38.9,0.16222097557953963,-0.3087225216432126,1,COMFORT
32.0,33.0,-0.06079474147119451,-0.6728949392808636,2,WARM_HUMID
25.3,45.2,-0.10672599656008923,0.06629055954428993,1,COMFORT
18.0,27.9,-0.10411112327242737,0.3353863079837611,0,COLD
31.0,70.0,-0.1284868369513868,-0.19190429606616966,2,WARM_HUMID
33.6,56.5,-0.15346906691958975,0.10055221566174502,3,HOT
31.5,44.4,0.06080312539937029,-0.020334150068640918,2,WARM_HUMID
25.2,24.2,-0.13567553796648404,-0.41271503865675885,2,WARM_HUMID
35.2,15.4,0.057439155648333254,-0.04511211099454864,3,HOT
18.0,34.5,-0.2593547590291242,0.04426105488202046,0,COLD
29.9,38.0,0.06703277754333538,-0.24306472543412974,2,WARM_HUMID
19.5,58.3,0.06906200753738133,-0.42844236793951435,0,COLD
29.5,92.1,0.17205903356413496,-0.45150262387756107,2,WARM_HUMID
31.8,38.1,0.19139872348202125,-0.35526938706334676,3,HOT
28.0,79.0,-0.27373538998892216,-0.3157016670460787,2,WARM_HUMID
30.0,53.0,0.16114995071553656,-0.5749408600626874,2,WARM_HUMID
29.2,52.0,-0.21007835865460683,-0.3865766901163012,2,WARM_HUMID
28.1,52.8,-0.05143429634141901,-0.3270597163158693,2,WARM_HUMID
34.3,57.5,-0.09868477328621113,-0.27552760628796685,3,HOT
21.7,20.9,0.007326501520711769,0.5436075584379497,0,COLD
14.0,57.9,0.06468124097486376,-1.1228006561036727,0,COLD
22.7,45.3,0.2568782377033396,-0.26214186130477624,1,COMFORT
26.5,53.3,0.14808594854557247,0.6200796062847658,1,COMFORT
33.0,24.0,0.24293754974932857,-0.11034720002893293,3,HOT
30.9,72.0,-0.06850697918368609,-0.4191649417703882,2,WARM_HUMID
24.0,48.2,0.22812891544598585,-0.3201826399227248,1,COMFORT
35.4,36.8,-0.046512385921341104,0.23857668281896827,3,HOT
14.6,42.6,-0.12369180146475328,0.01599508316251691,0,COLD
30.9,67.0,-0.15311103153124478,0.1294488075519749,2,WARM_HUMID
25.3,50.6,0.08967165069557098,-0.179654850069855,1,COMFORT
18.8,39.2,-0.4557172747567527,0.15639414870455706,0,COLD
27.3,73.0,0.12100892909355165,-0.20942439674064006,2,WARM_HUMID
19.6,55.6,0.263316992769273,-0.44371957313451293,1,COMFORT
33.3,41.1,-0.17990956574564423,0.2613362278146156,3,HOT
25.0,55.0,0.32678432609874924,-0.4707628891879405,1,COMFORT
25.6,34.3,-0.34716106369483546,-0.005101634387182315,2,WARM_HUMID
30.5,75.4,-0.026262772541055874,0.31211702112974615,2,WARM_HUMID
29.5,55.9,-0.03971090438591821,0.026366490932591993,2,WARM_HUMID
28.9,39.1,-0.0424136272752904,-0.014747043665480603,2,WARM_HUMID
19.6,39.1,0.002260682892331816,-0.101560411991868,0,COLD
36.0,81.0,-0.30078852002115214,-0.019550425917616878,3,HOT
28.1,38.9,0.030299851613598185,0.15806088425909925,2,WARM_HUMID
25.8,66.2,0.031424963931459014,0.28736354931606634,1,COMFORT
29.8,70.6,-0.058123299490453556,-0.5891709088748294,1,COMFORT
12.8,66.5,0.054305834999071434,0.32230208991536774,0,COLD
23.0,56.2,-0.015644746547355756,0.17930939783525873,1,COMFORT
31.2,68.1,0.10017560812765057,-0.12209009785000927,2,WARM_HUMID
29.1,45.0,-0.21948814755939958,0.3586898244721699,2,WARM_HUMID
18.9,43.8,-0.15564090731298671,-0.3320563342289088,0,COLD
26.8,46.0,-0.20166757665514154,-0.13057160290177472,1,COMFORT
21.0,33.4,-0.04911750118852286,-0.446019670046631,1,COMFORT
36.8,27.4,0.0569750182555628,0.07019438235646945,3,HOT
22.1,76.0,-0.16382722218919848,-0.12136915858292037,0,COLD
17.6,43.5,-0.008152691160030355,0.28665710057359706,0,COLD
17.9,30.7,0.060110588053741955,-0.679269953683704,0,COLD
22.5,43.2,0.002974073064805069,-0.05098539776655924,1,COMFORT
36.0,59.0,0.023465431390350608,-0.08994841186328911,3,HOT
34.3,46.5,-0.1800507338240575,0.6334531852683188,3,HOT
23.8,41.8,0.10607762454325105,-0.3300516763963528,1,COMFORT
23.9,54.8,-0.05676648888437871,0.821773904478702,1,COMFORT
21.2,34.4,0.14020766187427383,0.15272192600762194,1,COMFORT
28.9,67.9,0.1569092952261439,-0.008864897494069903,1,COMFORT
30.1,48.8,0.12510342850562453,-0.20100795182204678,2,WARM_HUMID
29.3,74.4,0.029050502752225302,0.08096515273712777,1,COMFORT
20.7,34.0,-0.2110816649256285,0.5465130403009429,1,COMFORT
15.8,50.2,-0.1750069909096563,-0.07713404480461411,0,COLD
26.6,86.8,0.17727800969885663,0.19530848632477904,1,COMFORT
32.1,22.6,0.18247923488243054,0.1859795334253843,2,WARM_HUMID
12.8,57.9,0.054860999882894966,-0.5970794156805537,0,COLD
22.6,32.5,0.05226819663248539,0.06064334693758749,1,COMFORT
17.8,45.8,0.18980651188083952,0.19185717150064802,0,COLD
22.0,28.0,-0.04634422062519609,0.3517100271119711,1,COMFORT
23.0,17.5,-0.13835269935928768,0.23546713126115565,1,COMFORT
29.9,54.3,-0.09862350064651387,0.13092913120809885,2,WARM_HUMID
28.7,63.7,0.03711349386618515,-0.27103278964344235,2,WARM_HUMID
28.4,43.0,-0.1030521149549246,-0.6859481291845886,1,COMFORT
26.8,60.3,0.1452426849295983,0.09194697322695412,2,WARM_HUMID
24.5,22.4,-0.051563477926516506,0.38554170340262434,2,WARM_HUMID
26.0,50.1,0.06467957945561208,0.4541382541925971,2,WARM_HUMID
11.0,69.0,0.12951211073424157,0.2901813443312095,0,COLD
16.0,70.0,-0.3635620977416966,0.5334007021279182,0,COLD
20.3,20.4,-0.06026166226911495,0.7080804764799209,0,COLD
20.5,20.3,-0.0072694149168490724,-0.4680005577957562,0,COLD
33.8,56.4,0.19093653258711357,-0.21285370344126409,3,HOT
23.5,60.9,-0.21042244298573806,0.34912151173337747,1,COMFORT
27.9,44.0,0.07586031487091983,0.4817996319731269,2,WARM_HUMID
34.0,40.0,0.13799944316009974,-0.3934408800987289,3,HOT
20.4,35.3,0.13058260758007673,0.2071013459079937,0,COLD
30.9,69.7,-0.021936071488406133,0.16807325557058528,2,WARM_HUMID
30.6,69.5,-0.06358063247580917,-0.28979757886805885,2,WARM_HUMID
20.3,22.4,-0.10650231643373284,0.304751904617533,1,COMFORT
31.4,73.2,0.08486077566809268,-0.2270688769397359,2,WARM_HUMID
27.5,39.4,0.1897373842458453,0.8055367446782903,2,WARM_HUMID
29.6,25.3,0.0370628483531108,-0.031586573764720675,1,COMFORT
29.9,35.0,-0.1682295221137541,0.3740201656395108,2,WARM_HUMID
37.0,69.0,0.059029073194881515,-0.179286113998533,3,HOT
24.9,47.6,-0.022090474126941796,0.08763042280203297,1,COMFORT
19.1,38.9,-0.06565827779488577,0.40257524083284485,0,COLD
17.5,62.0,-0.027832280188928055,-0.19930813431511632,0,COLD
33.3,37.5,-0.14154347901442094,-0.07137256627887001,2,WARM_HUMID
20.2,78.3,-0.18381262683587787,-0.25556986010514915,0,COLD
18.8,38.9,-0.10038637057328016,0.32119552473796115,0,COLD
18.8,34.0,-0.09415381647454502,0.43423727401063084,0,COLD
20.3,31.0,-0.16656730213869492,0.5782647862127802,0,COLD
17.3,34.3,-0.2124403289010911,0.08568322214597561,0,COLD
27.3,27.5,-0.2971254706383951,-0.5239216584856633,1,COMFORT
22.1,33.0,0.2042567184338997,-0.019552332638633003,1,COMFORT
21.5,41.9,0.16455074409790554,-0.0352397814877038,1,COMFORT
23.2,19.1,0.12787638665536372,-0.5127320113903088,1,COMFORT
24.6,55.1,0.03535229365247982,-0.2850787669263503,1,COMFORT
18.8,36.0,0.08324507474979194,-0.07165834026143465,0,COLD
18.3,36.7,-0.03856446383554914,0.17158251837769822,0,COLD
18.8,36.4,0.09015794026111551,-0.3865295201405257,0,COLD
23.8,46.4,0.23726312363662236,-0.06697690354428475,1,COMFORT
34.1,38.3,0.33010632503474696,0.6175494058689827,3,HOT
30.7,66.0,-0.3000573911642485,0.3170874938173591,2,WARM_HUMID
37.1,45.0,-0.20208832976494737,-0.3005831771874393,3,HOT
26.2,61.7,-0.2888639452480841,-0.26056756203763853,1,COMFORT
21.3,21.4,-0.1767202110012938,-0.01903726244611495,1,COMFORT
32.0,32.0,0.03558068481997854,0.5136571907595481,2,WARM_HUMID
30.0,26.0,0.42312230770845494,-0.03170144316701963,2,WARM_HUMID
22.0,51.1,0.07636349264411077,-0.524702911548021,1,COMFORT
18.8,58.8,-0.0015469664975547867,-0.12814101364750383,0,COLD
26.9,91.6,0.2733298606932744,-0.03581090289128767,3,HOT
